full_path,domain,label_prod_code,splimprint,is_front,reader,pred_raw,exact,side_match,token_recall,token_set,cer,contains,pred_norm,gt_norm
D:/Data/ePillID_data/ePillID_data\classification_data\fcn_mix_weight/dr_224/00002-3238-30_PART_1_OF_1_CHAL10_SB_361E1B30.jpg,reference,2-3238,LILLY;3238;18;mg,False,qwen,B 1,0,0,0.0,0,0.9230769230769231,0,B 1,LILLY 3238 18 MG
D:/Data/ePillID_data/ePillID_data\classification_data\fcn_mix_weight/dr_224/00002-3238-30_PART_1_OF_1_CHAL10_SF_361E1B30.jpg,reference,2-3238,LILLY;3238;18;mg,True,qwen,LILLY 3238 18 MG,1,1,1.0,1,0.0,1,LILLY 3238 18 MG,LILLY 3238 18 MG
D:/Data/ePillID_data/ePillID_data\classification_data\fcn_mix_weight/dr_224/00002-3250-30_PART_1_OF_1_CHAL10_SB_431E21C1.jpg,reference,2-3250,LILLY;3250;80;mg,False,qwen,G341,0,0,0.0,0,0.9230769230769231,0,G341,LILLY 3250 80 MG
D:/Data/ePillID_data/ePillID_data\classification_data\fcn_mix_weight/dr_224/00002-3250-30_PART_1_OF_1_CHAL10_SF_431E21C1.jpg,reference,2-3250,LILLY;3250;80;mg,True,qwen,LILLY 3250 80 MG,1,1,1.0,1,0.0,1,LILLY 3250 80 MG,LILLY 3250 80 MG
D:/Data/ePillID_data/ePillID_data\classification_data\fcn_mix_weight/dr_224/00002-4463-30_PART_1_OF_1_CHAL10_SB_B5155ACA.jpg,reference,2-4463,C;10,False,qwen,B 1,0,0,0.0,0,0.6666666666666666,0,B 1,C 10
D:/Data/ePillID_data/ePillID_data\classification_data\fcn_mix_weight/dr_224/00002-4463-30_PART_1_OF_1_CHAL10_SF_B5155ACA.jpg,reference,2-4463,C;10,True,qwen,10,0,1,0.5,0,0.3333333333333333,0,10,C 10
D:/Data/ePillID_data/ePillID_data\classification_data\fcn_mix_weight/dr_224/00002-4464-30_PART_1_OF_1_CHAL10_SB_B8155C1A.jpg,reference,2-4464,C;20,False,qwen,GOLDEN,0,0,0.0,0,2.0,0,GOLDEN,C 20
D:/Data/ePillID_data/ePillID_data\classification_data\fcn_mix_weight/dr_224/00002-4464-30_PART_1_OF_1_CHAL10_SF_B8155C1A.jpg,reference,2-4464,C;20,True,qwen,C 20,1,1,1.0,1,0.0,1,C 20,C 20
D:/Data/ePillID_data/ePillID_data\classification_data\fcn_mix_weight/dr_224/00003-4222-16_PART_1_OF_1_CHAL10_SB_F215F93F.jpg,reference,3-4222,2;5;1000;4222,False,qwen,2 5 1000,0,0,0.75,0,0.4,0,2 5 1000,2 5 1000 4222
D:/Data/ePillID_data/ePillID_data\classification_data\fcn_mix_weight/dr_224/00003-4222-16_PART_1_OF_1_CHAL10_SF_F215F93F.jpg,reference,3-4222,2;5;1000;4222,True,qwen,4222,0,1,0.25,0,0.6,0,4222,2 5 1000 4222
D:/Data/ePillID_data/ePillID_data\classification_data\fcn_mix_weight/dr_224/00007-4892-20_PART_1_OF_1_CHAL10_SB_BE18DF56.jpg,reference,7-4892,SB;4892,False,qwen,4892,0,1,0.5,0,0.3333333333333333,0,4892,SB 4892
D:/Data/ePillID_data/ePillID_data\classification_data\fcn_mix_weight/dr_224/00007-4892-20_PART_1_OF_1_CHAL10_SF_BE18DF56.jpg,reference,7-4892,SB;4892,True,qwen,SB,0,1,0.5,0,0.6666666666666666,0,SB,SB 4892
D:/Data/ePillID_data/ePillID_data\classification_data\fcn_mix_weight/dr_224/00023-9350-07_PART_1_OF_1_CHAL10_SB_D4196A7B.jpg,reference,23-9350,SAN;60,False,qwen,G342,0,0,0.0,0,1.0,0,G342,SAN 60
D:/Data/ePillID_data/ePillID_data\classification_data\fcn_mix_weight/dr_224/00023-9350-07_PART_1_OF_1_CHAL10_SF_D4196A7B.jpg,reference,23-9350,SAN;60,True,qwen,SAN 60,1,1,1.0,1,0.0,1,SAN 60,SAN 60
D:/Data/ePillID_data/ePillID_data\classification_data\fcn_mix_weight/dr_224/00037-2250-10_PART_1_OF_1_CHAL10_SB_BD1D5EFA.jpg,reference,37-2250,SOMA;250,False,qwen,G342,0,0,0.0,0,0.8571428571428571,0,G342,SOMA 250
D:/Data/ePillID_data/ePillID_data\classification_data\fcn_mix_weight/dr_224/00037-2250-10_PART_1_OF_1_CHAL10_SF_BD1D5EFA.jpg,reference,37-2250,SOMA;250,True,qwen,SOMA 250,1,1,1.0,1,0.0,1,SOMA 250,SOMA 250
D:/Data/ePillID_data/ePillID_data\classification_data\fcn_mix_weight/dr_224/00054-0017-25_PART_1_OF_1_CHAL10_SB_F7217BFB.jpg,reference,54-17,54;899,False,qwen,B 1,0,0,0.0,0,1.0,0,B 1,54 899
D:/Data/ePillID_data/ePillID_data\classification_data\fcn_mix_weight/dr_224/00054-0017-25_PART_1_OF_1_CHAL10_SF_F7217BFB.jpg,reference,54-17,54;899,True,qwen,54 899,1,1,1.0,1,0.0,1,54 899,54 899
D:/Data/ePillID_data/ePillID_data\classification_data\fcn_mix_weight/dr_224/00054-0166-25_PART_1_OF_1_CHAL10_SB_6A1DB56D.jpg,reference,54-166,54;135,False,qwen,N,0,0,0.0,0,1.0,0,N,54 135
D:/Data/ePillID_data/ePillID_data\classification_data\fcn_mix_weight/dr_224/00054-0166-25_PART_1_OF_1_CHAL10_SF_6A1DB56D.jpg,reference,54-166,54;135,True,qwen,54 135,1,1,1.0,1,0.0,1,54 135,54 135
D:/Data/ePillID_data/ePillID_data\classification_data\fcn_mix_weight/dr_224/00054-4182-25_PART_1_OF_1_CHAL10_SB_77233BF9.jpg,reference,54-4182,54;943,False,qwen,D,0,0,0.0,0,1.0,0,D,54 943
D:/Data/ePillID_data/ePillID_data\classification_data\fcn_mix_weight/dr_224/00054-4182-25_PART_1_OF_1_CHAL10_SF_77233BF9.jpg,reference,54-4182,54;943,True,qwen,54 943,1,1,1.0,1,0.0,1,54 943,54 943
D:/Data/ePillID_data/ePillID_data\classification_data\fcn_mix_weight/dr_224/00056-0176-70_PART_1_OF_1_CHAL10_SB_99134CAA.jpg,reference,56-176,2;1;2;COUMADIN,False,qwen,M B,0,0,0.0,0,0.9090909090909091,0,M B,2 1 2 COUMADIN
D:/Data/ePillID_data/ePillID_data\classification_data\fcn_mix_weight/dr_224/00056-0176-70_PART_1_OF_1_CHAL10_SF_99134CAA.jpg,reference,56-176,2;1;2;COUMADIN,True,qwen,2 1 2 COUMADIN,1,1,1.0,1,0.0,1,2 1 2 COUMADIN,2 1 2 COUMADIN
D:/Data/ePillID_data/ePillID_data\classification_data\fcn_mix_weight/dr_224/00062-2085-12_PART_1_OF_1_CHAL10_SB_06130328.jpg,reference,62-2085,A,False,qwen,B 1,0,0,0.0,0,2.0,0,B 1,A
D:/Data/ePillID_data/ePillID_data\classification_data\fcn_mix_weight/dr_224/00062-2085-12_PART_1_OF_1_CHAL10_SF_06130328.jpg,reference,62-2085,A,True,qwen,A,1,1,1.0,1,0.0,1,A,A
D:/Data/ePillID_data/ePillID_data\classification_data\fcn_mix_weight/dr_224/00069-4210-30_PART_1_OF_1_CHAL10_SB_641DB26D.jpg,reference,69-4210,VGR50;Pfizer,False,qwen,VGR 50,0,0,0.0,0,0.5454545454545454,0,VGR 50,VGR50 PFIZER
D:/Data/ePillID_data/ePillID_data\classification_data\fcn_mix_weight/dr_224/00069-4210-30_PART_1_OF_1_CHAL10_SF_641DB26D.jpg,reference,69-4210,VGR50;Pfizer,True,qwen,PFIZER,0,1,0.5,0,0.45454545454545453,0,PFIZER,VGR50 PFIZER
D:/Data/ePillID_data/ePillID_data\classification_data\fcn_mix_weight/dr_224/00074-5182-19_PART_1_OF_1_CHAL10_SB_AF1D57AA.jpg,reference,74-5182,SYNTHROID;75,False,qwen,I 75,0,0,0.5,0,0.7272727272727273,0,I 75,SYNTHROID 75
D:/Data/ePillID_data/ePillID_data\classification_data\fcn_mix_weight/dr_224/00074-5182-19_PART_1_OF_1_CHAL10_SF_AF1D57AA.jpg,reference,74-5182,SYNTHROID;75,True,qwen,SYNTHROID,0,1,0.5,0,0.18181818181818182,0,SYNTHROID,SYNTHROID 75
D:/Data/ePillID_data/ePillID_data\classification_data\fcn_mix_weight/dr_224/00074-6594-90_PART_1_OF_1_CHAL10_SB_AB1D55FA.jpg,reference,74-6594,SYNTHROID;88,False,qwen,I 88,0,0,0.5,0,0.7272727272727273,0,I 88,SYNTHROID 88
D:/Data/ePillID_data/ePillID_data\classification_data\fcn_mix_weight/dr_224/00074-6594-90_PART_1_OF_1_CHAL10_SF_AB1D55FA.jpg,reference,74-6594,SYNTHROID;88,True,qwen,GYNTHROID,0,0,0.0,0,0.2727272727272727,0,GYNTHROID,SYNTHROID 88
D:/Data/ePillID_data/ePillID_data\classification_data\fcn_mix_weight/dr_224/00074-7068-19_PART_1_OF_1_CHAL10_SB_A31D51AA.jpg,reference,74-7068,SYNTHROID;125,False,qwen,1 5,0,0,0.0,0,0.8333333333333334,0,1 5,SYNTHROID 125
D:/Data/ePillID_data/ePillID_data\classification_data\fcn_mix_weight/dr_224/00074-7068-19_PART_1_OF_1_CHAL10_SF_A31D51AA.jpg,reference,74-7068,SYNTHROID;125,True,qwen,SYNTHROID,0,1,0.5,0,0.25,0,SYNTHROID,SYNTHROID 125
D:/Data/ePillID_data/ePillID_data\classification_data\fcn_mix_weight/dr_224/00075-7700-60_PART_1_OF_1_CHAL10_SB_E51C72E3.jpg,reference,75-7700,RPR;202,False,qwen,N,0,0,0.0,0,1.0,0,N,RPR 202
D:/Data/ePillID_data/ePillID_data\classification_data\fcn_mix_weight/dr_224/00075-7700-60_PART_1_OF_1_CHAL10_SF_E51C72E3.jpg,reference,75-7700,RPR;202,True,qwen,RPR 202,1,1,1.0,1,0.0,1,RPR 202,RPR 202
D:/Data/ePillID_data/ePillID_data\classification_data\fcn_mix_weight/dr_224/00078-0358-34_PART_1_OF_1_CHAL10_SB_EA15750B.jpg,reference,78-358,NVR;DV,False,qwen,NVR,0,1,0.5,0,0.4,0,NVR,NVR DV
D:/Data/ePillID_data/ePillID_data\classification_data\fcn_mix_weight/dr_224/00078-0358-34_PART_1_OF_1_CHAL10_SF_EA15750B.jpg,reference,78-358,NVR;DV,True,qwen,DV,0,1,0.5,0,0.6,0,DV,NVR DV
D:/Data/ePillID_data/ePillID_data\classification_data\fcn_mix_weight/dr_224/00078-0359-34_PART_1_OF_1_CHAL10_SB_EC15765B.jpg,reference,78-359,NVR;DX,False,qwen,NVR,0,1,0.5,0,0.4,0,NVR,NVR DX
D:/Data/ePillID_data/ePillID_data\classification_data\fcn_mix_weight/dr_224/00078-0359-34_PART_1_OF_1_CHAL10_SF_EC15765B.jpg,reference,78-359,NVR;DX,True,qwen,DX,0,1,0.5,0,0.6,0,DX,NVR DX
D:/Data/ePillID_data/ePillID_data\classification_data\fcn_mix_weight/dr_224/00078-0486-15_PART_1_OF_1_CHAL10_SB_E61D736B.jpg,reference,78-486,NVR;IU,False,qwen,IU,0,1,0.5,0,0.6,0,IU,NVR IU
D:/Data/ePillID_data/ePillID_data\classification_data\fcn_mix_weight/dr_224/00078-0486-15_PART_1_OF_1_CHAL10_SF_E61D736B.jpg,reference,78-486,NVR;IU,True,qwen,NVR,0,1,0.5,0,0.4,0,NVR,NVR IU
D:/Data/ePillID_data/ePillID_data\classification_data\fcn_mix_weight/dr_224/00078-0521-15_PART_1_OF_1_CHAL10_SB_E51D72AB.jpg,reference,78-521,NVR;LCI,False,qwen,LCI,0,1,0.5,0,0.5,0,LCI,NVR LCI
D:/Data/ePillID_data/ePillID_data\classification_data\fcn_mix_weight/dr_224/00078-0521-15_PART_1_OF_1_CHAL10_SF_E51D72AB.jpg,reference,78-521,NVR;LCI,True,qwen,NYR,0,0,0.0,0,0.6666666666666666,0,NYR,NVR LCI
D:/Data/ePillID_data/ePillID_data\classification_data\fcn_mix_weight/dr_224/00093-0027-01_PART_1_OF_1_CHAL10_SB_1D298EAC.jpg,reference,93-27,93;27,False,qwen,G342,0,0,0.0,0,0.75,0,G342,93 27
D:/Data/ePillID_data/ePillID_data\classification_data\fcn_mix_weight/dr_224/00093-0027-01_PART_1_OF_1_CHAL10_SF_1D298EAC.jpg,reference,93-27,93;27,True,qwen,93 27,1,1,1.0,1,0.0,1,93 27,93 27
D:/Data/ePillID_data/ePillID_data\classification_data\fcn_mix_weight/dr_224/00093-0039-01_PART_1_OF_1_CHAL10_SB_4F29A7CD.jpg,reference,93-39,9;3;39,False,qwen,39,0,1,0.3333333333333333,0,0.5,0,39,9 3 39
D:/Data/ePillID_data/ePillID_data\classification_data\fcn_mix_weight/dr_224/00093-0039-01_PART_1_OF_1_CHAL10_SF_4F29A7CD.jpg,reference,93-39,9;3;39,True,qwen,9 3,0,0,0.6666666666666666,0,0.5,0,9 3,9 3 39
D:/Data/ePillID_data/ePillID_data\classification_data\fcn_mix_weight/dr_224/00093-0051-01_PART_1_OF_1_CHAL10_SB_3E281F50.jpg,reference,93-51,TV;51,False,qwen,51,0,1,0.5,0,0.5,0,51,TV 51
D:/Data/ePillID_data/ePillID_data\classification_data\fcn_mix_weight/dr_224/00093-0051-01_PART_1_OF_1_CHAL10_SB_A022D026.jpg,reference,93-51,TV;51,False,qwen,51,0,1,0.5,0,0.5,0,51,TV 51
D:/Data/ePillID_data/ePillID_data\classification_data\fcn_mix_weight/dr_224/00093-0051-01_PART_1_OF_1_CHAL10_SF_3E281F50.jpg,reference,93-51,TV;51,True,qwen,TV,0,1,0.5,0,0.5,0,TV,TV 51
D:/Data/ePillID_data/ePillID_data\classification_data\fcn_mix_weight/dr_224/00093-0051-01_PART_1_OF_1_CHAL10_SF_A022D026.jpg,reference,93-51,TV;51,True,qwen,93,0,0,0.0,0,1.0,0,93,TV 51
D:/Data/ePillID_data/ePillID_data\classification_data\fcn_mix_weight/dr_224/00093-0083-98_PART_1_OF_1_CHAL10_SB_3B299DDC.jpg,reference,93-83,93;83,False,qwen,83,0,1,0.5,0,0.5,0,83,93 83
D:/Data/ePillID_data/ePillID_data\classification_data\fcn_mix_weight/dr_224/00093-0083-98_PART_1_OF_1_CHAL10_SF_3B299DDC.jpg,reference,93-83,93;83,True,qwen,93,0,1,0.5,0,0.5,0,93,93 83
D:/Data/ePillID_data/ePillID_data\classification_data\fcn_mix_weight/dr_224/00093-0109-01_PART_1_OF_1_CHAL10_SB_40202051.jpg,reference,93-109,109;TEVA,False,qwen,B 1,0,0,0.0,0,1.0,0,B 1,109 TEVA
D:/Data/ePillID_data/ePillID_data\classification_data\fcn_mix_weight/dr_224/00093-0109-01_PART_1_OF_1_CHAL10_SF_40202051.jpg,reference,93-109,109;TEVA,True,qwen,T 109,0,0,0.5,0,0.7142857142857143,0,T 109,109 TEVA
D:/Data/ePillID_data/ePillID_data\classification_data\fcn_mix_weight/dr_224/00093-0174-56_PART_1_OF_1_CHAL10_SB_96294B5A.jpg,reference,93-174,174;93,False,qwen,174,0,1,0.5,0,0.4,0,174,174 93
D:/Data/ePillID_data/ePillID_data\classification_data\fcn_mix_weight/dr_224/00093-0174-56_PART_1_OF_1_CHAL10_SF_96294B5A.jpg,reference,93-174,174;93,True,qwen,93,0,1,0.5,0,0.6,0,93,174 93
D:/Data/ePillID_data/ePillID_data\classification_data\fcn_mix_weight/dr_224/00093-0199-01_PART_1_OF_1_CHAL10_SB_B6295B4A.jpg,reference,93-199,9;3;199,False,qwen,199,0,1,0.3333333333333333,0,0.4,0,199,9 3 199
D:/Data/ePillID_data/ePillID_data\classification_data\fcn_mix_weight/dr_224/00093-0199-01_PART_1_OF_1_CHAL10_SB_CD266683.jpg,reference,93-199,9;3;199,False,qwen,199,0,1,0.3333333333333333,0,0.4,0,199,9 3 199
D:/Data/ePillID_data/ePillID_data\classification_data\fcn_mix_weight/dr_224/00093-0199-01_PART_1_OF_1_CHAL10_SF_B6295B4A.jpg,reference,93-199,9;3;199,True,qwen,9 3,0,0,0.6666666666666666,0,0.6,0,9 3,9 3 199
D:/Data/ePillID_data/ePillID_data\classification_data\fcn_mix_weight/dr_224/00093-0199-01_PART_1_OF_1_CHAL10_SF_CD266683.jpg,reference,93-199,9;3;199,True,qwen,9 3,0,0,0.6666666666666666,0,0.6,0,9 3,9 3 199
D:/Data/ePillID_data/ePillID_data\classification_data\fcn_mix_weight/dr_224/00093-0308-01_PART_1_OF_1_CHAL10_SB_342B1A18.jpg,reference,93-308,93;308,False,qwen,B 1,0,0,0.0,0,1.0,0,B 1,93 308
D:/Data/ePillID_data/ePillID_data\classification_data\fcn_mix_weight/dr_224/00093-0308-01_PART_1_OF_1_CHAL10_SF_342B1A18.jpg,reference,93-308,93;308,True,qwen,93 308,1,1,1.0,1,0.0,1,93 308,93 308
D:/Data/ePillID_data/ePillID_data\classification_data\fcn_mix_weight/dr_224/00093-0463-01_PART_1_OF_1_CHAL10_SB_5429AA3D.jpg,reference,93-463,9;3;463,False,qwen,463,0,1,0.3333333333333333,0,0.4,0,463,9 3 463
D:/Data/ePillID_data/ePillID_data\classification_data\fcn_mix_weight/dr_224/00093-0463-01_PART_1_OF_1_CHAL10_SF_5429AA3D.jpg,reference,93-463,9;3;463,True,qwen,9 3,0,0,0.6666666666666666,0,0.6,0,9 3,9 3 463
D:/Data/ePillID_data/ePillID_data\classification_data\fcn_mix_weight/dr_224/00093-0536-01_PART_1_OF_1_CHAL10_SB_992B4CEA.jpg,reference,93-536,93;536,False,qwen,536,0,1,0.5,0,0.4,0,536,93 536
D:/Data/ePillID_data/ePillID_data\classification_data\fcn_mix_weight/dr_224/00093-0536-01_PART_1_OF_1_CHAL10_SF_992B4CEA.jpg,reference,93-536,93;536,True,qwen,93,0,1,0.5,0,0.6,0,93,93 536
D:/Data/ePillID_data/ePillID_data\classification_data\fcn_mix_weight/dr_224/00093-0657-01_PART_1_OF_1_CHAL10_SB_302B1808.jpg,reference,93-657,93;657,False,qwen,93 657,1,1,1.0,1,0.0,1,93 657,93 657
D:/Data/ePillID_data/ePillID_data\classification_data\fcn_mix_weight/dr_224/00093-0657-01_PART_1_OF_1_CHAL10_SF_302B1808.jpg,reference,93-657,93;657,True,qwen,93 657,1,1,1.0,1,0.0,1,93 657,93 657
D:/Data/ePillID_data/ePillID_data\classification_data\fcn_mix_weight/dr_224/00093-0658-01_PART_1_OF_1_CHAL10_SB_2B2B15C8.jpg,reference,93-658,93;658,False,qwen,N,0,0,0.0,0,1.0,0,N,93 658
D:/Data/ePillID_data/ePillID_data\classification_data\fcn_mix_weight/dr_224/00093-0658-01_PART_1_OF_1_CHAL10_SF_2B2B15C8.jpg,reference,93-658,93;658,True,qwen,93 658,1,1,1.0,1,0.0,1,93 658,93 658
D:/Data/ePillID_data/ePillID_data\classification_data\fcn_mix_weight/dr_224/00093-0733-01_PART_1_OF_1_CHAL10_SB_1E210F08.jpg,reference,93-733,93;733,False,qwen,ED,0,0,0.0,0,1.0,0,ED,93 733
D:/Data/ePillID_data/ePillID_data\classification_data\fcn_mix_weight/dr_224/00093-0733-01_PART_1_OF_1_CHAL10_SB_672B3399.jpg,reference,93-733,93;733,False,qwen,PINK,0,0,0.0,0,1.0,0,PINK,93 733
D:/Data/ePillID_data/ePillID_data\classification_data\fcn_mix_weight/dr_224/00093-0733-01_PART_1_OF_1_CHAL10_SF_1E210F08.jpg,reference,93-733,93;733,True,qwen,93 1235,0,0,0.5,0,0.6,0,93 1235,93 733
D:/Data/ePillID_data/ePillID_data\classification_data\fcn_mix_weight/dr_224/00093-0733-01_PART_1_OF_1_CHAL10_SF_672B3399.jpg,reference,93-733,93;733,True,qwen,93 733,1,1,1.0,1,0.0,1,93 733,93 733
D:/Data/ePillID_data/ePillID_data\classification_data\fcn_mix_weight/dr_224/00093-0753-01_PART_1_OF_1_CHAL10_SB_A526D2E6.jpg,reference,93-753,753;TEVA,False,qwen,753,0,1,0.5,0,0.5714285714285714,0,753,753 TEVA
D:/Data/ePillID_data/ePillID_data\classification_data\fcn_mix_weight/dr_224/00093-0753-01_PART_1_OF_1_CHAL10_SF_A526D2E6.jpg,reference,93-753,753;TEVA,True,qwen,TEVA,0,1,0.5,0,0.42857142857142855,0,TEVA,753 TEVA
D:/Data/ePillID_data/ePillID_data\classification_data\fcn_mix_weight/dr_224/00093-0784-06_PART_1_OF_1_CHAL10_SB_3D2B1E98.jpg,reference,93-784,93;784,False,qwen,E 100,0,0,0.0,0,1.0,0,E 100,93 784
D:/Data/ePillID_data/ePillID_data\classification_data\fcn_mix_weight/dr_224/00093-0784-06_PART_1_OF_1_CHAL10_SF_3D2B1E98.jpg,reference,93-784,93;784,True,qwen,93 784,1,1,1.0,1,0.0,1,93 784,93 784
D:/Data/ePillID_data/ePillID_data\classification_data\fcn_mix_weight/dr_224/00093-0787-01_PART_1_OF_1_CHAL10_SB_AE26D766.jpg,reference,93-787,787;TEVA,False,qwen,787,0,1,0.5,0,0.5714285714285714,0,787,787 TEVA
D:/Data/ePillID_data/ePillID_data\classification_data\fcn_mix_weight/dr_224/00093-0787-01_PART_1_OF_1_CHAL10_SF_AE26D766.jpg,reference,93-787,787;TEVA,True,qwen,TEVA,0,1,0.5,0,0.42857142857142855,0,TEVA,787 TEVA
D:/Data/ePillID_data/ePillID_data\classification_data\fcn_mix_weight/dr_224/00093-0810-01_PART_1_OF_1_CHAL10_SB_24231228.jpg,reference,93-810,TEVA;10mg;0810,False,qwen,B 1,0,0,0.0,0,0.9166666666666666,0,B 1,TEVA 10MG 0810
D:/Data/ePillID_data/ePillID_data\classification_data\fcn_mix_weight/dr_224/00093-0810-01_PART_1_OF_1_CHAL10_SB_34271A58.jpg,reference,93-810,TEVA;10mg;0810,False,qwen,B 1,0,0,0.0,0,0.9166666666666666,0,B 1,TEVA 10MG 0810
D:/Data/ePillID_data/ePillID_data\classification_data\fcn_mix_weight/dr_224/00093-0810-01_PART_1_OF_1_CHAL10_SF_24231228.jpg,reference,93-810,TEVA;10mg;0810,True,qwen,10 MG 93 6810,0,0,0.0,0,0.5833333333333334,0,10 MG 93 6810,TEVA 10MG 0810
D:/Data/ePillID_data/ePillID_data\classification_data\fcn_mix_weight/dr_224/00093-0810-01_PART_1_OF_1_CHAL10_SF_34271A58.jpg,reference,93-810,TEVA;10mg;0810,True,qwen,TEVA 10MG 0810,1,1,1.0,1,0.0,1,TEVA 10MG 0810,TEVA 10MG 0810
D:/Data/ePillID_data/ePillID_data\classification_data\fcn_mix_weight/dr_224/00093-0926-06_PART_1_OF_1_CHAL10_SB_9826CC56.jpg,reference,93-926,926;TEVA,False,qwen,926,0,1,0.5,0,0.5714285714285714,0,926,926 TEVA
D:/Data/ePillID_data/ePillID_data\classification_data\fcn_mix_weight/dr_224/00093-0926-06_PART_1_OF_1_CHAL10_SF_9826CC56.jpg,reference,93-926,926;TEVA,True,qwen,TEVA,0,1,0.5,0,0.42857142857142855,0,TEVA,926 TEVA
D:/Data/ePillID_data/ePillID_data\classification_data\fcn_mix_weight/dr_224/00093-0983-01_PART_1_OF_1_CHAL10_SB_7A29BD5D.jpg,reference,93-983,93;983,False,qwen,983,0,1,0.5,0,0.4,0,983,93 983
D:/Data/ePillID_data/ePillID_data\classification_data\fcn_mix_weight/dr_224/00093-0983-01_PART_1_OF_1_CHAL10_SF_7A29BD5D.jpg,reference,93-983,93;983,True,qwen,931,0,0,0.0,0,0.6,0,931,93 983
D:/Data/ePillID_data/ePillID_data\classification_data\fcn_mix_weight/dr_224/00093-1061-01_PART_1_OF_1_CHAL10_SB_9329C9EE.jpg,reference,93-1061,93;61,False,qwen,N,0,0,0.0,0,1.0,0,N,93 61
D:/Data/ePillID_data/ePillID_data\classification_data\fcn_mix_weight/dr_224/00093-1061-01_PART_1_OF_1_CHAL10_SF_9329C9EE.jpg,reference,93-1061,93;61,True,qwen,93 61,1,1,1.0,1,0.0,1,93 61,93 61
D:/Data/ePillID_data/ePillID_data\classification_data\fcn_mix_weight/dr_224/00093-1063-01_PART_1_OF_1_CHAL10_SB_22269114.jpg,reference,93-1063,93;63,False,qwen,N,0,0,0.0,0,1.0,0,N,93 63
D:/Data/ePillID_data/ePillID_data\classification_data\fcn_mix_weight/dr_224/00093-1063-01_PART_1_OF_1_CHAL10_SB_A029D07E.jpg,reference,93-1063,93;63,False,qwen,B 1,0,0,0.0,0,1.0,0,B 1,93 63
D:/Data/ePillID_data/ePillID_data\classification_data\fcn_mix_weight/dr_224/00093-1063-01_PART_1_OF_1_CHAL10_SF_22269114.jpg,reference,93-1063,93;63,True,qwen,93 63,1,1,1.0,1,0.0,1,93 63,93 63
D:/Data/ePillID_data/ePillID_data\classification_data\fcn_mix_weight/dr_224/00093-1063-01_PART_1_OF_1_CHAL10_SF_A029D07E.jpg,reference,93-1063,93;63,True,qwen,93 63,1,1,1.0,1,0.0,1,93 63,93 63
D:/Data/ePillID_data/ePillID_data\classification_data\fcn_mix_weight/dr_224/00093-1118-01_PART_1_OF_1_CHAL10_SB_D32969BB.jpg,reference,93-1118,93;1118,False,qwen,1118,0,1,0.5,0,0.3333333333333333,0,1118,93 1118
D:/Data/ePillID_data/ePillID_data\classification_data\fcn_mix_weight/dr_224/00093-1118-01_PART_1_OF_1_CHAL10_SF_D32969BB.jpg,reference,93-1118,93;1118,True,qwen,93,0,1,0.5,0,0.6666666666666666,0,93,93 1118
D:/Data/ePillID_data/ePillID_data\classification_data\fcn_mix_weight/dr_224/00093-1172-01_PART_1_OF_1_CHAL10_SB_CC2DE65F.jpg,reference,93-1172,93;1172,False,qwen,1172,0,1,0.5,0,0.3333333333333333,0,1172,93 1172
D:/Data/ePillID_data/ePillID_data\classification_data\fcn_mix_weight/dr_224/00093-1172-01_PART_1_OF_1_CHAL10_SF_CC2DE65F.jpg,reference,93-1172,93;1172,True,qwen,93,0,1,0.5,0,0.6666666666666666,0,93,93 1172
D:/Data/ePillID_data/ePillID_data\classification_data\fcn_mix_weight/dr_224/00093-1177-01_PART_1_OF_1_CHAL10_SB_4F2B27C9.jpg,reference,93-1177,93;1177,False,qwen,1177,0,1,0.5,0,0.3333333333333333,0,1177,93 1177
D:/Data/ePillID_data/ePillID_data\classification_data\fcn_mix_weight/dr_224/00093-1177-01_PART_1_OF_1_CHAL10_SF_4F2B27C9.jpg,reference,93-1177,93;1177,True,qwen,93,0,1,0.5,0,0.6666666666666666,0,93,93 1177
D:/Data/ePillID_data/ePillID_data\classification_data\fcn_mix_weight/dr_224/00093-2046-56_PART_1_OF_1_CHAL10_SB_EE29773B.jpg,reference,93-2046,ACTOS;45,False,qwen,45,0,1,0.5,0,0.7142857142857143,0,45,ACTOS 45
D:/Data/ePillID_data/ePillID_data\classification_data\fcn_mix_weight/dr_224/00093-2046-56_PART_1_OF_1_CHAL10_SF_EE29773B.jpg,reference,93-2046,ACTOS;45,True,qwen,ACTOS,0,1,0.5,0,0.2857142857142857,0,ACTOS,ACTOS 45
D:/Data/ePillID_data/ePillID_data\classification_data\fcn_mix_weight/dr_224/00093-2048-56_PART_1_OF_1_CHAL10_SB_632B3189.jpg,reference,93-2048,ACTOS;15,False,qwen,15,0,1,0.5,0,0.7142857142857143,0,15,ACTOS 15
D:/Data/ePillID_data/ePillID_data\classification_data\fcn_mix_weight/dr_224/00093-2048-56_PART_1_OF_1_CHAL10_SF_632B3189.jpg,reference,93-2048,ACTOS;15,True,qwen,ACTOS,0,1,0.5,0,0.2857142857142857,0,ACTOS,ACTOS 15
D:/Data/ePillID_data/ePillID_data\classification_data\fcn_mix_weight/dr_224/00093-2055-06_PART_1_OF_1_CHAL10_SB_B12B588A.jpg,reference,93-2055,DT,False,qwen,B 1,0,0,0.0,0,1.0,0,B 1,DT
D:/Data/ePillID_data/ePillID_data\classification_data\fcn_mix_weight/dr_224/00093-2055-06_PART_1_OF_1_CHAL10_SF_B12B588A.jpg,reference,93-2055,DT,True,qwen,DT,1,1,1.0,1,0.0,1,DT,DT
D:/Data/ePillID_data/ePillID_data\classification_data\fcn_mix_weight/dr_224/00093-2080-01_PART_1_OF_1_CHAL10_SB_D326E9C7.jpg,reference,93-2080,TEVA;2080,False,qwen,B 1,0,0,0.0,0,1.0,0,B 1,TEVA 2080
D:/Data/ePillID_data/ePillID_data\classification_data\fcn_mix_weight/dr_224/00093-2080-01_PART_1_OF_1_CHAL10_SF_D326E9C7.jpg,reference,93-2080,TEVA;2080,True,qwen,TEVA 2080,1,1,1.0,1,0.0,1,TEVA 2080,TEVA 2080
D:/Data/ePillID_data/ePillID_data\classification_data\fcn_mix_weight/dr_224/00093-2130-01_PART_1_OF_1_CHAL10_SB_E329F1AF.jpg,reference,93-2130,Z;Zenith;50mg;2130,False,qwen,ZENITH 50 MG,0,0,0.25,0,0.3333333333333333,0,ZENITH 50 MG,Z ZENITH 50MG 2130
D:/Data/ePillID_data/ePillID_data\classification_data\fcn_mix_weight/dr_224/00093-2130-01_PART_1_OF_1_CHAL10_SF_E329F1AF.jpg,reference,93-2130,Z;Zenith;50mg;2130,True,qwen,2130 Z Z Z,0,0,0.5,0,0.9333333333333333,0,2130 Z Z Z,Z ZENITH 50MG 2130
D:/Data/ePillID_data/ePillID_data\classification_data\fcn_mix_weight/dr_224/00093-2263-01_PART_1_OF_1_CHAL10_SB_0029803C.jpg,reference,93-2263,93;2263,False,qwen,2263,0,1,0.5,0,0.3333333333333333,0,2263,93 2263
D:/Data/ePillID_data/ePillID_data\classification_data\fcn_mix_weight/dr_224/00093-2263-01_PART_1_OF_1_CHAL10_SF_0029803C.jpg,reference,93-2263,93;2263,True,qwen,93,0,1,0.5,0,0.6666666666666666,0,93,93 2263
D:/Data/ePillID_data/ePillID_data\classification_data\fcn_mix_weight/dr_224/00093-2264-01_PART_1_OF_1_CHAL10_SB_DE296F5B.jpg,reference,93-2264,93;2264,False,qwen,N,0,0,0.0,0,1.0,0,N,93 2264
D:/Data/ePillID_data/ePillID_data\classification_data\fcn_mix_weight/dr_224/00093-2264-01_PART_1_OF_1_CHAL10_SF_DE296F5B.jpg,reference,93-2264,93;2264,True,qwen,93 2264,1,1,1.0,1,0.0,1,93 2264,93 2264
D:/Data/ePillID_data/ePillID_data\classification_data\fcn_mix_weight/dr_224/00093-2268-01_PART_1_OF_1_CHAL10_SB_D5296ADB.jpg,reference,93-2268,9;3;2268,False,qwen,2268,0,1,0.3333333333333333,0,0.3333333333333333,0,2268,9 3 2268
D:/Data/ePillID_data/ePillID_data\classification_data\fcn_mix_weight/dr_224/00093-2268-01_PART_1_OF_1_CHAL10_SF_D5296ADB.jpg,reference,93-2268,9;3;2268,True,qwen,9 3,0,0,0.6666666666666666,0,0.6666666666666666,0,9 3,9 3 2268
D:/Data/ePillID_data/ePillID_data\classification_data\fcn_mix_weight/dr_224/00093-2272-34_PART_1_OF_1_CHAL10_SB_DD2D6EBB.jpg,reference,93-2272,93;2272,False,qwen,2272,0,1,0.5,0,0.3333333333333333,0,2272,93 2272
D:/Data/ePillID_data/ePillID_data\classification_data\fcn_mix_weight/dr_224/00093-2272-34_PART_1_OF_1_CHAL10_SF_DD2D6EBB.jpg,reference,93-2272,93;2272,True,qwen,93,0,1,0.5,0,0.6666666666666666,0,93,93 2272
D:/Data/ePillID_data/ePillID_data\classification_data\fcn_mix_weight/dr_224/00093-2929-01_PART_1_OF_1_CHAL10_SB_E52972BB.jpg,reference,93-2929,2929;93,False,qwen,G342,0,0,0.0,0,1.0,0,G342,2929 93
D:/Data/ePillID_data/ePillID_data\classification_data\fcn_mix_weight/dr_224/00093-2929-01_PART_1_OF_1_CHAL10_SF_E52972BB.jpg,reference,93-2929,2929;93,True,qwen,93 2929,0,0,1.0,1,0.6666666666666666,0,93 2929,2929 93
D:/Data/ePillID_data/ePillID_data\classification_data\fcn_mix_weight/dr_224/00093-3010-84_PART_1_OF_1_CHAL10_SB_F72CFBF7.jpg,reference,93-3010,A08,False,qwen,B 1,0,0,0.0,0,1.0,0,B 1,A08
D:/Data/ePillID_data/ePillID_data\classification_data\fcn_mix_weight/dr_224/00093-3010-84_PART_1_OF_1_CHAL10_SF_F72CFBF7.jpg,reference,93-3010,A08,True,qwen,A08,1,1,1.0,1,0.0,1,A08,A08
D:/Data/ePillID_data/ePillID_data\classification_data\fcn_mix_weight/dr_224/00093-3012-84_PART_1_OF_1_CHAL10_SB_F32CF987.jpg,reference,93-3012,A06,False,qwen,L1,0,0,0.0,0,1.0,0,L1,A06
D:/Data/ePillID_data/ePillID_data\classification_data\fcn_mix_weight/dr_224/00093-3012-84_PART_1_OF_1_CHAL10_SF_F32CF987.jpg,reference,93-3012,A06,True,qwen,A06,1,1,1.0,1,0.0,1,A06,A06
D:/Data/ePillID_data/ePillID_data\classification_data\fcn_mix_weight/dr_224/00093-3127-01_PART_1_OF_1_CHAL10_SB_C12DE08F.jpg,reference,93-3127,93;3127;93;3127,False,qwen,G342,0,0,0.0,0,0.8333333333333334,0,G342,93 3127 93 3127
D:/Data/ePillID_data/ePillID_data\classification_data\fcn_mix_weight/dr_224/00093-3127-01_PART_1_OF_1_CHAL10_SF_C12DE08F.jpg,reference,93-3127,93;3127;93;3127,True,qwen,93 3127 93 3127,1,1,1.0,1,0.0,1,93 3127 93 3127,93 3127 93 3127
D:/Data/ePillID_data/ePillID_data\classification_data\fcn_mix_weight/dr_224/00093-3147-01_PART_1_OF_1_CHAL10_SB_24231258.jpg,reference,93-3147,TEVA;3147,False,qwen,G342,0,0,0.0,0,0.75,0,G342,TEVA 3147
D:/Data/ePillID_data/ePillID_data\classification_data\fcn_mix_weight/dr_224/00093-3147-01_PART_1_OF_1_CHAL10_SB_C51962CB.jpg,reference,93-3147,TEVA;3147,False,qwen,B 1,0,0,0.0,0,0.875,0,B 1,TEVA 3147
D:/Data/ePillID_data/ePillID_data\classification_data\fcn_mix_weight/dr_224/00093-3147-01_PART_1_OF_1_CHAL10_SF_24231258.jpg,reference,93-3147,TEVA;3147,True,qwen,93 3147 93 3147,0,0,0.5,0,1.0,0,93 3147 93 3147,TEVA 3147
D:/Data/ePillID_data/ePillID_data\classification_data\fcn_mix_weight/dr_224/00093-3147-01_PART_1_OF_1_CHAL10_SF_C51962CB.jpg,reference,93-3147,TEVA;3147,True,qwen,TEVA 3147,1,1,1.0,1,0.0,1,TEVA 3147,TEVA 3147
D:/Data/ePillID_data/ePillID_data\classification_data\fcn_mix_weight/dr_224/00093-3167-53_PART_1_OF_1_CHAL10_SB_10270828.jpg,reference,93-3167,TEVA;3167,False,qwen,B 1,0,0,0.0,0,0.875,0,B 1,TEVA 3167
D:/Data/ePillID_data/ePillID_data\classification_data\fcn_mix_weight/dr_224/00093-3167-53_PART_1_OF_1_CHAL10_SB_F7267B83.jpg,reference,93-3167,TEVA;3167,False,qwen,G341,0,0,0.0,0,0.875,0,G341,TEVA 3167
D:/Data/ePillID_data/ePillID_data\classification_data\fcn_mix_weight/dr_224/00093-3167-53_PART_1_OF_1_CHAL10_SF_10270828.jpg,reference,93-3167,TEVA;3167,True,qwen,TEVA 3167,1,1,1.0,1,0.0,1,TEVA 3167,TEVA 3167
D:/Data/ePillID_data/ePillID_data\classification_data\fcn_mix_weight/dr_224/00093-3167-53_PART_1_OF_1_CHAL10_SF_F7267B83.jpg,reference,93-3167,TEVA;3167,True,qwen,93 3167 93 3167,0,0,0.5,0,1.0,0,93 3167 93 3167,TEVA 3167
D:/Data/ePillID_data/ePillID_data\classification_data\fcn_mix_weight/dr_224/00093-3195-01_PART_1_OF_1_CHAL10_SB_BF295F9A.jpg,reference,93-3195,TEVA;3195,False,qwen,B 1,0,0,0.0,0,0.875,0,B 1,TEVA 3195
D:/Data/ePillID_data/ePillID_data\classification_data\fcn_mix_weight/dr_224/00093-3195-01_PART_1_OF_1_CHAL10_SF_BF295F9A.jpg,reference,93-3195,TEVA;3195,True,qwen,TEVA 3195,1,1,1.0,1,0.0,1,TEVA 3195,TEVA 3195
D:/Data/ePillID_data/ePillID_data\classification_data\fcn_mix_weight/dr_224/00093-4059-53_PART_1_OF_1_CHAL10_SB_FD2D7EDB.jpg,reference,93-4059,9;3;4059,False,qwen,4059,0,1,0.3333333333333333,0,0.3333333333333333,0,4059,9 3 4059
D:/Data/ePillID_data/ePillID_data\classification_data\fcn_mix_weight/dr_224/00093-4059-53_PART_1_OF_1_CHAL10_SF_FD2D7EDB.jpg,reference,93-4059,9;3;4059,True,qwen,9 3,0,0,0.6666666666666666,0,0.6666666666666666,0,9 3,9 3 4059
D:/Data/ePillID_data/ePillID_data\classification_data\fcn_mix_weight/dr_224/00093-4236-01_PART_1_OF_1_CHAL10_SB_112388AC.jpg,reference,93-4236,40;Z;4236,False,qwen,40,0,1,0.3333333333333333,0,0.7142857142857143,0,40,40 Z 4236
D:/Data/ePillID_data/ePillID_data\classification_data\fcn_mix_weight/dr_224/00093-4236-01_PART_1_OF_1_CHAL10_SB_262D937C.jpg,reference,93-4236,40;Z;4236,False,qwen,40,0,1,0.3333333333333333,0,0.7142857142857143,0,40,40 Z 4236
D:/Data/ePillID_data/ePillID_data\classification_data\fcn_mix_weight/dr_224/00093-4236-01_PART_1_OF_1_CHAL10_SF_112388AC.jpg,reference,93-4236,40;Z;4236,True,qwen,Z 4236,0,0,0.6666666666666666,0,0.2857142857142857,0,Z 4236,40 Z 4236
D:/Data/ePillID_data/ePillID_data\classification_data\fcn_mix_weight/dr_224/00093-4236-01_PART_1_OF_1_CHAL10_SF_262D937C.jpg,reference,93-4236,40;Z;4236,True,qwen,4236 Z,0,0,0.6666666666666666,0,0.5714285714285714,0,4236 Z,40 Z 4236
D:/Data/ePillID_data/ePillID_data\classification_data\fcn_mix_weight/dr_224/00093-4237-01_PART_1_OF_1_CHAL10_SB_2B2D958C.jpg,reference,93-4237,80;Z;4237,False,qwen,80,0,1,0.3333333333333333,0,0.7142857142857143,0,80,80 Z 4237
D:/Data/ePillID_data/ePillID_data\classification_data\fcn_mix_weight/dr_224/00093-4237-01_PART_1_OF_1_CHAL10_SB_A323D19E.jpg,reference,93-4237,80;Z;4237,False,qwen,80,0,1,0.3333333333333333,0,0.7142857142857143,0,80,80 Z 4237
D:/Data/ePillID_data/ePillID_data\classification_data\fcn_mix_weight/dr_224/00093-4237-01_PART_1_OF_1_CHAL10_SF_2B2D958C.jpg,reference,93-4237,80;Z;4237,True,qwen,Z 4237,0,0,0.6666666666666666,0,0.2857142857142857,0,Z 4237,80 Z 4237
D:/Data/ePillID_data/ePillID_data\classification_data\fcn_mix_weight/dr_224/00093-4237-01_PART_1_OF_1_CHAL10_SF_A323D19E.jpg,reference,93-4237,80;Z;4237,True,qwen,Z 4237,0,0,0.6666666666666666,0,0.2857142857142857,0,Z 4237,80 Z 4237
D:/Data/ePillID_data/ePillID_data\classification_data\fcn_mix_weight/dr_224/00093-4336-01_PART_1_OF_1_CHAL10_SB_CA2DE50F.jpg,reference,93-4336,4336;1;mg,False,qwen,G342,0,0,0.0,0,0.8571428571428571,0,G342,4336 1 MG
D:/Data/ePillID_data/ePillID_data\classification_data\fcn_mix_weight/dr_224/00093-4336-01_PART_1_OF_1_CHAL10_SF_CA2DE50F.jpg,reference,93-4336,4336;1;mg,True,qwen,14336 1 MG,0,0,0.6666666666666666,0,0.14285714285714285,1,14336 1 MG,4336 1 MG
D:/Data/ePillID_data/ePillID_data\classification_data\fcn_mix_weight/dr_224/00093-4405-01_PART_1_OF_1_CHAL10_SB_072D838C.jpg,reference,93-4405,4405;200,False,qwen,200,0,1,0.5,0,0.5714285714285714,0,200,4405 200
D:/Data/ePillID_data/ePillID_data\classification_data\fcn_mix_weight/dr_224/00093-4405-01_PART_1_OF_1_CHAL10_SF_072D838C.jpg,reference,93-4405,4405;200,True,qwen,4405,0,1,0.5,0,0.42857142857142855,0,4405,4405 200
D:/Data/ePillID_data/ePillID_data\classification_data\fcn_mix_weight/dr_224/00093-4741-01_PART_1_OF_1_CHAL10_SB_F42D7A5B.jpg,reference,93-4741,4741;9;3,False,qwen,4741,0,1,0.3333333333333333,0,0.3333333333333333,0,4741,4741 9 3
D:/Data/ePillID_data/ePillID_data\classification_data\fcn_mix_weight/dr_224/00093-4741-01_PART_1_OF_1_CHAL10_SF_F42D7A5B.jpg,reference,93-4741,4741;9;3,True,qwen,9 3,0,0,0.6666666666666666,0,0.6666666666666666,0,9 3,4741 9 3
D:/Data/ePillID_data/ePillID_data\classification_data\fcn_mix_weight/dr_224/00093-4742-01_PART_1_OF_1_CHAL10_SB_E62D736B.jpg,reference,93-4742,4742;9;3,False,qwen,4742,0,1,0.3333333333333333,0,0.3333333333333333,0,4742,4742 9 3
D:/Data/ePillID_data/ePillID_data\classification_data\fcn_mix_weight/dr_224/00093-4742-01_PART_1_OF_1_CHAL10_SF_E62D736B.jpg,reference,93-4742,4742;9;3,True,qwen,9 3,0,0,0.6666666666666666,0,0.6666666666666666,0,9 3,4742 9 3
D:/Data/ePillID_data/ePillID_data\classification_data\fcn_mix_weight/dr_224/00093-5050-06_PART_1_OF_1_CHAL10_SB_992D4C9A.jpg,reference,93-5050,4833M;15;850,False,qwen,15 850,0,0,0.6666666666666666,0,0.5,0,15 850,4833M 15 850
D:/Data/ePillID_data/ePillID_data\classification_data\fcn_mix_weight/dr_224/00093-5050-06_PART_1_OF_1_CHAL10_SF_992D4C9A.jpg,reference,93-5050,4833M;15;850,True,qwen,4833M,0,1,0.3333333333333333,0,0.5,0,4833M,4833M 15 850
D:/Data/ePillID_data/ePillID_data\classification_data\fcn_mix_weight/dr_224/00093-5112-98_PART_1_OF_1_CHAL10_SB_4E2D2719.jpg,reference,93-5112,BVF;120;BVF;120,False,qwen,G342,0,0,0.0,0,0.9166666666666666,0,G342,BVF 120 BVF 120
D:/Data/ePillID_data/ePillID_data\classification_data\fcn_mix_weight/dr_224/00093-5112-98_PART_1_OF_1_CHAL10_SF_4E2D2719.jpg,reference,93-5112,BVF;120;BVF;120,True,qwen,BVF 120 BVF 120,1,1,1.0,1,0.0,1,BVF 120 BVF 120,BVF 120 BVF 120
D:/Data/ePillID_data/ePillID_data\classification_data\fcn_mix_weight/dr_224/00093-5126-01_PART_1_OF_1_CHAL10_SB_382D9C7C.jpg,reference,93-5126,93;5126,False,qwen,5126,0,1,0.5,0,0.3333333333333333,0,5126,93 5126
D:/Data/ePillID_data/ePillID_data\classification_data\fcn_mix_weight/dr_224/00093-5126-01_PART_1_OF_1_CHAL10_SF_382D9C7C.jpg,reference,93-5126,93;5126,True,qwen,93,0,1,0.5,0,0.6666666666666666,0,93,93 5126
D:/Data/ePillID_data/ePillID_data\classification_data\fcn_mix_weight/dr_224/00093-5140-56_PART_1_OF_1_CHAL10_SB_1B2D0DF8.jpg,reference,93-5140,93;5140,False,qwen,5140,0,1,0.5,0,0.3333333333333333,0,5140,93 5140
D:/Data/ePillID_data/ePillID_data\classification_data\fcn_mix_weight/dr_224/00093-5140-56_PART_1_OF_1_CHAL10_SF_1B2D0DF8.jpg,reference,93-5140,93;5140,True,qwen,93,0,1,0.5,0,0.6666666666666666,0,93,93 5140
D:/Data/ePillID_data/ePillID_data\classification_data\fcn_mix_weight/dr_224/00093-5171-20_PART_1_OF_1_CHAL10_SB_4C2DA60D.jpg,reference,93-5171,93;5171,False,qwen,5171,0,1,0.5,0,0.3333333333333333,0,5171,93 5171
D:/Data/ePillID_data/ePillID_data\classification_data\fcn_mix_weight/dr_224/00093-5171-20_PART_1_OF_1_CHAL10_SF_4C2DA60D.jpg,reference,93-5171,93;5171,True,qwen,93,0,1,0.5,0,0.6666666666666666,0,93,93 5171
D:/Data/ePillID_data/ePillID_data\classification_data\fcn_mix_weight/dr_224/00093-5214-01_PART_1_OF_1_CHAL10_SB_5A2BAD7D.jpg,reference,93-5214,9;3;5214,False,qwen,5214,0,1,0.3333333333333333,0,0.3333333333333333,0,5214,9 3 5214
D:/Data/ePillID_data/ePillID_data\classification_data\fcn_mix_weight/dr_224/00093-5214-01_PART_1_OF_1_CHAL10_SF_5A2BAD7D.jpg,reference,93-5214,9;3;5214,True,qwen,9 3,0,0,0.6666666666666666,0,0.6666666666666666,0,9 3,9 3 5214
D:/Data/ePillID_data/ePillID_data\classification_data\fcn_mix_weight/dr_224/00093-5215-01_PART_1_OF_1_CHAL10_SB_562BAB0D.jpg,reference,93-5215,9;3;5215,False,qwen,5215,0,1,0.3333333333333333,0,0.3333333333333333,0,5215,9 3 5215
D:/Data/ePillID_data/ePillID_data\classification_data\fcn_mix_weight/dr_224/00093-5215-01_PART_1_OF_1_CHAL10_SF_562BAB0D.jpg,reference,93-5215,9;3;5215,True,qwen,9 3,0,0,0.6666666666666666,0,0.6666666666666666,0,9 3,9 3 5215
D:/Data/ePillID_data/ePillID_data\classification_data\fcn_mix_weight/dr_224/00093-5246-65_PART_1_OF_1_CHAL10_SB_9326C9E6.jpg,reference,93-5246,TV;U2;10,False,qwen,10,0,1,0.3333333333333333,0,0.6666666666666666,0,10,TV U2 10
D:/Data/ePillID_data/ePillID_data\classification_data\fcn_mix_weight/dr_224/00093-5246-65_PART_1_OF_1_CHAL10_SF_9326C9E6.jpg,reference,93-5246,TV;U2;10,True,qwen,TV U2,0,0,0.6666666666666666,0,0.3333333333333333,0,TV U2,TV U2 10
D:/Data/ePillID_data/ePillID_data\classification_data\fcn_mix_weight/dr_224/00093-5247-65_PART_1_OF_1_CHAL10_SB_8F26C7D6.jpg,reference,93-5247,TV;U7;15,False,qwen,15,0,1,0.3333333333333333,0,0.6666666666666666,0,15,TV U7 15
D:/Data/ePillID_data/ePillID_data\classification_data\fcn_mix_weight/dr_224/00093-5247-65_PART_1_OF_1_CHAL10_SF_8F26C7D6.jpg,reference,93-5247,TV;U7;15,True,qwen,TV U7,0,0,0.6666666666666666,0,0.3333333333333333,0,TV U7,TV U7 15
D:/Data/ePillID_data/ePillID_data\classification_data\fcn_mix_weight/dr_224/00093-5256-68_PART_1_OF_1_CHAL10_SB_15268A84.jpg,reference,93-5256,TEVA;5256,False,qwen,N,0,0,0.0,0,1.0,0,N,TEVA 5256
D:/Data/ePillID_data/ePillID_data\classification_data\fcn_mix_weight/dr_224/00093-5256-68_PART_1_OF_1_CHAL10_SB_8727C3AE.jpg,reference,93-5256,TEVA;5256,False,qwen,N,0,0,0.0,0,1.0,0,N,TEVA 5256
D:/Data/ePillID_data/ePillID_data\classification_data\fcn_mix_weight/dr_224/00093-5256-68_PART_1_OF_1_CHAL10_SF_15268A84.jpg,reference,93-5256,TEVA;5256,True,qwen,93 5256 93 5256,0,0,0.5,0,1.0,0,93 5256 93 5256,TEVA 5256
D:/Data/ePillID_data/ePillID_data\classification_data\fcn_mix_weight/dr_224/00093-5256-68_PART_1_OF_1_CHAL10_SF_8727C3AE.jpg,reference,93-5256,TEVA;5256,True,qwen,TEVA 5256,1,1,1.0,1,0.0,1,TEVA 5256,TEVA 5256
D:/Data/ePillID_data/ePillID_data\classification_data\fcn_mix_weight/dr_224/00093-5271-56_PART_1_OF_1_CHAL10_SB_EB2D75AB.jpg,reference,93-5271,93;5271,False,qwen,E 100,0,0,0.0,0,1.0,0,E 100,93 5271
D:/Data/ePillID_data/ePillID_data\classification_data\fcn_mix_weight/dr_224/00093-5271-56_PART_1_OF_1_CHAL10_SF_EB2D75AB.jpg,reference,93-5271,93;5271,True,qwen,5271 93,0,0,1.0,1,0.6666666666666666,0,5271 93,93 5271
D:/Data/ePillID_data/ePillID_data\classification_data\fcn_mix_weight/dr_224/00093-5420-88_PART_1_OF_1_CHAL10_SB_8E2BC72E.jpg,reference,93-5420,0;5;5420,False,qwen,5420,0,1,0.3333333333333333,0,0.3333333333333333,0,5420,0 5 5420
D:/Data/ePillID_data/ePillID_data\classification_data\fcn_mix_weight/dr_224/00093-5420-88_PART_1_OF_1_CHAL10_SF_8E2BC72E.jpg,reference,93-5420,0;5;5420,True,qwen,0 5,0,0,0.6666666666666666,0,0.6666666666666666,0,0 5,0 5 5420
D:/Data/ePillID_data/ePillID_data\classification_data\fcn_mix_weight/dr_224/00093-5504-56_PART_1_OF_1_CHAL10_SB_292714E8.jpg,reference,93-5504,TEVA;5504,False,qwen,B 1,0,0,0.0,0,1.0,0,B 1,TEVA 5504
D:/Data/ePillID_data/ePillID_data\classification_data\fcn_mix_weight/dr_224/00093-5504-56_PART_1_OF_1_CHAL10_SF_292714E8.jpg,reference,93-5504,TEVA;5504,True,qwen,TEVA 5504,1,1,1.0,1,0.0,1,TEVA 5504,TEVA 5504
D:/Data/ePillID_data/ePillID_data\classification_data\fcn_mix_weight/dr_224/00093-5507-56_PART_1_OF_1_CHAL10_SB_0C270618.jpg,reference,93-5507,TEVA;5507,False,qwen,B 1,0,0,0.0,0,1.0,0,B 1,TEVA 5507
D:/Data/ePillID_data/ePillID_data\classification_data\fcn_mix_weight/dr_224/00093-5507-56_PART_1_OF_1_CHAL10_SF_0C270618.jpg,reference,93-5507,TEVA;5507,True,qwen,TEVA 5507,1,1,1.0,1,0.0,1,TEVA 5507,TEVA 5507
D:/Data/ePillID_data/ePillID_data\classification_data\fcn_mix_weight/dr_224/00093-5710-01_PART_1_OF_1_CHAL10_SB_3F2B9FCC.jpg,reference,93-5710,5710;1;25;250,False,qwen,1 25 250,0,0,0.75,0,0.4,0,1 25 250,5710 1 25 250
D:/Data/ePillID_data/ePillID_data\classification_data\fcn_mix_weight/dr_224/00093-5710-01_PART_1_OF_1_CHAL10_SF_3F2B9FCC.jpg,reference,93-5710,5710;1;25;250,True,qwen,5710,0,1,0.25,0,0.6,0,5710,5710 1 25 250
D:/Data/ePillID_data/ePillID_data\classification_data\fcn_mix_weight/dr_224/00093-5712-01_PART_1_OF_1_CHAL10_SB_242B924C.jpg,reference,93-5712,5712;5;500,False,qwen,500,0,1,0.3333333333333333,0,0.625,0,500,5712 5 500
D:/Data/ePillID_data/ePillID_data\classification_data\fcn_mix_weight/dr_224/00093-5712-01_PART_1_OF_1_CHAL10_SF_242B924C.jpg,reference,93-5712,5712;5;500,True,qwen,5712,0,1,0.3333333333333333,0,0.5,0,5712,5712 5 500
D:/Data/ePillID_data/ePillID_data\classification_data\fcn_mix_weight/dr_224/00093-5770-56_PART_1_OF_1_CHAL10_SB_E927F4FF.jpg,reference,93-5770,TEVA;5770,False,qwen,5770,0,1,0.5,0,0.5,0,5770,TEVA 5770
D:/Data/ePillID_data/ePillID_data\classification_data\fcn_mix_weight/dr_224/00093-5770-56_PART_1_OF_1_CHAL10_SF_E927F4FF.jpg,reference,93-5770,TEVA;5770,True,qwen,TEVA,0,1,0.5,0,0.5,0,TEVA,TEVA 5770
D:/Data/ePillID_data/ePillID_data\classification_data\fcn_mix_weight/dr_224/00093-5852-01_PART_1_OF_1_CHAL10_SB_512BA8FD.jpg,reference,93-5852,5852;20,False,qwen,852,0,0,0.0,0,0.5,0,852,5852 20
D:/Data/ePillID_data/ePillID_data\classification_data\fcn_mix_weight/dr_224/00093-5852-01_PART_1_OF_1_CHAL10_SF_512BA8FD.jpg,reference,93-5852,5852;20,True,qwen,20,0,1,0.5,0,0.6666666666666666,0,20,5852 20
D:/Data/ePillID_data/ePillID_data\classification_data\fcn_mix_weight/dr_224/00093-7158-06_PART_1_OF_1_CHAL10_SB_312B98DC.jpg,reference,93-7158,93;7158,False,qwen,7158,0,1,0.5,0,0.3333333333333333,0,7158,93 7158
D:/Data/ePillID_data/ePillID_data\classification_data\fcn_mix_weight/dr_224/00093-7158-06_PART_1_OF_1_CHAL10_SF_312B98DC.jpg,reference,93-7158,93;7158,True,qwen,93,0,1,0.5,0,0.6666666666666666,0,93,93 7158
D:/Data/ePillID_data/ePillID_data\classification_data\fcn_mix_weight/dr_224/00093-7167-98_PART_1_OF_1_CHAL10_SB_6129B0CD.jpg,reference,93-7167,93;7167,False,qwen,7167,0,1,0.5,0,0.3333333333333333,0,7167,93 7167
D:/Data/ePillID_data/ePillID_data\classification_data\fcn_mix_weight/dr_224/00093-7167-98_PART_1_OF_1_CHAL10_SF_6129B0CD.jpg,reference,93-7167,93;7167,True,qwen,93,0,1,0.5,0,0.6666666666666666,0,93,93 7167
D:/Data/ePillID_data/ePillID_data\classification_data\fcn_mix_weight/dr_224/00093-7178-01_PART_1_OF_1_CHAL10_SB_D329E9CF.jpg,reference,93-7178,7178;93,False,qwen,7178,0,1,0.5,0,0.3333333333333333,0,7178,7178 93
D:/Data/ePillID_data/ePillID_data\classification_data\fcn_mix_weight/dr_224/00093-7178-01_PART_1_OF_1_CHAL10_SF_D329E9CF.jpg,reference,93-7178,7178;93,True,qwen,93,0,1,0.5,0,0.6666666666666666,0,93,7178 93
D:/Data/ePillID_data/ePillID_data\classification_data\fcn_mix_weight/dr_224/00093-7212-01_PART_1_OF_1_CHAL10_SB_9F23CF8E.jpg,reference,93-7212,93;7212,False,qwen,7212,0,1,0.5,0,0.3333333333333333,0,7212,93 7212
D:/Data/ePillID_data/ePillID_data\classification_data\fcn_mix_weight/dr_224/00093-7212-01_PART_1_OF_1_CHAL10_SB_C92FE4DF.jpg,reference,93-7212,93;7212,False,qwen,1212,0,0,0.0,0,0.5,0,1212,93 7212
D:/Data/ePillID_data/ePillID_data\classification_data\fcn_mix_weight/dr_224/00093-7212-01_PART_1_OF_1_CHAL10_SF_9F23CF8E.jpg,reference,93-7212,93;7212,True,qwen,9 3,0,0,0.0,0,0.6666666666666666,0,9 3,93 7212
D:/Data/ePillID_data/ePillID_data\classification_data\fcn_mix_weight/dr_224/00093-7212-01_PART_1_OF_1_CHAL10_SF_C92FE4DF.jpg,reference,93-7212,93;7212,True,qwen,935,0,0,0.0,0,0.6666666666666666,0,935,93 7212
D:/Data/ePillID_data/ePillID_data\classification_data\fcn_mix_weight/dr_224/00093-7220-06_PART_1_OF_1_CHAL10_SB_692934D9.jpg,reference,93-7220,93;7220,False,qwen,7220,0,1,0.5,0,0.3333333333333333,0,7220,93 7220
D:/Data/ePillID_data/ePillID_data\classification_data\fcn_mix_weight/dr_224/00093-7220-06_PART_1_OF_1_CHAL10_SF_692934D9.jpg,reference,93-7220,93;7220,True,qwen,93,0,1,0.5,0,0.6666666666666666,0,93,93 7220
D:/Data/ePillID_data/ePillID_data\classification_data\fcn_mix_weight/dr_224/00093-7234-01_PART_1_OF_1_CHAL10_SB_B13058E2.jpg,reference,93-7234,93;7234,False,qwen,7234,0,1,0.5,0,0.3333333333333333,0,7234,93 7234
D:/Data/ePillID_data/ePillID_data\classification_data\fcn_mix_weight/dr_224/00093-7234-01_PART_1_OF_1_CHAL10_SF_B13058E2.jpg,reference,93-7234,93;7234,True,qwen,93,0,1,0.5,0,0.6666666666666666,0,93,93 7234
D:/Data/ePillID_data/ePillID_data\classification_data\fcn_mix_weight/dr_224/00093-7242-06_PART_1_OF_1_CHAL10_SB_76293B69.jpg,reference,93-7242,93;7242,False,qwen,7242,0,1,0.5,0,0.3333333333333333,0,7242,93 7242
D:/Data/ePillID_data/ePillID_data\classification_data\fcn_mix_weight/dr_224/00093-7242-06_PART_1_OF_1_CHAL10_SF_76293B69.jpg,reference,93-7242,93;7242,True,qwen,93,0,1,0.5,0,0.6666666666666666,0,93,93 7242
D:/Data/ePillID_data/ePillID_data\classification_data\fcn_mix_weight/dr_224/00093-7247-06_PART_1_OF_1_CHAL10_SB_7329B9CD.jpg,reference,93-7247,9;3;7247,False,qwen,7247,0,1,0.3333333333333333,0,0.3333333333333333,0,7247,9 3 7247
D:/Data/ePillID_data/ePillID_data\classification_data\fcn_mix_weight/dr_224/00093-7247-06_PART_1_OF_1_CHAL10_SF_7329B9CD.jpg,reference,93-7247,9;3;7247,True,qwen,9 3,0,0,0.6666666666666666,0,0.6666666666666666,0,9 3,9 3 7247
D:/Data/ePillID_data/ePillID_data\classification_data\fcn_mix_weight/dr_224/00093-7256-01_PART_1_OF_1_CHAL10_SB_6C2F3619.jpg,reference,93-7256,9;3;72;56,False,qwen,72 56,0,0,0.5,0,0.3333333333333333,0,72 56,9 3 72 56
D:/Data/ePillID_data/ePillID_data\classification_data\fcn_mix_weight/dr_224/00093-7256-01_PART_1_OF_1_CHAL10_SB_EA267553.jpg,reference,93-7256,9;3;72;56,False,qwen,72 56,0,0,0.5,0,0.3333333333333333,0,72 56,9 3 72 56
D:/Data/ePillID_data/ePillID_data\classification_data\fcn_mix_weight/dr_224/00093-7256-01_PART_1_OF_1_CHAL10_SF_6C2F3619.jpg,reference,93-7256,9;3;72;56,True,qwen,9 3,0,0,0.5,0,0.6666666666666666,0,9 3,9 3 72 56
D:/Data/ePillID_data/ePillID_data\classification_data\fcn_mix_weight/dr_224/00093-7256-01_PART_1_OF_1_CHAL10_SF_EA267553.jpg,reference,93-7256,9;3;72;56,True,qwen,9 3,0,0,0.5,0,0.6666666666666666,0,9 3,9 3 72 56
D:/Data/ePillID_data/ePillID_data\classification_data\fcn_mix_weight/dr_224/00093-7304-65_PART_1_OF_1_CHAL10_SB_712F3889.jpg,reference,93-7304,93;7304,False,qwen,7304,0,1,0.5,0,0.3333333333333333,0,7304,93 7304
D:/Data/ePillID_data/ePillID_data\classification_data\fcn_mix_weight/dr_224/00093-7304-65_PART_1_OF_1_CHAL10_SF_712F3889.jpg,reference,93-7304,93;7304,True,qwen,93,0,1,0.5,0,0.6666666666666666,0,93,93 7304
D:/Data/ePillID_data/ePillID_data\classification_data\fcn_mix_weight/dr_224/00093-7305-65_PART_1_OF_1_CHAL10_SB_7C2F3E59.jpg,reference,93-7305,93;7305,False,qwen,7305,0,1,0.5,0,0.3333333333333333,0,7305,93 7305
D:/Data/ePillID_data/ePillID_data\classification_data\fcn_mix_weight/dr_224/00093-7305-65_PART_1_OF_1_CHAL10_SF_7C2F3E59.jpg,reference,93-7305,93;7305,True,qwen,93,0,1,0.5,0,0.6666666666666666,0,93,93 7305
D:/Data/ePillID_data/ePillID_data\classification_data\fcn_mix_weight/dr_224/00093-7334-01_PART_1_OF_1_CHAL10_SB_A929548A.jpg,reference,93-7334,TEVA;7334,False,qwen,N,0,0,0.0,0,1.0,0,N,TEVA 7334
D:/Data/ePillID_data/ePillID_data\classification_data\fcn_mix_weight/dr_224/00093-7334-01_PART_1_OF_1_CHAL10_SF_A929548A.jpg,reference,93-7334,TEVA;7334,True,qwen,TEVA 7334,1,1,1.0,1,0.0,1,TEVA 7334,TEVA 7334
D:/Data/ePillID_data/ePillID_data\classification_data\fcn_mix_weight/dr_224/00093-7336-06_PART_1_OF_1_CHAL10_SB_FA26FD17.jpg,reference,93-7336,TEVA;7336,False,qwen,G342,0,0,0.0,0,0.875,0,G342,TEVA 7336
D:/Data/ePillID_data/ePillID_data\classification_data\fcn_mix_weight/dr_224/00093-7336-06_PART_1_OF_1_CHAL10_SF_FA26FD17.jpg,reference,93-7336,TEVA;7336,True,qwen,TEVA 7336,1,1,1.0,1,0.0,1,TEVA 7336,TEVA 7336
D:/Data/ePillID_data/ePillID_data\classification_data\fcn_mix_weight/dr_224/00093-7338-01_PART_1_OF_1_CHAL10_SB_642D3229.jpg,reference,93-7338,93;7338;93;7338,False,qwen,N,0,0,0.0,0,1.0,0,N,93 7338 93 7338
D:/Data/ePillID_data/ePillID_data\classification_data\fcn_mix_weight/dr_224/00093-7338-01_PART_1_OF_1_CHAL10_SF_642D3229.jpg,reference,93-7338,93;7338;93;7338,True,qwen,93 7338 93 7338,1,1,1.0,1,0.0,1,93 7338 93 7338,93 7338 93 7338
D:/Data/ePillID_data/ePillID_data\classification_data\fcn_mix_weight/dr_224/00093-7365-56_PART_1_OF_1_CHAL10_SB_AA305552.jpg,reference,93-7365,9;3;7365,False,qwen,7365,0,1,0.3333333333333333,0,0.3333333333333333,0,7365,9 3 7365
D:/Data/ePillID_data/ePillID_data\classification_data\fcn_mix_weight/dr_224/00093-7365-56_PART_1_OF_1_CHAL10_SF_AA305552.jpg,reference,93-7365,9;3;7365,True,qwen,9 3,0,0,0.6666666666666666,0,0.6666666666666666,0,9 3,9 3 7365
D:/Data/ePillID_data/ePillID_data\classification_data\fcn_mix_weight/dr_224/00093-7370-01_PART_1_OF_1_CHAL10_SB_C419623B.jpg,reference,93-7370,TEVA;7370,False,qwen,G342,0,0,0.0,0,0.875,0,G342,TEVA 7370
D:/Data/ePillID_data/ePillID_data\classification_data\fcn_mix_weight/dr_224/00093-7370-01_PART_1_OF_1_CHAL10_SB_F026F807.jpg,reference,93-7370,TEVA;7370,False,qwen,N,0,0,0.0,0,1.0,0,N,TEVA 7370
D:/Data/ePillID_data/ePillID_data\classification_data\fcn_mix_weight/dr_224/00093-7370-01_PART_1_OF_1_CHAL10_SF_C419623B.jpg,reference,93-7370,TEVA;7370,True,qwen,93 7370 93 7370,0,0,0.5,0,1.0,0,93 7370 93 7370,TEVA 7370
D:/Data/ePillID_data/ePillID_data\classification_data\fcn_mix_weight/dr_224/00093-7370-01_PART_1_OF_1_CHAL10_SF_F026F807.jpg,reference,93-7370,TEVA;7370,True,qwen,TEVA 7370,1,1,1.0,1,0.0,1,TEVA 7370,TEVA 7370
D:/Data/ePillID_data/ePillID_data\classification_data\fcn_mix_weight/dr_224/00093-7380-01_PART_1_OF_1_CHAL10_SB_A0265062.jpg,reference,93-7380,9;3;7380,False,qwen,7380,0,1,0.3333333333333333,0,0.3333333333333333,0,7380,9 3 7380
D:/Data/ePillID_data/ePillID_data\classification_data\fcn_mix_weight/dr_224/00093-7380-01_PART_1_OF_1_CHAL10_SB_B12958DA.jpg,reference,93-7380,9;3;7380,False,qwen,7380,0,1,0.3333333333333333,0,0.3333333333333333,0,7380,9 3 7380
D:/Data/ePillID_data/ePillID_data\classification_data\fcn_mix_weight/dr_224/00093-7380-01_PART_1_OF_1_CHAL10_SF_A0265062.jpg,reference,93-7380,9;3;7380,True,qwen,9 3,0,0,0.6666666666666666,0,0.6666666666666666,0,9 3,9 3 7380
D:/Data/ePillID_data/ePillID_data\classification_data\fcn_mix_weight/dr_224/00093-7380-01_PART_1_OF_1_CHAL10_SF_B12958DA.jpg,reference,93-7380,9;3;7380,True,qwen,9 3,0,0,0.6666666666666666,0,0.6666666666666666,0,9 3,9 3 7380
D:/Data/ePillID_data/ePillID_data\classification_data\fcn_mix_weight/dr_224/00093-7385-56_PART_1_OF_1_CHAL10_SB_002F802C.jpg,reference,93-7385,93;7385;93;7385,False,qwen,G342,0,0,0.0,0,0.9166666666666666,0,G342,93 7385 93 7385
D:/Data/ePillID_data/ePillID_data\classification_data\fcn_mix_weight/dr_224/00093-7385-56_PART_1_OF_1_CHAL10_SF_002F802C.jpg,reference,93-7385,93;7385;93;7385,True,qwen,93 7385 93 7385,1,1,1.0,1,0.0,1,93 7385 93 7385,93 7385 93 7385
D:/Data/ePillID_data/ePillID_data\classification_data\fcn_mix_weight/dr_224/00093-7426-56_PART_1_OF_1_CHAL10_SB_DC27EE6F.jpg,reference,93-7426,TV;7426,False,qwen,7426,0,1,0.5,0,0.3333333333333333,0,7426,TV 7426
D:/Data/ePillID_data/ePillID_data\classification_data\fcn_mix_weight/dr_224/00093-7426-56_PART_1_OF_1_CHAL10_SF_DC27EE6F.jpg,reference,93-7426,TV;7426,True,qwen,TV,0,1,0.5,0,0.6666666666666666,0,TV,TV 7426
D:/Data/ePillID_data/ePillID_data\classification_data\fcn_mix_weight/dr_224/00093-7436-01_PART_1_OF_1_CHAL10_SB_8D3046B2.jpg,reference,93-7436,93;7436;93;7436,False,qwen,N,0,0,0.0,0,1.0,0,N,93 7436 93 7436
D:/Data/ePillID_data/ePillID_data\classification_data\fcn_mix_weight/dr_224/00093-7436-01_PART_1_OF_1_CHAL10_SF_8D3046B2.jpg,reference,93-7436,93;7436;93;7436,True,qwen,93 7436 93 7436,1,1,1.0,1,0.0,1,93 7436 93 7436,93 7436 93 7436
D:/Data/ePillID_data/ePillID_data\classification_data\fcn_mix_weight/dr_224/00093-7438-01_PART_1_OF_1_CHAL10_SB_84304232.jpg,reference,93-7438,93;7438;93;7438,False,qwen,G342,0,0,0.0,0,0.8333333333333334,0,G342,93 7438 93 7438
D:/Data/ePillID_data/ePillID_data\classification_data\fcn_mix_weight/dr_224/00093-7438-01_PART_1_OF_1_CHAL10_SF_84304232.jpg,reference,93-7438,93;7438;93;7438,True,qwen,93 7438 93 7438,1,1,1.0,1,0.0,1,93 7438 93 7438,93 7438 93 7438
D:/Data/ePillID_data/ePillID_data\classification_data\fcn_mix_weight/dr_224/00093-7443-56_PART_1_OF_1_CHAL10_SB_052702B8.jpg,reference,93-7443,TEVA;7443,False,qwen,B 100,0,0,0.0,0,1.0,0,B 100,TEVA 7443
D:/Data/ePillID_data/ePillID_data\classification_data\fcn_mix_weight/dr_224/00093-7443-56_PART_1_OF_1_CHAL10_SF_052702B8.jpg,reference,93-7443,TEVA;7443,True,qwen,TEVA 7443,1,1,1.0,1,0.0,1,TEVA 7443,TEVA 7443
D:/Data/ePillID_data/ePillID_data\classification_data\fcn_mix_weight/dr_224/00093-7465-98_PART_1_OF_1_CHAL10_SB_761DBB6D.jpg,reference,93-7465,TEVA;7465,False,qwen,7465,0,1,0.5,0,0.5,0,7465,TEVA 7465
D:/Data/ePillID_data/ePillID_data\classification_data\fcn_mix_weight/dr_224/00093-7465-98_PART_1_OF_1_CHAL10_SF_761DBB6D.jpg,reference,93-7465,TEVA;7465,True,qwen,TEVA,0,1,0.5,0,0.5,0,TEVA,TEVA 7465
D:/Data/ePillID_data/ePillID_data\classification_data\fcn_mix_weight/dr_224/00093-8035-01_PART_1_OF_1_CHAL10_SB_DC266E63.jpg,reference,93-8035,3;035;N,False,qwen,3035,0,0,0.0,0,0.2,0,3035,3 035 N
D:/Data/ePillID_data/ePillID_data\classification_data\fcn_mix_weight/dr_224/00093-8035-01_PART_1_OF_1_CHAL10_SF_DC266E63.jpg,reference,93-8035,3;035;N,True,qwen,N,0,1,0.3333333333333333,0,0.8,0,N,3 035 N
D:/Data/ePillID_data/ePillID_data\classification_data\fcn_mix_weight/dr_224/00093-8036-01_PART_1_OF_1_CHAL10_SB_C2266173.jpg,reference,93-8036,6;036;N,False,qwen,G 036,0,0,0.3333333333333333,0,0.4,0,G 036,6 036 N
D:/Data/ePillID_data/ePillID_data\classification_data\fcn_mix_weight/dr_224/00093-8036-01_PART_1_OF_1_CHAL10_SF_C2266173.jpg,reference,93-8036,6;036;N,True,qwen,N,0,1,0.3333333333333333,0,0.8,0,N,6 036 N
D:/Data/ePillID_data/ePillID_data\classification_data\fcn_mix_weight/dr_224/00143-9920-01_PART_1_OF_1_CHAL10_SB_A4265272.jpg,reference,143-9920,H5,False,qwen,B 1,0,0,0.0,0,1.0,0,B 1,H5
D:/Data/ePillID_data/ePillID_data\classification_data\fcn_mix_weight/dr_224/00143-9920-01_PART_1_OF_1_CHAL10_SF_A4265272.jpg,reference,143-9920,H5,True,qwen,H 5,0,0,0.0,0,0.0,1,H 5,H5
D:/Data/ePillID_data/ePillID_data\classification_data\fcn_mix_weight/dr_224/00149-0007-05_PART_1_OF_1_CHAL10_SB_AB1FD58E.jpg,reference,149-7,Macrodantin;25;mg;0149-0007,False,qwen,WATIN,0,0,0.0,0,0.8260869565217391,0,WATIN,MACRODANTIN 25 MG 0149 0007
D:/Data/ePillID_data/ePillID_data\classification_data\fcn_mix_weight/dr_224/00149-0007-05_PART_1_OF_1_CHAL10_SF_AB1FD58E.jpg,reference,149-7,Macrodantin;25;mg;0149-0007,True,qwen,MACRO 25 MG 0149 0007,0,0,0.8,0,0.2608695652173913,0,MACRO 25 MG 0149 0007,MACRODANTIN 25 MG 0149 0007
D:/Data/ePillID_data/ePillID_data\classification_data\fcn_mix_weight/dr_224/00172-3650-70_PART_1_OF_1_CHAL10_SB_7626BB45.jpg,reference,172-3650,9200;TEVA,False,qwen,9200,0,1,0.5,0,0.5,0,9200,9200 TEVA
D:/Data/ePillID_data/ePillID_data\classification_data\fcn_mix_weight/dr_224/00172-3650-70_PART_1_OF_1_CHAL10_SF_7626BB45.jpg,reference,172-3650,9200;TEVA,True,qwen,TEVA,0,1,0.5,0,0.5,0,TEVA,9200 TEVA
D:/Data/ePillID_data/ePillID_data\classification_data\fcn_mix_weight/dr_224/00172-3761-60_PART_1_OF_1_CHAL10_SB_0E2D0708.jpg,reference,172-3761,3761,False,qwen,3761,1,1,1.0,1,0.0,1,3761,3761
D:/Data/ePillID_data/ePillID_data\classification_data\fcn_mix_weight/dr_224/00172-3761-60_PART_1_OF_1_CHAL10_SB_5226A915.jpg,reference,172-3761,3761,False,qwen,3761,1,1,1.0,1,0.0,1,3761,3761
D:/Data/ePillID_data/ePillID_data\classification_data\fcn_mix_weight/dr_224/00172-3761-60_PART_1_OF_1_CHAL10_SF_0E2D0708.jpg,reference,172-3761,3761,True,qwen,3750,0,0,0.0,0,0.5,0,3750,3761
D:/Data/ePillID_data/ePillID_data\classification_data\fcn_mix_weight/dr_224/00172-3761-60_PART_1_OF_1_CHAL10_SF_5226A915.jpg,reference,172-3761,3761,True,qwen,X,0,0,0.0,0,1.0,0,X,3761
D:/Data/ePillID_data/ePillID_data\classification_data\fcn_mix_weight/dr_224/00172-4280-60_PART_1_OF_1_CHAL10_SB_1D2D8EFC.jpg,reference,172-4280,7300,False,qwen,7300,1,1,1.0,1,0.0,1,7300,7300
D:/Data/ePillID_data/ePillID_data\classification_data\fcn_mix_weight/dr_224/00172-4280-60_PART_1_OF_1_CHAL10_SB_8F21C7EE.jpg,reference,172-4280,7300,False,qwen,7300,1,1,1.0,1,0.0,1,7300,7300
D:/Data/ePillID_data/ePillID_data\classification_data\fcn_mix_weight/dr_224/00172-4280-60_PART_1_OF_1_CHAL10_SF_1D2D8EFC.jpg,reference,172-4280,7300,True,qwen,3750,0,0,0.0,0,0.75,0,3750,7300
D:/Data/ePillID_data/ePillID_data\classification_data\fcn_mix_weight/dr_224/00172-4280-60_PART_1_OF_1_CHAL10_SF_8F21C7EE.jpg,reference,172-4280,7300,True,qwen,B 1,0,0,0.0,0,1.0,0,B 1,7300
D:/Data/ePillID_data/ePillID_data\classification_data\fcn_mix_weight/dr_224/00172-4626-60_PART_1_OF_1_CHAL10_SB_6B2DB59D.jpg,reference,172-4626,20;4626,False,qwen,4628,0,0,0.0,0,0.5,0,4628,20 4626
D:/Data/ePillID_data/ePillID_data\classification_data\fcn_mix_weight/dr_224/00172-4626-60_PART_1_OF_1_CHAL10_SF_6B2DB59D.jpg,reference,172-4626,20;4626,True,qwen,20,0,1,0.5,0,0.6666666666666666,0,20,20 4626
D:/Data/ePillID_data/ePillID_data\classification_data\fcn_mix_weight/dr_224/00172-5032-60_PART_1_OF_1_CHAL10_SB_002D0078.jpg,reference,172-5032,5032;20;25,False,qwen,20 25,0,0,0.6666666666666666,0,0.5,0,20 25,5032 20 25
D:/Data/ePillID_data/ePillID_data\classification_data\fcn_mix_weight/dr_224/00172-5032-60_PART_1_OF_1_CHAL10_SF_002D0078.jpg,reference,172-5032,5032;20;25,True,qwen,5032,0,1,0.3333333333333333,0,0.5,0,5032,5032 20 25
D:/Data/ePillID_data/ePillID_data\classification_data\fcn_mix_weight/dr_224/00172-5033-60_PART_1_OF_1_CHAL10_SB_BD2D5E9A.jpg,reference,172-5033,5033;10;12;5,False,qwen,10 12 5,0,0,0.75,0,0.4444444444444444,0,10 12 5,5033 10 12 5
D:/Data/ePillID_data/ePillID_data\classification_data\fcn_mix_weight/dr_224/00172-5033-60_PART_1_OF_1_CHAL10_SF_BD2D5E9A.jpg,reference,172-5033,5033;10;12;5,True,qwen,5033,0,1,0.25,0,0.5555555555555556,0,5033,5033 10 12 5
D:/Data/ePillID_data/ePillID_data\classification_data\fcn_mix_weight/dr_224/00172-5034-60_PART_1_OF_1_CHAL10_SB_052D0288.jpg,reference,172-5034,5034;20;12;5,False,qwen,20 12 5,0,0,0.75,0,0.4444444444444444,0,20 12 5,5034 20 12 5
D:/Data/ePillID_data/ePillID_data\classification_data\fcn_mix_weight/dr_224/00172-5034-60_PART_1_OF_1_CHAL10_SF_052D0288.jpg,reference,172-5034,5034;20;12;5,True,qwen,5034,0,1,0.25,0,0.5555555555555556,0,5034,5034 20 12 5
D:/Data/ePillID_data/ePillID_data\classification_data\fcn_mix_weight/dr_224/00172-5410-46_PART_1_OF_1_CHAL10_SB_502DA81D.jpg,reference,172-5410,5410;50,False,qwen,5410,0,1,0.5,0,0.3333333333333333,0,5410,5410 50
D:/Data/ePillID_data/ePillID_data\classification_data\fcn_mix_weight/dr_224/00172-5410-46_PART_1_OF_1_CHAL10_SF_502DA81D.jpg,reference,172-5410,5410;50,True,qwen,50,0,1,0.5,0,0.6666666666666666,0,50,5410 50
D:/Data/ePillID_data/ePillID_data\classification_data\fcn_mix_weight/dr_224/00172-5411-46_PART_1_OF_1_CHAL10_SB_552DAA8D.jpg,reference,172-5411,5411;100,False,qwen,5411,0,1,0.5,0,0.42857142857142855,0,5411,5411 100
D:/Data/ePillID_data/ePillID_data\classification_data\fcn_mix_weight/dr_224/00172-5411-46_PART_1_OF_1_CHAL10_SF_552DAA8D.jpg,reference,172-5411,5411;100,True,qwen,100,0,1,0.5,0,0.5714285714285714,0,100,5411 100
D:/Data/ePillID_data/ePillID_data\classification_data\fcn_mix_weight/dr_224/00172-5412-79_PART_1_OF_1_CHAL10_SB_862DC31E.jpg,reference,172-5412,5412;150,False,qwen,5412,0,1,0.5,0,0.42857142857142855,0,5412,5412 150
D:/Data/ePillID_data/ePillID_data\classification_data\fcn_mix_weight/dr_224/00172-5412-79_PART_1_OF_1_CHAL10_SF_862DC31E.jpg,reference,172-5412,5412;150,True,qwen,150,0,1,0.5,0,0.5714285714285714,0,150,5412 150
D:/Data/ePillID_data/ePillID_data\classification_data\fcn_mix_weight/dr_224/00172-7312-46_PART_1_OF_1_CHAL10_SB_972BCBDE.jpg,reference,172-7312,100;mg,False,qwen,N,0,0,0.0,0,1.0,0,N,100 MG
D:/Data/ePillID_data/ePillID_data\classification_data\fcn_mix_weight/dr_224/00172-7312-46_PART_1_OF_1_CHAL10_SF_972BCBDE.jpg,reference,172-7312,100;mg,True,qwen,100 MG,1,1,1.0,1,0.0,1,100 MG,100 MG
D:/Data/ePillID_data/ePillID_data\classification_data\fcn_mix_weight/dr_224/00173-0562-00_PART_1_OF_1_CHAL10_SB_A01C5002.jpg,reference,173-562,GX;CE5,False,qwen,T,0,0,0.0,0,1.0,0,T,GX CE5
D:/Data/ePillID_data/ePillID_data\classification_data\fcn_mix_weight/dr_224/00173-0562-00_PART_1_OF_1_CHAL10_SF_A01C5002.jpg,reference,173-562,GX;CE5,True,qwen,GX CE5,1,1,1.0,1,0.0,1,GX CE5,GX CE5
D:/Data/ePillID_data/ePillID_data\classification_data\fcn_mix_weight/dr_224/00173-0565-04_PART_1_OF_1_CHAL10_SB_461DA30D.jpg,reference,173-565,VALTREX;1;gram,False,qwen,N,0,0,0.0,0,1.0,0,N,VALTREX 1 GRAM
D:/Data/ePillID_data/ePillID_data\classification_data\fcn_mix_weight/dr_224/00173-0565-04_PART_1_OF_1_CHAL10_SF_461DA30D.jpg,reference,173-565,VALTREX;1;gram,True,qwen,VALTREX 1 GRAM,1,1,1.0,1,0.0,1,VALTREX 1 GRAM,VALTREX 1 GRAM
D:/Data/ePillID_data/ePillID_data\classification_data\fcn_mix_weight/dr_224/00185-0124-01_PART_1_OF_1_CHAL10_SB_AA23551A.jpg,reference,185-124,E124,False,qwen,B 1,0,0,0.0,0,0.75,0,B 1,E124
D:/Data/ePillID_data/ePillID_data\classification_data\fcn_mix_weight/dr_224/00185-0124-01_PART_1_OF_1_CHAL10_SF_AA23551A.jpg,reference,185-124,E124,True,qwen,E124,1,1,1.0,1,0.0,1,E124,E124
D:/Data/ePillID_data/ePillID_data\classification_data\fcn_mix_weight/dr_224/00186-0520-60_PART_1_OF_1_CHAL10_SB_C41DE20F.jpg,reference,186-520,500;20,False,qwen,N,0,0,0.0,0,1.0,0,N,500 20
D:/Data/ePillID_data/ePillID_data\classification_data\fcn_mix_weight/dr_224/00186-0520-60_PART_1_OF_1_CHAL10_SF_C41DE20F.jpg,reference,186-520,500;20,True,qwen,500 20,1,1,1.0,1,0.0,1,500 20,500 20
D:/Data/ePillID_data/ePillID_data\classification_data\fcn_mix_weight/dr_224/00228-2127-10_PART_1_OF_1_CHAL10_SB_5321A9ED.jpg,reference,228-2127,R127,False,qwen,G342,0,0,0.0,0,1.0,0,G342,R127
D:/Data/ePillID_data/ePillID_data\classification_data\fcn_mix_weight/dr_224/00228-2127-10_PART_1_OF_1_CHAL10_SF_5321A9ED.jpg,reference,228-2127,R127,True,qwen,R 127,0,0,0.0,0,0.0,1,R 127,R127
D:/Data/ePillID_data/ePillID_data\classification_data\fcn_mix_weight/dr_224/00228-2550-06_PART_1_OF_1_CHAL10_SB_412320F9.jpg,reference,228-2550,R;550,False,qwen,550,0,1,0.5,0,0.25,0,550,R 550
D:/Data/ePillID_data/ePillID_data\classification_data\fcn_mix_weight/dr_224/00228-2550-06_PART_1_OF_1_CHAL10_SF_412320F9.jpg,reference,228-2550,R;550,True,qwen,R,0,1,0.5,0,0.75,0,R,R 550
D:/Data/ePillID_data/ePillID_data\classification_data\fcn_mix_weight/dr_224/00245-0041-11_PART_1_OF_1_CHAL10_SB_9623CB0E.jpg,reference,245-41,KC;10,False,qwen,GOLDEN,0,0,0.0,0,1.5,0,GOLDEN,KC 10
D:/Data/ePillID_data/ePillID_data\classification_data\fcn_mix_weight/dr_224/00245-0041-11_PART_1_OF_1_CHAL10_SF_9623CB0E.jpg,reference,245-41,KC;10,True,qwen,KC 10,1,1,1.0,1,0.0,1,KC 10,KC 10
D:/Data/ePillID_data/ePillID_data\classification_data\fcn_mix_weight/dr_224/00310-0282-60_PART_1_OF_1_CHAL10_SB_0F1C87E4.jpg,reference,310-282,XR;200,False,qwen,N,0,0,0.0,0,1.0,0,N,XR 200
D:/Data/ePillID_data/ePillID_data\classification_data\fcn_mix_weight/dr_224/00310-0282-60_PART_1_OF_1_CHAL10_SF_0F1C87E4.jpg,reference,310-282,XR;200,True,qwen,XR 200,1,1,1.0,1,0.0,1,XR 200,XR 200
D:/Data/ePillID_data/ePillID_data\classification_data\fcn_mix_weight/dr_224/00378-0186-01_PART_1_OF_1_CHAL10_SB_5626AB25.jpg,reference,378-186,MYLAN;186,False,qwen,B 1,0,0,0.0,0,0.875,0,B 1,MYLAN 186
D:/Data/ePillID_data/ePillID_data\classification_data\fcn_mix_weight/dr_224/00378-0186-01_PART_1_OF_1_CHAL10_SF_5626AB25.jpg,reference,378-186,MYLAN;186,True,qwen,MYLAN 186,1,1,1.0,1,0.0,1,MYLAN 186,MYLAN 186
D:/Data/ePillID_data/ePillID_data\classification_data\fcn_mix_weight/dr_224/00378-0216-01_PART_1_OF_1_CHAL10_SB_74203A31.jpg,reference,378-216,MYLAN;216;40,False,qwen,40,0,1,0.3333333333333333,0,0.8,0,40,MYLAN 216 40
D:/Data/ePillID_data/ePillID_data\classification_data\fcn_mix_weight/dr_224/00378-0216-01_PART_1_OF_1_CHAL10_SF_74203A31.jpg,reference,378-216,MYLAN;216;40,True,qwen,MYLAN 216,0,0,0.6666666666666666,0,0.2,0,MYLAN 216,MYLAN 216 40
D:/Data/ePillID_data/ePillID_data\classification_data\fcn_mix_weight/dr_224/00378-0232-01_PART_1_OF_1_CHAL10_SB_86204302.jpg,reference,378-232,MYLAN;232;80,False,qwen,80,0,1,0.3333333333333333,0,0.8,0,80,MYLAN 232 80
D:/Data/ePillID_data/ePillID_data\classification_data\fcn_mix_weight/dr_224/00378-0232-01_PART_1_OF_1_CHAL10_SF_86204302.jpg,reference,378-232,MYLAN;232;80,True,qwen,NYLON 232,0,0,0.3333333333333333,0,0.4,0,NYLON 232,MYLAN 232 80
D:/Data/ePillID_data/ePillID_data\classification_data\fcn_mix_weight/dr_224/00378-1105-01_PART_1_OF_1_CHAL10_SB_D822EC47.jpg,reference,378-1105,MYLAN;G1,False,qwen,B 1,0,0,0.0,0,0.8571428571428571,0,B 1,MYLAN G1
D:/Data/ePillID_data/ePillID_data\classification_data\fcn_mix_weight/dr_224/00378-1105-01_PART_1_OF_1_CHAL10_SF_D822EC47.jpg,reference,378-1105,MYLAN;G1,True,qwen,MYLAN G1,1,1,1.0,1,0.0,1,MYLAN G1,MYLAN G1
D:/Data/ePillID_data/ePillID_data\classification_data\fcn_mix_weight/dr_224/00378-1150-01_PART_1_OF_1_CHAL10_SB_8B23458A.jpg,reference,378-1150,M;B2,False,qwen,E 100,0,0,0.0,0,1.3333333333333333,0,E 100,M B2
D:/Data/ePillID_data/ePillID_data\classification_data\fcn_mix_weight/dr_224/00378-1150-01_PART_1_OF_1_CHAL10_SF_8B23458A.jpg,reference,378-1150,M;B2,True,qwen,M B2,1,1,1.0,1,0.0,1,M B2,M B2
D:/Data/ePillID_data/ePillID_data\classification_data\fcn_mix_weight/dr_224/00378-1165-91_PART_1_OF_1_CHAL10_SB_3E201F00.jpg,reference,378-1165,M;B3;5;5;5,False,qwen,5 5 5,0,0,0.6,0,0.5,0,5 5 5,M B3 5 5 5
D:/Data/ePillID_data/ePillID_data\classification_data\fcn_mix_weight/dr_224/00378-1165-91_PART_1_OF_1_CHAL10_SF_3E201F00.jpg,reference,378-1165,M;B3;5;5;5,True,qwen,M B3,0,0,0.4,0,0.5,0,M B3,M B3 5 5 5
D:/Data/ePillID_data/ePillID_data\classification_data\fcn_mix_weight/dr_224/00378-1813-01_PART_1_OF_1_CHAL10_SB_4823A43D.jpg,reference,378-1813,M;L;10,False,qwen,L 10,0,0,0.6666666666666666,0,0.25,0,L 10,M L 10
D:/Data/ePillID_data/ePillID_data\classification_data\fcn_mix_weight/dr_224/00378-1813-01_PART_1_OF_1_CHAL10_SF_4823A43D.jpg,reference,378-1813,M;L;10,True,qwen,M,0,1,0.3333333333333333,0,0.75,0,M,M L 10
D:/Data/ePillID_data/ePillID_data\classification_data\fcn_mix_weight/dr_224/00378-1819-01_PART_1_OF_1_CHAL10_SB_3F239FBC.jpg,reference,378-1819,M;L;13,False,qwen,L 13,0,0,0.6666666666666666,0,0.25,0,L 13,M L 13
D:/Data/ePillID_data/ePillID_data\classification_data\fcn_mix_weight/dr_224/00378-1819-01_PART_1_OF_1_CHAL10_SF_3F239FBC.jpg,reference,378-1819,M;L;13,True,qwen,M,0,1,0.3333333333333333,0,0.75,0,M,M L 13
D:/Data/ePillID_data/ePillID_data\classification_data\fcn_mix_weight/dr_224/00378-1821-01_PART_1_OF_1_CHAL10_SB_4D23A6AD.jpg,reference,378-1821,M;L;14,False,qwen,L 14,0,0,0.6666666666666666,0,0.25,0,L 14,M L 14
D:/Data/ePillID_data/ePillID_data\classification_data\fcn_mix_weight/dr_224/00378-1821-01_PART_1_OF_1_CHAL10_SF_4D23A6AD.jpg,reference,378-1821,M;L;14,True,qwen,M,0,1,0.3333333333333333,0,0.75,0,M,M L 14
D:/Data/ePillID_data/ePillID_data\classification_data\fcn_mix_weight/dr_224/00378-2072-01_PART_1_OF_1_CHAL10_SB_8621435A.jpg,reference,378-2072,L;22;M,False,qwen,L 22,0,0,0.6666666666666666,0,0.25,0,L 22,L 22 M
D:/Data/ePillID_data/ePillID_data\classification_data\fcn_mix_weight/dr_224/00378-2072-01_PART_1_OF_1_CHAL10_SF_8621435A.jpg,reference,378-2072,L;22;M,True,qwen,M V,0,0,0.3333333333333333,0,1.0,0,M V,L 22 M
D:/Data/ePillID_data/ePillID_data\classification_data\fcn_mix_weight/dr_224/00378-2074-01_PART_1_OF_1_CHAL10_SB_8B2145CA.jpg,reference,378-2074,L;24;M,False,qwen,L 24,0,0,0.6666666666666666,0,0.25,0,L 24,L 24 M
D:/Data/ePillID_data/ePillID_data\classification_data\fcn_mix_weight/dr_224/00378-2074-01_PART_1_OF_1_CHAL10_SF_8B2145CA.jpg,reference,378-2074,L;24;M,True,qwen,M,0,1,0.3333333333333333,0,0.75,0,M,L 24 M
D:/Data/ePillID_data/ePillID_data\classification_data\fcn_mix_weight/dr_224/00378-2076-01_PART_1_OF_1_CHAL10_SB_5A23AD6D.jpg,reference,378-2076,L;26;M,False,qwen,L 26,0,0,0.6666666666666666,0,0.25,0,L 26,L 26 M
D:/Data/ePillID_data/ePillID_data\classification_data\fcn_mix_weight/dr_224/00378-2076-01_PART_1_OF_1_CHAL10_SF_5A23AD6D.jpg,reference,378-2076,L;26;M,True,qwen,M,0,1,0.3333333333333333,0,0.75,0,M,L 26 M
D:/Data/ePillID_data/ePillID_data\classification_data\fcn_mix_weight/dr_224/00378-2077-01_PART_1_OF_1_CHAL10_SB_4426A255.jpg,reference,378-2077,L;27;M,False,qwen,L 27,0,0,0.6666666666666666,0,0.25,0,L 27,L 27 M
D:/Data/ePillID_data/ePillID_data\classification_data\fcn_mix_weight/dr_224/00378-2077-01_PART_1_OF_1_CHAL10_SF_4426A255.jpg,reference,378-2077,L;27;M,True,qwen,M,0,1,0.3333333333333333,0,0.75,0,M,L 27 M
D:/Data/ePillID_data/ePillID_data\classification_data\fcn_mix_weight/dr_224/00378-3482-01_PART_1_OF_1_CHAL10_SB_3023980C.jpg,reference,378-3482,M;482,False,qwen,MACARON,0,0,0.0,0,1.5,0,MACARON,M 482
D:/Data/ePillID_data/ePillID_data\classification_data\fcn_mix_weight/dr_224/00378-3482-01_PART_1_OF_1_CHAL10_SF_3023980C.jpg,reference,378-3482,M;482,True,qwen,M 482,1,1,1.0,1,0.0,1,M 482,M 482
D:/Data/ePillID_data/ePillID_data\classification_data\fcn_mix_weight/dr_224/00378-3495-01_PART_1_OF_1_CHAL10_SB_15238AEC.jpg,reference,378-3495,M;495,False,qwen,MACARON,0,0,0.0,0,1.5,0,MACARON,M 495
D:/Data/ePillID_data/ePillID_data\classification_data\fcn_mix_weight/dr_224/00378-3495-01_PART_1_OF_1_CHAL10_SF_15238AEC.jpg,reference,378-3495,M;495,True,qwen,M 495,1,1,1.0,1,0.0,1,M 495,M 495
D:/Data/ePillID_data/ePillID_data\classification_data\fcn_mix_weight/dr_224/00378-3632-01_PART_1_OF_1_CHAL10_SB_4B242591.jpg,reference,378-3632,M;C32,False,qwen,C32,0,1,0.5,0,0.25,0,C32,M C32
D:/Data/ePillID_data/ePillID_data\classification_data\fcn_mix_weight/dr_224/00378-3632-01_PART_1_OF_1_CHAL10_SF_4B242591.jpg,reference,378-3632,M;C32,True,qwen,M,0,1,0.5,0,0.75,0,M,M C32
D:/Data/ePillID_data/ePillID_data\classification_data\fcn_mix_weight/dr_224/00378-4151-01_PART_1_OF_1_CHAL10_SB_2A21954C.jpg,reference,378-4151,M;T7,False,qwen,T7,0,1,0.5,0,0.3333333333333333,0,T7,M T7
D:/Data/ePillID_data/ePillID_data\classification_data\fcn_mix_weight/dr_224/00378-4151-01_PART_1_OF_1_CHAL10_SF_2A21954C.jpg,reference,378-4151,M;T7,True,qwen,M,0,1,0.5,0,0.6666666666666666,0,M,M T7
D:/Data/ePillID_data/ePillID_data\classification_data\fcn_mix_weight/dr_224/00378-5123-01_PART_1_OF_1_CHAL10_SB_D223E93F.jpg,reference,378-5123,M;S23,False,qwen,B 1,0,0,0.0,0,1.0,0,B 1,M S23
D:/Data/ePillID_data/ePillID_data\classification_data\fcn_mix_weight/dr_224/00378-5123-01_PART_1_OF_1_CHAL10_SF_D223E93F.jpg,reference,378-5123,M;S23,True,qwen,M S23,1,1,1.0,1,0.0,1,M S23,M S23
D:/Data/ePillID_data/ePillID_data\classification_data\fcn_mix_weight/dr_224/00378-6233-01_PART_1_OF_1_CHAL10_SB_47242381.jpg,reference,378-6233,MX33,False,qwen,B 1,0,0,0.0,0,1.0,0,B 1,MX33
D:/Data/ePillID_data/ePillID_data\classification_data\fcn_mix_weight/dr_224/00378-6233-01_PART_1_OF_1_CHAL10_SF_47242381.jpg,reference,378-6233,MX33,True,qwen,MX33,1,1,1.0,1,0.0,1,MX33,MX33
D:/Data/ePillID_data/ePillID_data\classification_data\fcn_mix_weight/dr_224/00378-7003-93_PART_1_OF_1_CHAL10_SB_74243A01.jpg,reference,378-7003,M;N3,False,qwen,TEAL BLUE,0,0,0.0,0,2.6666666666666665,0,TEAL BLUE,M N3
D:/Data/ePillID_data/ePillID_data\classification_data\fcn_mix_weight/dr_224/00378-7003-93_PART_1_OF_1_CHAL10_SF_74243A01.jpg,reference,378-7003,M;N3,True,qwen,M N3,1,1,1.0,1,0.0,1,M N3,M N3
D:/Data/ePillID_data/ePillID_data\classification_data\fcn_mix_weight/dr_224/00456-0457-01_PART_1_OF_1_CHAL10_SB_D51D6AFB.jpg,reference,456-457,A;TC,False,qwen,B 1,0,0,0.0,0,1.0,0,B 1,A TC
D:/Data/ePillID_data/ePillID_data\classification_data\fcn_mix_weight/dr_224/00456-0457-01_PART_1_OF_1_CHAL10_SF_D51D6AFB.jpg,reference,456-457,A;TC,True,qwen,A TC,1,1,1.0,1,0.0,1,A TC,A TC
D:/Data/ePillID_data/ePillID_data\classification_data\fcn_mix_weight/dr_224/00456-1550-60_PART_1_OF_1_CHAL10_SB_0D1C8694.jpg,reference,456-1550,FL;50,False,qwen,50,0,1,0.5,0,0.5,0,50,FL 50
D:/Data/ePillID_data/ePillID_data\classification_data\fcn_mix_weight/dr_224/00456-1550-60_PART_1_OF_1_CHAL10_SF_0D1C8694.jpg,reference,456-1550,FL;50,True,qwen,FL,0,1,0.5,0,0.5,0,FL,FL 50
D:/Data/ePillID_data/ePillID_data\classification_data\fcn_mix_weight/dr_224/00555-0071-01_PART_1_OF_1_CHAL10_SB_BF2B5FAA.jpg,reference,555-71,b;071;300,False,qwen,071 300,0,0,0.6666666666666666,0,0.14285714285714285,0,071 300,B 071 300
D:/Data/ePillID_data/ePillID_data\classification_data\fcn_mix_weight/dr_224/00555-0071-01_PART_1_OF_1_CHAL10_SF_BF2B5FAA.jpg,reference,555-71,b;071;300,True,qwen,B 6,0,0,0.3333333333333333,0,0.8571428571428571,0,B 6,B 071 300
D:/Data/ePillID_data/ePillID_data\classification_data\fcn_mix_weight/dr_224/00555-0139-09_PART_1_OF_1_CHAL10_SB_EE2B774B.jpg,reference,555-139,b8;139,False,qwen,139,0,1,0.5,0,0.4,0,139,B8 139
D:/Data/ePillID_data/ePillID_data\classification_data\fcn_mix_weight/dr_224/00555-0139-09_PART_1_OF_1_CHAL10_SF_EE2B774B.jpg,reference,555-139,b8;139,True,qwen,B8,0,1,0.5,0,0.6,0,B8,B8 139
D:/Data/ePillID_data/ePillID_data\classification_data\fcn_mix_weight/dr_224/00555-0485-27_PART_1_OF_1_CHAL10_SB_0D2B86DC.jpg,reference,555-485,b;485,False,qwen,485,0,1,0.5,0,0.25,0,485,B 485
D:/Data/ePillID_data/ePillID_data\classification_data\fcn_mix_weight/dr_224/00555-0485-27_PART_1_OF_1_CHAL10_SF_0D2B86DC.jpg,reference,555-485,b;485,True,qwen,B,0,1,0.5,0,0.75,0,B,B 485
D:/Data/ePillID_data/ePillID_data\classification_data\fcn_mix_weight/dr_224/00555-0607-02_PART_1_OF_1_CHAL10_SB_3F2F1F98.jpg,reference,555-607,555;607;barr,False,qwen,555 607,0,0,0.6666666666666666,0,0.4,0,555 607,555 607 BARR
D:/Data/ePillID_data/ePillID_data\classification_data\fcn_mix_weight/dr_224/00555-0607-02_PART_1_OF_1_CHAL10_SF_3F2F1F98.jpg,reference,555-607,555;607;barr,True,qwen,BARR,0,1,0.3333333333333333,0,0.6,0,BARR,555 607 BARR
D:/Data/ePillID_data/ePillID_data\classification_data\fcn_mix_weight/dr_224/00555-0633-02_PART_1_OF_1_CHAL10_SB_72303931.jpg,reference,555-633,barr;633,False,qwen,B 1,0,0,0.0,0,0.8571428571428571,0,B 1,BARR 633
D:/Data/ePillID_data/ePillID_data\classification_data\fcn_mix_weight/dr_224/00555-0633-02_PART_1_OF_1_CHAL10_SF_72303931.jpg,reference,555-633,barr;633,True,qwen,BARR 633,1,1,1.0,1,0.0,1,BARR 633,BARR 633
D:/Data/ePillID_data/ePillID_data\classification_data\fcn_mix_weight/dr_224/00555-0808-02_PART_1_OF_1_CHAL10_SB_62303121.jpg,reference,555-808,barr;808,False,qwen,B 1,0,0,0.0,0,0.8571428571428571,0,B 1,BARR 808
D:/Data/ePillID_data/ePillID_data\classification_data\fcn_mix_weight/dr_224/00555-0808-02_PART_1_OF_1_CHAL10_SF_62303121.jpg,reference,555-808,barr;808,True,qwen,BARR 808,1,1,1.0,1,0.0,1,BARR 808,BARR 808
D:/Data/ePillID_data/ePillID_data\classification_data\fcn_mix_weight/dr_224/00555-0969-02_PART_1_OF_1_CHAL10_SB_0C300600.jpg,reference,555-969,b;969;100,False,qwen,969 100,0,0,0.6666666666666666,0,0.14285714285714285,0,969 100,B 969 100
D:/Data/ePillID_data/ePillID_data\classification_data\fcn_mix_weight/dr_224/00555-0969-02_PART_1_OF_1_CHAL10_SF_0C300600.jpg,reference,555-969,b;969;100,True,qwen,B,0,1,0.3333333333333333,0,0.8571428571428571,0,B,B 969 100
D:/Data/ePillID_data/ePillID_data\classification_data\fcn_mix_weight/dr_224/00555-0980-37_PART_1_OF_1_CHAL10_SB_96304B32.jpg,reference,555-980,b;980,False,qwen,N,0,0,0.0,0,1.0,0,N,B 980
D:/Data/ePillID_data/ePillID_data\classification_data\fcn_mix_weight/dr_224/00555-0980-37_PART_1_OF_1_CHAL10_SF_96304B32.jpg,reference,555-980,b;980,True,qwen,B 980,1,1,1.0,1,0.0,1,B 980,B 980
D:/Data/ePillID_data/ePillID_data\classification_data\fcn_mix_weight/dr_224/00555-1021-01_PART_1_OF_1_CHAL10_SB_D52B6AEB.jpg,reference,555-1021,barr;16;mg;1021,False,qwen,G342,0,0,0.0,0,0.8333333333333334,0,G342,BARR 16 MG 1021
D:/Data/ePillID_data/ePillID_data\classification_data\fcn_mix_weight/dr_224/00555-1021-01_PART_1_OF_1_CHAL10_SF_D52B6AEB.jpg,reference,555-1021,barr;16;mg;1021,True,qwen,BARR 16 MG 1021,1,1,1.0,1,0.0,1,BARR 16 MG 1021,BARR 16 MG 1021
D:/Data/ePillID_data/ePillID_data\classification_data\fcn_mix_weight/dr_224/00555-1057-86_PART_1_OF_1_CHAL10_SB_DE306F63.jpg,reference,555-1057,barr;936,False,qwen,G342,0,0,0.0,0,1.0,0,G342,BARR 936
D:/Data/ePillID_data/ePillID_data\classification_data\fcn_mix_weight/dr_224/00555-1057-86_PART_1_OF_1_CHAL10_SF_DE306F63.jpg,reference,555-1057,barr;936,True,qwen,BARR 936,1,1,1.0,1,0.0,1,BARR 936,BARR 936
D:/Data/ePillID_data/ePillID_data\classification_data\fcn_mix_weight/dr_224/00555-9008-67_PART_1_OF_2_CHAL10_SB_252F928C.jpg,reference,555-9008,b;944,False,qwen,941,0,0,0.0,0,0.5,0,941,B 944
D:/Data/ePillID_data/ePillID_data\classification_data\fcn_mix_weight/dr_224/00555-9008-67_PART_1_OF_2_CHAL10_SF_252F928C.jpg,reference,555-9008,b;944,True,qwen,B,0,1,0.5,0,0.75,0,B,B 944
D:/Data/ePillID_data/ePillID_data\classification_data\fcn_mix_weight/dr_224/00555-9008-67_PART_2_OF_2_CHAL10_SB_292F949C.jpg,reference,555-9008,b;944,False,qwen,944,0,1,0.5,0,0.25,0,944,B 944
D:/Data/ePillID_data/ePillID_data\classification_data\fcn_mix_weight/dr_224/00555-9008-67_PART_2_OF_2_CHAL10_SF_292F949C.jpg,reference,555-9008,b;944,True,qwen,B 0,0,0,0.5,0,0.75,0,B 0,B 944
D:/Data/ePillID_data/ePillID_data\classification_data\fcn_mix_weight/dr_224/00555-9010-58_PART_1_OF_2_CHAL10_SB_372F9B8C.jpg,reference,555-9010,b;944,False,qwen,949,0,0,0.0,0,0.5,0,949,B 944
D:/Data/ePillID_data/ePillID_data\classification_data\fcn_mix_weight/dr_224/00555-9010-58_PART_1_OF_2_CHAL10_SF_372F9B8C.jpg,reference,555-9010,b;944,True,qwen,B,0,1,0.5,0,0.75,0,B,B 944
D:/Data/ePillID_data/ePillID_data\classification_data\fcn_mix_weight/dr_224/00555-9010-58_PART_2_OF_2_CHAL10_SB_3B2F9D9C.jpg,reference,555-9010,b;944,False,qwen,944,0,1,0.5,0,0.25,0,944,B 944
D:/Data/ePillID_data/ePillID_data\classification_data\fcn_mix_weight/dr_224/00555-9010-58_PART_2_OF_2_CHAL10_SF_3B2F9D9C.jpg,reference,555-9010,b;944,True,qwen,B,0,1,0.5,0,0.75,0,B,B 944
D:/Data/ePillID_data/ePillID_data\classification_data\fcn_mix_weight/dr_224/00555-9014-67_PART_1_OF_2_CHAL10_SB_952FCACE.jpg,reference,555-9014,b;208,False,qwen,96 365,0,0,0.0,0,1.25,0,96 365,B 208
D:/Data/ePillID_data/ePillID_data\classification_data\fcn_mix_weight/dr_224/00555-9014-67_PART_1_OF_2_CHAL10_SF_952FCACE.jpg,reference,555-9014,b;208,True,qwen,B,0,1,0.5,0,0.75,0,B,B 208
D:/Data/ePillID_data/ePillID_data\classification_data\fcn_mix_weight/dr_224/00555-9014-67_PART_2_OF_2_CHAL10_SB_9B2FCDCE.jpg,reference,555-9014,b;208,False,qwen,208,0,1,0.5,0,0.25,0,208,B 208
D:/Data/ePillID_data/ePillID_data\classification_data\fcn_mix_weight/dr_224/00555-9014-67_PART_2_OF_2_CHAL10_SF_9B2FCDCE.jpg,reference,555-9014,b;208,True,qwen,B 100,0,0,0.5,0,0.5,0,B 100,B 208
D:/Data/ePillID_data/ePillID_data\classification_data\fcn_mix_weight/dr_224/00555-9016-58_PART_1_OF_2_CHAL10_SB_492FA48D.jpg,reference,555-9016,b;987,False,qwen,987,0,1,0.5,0,0.25,0,987,B 987
D:/Data/ePillID_data/ePillID_data\classification_data\fcn_mix_weight/dr_224/00555-9016-58_PART_1_OF_2_CHAL10_SF_492FA48D.jpg,reference,555-9016,b;987,True,qwen,B 750,0,0,0.5,0,0.75,0,B 750,B 987
D:/Data/ePillID_data/ePillID_data\classification_data\fcn_mix_weight/dr_224/00555-9016-58_PART_2_OF_2_CHAL10_SB_4D2FA69D.jpg,reference,555-9016,b;987,False,qwen,143,0,0,0.0,0,1.0,0,143,B 987
D:/Data/ePillID_data/ePillID_data\classification_data\fcn_mix_weight/dr_224/00555-9016-58_PART_2_OF_2_CHAL10_SF_4D2FA69D.jpg,reference,555-9016,b;987,True,qwen,B 6,0,0,0.5,0,0.75,0,B 6,B 987
D:/Data/ePillID_data/ePillID_data\classification_data\fcn_mix_weight/dr_224/00555-9026-58_PART_1_OF_2_CHAL10_SB_1B2F8DDC.jpg,reference,555-9026,b;247,False,qwen,977,0,0,0.0,0,0.75,0,977,B 247
D:/Data/ePillID_data/ePillID_data\classification_data\fcn_mix_weight/dr_224/00555-9026-58_PART_1_OF_2_CHAL10_SF_1B2F8DDC.jpg,reference,555-9026,b;247,True,qwen,B 6,0,0,0.5,0,0.75,0,B 6,B 247
D:/Data/ePillID_data/ePillID_data\classification_data\fcn_mix_weight/dr_224/00555-9026-58_PART_2_OF_2_CHAL10_SB_202F901C.jpg,reference,555-9026,b;247,False,qwen,247,0,1,0.5,0,0.25,0,247,B 247
D:/Data/ePillID_data/ePillID_data\classification_data\fcn_mix_weight/dr_224/00555-9026-58_PART_2_OF_2_CHAL10_SF_202F901C.jpg,reference,555-9026,b;247,True,qwen,B 0,0,0,0.5,0,0.75,0,B 0,B 247
D:/Data/ePillID_data/ePillID_data\classification_data\fcn_mix_weight/dr_224/00555-9027-42_PART_1_OF_1_CHAL10_SB_F72F7BDB.jpg,reference,555-9027,b;978,False,qwen,978,0,1,0.5,0,0.25,0,978,B 978
D:/Data/ePillID_data/ePillID_data\classification_data\fcn_mix_weight/dr_224/00555-9027-42_PART_1_OF_1_CHAL10_SF_F72F7BDB.jpg,reference,555-9027,b;978,True,qwen,B 6,0,0,0.5,0,0.75,0,B 6,B 978
D:/Data/ePillID_data/ePillID_data\classification_data\fcn_mix_weight/dr_224/00591-3210-60_PART_1_OF_1_CHAL10_SB_341C9A14.jpg,reference,591-3210,WATSON;3210,False,qwen,G342,0,0,0.0,0,0.9,0,G342,WATSON 3210
D:/Data/ePillID_data/ePillID_data\classification_data\fcn_mix_weight/dr_224/00591-3210-60_PART_1_OF_1_CHAL10_SF_341C9A14.jpg,reference,591-3210,WATSON;3210,True,qwen,WATSON 3210,1,1,1.0,1,0.0,1,WATSON 3210,WATSON 3210
D:/Data/ePillID_data/ePillID_data\classification_data\fcn_mix_weight/dr_224/00591-5788-01_PART_1_OF_1_CHAL10_SB_C51FE2DF.jpg,reference,591-5788,NORTRIPTYLINE;DAN;50;mg,False,qwen,E NOB,0,0,0.0,0,0.9,0,E NOB,NORTRIPTYLINE DAN 50 MG
D:/Data/ePillID_data/ePillID_data\classification_data\fcn_mix_weight/dr_224/00591-5788-01_PART_1_OF_1_CHAL10_SF_C51FE2DF.jpg,reference,591-5788,NORTRIPTYLINE;DAN;50;mg,True,qwen,NORTRIPTYAN 50 MG,0,0,0.5,0,0.25,0,NORTRIPTYAN 50 MG,NORTRIPTYLINE DAN 50 MG
D:/Data/ePillID_data/ePillID_data\classification_data\fcn_mix_weight/dr_224/00597-0046-60_PART_1_OF_1_CHAL10_SB_C01DE05F.jpg,reference,597-46,54;193,False,qwen,G342,0,0,0.0,0,1.0,0,G342,54 193
D:/Data/ePillID_data/ePillID_data\classification_data\fcn_mix_weight/dr_224/00597-0046-60_PART_1_OF_1_CHAL10_SF_C01DE05F.jpg,reference,597-46,54;193,True,qwen,54 193,1,1,1.0,1,0.0,1,54 193,54 193
D:/Data/ePillID_data/ePillID_data\classification_data\fcn_mix_weight/dr_224/00603-3741-21_PART_1_OF_1_CHAL10_SB_DD22EEE7.jpg,reference,603-3741,3171;V,False,qwen,B 1,0,0,0.0,0,0.8,0,B 1,3171 V
D:/Data/ePillID_data/ePillID_data\classification_data\fcn_mix_weight/dr_224/00603-3741-21_PART_1_OF_1_CHAL10_SF_DD22EEE7.jpg,reference,603-3741,3171;V,True,qwen,3171 V,1,1,1.0,1,0.0,1,3171 V,3171 V
D:/Data/ePillID_data/ePillID_data\classification_data\fcn_mix_weight/dr_224/00603-3856-21_PART_1_OF_1_CHAL10_SB_AC265632.jpg,reference,603-3856,3571;V,False,qwen,HIMALAYAN SALTS,0,0,0.0,0,2.8,0,HIMALAYAN SALTS,3571 V
D:/Data/ePillID_data/ePillID_data\classification_data\fcn_mix_weight/dr_224/00603-3856-21_PART_1_OF_1_CHAL10_SF_AC265632.jpg,reference,603-3856,3571;V,True,qwen,3571 V,1,1,1.0,1,0.0,1,3571 V,3571 V
D:/Data/ePillID_data/ePillID_data\classification_data\fcn_mix_weight/dr_224/00777-3105-02_PART_1_OF_1_CHAL10_SB_061C8364.jpg,reference,777-3105,DISTA;3105;Prozac;20;mg,False,qwen,G342,0,0,0.0,0,0.8947368421052632,0,G342,DISTA 3105 PROZAC 20 MG
D:/Data/ePillID_data/ePillID_data\classification_data\fcn_mix_weight/dr_224/00777-3105-02_PART_1_OF_1_CHAL10_SF_061C8364.jpg,reference,777-3105,DISTA;3105;Prozac;20;mg,True,qwen,DISTA 3105 PROZAC 20 MG,1,1,1.0,1,0.0,1,DISTA 3105 PROZAC 20 MG,DISTA 3105 PROZAC 20 MG
D:/Data/ePillID_data/ePillID_data\classification_data\fcn_mix_weight/dr_224/00781-1506-01_PART_1_OF_1_CHAL10_SB_36201B40.jpg,reference,781-1506,GG263,False,qwen,T,0,0,0.0,0,1.0,0,T,GG263
D:/Data/ePillID_data/ePillID_data\classification_data\fcn_mix_weight/dr_224/00781-1506-01_PART_1_OF_1_CHAL10_SF_36201B40.jpg,reference,781-1506,GG263,True,qwen,GG 263,0,0,0.0,0,0.0,1,GG 263,GG263
D:/Data/ePillID_data/ePillID_data\classification_data\fcn_mix_weight/dr_224/00781-1507-01_PART_1_OF_1_CHAL10_SB_39201C90.jpg,reference,781-1507,GG264,False,qwen,T,0,0,0.0,0,1.0,0,T,GG264
D:/Data/ePillID_data/ePillID_data\classification_data\fcn_mix_weight/dr_224/00781-1507-01_PART_1_OF_1_CHAL10_SF_39201C90.jpg,reference,781-1507,GG264,True,qwen,GG264,1,1,1.0,1,0.0,1,GG264,GG264
D:/Data/ePillID_data/ePillID_data\classification_data\fcn_mix_weight/dr_224/00781-2053-01_PART_1_OF_1_CHAL10_SB_521E2911.jpg,reference,781-2053,GG623,False,qwen,G342,0,0,0.0,0,0.6,0,G342,GG623
D:/Data/ePillID_data/ePillID_data\classification_data\fcn_mix_weight/dr_224/00781-2053-01_PART_1_OF_1_CHAL10_SF_521E2911.jpg,reference,781-2053,GG623,True,qwen,GG623,1,1,1.0,1,0.0,1,GG623,GG623
D:/Data/ePillID_data/ePillID_data\classification_data\fcn_mix_weight/dr_224/00781-5185-01_PART_1_OF_1_CHAL10_SB_8323C1DE.jpg,reference,781-5185,112;GG;336,False,qwen,112,0,1,0.3333333333333333,0,0.625,0,112,112 GG 336
D:/Data/ePillID_data/ePillID_data\classification_data\fcn_mix_weight/dr_224/00781-5185-01_PART_1_OF_1_CHAL10_SF_8323C1DE.jpg,reference,781-5185,112;GG;336,True,qwen,GG336,0,0,0.0,0,0.375,0,GG336,112 GG 336
D:/Data/ePillID_data/ePillID_data\classification_data\fcn_mix_weight/dr_224/00781-5186-01_PART_1_OF_1_CHAL10_SB_7A23BD5D.jpg,reference,781-5186,125;GG;337,False,qwen,125,0,1,0.3333333333333333,0,0.625,0,125,125 GG 337
D:/Data/ePillID_data/ePillID_data\classification_data\fcn_mix_weight/dr_224/00781-5186-01_PART_1_OF_1_CHAL10_SF_7A23BD5D.jpg,reference,781-5186,125;GG;337,True,qwen,GG337,0,0,0.0,0,0.375,0,GG337,125 GG 337
D:/Data/ePillID_data/ePillID_data\classification_data\fcn_mix_weight/dr_224/00781-5189-01_PART_1_OF_1_CHAL10_SB_7523BAED.jpg,reference,781-5189,200;GG;340,False,qwen,200,0,1,0.3333333333333333,0,0.625,0,200,200 GG 340
D:/Data/ePillID_data/ePillID_data\classification_data\fcn_mix_weight/dr_224/00781-5189-01_PART_1_OF_1_CHAL10_SF_7523BAED.jpg,reference,781-5189,200;GG;340,True,qwen,GG340,0,0,0.0,0,0.375,0,GG340,200 GG 340
D:/Data/ePillID_data/ePillID_data\classification_data\fcn_mix_weight/dr_224/00832-1025-00_PART_1_OF_1_CHAL10_SB_73233989.jpg,reference,832-1025,832;BC20,False,qwen,WATSON 50 MG,0,0,0.0,0,1.2857142857142858,0,WATSON 50 MG,832 BC20
D:/Data/ePillID_data/ePillID_data\classification_data\fcn_mix_weight/dr_224/00832-1025-00_PART_1_OF_1_CHAL10_SF_73233989.jpg,reference,832-1025,832;BC20,True,qwen,832 BC20,1,1,1.0,1,0.0,1,832 BC20,832 BC20
D:/Data/ePillID_data/ePillID_data\classification_data\fcn_mix_weight/dr_224/00832-1080-00_PART_1_OF_1_CHAL10_SB_C0266053.jpg,reference,832-1080,832;BM05,False,qwen,T,0,0,0.0,0,1.0,0,T,832 BM05
D:/Data/ePillID_data/ePillID_data\classification_data\fcn_mix_weight/dr_224/00832-1080-00_PART_1_OF_1_CHAL10_SF_C0266053.jpg,reference,832-1080,832;BM05,True,qwen,832 BM05,1,1,1.0,1,0.0,1,832 BM05,832 BM05
D:/Data/ePillID_data/ePillID_data\classification_data\fcn_mix_weight/dr_224/13811-0583-30_PART_1_OF_1_CHAL10_SB_911DC8BE.jpg,reference,13811-583,T583,False,qwen,E 1,0,0,0.0,0,1.0,0,E 1,T583
D:/Data/ePillID_data/ePillID_data\classification_data\fcn_mix_weight/dr_224/13811-0583-30_PART_1_OF_1_CHAL10_SF_911DC8BE.jpg,reference,13811-583,T583,True,qwen,583,0,0,0.0,0,0.25,0,583,T583
D:/Data/ePillID_data/ePillID_data\classification_data\fcn_mix_weight/dr_224/29033-0020-12_PART_1_OF_1_CHAL10_SB_BE135F6A.jpg,reference,29033-20,NC;200,False,qwen,LUPIN 200,0,0,0.5,0,1.0,0,LUPIN 200,NC 200
D:/Data/ePillID_data/ePillID_data\classification_data\fcn_mix_weight/dr_224/29033-0020-12_PART_1_OF_1_CHAL10_SF_BE135F6A.jpg,reference,29033-20,NC;200,True,qwen,NC 200,1,1,1.0,1,0.0,1,NC 200,NC 200
D:/Data/ePillID_data/ePillID_data\classification_data\fcn_mix_weight/dr_224/47781-0307-01_PART_1_OF_1_CHAL10_SB_C41C6263.jpg,reference,47781-307,MACRODANTIN;50;mg;52427;287,False,qwen,LUPIN,0,0,0.0,0,0.9130434782608695,0,LUPIN,MACRODANTIN 50 MG 52427 287
D:/Data/ePillID_data/ePillID_data\classification_data\fcn_mix_weight/dr_224/47781-0307-01_PART_1_OF_1_CHAL10_SF_C41C6263.jpg,reference,47781-307,MACRODANTIN;50;mg;52427;287,True,qwen,MACRODANTIN 50 MG 52427 287,1,1,1.0,1,0.0,1,MACRODANTIN 50 MG 52427 287,MACRODANTIN 50 MG 52427 287
D:/Data/ePillID_data/ePillID_data\classification_data\fcn_mix_weight/dr_224/49884-0401-91_PART_1_OF_1_CHAL10_SB_421CA105.jpg,reference,49884-401,P;401,False,qwen,401,0,1,0.5,0,0.25,0,401,P 401
D:/Data/ePillID_data/ePillID_data\classification_data\fcn_mix_weight/dr_224/49884-0401-91_PART_1_OF_1_CHAL10_SF_421CA105.jpg,reference,49884-401,P;401,True,qwen,P,0,1,0.5,0,0.75,0,P,P 401
D:/Data/ePillID_data/ePillID_data\classification_data\fcn_mix_weight/dr_224/50111-0327-01_PART_1_OF_1_CHAL10_SB_253012F0.jpg,reference,50111-327,PLIVA;327,False,qwen,N,0,0,0.0,0,1.0,0,N,PLIVA 327
D:/Data/ePillID_data/ePillID_data\classification_data\fcn_mix_weight/dr_224/50111-0327-01_PART_1_OF_1_CHAL10_SF_253012F0.jpg,reference,50111-327,PLIVA;327,True,qwen,PLIVA 327,1,1,1.0,1,0.0,1,PLIVA 327,PLIVA 327
D:/Data/ePillID_data/ePillID_data\classification_data\fcn_mix_weight/dr_224/50111-0328-01_PART_1_OF_1_CHAL10_SB_00300060.jpg,reference,50111-328,PLIVA;328,False,qwen,L1,0,0,0.0,0,0.875,0,L1,PLIVA 328
D:/Data/ePillID_data/ePillID_data\classification_data\fcn_mix_weight/dr_224/50111-0328-01_PART_1_OF_1_CHAL10_SB_55212A99.jpg,reference,50111-328,PLIVA;328,False,qwen,T,0,0,0.0,0,1.0,0,T,PLIVA 328
D:/Data/ePillID_data/ePillID_data\classification_data\fcn_mix_weight/dr_224/50111-0328-01_PART_1_OF_1_CHAL10_SF_00300060.jpg,reference,50111-328,PLIVA;328,True,qwen,PLIVA 28,0,0,0.5,0,0.125,0,PLIVA 28,PLIVA 328
D:/Data/ePillID_data/ePillID_data\classification_data\fcn_mix_weight/dr_224/50111-0328-01_PART_1_OF_1_CHAL10_SF_55212A99.jpg,reference,50111-328,PLIVA;328,True,qwen,PLIVA 328,1,1,1.0,1,0.0,1,PLIVA 328,PLIVA 328
D:/Data/ePillID_data/ePillID_data\classification_data\fcn_mix_weight/dr_224/50111-0393-01_PART_1_OF_1_CHAL10_SB_61233089.jpg,reference,50111-393,b;1114,False,qwen,B 1,0,0,0.5,0,0.6,0,B 1,B 1114
D:/Data/ePillID_data/ePillID_data\classification_data\fcn_mix_weight/dr_224/50111-0393-01_PART_1_OF_1_CHAL10_SF_61233089.jpg,reference,50111-393,b;1114,True,qwen,B 1114,1,1,1.0,1,0.0,1,B 1114,B 1114
D:/Data/ePillID_data/ePillID_data\classification_data\fcn_mix_weight/dr_224/50111-0395-01_PART_1_OF_1_CHAL10_SB_AF2F57DA.jpg,reference,50111-395,b;1116,False,qwen,B 1,0,0,0.5,0,0.6,0,B 1,B 1116
D:/Data/ePillID_data/ePillID_data\classification_data\fcn_mix_weight/dr_224/50111-0395-01_PART_1_OF_1_CHAL10_SF_AF2F57DA.jpg,reference,50111-395,b;1116,True,qwen,B 1116,1,1,1.0,1,0.0,1,B 1116,B 1116
D:/Data/ePillID_data/ePillID_data\classification_data\fcn_mix_weight/dr_224/50111-0433-01_PART_1_OF_1_CHAL10_SB_21301080.jpg,reference,50111-433,PLIVA;433,False,qwen,B 1,0,0,0.0,0,1.0,0,B 1,PLIVA 433
D:/Data/ePillID_data/ePillID_data\classification_data\fcn_mix_weight/dr_224/50111-0433-01_PART_1_OF_1_CHAL10_SF_21301080.jpg,reference,50111-433,PLIVA;433,True,qwen,PLIVA 433,1,1,1.0,1,0.0,1,PLIVA 433,PLIVA 433
D:/Data/ePillID_data/ePillID_data\classification_data\fcn_mix_weight/dr_224/50111-0647-01_PART_1_OF_1_CHAL10_SB_893044A2.jpg,reference,50111-647,PLIVA;647;PLIVA;647,False,qwen,647,0,1,0.5,0,0.8125,0,647,PLIVA 647 PLIVA 647
D:/Data/ePillID_data/ePillID_data\classification_data\fcn_mix_weight/dr_224/50111-0647-01_PART_1_OF_1_CHAL10_SF_893044A2.jpg,reference,50111-647,PLIVA;647;PLIVA;647,True,qwen,PLIVA,0,1,0.5,0,0.6875,0,PLIVA,PLIVA 647 PLIVA 647
D:/Data/ePillID_data/ePillID_data\classification_data\fcn_mix_weight/dr_224/50111-0648-01_PART_1_OF_1_CHAL10_SB_6E303721.jpg,reference,50111-648,PLIVA;648,False,qwen,648,0,1,0.5,0,0.625,0,648,PLIVA 648
D:/Data/ePillID_data/ePillID_data\classification_data\fcn_mix_weight/dr_224/50111-0648-01_PART_1_OF_1_CHAL10_SF_6E303721.jpg,reference,50111-648,PLIVA;648,True,qwen,PLIVA,0,1,0.5,0,0.375,0,PLIVA,PLIVA 648
D:/Data/ePillID_data/ePillID_data\classification_data\fcn_mix_weight/dr_224/50111-0787-66_PART_1_OF_1_CHAL10_SB_C42FE26F.jpg,reference,50111-787,PLIVA;787,False,qwen,787,0,1,0.5,0,0.625,0,787,PLIVA 787
D:/Data/ePillID_data/ePillID_data\classification_data\fcn_mix_weight/dr_224/50111-0787-66_PART_1_OF_1_CHAL10_SF_C42FE26F.jpg,reference,50111-787,PLIVA;787,True,qwen,PLIVA,0,1,0.5,0,0.375,0,PLIVA,PLIVA 787
D:/Data/ePillID_data/ePillID_data\classification_data\fcn_mix_weight/dr_224/50111-0901-01_PART_1_OF_1_CHAL10_SB_8B3245D2.jpg,reference,50111-901,PA1000,False,qwen,T,0,0,0.0,0,1.0,0,T,PA1000
D:/Data/ePillID_data/ePillID_data\classification_data\fcn_mix_weight/dr_224/50111-0901-01_PART_1_OF_1_CHAL10_SF_8B3245D2.jpg,reference,50111-901,PA1000,True,qwen,PA1000,1,1,1.0,1,0.0,1,PA1000,PA1000
D:/Data/ePillID_data/ePillID_data\classification_data\fcn_mix_weight/dr_224/50458-0551-01_PART_1_OF_1_CHAL10_SB_0F1607A0.jpg,reference,50458-551,PAL;6,False,qwen,B 1,0,0,0.0,0,1.0,0,B 1,PAL 6
D:/Data/ePillID_data/ePillID_data\classification_data\fcn_mix_weight/dr_224/50458-0551-01_PART_1_OF_1_CHAL10_SF_0F1607A0.jpg,reference,50458-551,PAL;6,True,qwen,PAL 6,1,1,1.0,1,0.0,1,PAL 6,PAL 6
D:/Data/ePillID_data/ePillID_data\classification_data\fcn_mix_weight/dr_224/51285-0087-87_PART_1_OF_2_CHAL10_SB_8C2FC64E.jpg,reference,51285-87,b;556,False,qwen,555,0,0,0.0,0,0.5,0,555,B 556
D:/Data/ePillID_data/ePillID_data\classification_data\fcn_mix_weight/dr_224/51285-0087-87_PART_1_OF_2_CHAL10_SF_8C2FC64E.jpg,reference,51285-87,b;556,True,qwen,B,0,1,0.5,0,0.75,0,B,B 556
D:/Data/ePillID_data/ePillID_data\classification_data\fcn_mix_weight/dr_224/51285-0087-87_PART_2_OF_2_CHAL10_SB_912FC8BE.jpg,reference,51285-87,b;556,False,qwen,556,0,1,0.5,0,0.25,0,556,B 556
D:/Data/ePillID_data/ePillID_data\classification_data\fcn_mix_weight/dr_224/51285-0087-87_PART_2_OF_2_CHAL10_SF_912FC8BE.jpg,reference,51285-87,b;556,True,qwen,B,0,1,0.5,0,0.75,0,B,B 556
D:/Data/ePillID_data/ePillID_data\classification_data\fcn_mix_weight/dr_224/51285-0406-02_PART_1_OF_1_CHAL10_SB_E91FF4AF.jpg,reference,51285-406,E;1,False,qwen,B 1,0,0,0.5,0,0.5,0,B 1,E 1
D:/Data/ePillID_data/ePillID_data\classification_data\fcn_mix_weight/dr_224/51285-0406-02_PART_1_OF_1_CHAL10_SF_E91FF4AF.jpg,reference,51285-406,E;1,True,qwen,E 100,0,0,0.5,0,1.0,1,E 100,E 1
D:/Data/ePillID_data/ePillID_data\classification_data\fcn_mix_weight/dr_224/51285-0523-02_PART_1_OF_1_CHAL10_SB_2F3017D0.jpg,reference,51285-523,OP;706,False,qwen,T,0,0,0.0,0,1.0,0,T,OP 706
D:/Data/ePillID_data/ePillID_data\classification_data\fcn_mix_weight/dr_224/51285-0523-02_PART_1_OF_1_CHAL10_SF_2F3017D0.jpg,reference,51285-523,OP;706,True,qwen,OP 706,1,1,1.0,1,0.0,1,OP 706,OP 706
D:/Data/ePillID_data/ePillID_data\classification_data\fcn_mix_weight/dr_224/51285-0538-02_PART_1_OF_1_CHAL10_SB_9F304FB2.jpg,reference,51285-538,OP;718,False,qwen,N,0,0,0.0,0,1.0,0,N,OP 718
D:/Data/ePillID_data/ePillID_data\classification_data\fcn_mix_weight/dr_224/51285-0538-02_PART_1_OF_1_CHAL10_SF_9F304FB2.jpg,reference,51285-538,OP;718,True,qwen,OP 718,1,1,1.0,1,0.0,1,OP 718,OP 718
D:/Data/ePillID_data/ePillID_data\classification_data\fcn_mix_weight/dr_224/51285-0539-02_PART_1_OF_1_CHAL10_SB_D13068D3.jpg,reference,51285-539,OP;719,False,qwen,N,0,0,0.0,0,1.0,0,N,OP 719
D:/Data/ePillID_data/ePillID_data\classification_data\fcn_mix_weight/dr_224/51285-0539-02_PART_1_OF_1_CHAL10_SF_D13068D3.jpg,reference,51285-539,OP;719,True,qwen,OP 719,1,1,1.0,1,0.0,1,OP 719,OP 719
D:/Data/ePillID_data/ePillID_data\classification_data\fcn_mix_weight/dr_224/51285-0691-02_PART_1_OF_1_CHAL10_SB_5F2F2F89.jpg,reference,51285-691,OP;704,False,qwen,B 1,0,0,0.0,0,1.0,0,B 1,OP 704
D:/Data/ePillID_data/ePillID_data\classification_data\fcn_mix_weight/dr_224/51285-0691-02_PART_1_OF_1_CHAL10_SF_5F2F2F89.jpg,reference,51285-691,OP;704,True,qwen,OP 704,1,1,1.0,1,0.0,1,OP 704,OP 704
D:/Data/ePillID_data/ePillID_data\classification_data\fcn_mix_weight/dr_224/51285-0697-02_PART_1_OF_1_CHAL10_SB_8E2F475A.jpg,reference,51285-697,OP;697,False,qwen,E 1,0,0,0.0,0,1.0,0,E 1,OP 697
D:/Data/ePillID_data/ePillID_data\classification_data\fcn_mix_weight/dr_224/51285-0697-02_PART_1_OF_1_CHAL10_SF_8E2F475A.jpg,reference,51285-697,OP;697,True,qwen,OP 697,1,1,1.0,1,0.0,1,OP 697,OP 697
D:/Data/ePillID_data/ePillID_data\classification_data\fcn_mix_weight/dr_224/51672-4016-01_PART_1_OF_1_CHAL10_SB_09268484.jpg,reference,51672-4016,ETO;200;MG,False,qwen,N,0,0,0.0,0,1.0,0,N,ETO 200 MG
D:/Data/ePillID_data/ePillID_data\classification_data\fcn_mix_weight/dr_224/51672-4016-01_PART_1_OF_1_CHAL10_SF_09268484.jpg,reference,51672-4016,ETO;200;MG,True,qwen,ETO 200 MG,1,1,1.0,1,0.0,1,ETO 200 MG,ETO 200 MG
D:/Data/ePillID_data/ePillID_data\classification_data\fcn_mix_weight/dr_224/51672-4030-01_PART_1_OF_1_CHAL10_SB_D12668F3.jpg,reference,51672-4030,3;WARFARIN;TARO,False,qwen,B 325,0,0,0.0,0,1.0,0,B 325,3 WARFARIN TARO
D:/Data/ePillID_data/ePillID_data\classification_data\fcn_mix_weight/dr_224/51672-4030-01_PART_1_OF_1_CHAL10_SF_D12668F3.jpg,reference,51672-4030,3;WARFARIN;TARO,True,qwen,WARFARIN TARO,0,0,0.6666666666666666,0,0.07692307692307693,0,WARFARIN TARO,3 WARFARIN TARO
D:/Data/ePillID_data/ePillID_data\classification_data\fcn_mix_weight/dr_224/52544-0913-01_PART_1_OF_1_CHAL10_SB_AB1B558A.jpg,reference,52544-913,WATSON;913,False,qwen,913,0,1,0.5,0,0.6666666666666666,0,913,WATSON 913
D:/Data/ePillID_data/ePillID_data\classification_data\fcn_mix_weight/dr_224/52544-0913-01_PART_1_OF_1_CHAL10_SF_AB1B558A.jpg,reference,52544-913,WATSON;913,True,qwen,WATSON 1,0,0,0.5,0,0.2222222222222222,0,WATSON 1,WATSON 913
D:/Data/ePillID_data/ePillID_data\classification_data\fcn_mix_weight/dr_224/53489-0143-01_PART_1_OF_1_CHAL10_SB_62213159.jpg,reference,53489-143,MP;35,False,qwen,T,0,0,0.0,0,1.0,0,T,MP 35
D:/Data/ePillID_data/ePillID_data\classification_data\fcn_mix_weight/dr_224/53489-0143-01_PART_1_OF_1_CHAL10_SF_62213159.jpg,reference,53489-143,MP;35,True,qwen,MP 35,1,1,1.0,1,0.0,1,MP 35,MP 35
D:/Data/ePillID_data/ePillID_data\classification_data\fcn_mix_weight/dr_224/53489-0146-01_PART_1_OF_1_CHAL10_SB_8021C06E.jpg,reference,53489-146,MP;85,False,qwen,G342,0,0,0.0,0,1.0,0,G342,MP 85
D:/Data/ePillID_data/ePillID_data\classification_data\fcn_mix_weight/dr_224/53489-0146-01_PART_1_OF_1_CHAL10_SF_8021C06E.jpg,reference,53489-146,MP;85,True,qwen,MP 85,1,1,1.0,1,0.0,1,MP 85,MP 85
D:/Data/ePillID_data/ePillID_data\classification_data\fcn_mix_weight/dr_224/53489-0648-01_PART_1_OF_1_CHAL10_SB_D31DE9BF.jpg,reference,53489-648,Mutual;866,False,qwen,B 1,0,0,0.0,0,1.0,0,B 1,MUTUAL 866
D:/Data/ePillID_data/ePillID_data\classification_data\fcn_mix_weight/dr_224/53489-0648-01_PART_1_OF_1_CHAL10_SF_D31DE9BF.jpg,reference,53489-648,Mutual;866,True,qwen,MUTUAL 866,1,1,1.0,1,0.0,1,MUTUAL 866,MUTUAL 866
D:/Data/ePillID_data/ePillID_data\classification_data\fcn_mix_weight/dr_224/53746-0190-05_PART_1_OF_1_CHAL10_SB_CD1D66AB.jpg,reference,53746-190,IP190;500,False,qwen,500,0,1,0.5,0,0.625,0,500,IP190 500
D:/Data/ePillID_data/ePillID_data\classification_data\fcn_mix_weight/dr_224/53746-0190-05_PART_1_OF_1_CHAL10_SF_CD1D66AB.jpg,reference,53746-190,IP190;500,True,qwen,IP190,0,1,0.5,0,0.375,0,IP190,IP190 500
D:/Data/ePillID_data/ePillID_data\classification_data\fcn_mix_weight/dr_224/55111-0180-15_PART_1_OF_1_CHAL10_SB_D31D69AB.jpg,reference,55111-180,R;180,False,qwen,G342,0,0,0.0,0,1.0,0,G342,R 180
D:/Data/ePillID_data/ePillID_data\classification_data\fcn_mix_weight/dr_224/55111-0180-15_PART_1_OF_1_CHAL10_SF_D31D69AB.jpg,reference,55111-180,R;180,True,qwen,R180,0,0,0.0,0,0.0,1,R180,R 180
D:/Data/ePillID_data/ePillID_data\classification_data\fcn_mix_weight/dr_224/55111-0268-30_PART_1_OF_1_CHAL10_SB_C422E227.jpg,reference,55111-268,RDY;268,False,qwen,268,0,1,0.5,0,0.5,0,268,RDY 268
D:/Data/ePillID_data/ePillID_data\classification_data\fcn_mix_weight/dr_224/55111-0268-30_PART_1_OF_1_CHAL10_SF_C422E227.jpg,reference,55111-268,RDY;268,True,qwen,RDY,0,1,0.5,0,0.5,0,RDY,RDY 268
D:/Data/ePillID_data/ePillID_data\classification_data\fcn_mix_weight/dr_224/55111-0343-30_PART_1_OF_1_CHAL10_SB_4826A465.jpg,reference,55111-343,RDY;343,False,qwen,G342,0,0,0.0,0,0.6666666666666666,0,G342,RDY 343
D:/Data/ePillID_data/ePillID_data\classification_data\fcn_mix_weight/dr_224/55111-0343-30_PART_1_OF_1_CHAL10_SF_4826A465.jpg,reference,55111-343,RDY;343,True,qwen,RDY 343,1,1,1.0,1,0.0,1,RDY 343,RDY 343
D:/Data/ePillID_data/ePillID_data\classification_data\fcn_mix_weight/dr_224/59148-0006-13_PART_1_OF_1_CHAL10_SB_97154BCA.jpg,reference,59148-6,A;006;2,False,qwen,G3,0,0,0.0,0,1.0,0,G3,A 006 2
D:/Data/ePillID_data/ePillID_data\classification_data\fcn_mix_weight/dr_224/59148-0006-13_PART_1_OF_1_CHAL10_SF_97154BCA.jpg,reference,59148-6,A;006;2,True,qwen,A 006 2,1,1,1.0,1,0.0,1,A 006 2,A 006 2
D:/Data/ePillID_data/ePillID_data\classification_data\fcn_mix_weight/dr_224/59762-2004-01_PART_1_OF_1_CHAL10_SB_E61DF31F.jpg,reference,59762-2004,G;2004,False,qwen,B 1,0,0,0.0,0,1.0,0,B 1,G 2004
D:/Data/ePillID_data/ePillID_data\classification_data\fcn_mix_weight/dr_224/59762-2004-01_PART_1_OF_1_CHAL10_SF_E61DF31F.jpg,reference,59762-2004,G;2004,True,qwen,G 2004,1,1,1.0,1,0.0,1,G 2004,G 2004
D:/Data/ePillID_data/ePillID_data\classification_data\fcn_mix_weight/dr_224/59762-5019-01_PART_1_OF_1_CHAL10_SB_232191EC.jpg,reference,59762-5019,G;022;5,False,qwen,5,0,1,0.3333333333333333,0,0.8,0,5,G 022 5
D:/Data/ePillID_data/ePillID_data\classification_data\fcn_mix_weight/dr_224/59762-5019-01_PART_1_OF_1_CHAL10_SF_232191EC.jpg,reference,59762-5019,G;022;5,True,qwen,G 022,0,0,0.6666666666666666,0,0.2,0,G 022,G 022 5
D:/Data/ePillID_data/ePillID_data\classification_data\fcn_mix_weight/dr_224/59762-5024-01_PART_1_OF_1_CHAL10_SB_4D26A6A5.jpg,reference,59762-5024,G;22,False,qwen,B 1,0,0,0.0,0,1.0,0,B 1,G 22
D:/Data/ePillID_data/ePillID_data\classification_data\fcn_mix_weight/dr_224/59762-5024-01_PART_1_OF_1_CHAL10_SF_4D26A6A5.jpg,reference,59762-5024,G;22,True,qwen,G 22,1,1,1.0,1,0.0,1,G 22,G 22
D:/Data/ePillID_data/ePillID_data\classification_data\fcn_mix_weight/dr_224/59762-5033-02_PART_1_OF_1_CHAL10_SB_8015C00E.jpg,reference,59762-5033,GLIPIZIDE;XL;10,False,qwen,G34,0,0,0.0,0,0.9230769230769231,0,G34,GLIPIZIDE XL 10
D:/Data/ePillID_data/ePillID_data\classification_data\fcn_mix_weight/dr_224/59762-5033-02_PART_1_OF_1_CHAL10_SF_8015C00E.jpg,reference,59762-5033,GLIPIZIDE;XL;10,True,qwen,GLIPIZIDE XL 10,1,1,1.0,1,0.0,1,GLIPIZIDE XL 10,GLIPIZIDE XL 10
D:/Data/ePillID_data/ePillID_data\classification_data\fcn_mix_weight/dr_224/63304-0827-90_PART_1_OF_1_CHAL10_SB_F51C7A93.jpg,reference,63304-827,RX12,False,qwen,N,0,0,0.0,0,1.0,0,N,RX12
D:/Data/ePillID_data/ePillID_data\classification_data\fcn_mix_weight/dr_224/63304-0827-90_PART_1_OF_1_CHAL10_SF_F51C7A93.jpg,reference,63304-827,RX12,True,qwen,RX12,1,1,1.0,1,0.0,1,RX12,RX12
D:/Data/ePillID_data/ePillID_data\classification_data\fcn_mix_weight/dr_224/63304-0829-90_PART_1_OF_1_CHAL10_SB_D91C6CE3.jpg,reference,63304-829,RX829,False,qwen,G342,0,0,0.0,0,0.8,0,G342,RX829
D:/Data/ePillID_data/ePillID_data\classification_data\fcn_mix_weight/dr_224/63304-0829-90_PART_1_OF_1_CHAL10_SF_D91C6CE3.jpg,reference,63304-829,RX829,True,qwen,RX829,1,1,1.0,1,0.0,1,RX829,RX829
D:/Data/ePillID_data/ePillID_data\classification_data\fcn_mix_weight/dr_224/63459-0215-30_PART_1_OF_1_CHAL10_SB_D11C6893.jpg,reference,63459-215,C;215,False,qwen,215,0,1,0.5,0,0.25,0,215,C 215
D:/Data/ePillID_data/ePillID_data\classification_data\fcn_mix_weight/dr_224/63459-0215-30_PART_1_OF_1_CHAL10_SF_D11C6893.jpg,reference,63459-215,C;215,True,qwen,C 3,0,0,0.5,0,0.75,0,C 3,C 215
D:/Data/ePillID_data/ePillID_data\classification_data\fcn_mix_weight/dr_224/63459-0700-60_PART_1_OF_1_CHAL10_SB_572D2B99.jpg,reference,63459-700,15;mg;C;Cephalon,False,qwen,PLATHALON 5 MG,0,0,0.25,0,0.8461538461538461,0,PLATHALON 5 MG,15 MG C CEPHALON
D:/Data/ePillID_data/ePillID_data\classification_data\fcn_mix_weight/dr_224/63459-0700-60_PART_1_OF_1_CHAL10_SF_572D2B99.jpg,reference,63459-700,15;mg;C;Cephalon,True,qwen,C 15 MG,0,0,0.75,0,0.7692307692307693,0,C 15 MG,15 MG C CEPHALON
D:/Data/ePillID_data/ePillID_data\classification_data\fcn_mix_weight/dr_224/64764-0918-30_PART_1_OF_1_CHAL10_SB_351D9A9C.jpg,reference,64764-918,TAP;40,False,qwen,40,0,1,0.5,0,0.6,0,40,TAP 40
D:/Data/ePillID_data/ePillID_data\classification_data\fcn_mix_weight/dr_224/64764-0918-30_PART_1_OF_1_CHAL10_SF_351D9A9C.jpg,reference,64764-918,TAP;40,True,qwen,PR,0,0,0.0,0,0.8,0,PR,TAP 40
D:/Data/ePillID_data/ePillID_data\classification_data\fcn_mix_weight/dr_224/64980-0112-01_PART_1_OF_1_CHAL10_SB_DC236E0B.jpg,reference,64980-112,cor;144,False,qwen,G342,0,0,0.0,0,0.8333333333333334,0,G342,COR 144
D:/Data/ePillID_data/ePillID_data\classification_data\fcn_mix_weight/dr_224/64980-0112-01_PART_1_OF_1_CHAL10_SF_DC236E0B.jpg,reference,64980-112,cor;144,True,qwen,COR 144,1,1,1.0,1,0.0,1,COR 144,COR 144
D:/Data/ePillID_data/ePillID_data\classification_data\fcn_mix_weight/dr_224/65597-0118-30_PART_1_OF_1_CHAL10_SB_071D83EC.jpg,reference,65597-118,C57,False,qwen,N,0,0,0.0,0,1.0,0,N,C57
D:/Data/ePillID_data/ePillID_data\classification_data\fcn_mix_weight/dr_224/65597-0118-30_PART_1_OF_1_CHAL10_SF_071D83EC.jpg,reference,65597-118,C57,True,qwen,C57,1,1,1.0,1,0.0,1,C57,C57
D:/Data/ePillID_data/ePillID_data\classification_data\fcn_mix_weight/dr_224/65597-0701-18_PART_1_OF_1_CHAL10_SB_AD1DD6FE.jpg,reference,65597-701,Sankyo;C01,False,qwen,N,0,0,0.0,0,0.8888888888888888,0,N,SANKYO C01
D:/Data/ePillID_data/ePillID_data\classification_data\fcn_mix_weight/dr_224/65597-0701-18_PART_1_OF_1_CHAL10_SF_AD1DD6FE.jpg,reference,65597-701,Sankyo;C01,True,qwen,SANKYO C01,1,1,1.0,1,0.0,1,SANKYO C01,SANKYO C01
D:/Data/ePillID_data/ePillID_data\classification_data\fcn_mix_weight/dr_224/66582-0313-31_PART_1_OF_1_CHAL10_SB_931DC9AE.jpg,reference,66582-313,313,False,qwen,N,0,0,0.0,0,1.0,0,N,313
D:/Data/ePillID_data/ePillID_data\classification_data\fcn_mix_weight/dr_224/66582-0313-31_PART_1_OF_1_CHAL10_SF_931DC9AE.jpg,reference,66582-313,313,True,qwen,313,1,1,1.0,1,0.0,1,313,313
D:/Data/ePillID_data/ePillID_data\classification_data\fcn_mix_weight/dr_224/68180-0478-01_PART_1_OF_1_CHAL10_SB_AB21558A.jpg,reference,68180-478,LL;C02,False,qwen,C02,0,1,0.5,0,0.4,0,C02,LL C02
D:/Data/ePillID_data/ePillID_data\classification_data\fcn_mix_weight/dr_224/68180-0478-01_PART_1_OF_1_CHAL10_SF_AB21558A.jpg,reference,68180-478,LL;C02,True,qwen,LL,0,1,0.5,0,0.6,0,LL,LL C02
D:/Data/ePillID_data/ePillID_data\classification_data\fcn_mix_weight/dr_224/68180-0479-01_PART_1_OF_1_CHAL10_SB_B4215A0A.jpg,reference,68180-479,LL;C03,False,qwen,C03,0,1,0.5,0,0.4,0,C03,LL C03
D:/Data/ePillID_data/ePillID_data\classification_data\fcn_mix_weight/dr_224/68180-0479-01_PART_1_OF_1_CHAL10_SF_B4215A0A.jpg,reference,68180-479,LL;C03,True,qwen,LL,0,1,0.5,0,0.6,0,LL,LL C03
D:/Data/ePillID_data/ePillID_data\classification_data\fcn_mix_weight/dr_224/68382-0024-01_PART_1_OF_1_CHAL10_SB_A12050B2.jpg,reference,68382-24,Z;67,False,qwen,T,0,0,0.0,0,1.0,0,T,Z 67
D:/Data/ePillID_data/ePillID_data\classification_data\fcn_mix_weight/dr_224/68382-0024-01_PART_1_OF_1_CHAL10_SF_A12050B2.jpg,reference,68382-24,Z;67,True,qwen,Z 67,1,1,1.0,1,0.0,1,Z 67,Z 67
D:/Data/ePillID_data/ePillID_data\classification_data\fcn_mix_weight/dr_224/68453-0850-75_PART_1_OF_1_CHAL10_SB_12200910.jpg,reference,68453-850,N;500,False,qwen,500,0,1,0.5,0,0.25,0,500,N 500
D:/Data/ePillID_data/ePillID_data\classification_data\fcn_mix_weight/dr_224/68453-0850-75_PART_1_OF_1_CHAL10_SF_12200910.jpg,reference,68453-850,N;500,True,qwen,N,0,1,0.5,0,0.75,0,N,N 500
D:/Data/ePillID_data/ePillID_data\classification_data\fcn_mix_weight/dr_224/68462-0163-01_PART_1_OF_1_CHAL10_SB_DC216E7B.jpg,reference,68462-163,G;41,False,qwen,41,0,1,0.5,0,0.3333333333333333,0,41,G 41
D:/Data/ePillID_data/ePillID_data\classification_data\fcn_mix_weight/dr_224/68462-0163-01_PART_1_OF_1_CHAL10_SF_DC216E7B.jpg,reference,68462-163,G;41,True,qwen,G,0,1,0.5,0,0.6666666666666666,0,G,G 41
D:/Data/ePillID_data/ePillID_data\classification_data\fcn_mix_weight/dr_224/68462-0358-05_PART_1_OF_1_CHAL10_SB_A71C53C2.jpg,reference,68462-358,IG;257,False,qwen,257,0,1,0.5,0,0.4,0,257,IG 257
D:/Data/ePillID_data/ePillID_data\classification_data\fcn_mix_weight/dr_224/68462-0358-05_PART_1_OF_1_CHAL10_SF_A71C53C2.jpg,reference,68462-358,IG;257,True,qwen,IG,0,1,0.5,0,0.6,0,IG,IG 257
D:/Data/ePillID_data/ePillID_data\classification_data\fcn_mix_weight/dr_224/68462-0360-01_PART_1_OF_1_CHAL10_SB_06230358.jpg,reference,68462-360,IG;275,False,qwen,275,0,1,0.5,0,0.4,0,275,IG 275
D:/Data/ePillID_data/ePillID_data\classification_data\fcn_mix_weight/dr_224/68462-0360-01_PART_1_OF_1_CHAL10_SF_06230358.jpg,reference,68462-360,IG;275,True,qwen,IG,0,1,0.5,0,0.6,0,IG,IG 275
D:/Data/ePillID_data/ePillID_data\classification_data\fcn_mix_weight/dr_224/68968-3500-01_PART_1_OF_1_CHAL10_SB_581E2C71.jpg,reference,68968-3500,NVN2,False,qwen,SPARX,0,0,0.0,0,1.25,0,SPARX,NVN2
D:/Data/ePillID_data/ePillID_data\classification_data\fcn_mix_weight/dr_224/68968-3500-01_PART_1_OF_1_CHAL10_SF_581E2C71.jpg,reference,68968-3500,NVN2,True,qwen,NVN2,1,1,1.0,1,0.0,1,NVN2,NVN2
D:/Data/ePillID_data/ePillID_data\classification_data\fcn_mix_weight/dr_224/99207-0461-30_PART_1_OF_1_CHAL10_SB_EF1C7793.jpg,reference,99207-461,DYN;090,False,qwen,N,0,0,0.0,0,0.8333333333333334,0,N,DYN 090
D:/Data/ePillID_data/ePillID_data\classification_data\fcn_mix_weight/dr_224/99207-0461-30_PART_1_OF_1_CHAL10_SF_EF1C7793.jpg,reference,99207-461,DYN;090,True,qwen,DYN 090,1,1,1.0,1,0.0,1,DYN 090,DYN 090
D:/Data/ePillID_data/ePillID_data\classification_data\fcn_mix_weight/dr_224/99207-0467-30_PART_1_OF_1_CHAL10_SB_C11D60AB.jpg,reference,99207-467,DYN;105,False,qwen,N9,0,0,0.0,0,0.8333333333333334,0,N9,DYN 105
D:/Data/ePillID_data/ePillID_data\classification_data\fcn_mix_weight/dr_224/99207-0467-30_PART_1_OF_1_CHAL10_SF_C11D60AB.jpg,reference,99207-467,DYN;105,True,qwen,DYN 105,1,1,1.0,1,0.0,1,DYN 105,DYN 105
D:/Data/ePillID_data/ePillID_data\classification_data\segmented_nih_pills_224/0002-5123_0_0.jpg,reference,2-5123,10;5123,True,qwen,10,0,1,0.5,0,0.6666666666666666,0,10,10 5123
D:/Data/ePillID_data/ePillID_data\classification_data\segmented_nih_pills_224/0002-5123_0_1.jpg,reference,2-5123,10;5123,False,qwen,5123,0,1,0.5,0,0.3333333333333333,0,5123,10 5123
D:/Data/ePillID_data/ePillID_data\classification_data\segmented_nih_pills_224/0006-0221_0_0.jpg,reference,6-221,221,True,qwen,221,1,1,1.0,1,0.0,1,221,221
D:/Data/ePillID_data/ePillID_data\classification_data\segmented_nih_pills_224/0006-0221_0_1.jpg,reference,6-221,221,False,qwen,T,0,0,0.0,0,1.0,0,T,221
D:/Data/ePillID_data/ePillID_data\classification_data\segmented_nih_pills_224/0006-0575_0_0.jpg,reference,6-575,575,True,qwen,575,1,1,1.0,1,0.0,1,575,575
D:/Data/ePillID_data/ePillID_data\classification_data\segmented_nih_pills_224/0006-0575_0_1.jpg,reference,6-575,575,False,qwen,N,0,0,0.0,0,1.0,0,N,575
D:/Data/ePillID_data/ePillID_data\classification_data\segmented_nih_pills_224/0006-0747_0_0.jpg,reference,6-747,747,True,qwen,HAZAAR,0,0,0.0,0,2.0,0,HAZAAR,747
D:/Data/ePillID_data/ePillID_data\classification_data\segmented_nih_pills_224/0006-0747_0_1.jpg,reference,6-747,747,False,qwen,747,1,1,1.0,1,0.0,1,747,747
D:/Data/ePillID_data/ePillID_data\classification_data\segmented_nih_pills_224/0006-0960_0_0.jpg,reference,6-960,960,True,qwen,960,1,1,1.0,1,0.0,1,960,960
D:/Data/ePillID_data/ePillID_data\classification_data\segmented_nih_pills_224/0006-0960_0_1.jpg,reference,6-960,960,False,qwen,G3,0,0,0.0,0,1.0,0,G3,960
D:/Data/ePillID_data/ePillID_data\classification_data\segmented_nih_pills_224/0007-4883_0_0.jpg,reference,7-4883,GS;11F,True,qwen,GS,0,1,0.5,0,0.6,0,GS,GS 11F
D:/Data/ePillID_data/ePillID_data\classification_data\segmented_nih_pills_224/0007-4883_0_1.jpg,reference,7-4883,GS;11F,False,qwen,11F,0,1,0.5,0,0.4,0,11F,GS 11F
D:/Data/ePillID_data/ePillID_data\classification_data\segmented_nih_pills_224/0008-0836_0_0.jpg,reference,8-836,W;EffexorXR;150,True,qwen,W EFFEXORXR 150,1,1,1.0,1,0.0,1,W EFFEXORXR 150,W EFFEXORXR 150
D:/Data/ePillID_data/ePillID_data\classification_data\segmented_nih_pills_224/0008-0836_0_1.jpg,reference,8-836,W;EffexorXR;150,False,qwen,RED,0,0,0.0,0,0.9230769230769231,0,RED,W EFFEXORXR 150
D:/Data/ePillID_data/ePillID_data\classification_data\segmented_nih_pills_224/0009-5190_0_0.jpg,reference,9-5190,2,True,qwen,2,1,1,1.0,1,0.0,1,2,2
D:/Data/ePillID_data/ePillID_data\classification_data\segmented_nih_pills_224/0009-5190_0_1.jpg,reference,9-5190,2,False,qwen,TEVA,0,0,0.0,0,4.0,0,TEVA,2
D:/Data/ePillID_data/ePillID_data\classification_data\segmented_nih_pills_224/0039-0067_0_0.jpg,reference,39-67,LASIX,True,qwen,LASIX R,0,0,1.0,1,0.2,1,LASIX R,LASIX
D:/Data/ePillID_data/ePillID_data\classification_data\segmented_nih_pills_224/0039-0067_0_1.jpg,reference,39-67,LASIX,False,qwen,E,0,0,0.0,0,1.0,0,E,LASIX
D:/Data/ePillID_data/ePillID_data\classification_data\segmented_nih_pills_224/0046-1104_0_0.jpg,reference,46-1104,PREMARIN;125,True,qwen,PREMARIN 1 25,0,0,0.5,0,0.0,1,PREMARIN 1 25,PREMARIN 125
D:/Data/ePillID_data/ePillID_data\classification_data\segmented_nih_pills_224/0046-1104_0_1.jpg,reference,46-1104,PREMARIN;125,False,qwen,M,0,0,0.0,0,0.9090909090909091,0,M,PREMARIN 125
D:/Data/ePillID_data/ePillID_data\classification_data\segmented_nih_pills_224/0049-2340_0_0.jpg,reference,49-2340,REP40;Pfizer,True,qwen,PFIZER,0,1,0.5,0,0.45454545454545453,0,PFIZER,REP40 PFIZER
D:/Data/ePillID_data/ePillID_data\classification_data\segmented_nih_pills_224/0049-2340_0_1.jpg,reference,49-2340,REP40;Pfizer,False,qwen,REP 40,0,0,0.0,0,0.5454545454545454,0,REP 40,REP40 PFIZER
D:/Data/ePillID_data/ePillID_data\classification_data\segmented_nih_pills_224/0054-0021_0_0.jpg,reference,54-21,54;107,True,qwen,54 107,1,1,1.0,1,0.0,1,54 107,54 107
D:/Data/ePillID_data/ePillID_data\classification_data\segmented_nih_pills_224/0054-0021_0_1.jpg,reference,54-21,54;107,False,qwen,N,0,0,0.0,0,1.0,0,N,54 107
D:/Data/ePillID_data/ePillID_data\classification_data\segmented_nih_pills_224/0054-0037_0_0.jpg,reference,54-37,54;312,True,qwen,54 312,1,1,1.0,1,0.0,1,54 312,54 312
D:/Data/ePillID_data/ePillID_data\classification_data\segmented_nih_pills_224/0054-0037_0_1.jpg,reference,54-37,54;312,False,qwen,T,0,0,0.0,0,1.0,0,T,54 312
D:/Data/ePillID_data/ePillID_data\classification_data\segmented_nih_pills_224/0054-0269_0_0.jpg,reference,54-269,54;753,True,qwen,54 753,1,1,1.0,1,0.0,1,54 753,54 753
D:/Data/ePillID_data/ePillID_data\classification_data\segmented_nih_pills_224/0054-0269_0_1.jpg,reference,54-269,54;753,False,qwen,G3,0,0,0.0,0,0.8,0,G3,54 753
D:/Data/ePillID_data/ePillID_data\classification_data\segmented_nih_pills_224/0054-2531_0_0.jpg,reference,54-2531,54;702,True,qwen,54 702,1,1,1.0,1,0.0,1,54 702,54 702
D:/Data/ePillID_data/ePillID_data\classification_data\segmented_nih_pills_224/0054-2531_0_1.jpg,reference,54-2531,54;702,False,qwen,G342,0,0,0.0,0,0.8,0,G342,54 702
D:/Data/ePillID_data/ePillID_data\classification_data\segmented_nih_pills_224/0056-0169_0_0.jpg,reference,56-169,1;COUMADIN,True,qwen,1 COUMADIN,1,1,1.0,1,0.0,1,1 COUMADIN,1 COUMADIN
D:/Data/ePillID_data/ePillID_data\classification_data\segmented_nih_pills_224/0056-0169_0_1.jpg,reference,56-169,1;COUMADIN,False,qwen,PHILADELPHIA,0,0,0.0,0,1.1111111111111112,0,PHILADELPHIA,1 COUMADIN
D:/Data/ePillID_data/ePillID_data\classification_data\segmented_nih_pills_224/0069-2180_0_0.jpg,reference,69-2180,Pfizer;CDT;102,True,qwen,NORTRIPTYLINE,0,0,0.0,0,1.0,0,NORTRIPTYLINE,PFIZER CDT 102
D:/Data/ePillID_data/ePillID_data\classification_data\segmented_nih_pills_224/0069-2180_0_1.jpg,reference,69-2180,Pfizer;CDT;102,False,qwen,COT 102,0,0,0.3333333333333333,0,0.5833333333333334,0,COT 102,PFIZER CDT 102
D:/Data/ePillID_data/ePillID_data\classification_data\segmented_nih_pills_224/0071-0417_0_0.jpg,reference,71-417,N;3,True,qwen,N,0,1,0.5,0,0.5,0,N,N 3
D:/Data/ePillID_data/ePillID_data\classification_data\segmented_nih_pills_224/0071-0417_0_1.jpg,reference,71-417,N;3,False,qwen,B 3,0,0,0.5,0,0.5,0,B 3,N 3
D:/Data/ePillID_data/ePillID_data\classification_data\segmented_nih_pills_224/0071-1014_0_0.jpg,reference,71-1014,Pfizer;PGN;75,True,qwen,PFIZER PGN 75,1,1,1.0,1,0.0,1,PFIZER PGN 75,PFIZER PGN 75
D:/Data/ePillID_data/ePillID_data\classification_data\segmented_nih_pills_224/0071-1014_0_1.jpg,reference,71-1014,Pfizer;PGN;75,False,qwen,G342,0,0,0.0,0,0.9090909090909091,0,G342,PFIZER PGN 75
D:/Data/ePillID_data/ePillID_data\classification_data\segmented_nih_pills_224/0076-0901_0_0.jpg,reference,76-901,SAT;901,True,qwen,SAT,0,1,0.5,0,0.5,0,SAT,SAT 901
D:/Data/ePillID_data/ePillID_data\classification_data\segmented_nih_pills_224/0076-0901_0_1.jpg,reference,76-901,SAT;901,False,qwen,901,0,1,0.5,0,0.5,0,901,SAT 901
D:/Data/ePillID_data/ePillID_data\classification_data\segmented_nih_pills_224/0078-0456_0_0.jpg,reference,78-456,T;D;C;G,True,qwen,1 0,0,0,0.0,0,1.0,0,1 0,T D C G
D:/Data/ePillID_data/ePillID_data\classification_data\segmented_nih_pills_224/0078-0456_0_1.jpg,reference,78-456,T;D;C;G,False,qwen,CG,0,0,0.0,0,0.5,0,CG,T D C G
D:/Data/ePillID_data/ePillID_data\classification_data\segmented_nih_pills_224/0078-0485_0_0.jpg,reference,78-485,NVR;IL,True,qwen,NVR,0,1,0.5,0,0.4,0,NVR,NVR IL
D:/Data/ePillID_data/ePillID_data\classification_data\segmented_nih_pills_224/0078-0485_0_1.jpg,reference,78-485,NVR;IL,False,qwen,IL,0,1,0.5,0,0.6,0,IL,NVR IL
D:/Data/ePillID_data/ePillID_data\classification_data\segmented_nih_pills_224/0078-0488_0_0.jpg,reference,78-488,NVR;ECE,True,qwen,NVR,0,1,0.5,0,0.5,0,NVR,NVR ECE
D:/Data/ePillID_data/ePillID_data\classification_data\segmented_nih_pills_224/0078-0488_0_1.jpg,reference,78-488,NVR;ECE,False,qwen,ECL,0,0,0.0,0,0.6666666666666666,0,ECL,NVR ECE
D:/Data/ePillID_data/ePillID_data\classification_data\segmented_nih_pills_224/0088-1090_0_0.jpg,reference,88-1090,06;012D,True,qwen,06 012D,1,1,1.0,1,0.0,1,06 012D,06 012D
D:/Data/ePillID_data/ePillID_data\classification_data\segmented_nih_pills_224/0088-1090_0_1.jpg,reference,88-1090,06;012D,False,qwen,N,0,0,0.0,0,1.0,0,N,06 012D
D:/Data/ePillID_data/ePillID_data\classification_data\segmented_nih_pills_224/0093-0832_0_0.jpg,reference,93-832,832;TEVA,True,qwen,TEVA,0,1,0.5,0,0.42857142857142855,0,TEVA,832 TEVA
D:/Data/ePillID_data/ePillID_data\classification_data\segmented_nih_pills_224/0093-0832_0_1.jpg,reference,93-832,832;TEVA,False,qwen,832,0,1,0.5,0,0.5714285714285714,0,832,832 TEVA
D:/Data/ePillID_data/ePillID_data\classification_data\segmented_nih_pills_224/0093-1135_0_0.jpg,reference,93-1135,TEVA;1135,True,qwen,TEVA 1135,1,1,1.0,1,0.0,1,TEVA 1135,TEVA 1135
D:/Data/ePillID_data/ePillID_data\classification_data\segmented_nih_pills_224/0093-1135_0_1.jpg,reference,93-1135,TEVA;1135,False,qwen,G3,0,0,0.0,0,0.875,0,G3,TEVA 1135
D:/Data/ePillID_data/ePillID_data\classification_data\segmented_nih_pills_224/0093-2056_0_0.jpg,reference,93-2056,TO,True,qwen,TO,1,1,1.0,1,0.0,1,TO,TO
D:/Data/ePillID_data/ePillID_data\classification_data\segmented_nih_pills_224/0093-2056_0_1.jpg,reference,93-2056,TO,False,qwen,W,0,0,0.0,0,1.0,0,W,TO
D:/Data/ePillID_data/ePillID_data\classification_data\segmented_nih_pills_224/0093-2067_0_0.jpg,reference,93-2067,TV;598;8,True,qwen,TV 598,0,0,0.6666666666666666,0,0.16666666666666666,0,TV 598,TV 598 8
D:/Data/ePillID_data/ePillID_data\classification_data\segmented_nih_pills_224/0093-2067_0_1.jpg,reference,93-2067,TV;598;8,False,qwen,8,0,1,0.3333333333333333,0,0.8333333333333334,0,8,TV 598 8
D:/Data/ePillID_data/ePillID_data\classification_data\segmented_nih_pills_224/0093-5060_0_0.jpg,reference,93-5060,TV;307,True,qwen,TV,0,1,0.5,0,0.6,0,TV,TV 307
D:/Data/ePillID_data/ePillID_data\classification_data\segmented_nih_pills_224/0093-5060_0_1.jpg,reference,93-5060,TV;307,False,qwen,307,0,1,0.5,0,0.4,0,307,TV 307
D:/Data/ePillID_data/ePillID_data\classification_data\segmented_nih_pills_224/0093-5292_0_0.jpg,reference,93-5292,93;5292;93;5292,True,qwen,93 5292 93 5292,1,1,1.0,1,0.0,1,93 5292 93 5292,93 5292 93 5292
D:/Data/ePillID_data/ePillID_data\classification_data\segmented_nih_pills_224/0093-5292_0_1.jpg,reference,93-5292,93;5292;93;5292,False,qwen,G34,0,0,0.0,0,0.9166666666666666,0,G34,93 5292 93 5292
D:/Data/ePillID_data/ePillID_data\classification_data\segmented_nih_pills_224/0093-5379_0_0.jpg,reference,93-5379,799;b,True,qwen,B 6,0,0,0.5,0,1.0,0,B 6,799 B
D:/Data/ePillID_data/ePillID_data\classification_data\segmented_nih_pills_224/0093-5379_0_1.jpg,reference,93-5379,799;b,False,qwen,799,0,1,0.5,0,0.25,0,799,799 B
D:/Data/ePillID_data/ePillID_data\classification_data\segmented_nih_pills_224/0093-5509_0_0.jpg,reference,93-5509,T21,True,qwen,T21,1,1,1.0,1,0.0,1,T21,T21
D:/Data/ePillID_data/ePillID_data\classification_data\segmented_nih_pills_224/0093-5509_0_1.jpg,reference,93-5509,T21,False,qwen,N,0,0,0.0,0,1.0,0,N,T21
D:/Data/ePillID_data/ePillID_data\classification_data\segmented_nih_pills_224/0093-5553_0_0.jpg,reference,93-5553,TEVA;5553,True,qwen,TEVA 5553,1,1,1.0,1,0.0,1,TEVA 5553,TEVA 5553
D:/Data/ePillID_data/ePillID_data\classification_data\segmented_nih_pills_224/0093-5553_0_1.jpg,reference,93-5553,TEVA;5553,False,qwen,PLAIN,0,0,0.0,0,0.875,0,PLAIN,TEVA 5553
D:/Data/ePillID_data/ePillID_data\classification_data\segmented_nih_pills_224/0093-5742_0_0.jpg,reference,93-5742,100;mg,True,qwen,100 MG,1,1,1.0,1,0.0,1,100 MG,100 MG
D:/Data/ePillID_data/ePillID_data\classification_data\segmented_nih_pills_224/0093-5742_0_1.jpg,reference,93-5742,100;mg,False,qwen,N,0,0,0.0,0,1.0,0,N,100 MG
D:/Data/ePillID_data/ePillID_data\classification_data\segmented_nih_pills_224/0093-6450_0_0.jpg,reference,93-6450,6450;20;mg,True,qwen,6450 20 MG,1,1,1.0,1,0.0,1,6450 20 MG,6450 20 MG
D:/Data/ePillID_data/ePillID_data\classification_data\segmented_nih_pills_224/0093-6450_0_1.jpg,reference,93-6450,6450;20;mg,False,qwen,T,0,0,0.0,0,1.0,0,T,6450 20 MG
D:/Data/ePillID_data/ePillID_data\classification_data\segmented_nih_pills_224/0093-7373_0_0.jpg,reference,93-7373,TEVA;7373,True,qwen,TEVA 7373,1,1,1.0,1,0.0,1,TEVA 7373,TEVA 7373
D:/Data/ePillID_data/ePillID_data\classification_data\segmented_nih_pills_224/0093-7373_0_1.jpg,reference,93-7373,TEVA;7373,False,qwen,PLAIN,0,0,0.0,0,0.875,0,PLAIN,TEVA 7373
D:/Data/ePillID_data/ePillID_data\classification_data\segmented_nih_pills_224/0093-7387_0_0.jpg,reference,93-7387,TEVA;7387,True,qwen,TEVA,0,1,0.5,0,0.5,0,TEVA,TEVA 7387
D:/Data/ePillID_data/ePillID_data\classification_data\segmented_nih_pills_224/0093-7387_0_1.jpg,reference,93-7387,TEVA;7387,False,qwen,7387,0,1,0.5,0,0.5,0,7387,TEVA 7387
D:/Data/ePillID_data/ePillID_data\classification_data\segmented_nih_pills_224/0093-7424_0_0.jpg,reference,93-7424,TV;7424,True,qwen,TV,0,1,0.5,0,0.6666666666666666,0,TV,TV 7424
D:/Data/ePillID_data/ePillID_data\classification_data\segmented_nih_pills_224/0093-7424_0_1.jpg,reference,93-7424,TV;7424,False,qwen,424,0,0,0.0,0,0.5,0,424,TV 7424
D:/Data/ePillID_data/ePillID_data\classification_data\segmented_nih_pills_224/0093-7472_0_0.jpg,reference,93-7472,93;7472,True,qwen,93,0,1,0.5,0,0.6666666666666666,0,93,93 7472
D:/Data/ePillID_data/ePillID_data\classification_data\segmented_nih_pills_224/0093-7472_0_1.jpg,reference,93-7472,93;7472,False,qwen,7472,0,1,0.5,0,0.3333333333333333,0,7472,93 7472
D:/Data/ePillID_data/ePillID_data\classification_data\segmented_nih_pills_224/0093-7581_0_0.jpg,reference,93-7581,TV;7581,True,qwen,TV,0,1,0.5,0,0.6666666666666666,0,TV,TV 7581
D:/Data/ePillID_data/ePillID_data\classification_data\segmented_nih_pills_224/0093-7581_0_1.jpg,reference,93-7581,TV;7581,False,qwen,7581,0,1,0.5,0,0.3333333333333333,0,7581,TV 7581
D:/Data/ePillID_data/ePillID_data\classification_data\segmented_nih_pills_224/0115-4433_0_0.jpg,reference,115-4433,G443,True,qwen,G 443,0,0,0.0,0,0.0,1,G 443,G443
D:/Data/ePillID_data/ePillID_data\classification_data\segmented_nih_pills_224/0115-4433_0_1.jpg,reference,115-4433,G443,False,qwen,RED,0,0,0.0,0,1.0,0,RED,G443
D:/Data/ePillID_data/ePillID_data\classification_data\segmented_nih_pills_224/0131-3268_0_0.jpg,reference,131-3268,OS304,True,qwen,OS 304,0,0,0.0,0,0.0,1,OS 304,OS304
D:/Data/ePillID_data/ePillID_data\classification_data\segmented_nih_pills_224/0131-3268_0_1.jpg,reference,131-3268,OS304,False,qwen,POLYPROPYLENE,0,0,0.0,0,2.4,0,POLYPROPYLENE,OS304
D:/Data/ePillID_data/ePillID_data\classification_data\segmented_nih_pills_224/0143-1333_0_0.jpg,reference,143-1333,WW;33,True,qwen,WW 33,1,1,1.0,1,0.0,1,WW 33,WW 33
D:/Data/ePillID_data/ePillID_data\classification_data\segmented_nih_pills_224/0143-1333_0_1.jpg,reference,143-1333,WW;33,False,qwen,T,0,0,0.0,0,1.0,0,T,WW 33
D:/Data/ePillID_data/ePillID_data\classification_data\segmented_nih_pills_224/0143-1445_0_0.jpg,reference,143-1445,Westward;445,True,qwen,WEST WARD 445,0,0,0.5,0,0.0,1,WEST WARD 445,WESTWARD 445
D:/Data/ePillID_data/ePillID_data\classification_data\segmented_nih_pills_224/0143-1445_0_1.jpg,reference,143-1445,Westward;445,False,qwen,EPISTEMOL,0,0,0.0,0,0.9090909090909091,0,EPISTEMOL,WESTWARD 445
D:/Data/ePillID_data/ePillID_data\classification_data\segmented_nih_pills_224/0143-1450_0_0.jpg,reference,143-1450,Westward;450,True,qwen,WESTWARD 450,1,1,1.0,1,0.0,1,WESTWARD 450,WESTWARD 450
D:/Data/ePillID_data/ePillID_data\classification_data\segmented_nih_pills_224/0143-1450_0_1.jpg,reference,143-1450,Westward;450,False,qwen,B 1,0,0,0.0,0,1.0,0,B 1,WESTWARD 450
D:/Data/ePillID_data/ePillID_data\classification_data\segmented_nih_pills_224/0143-3018_0_0.jpg,reference,143-3018,Westward;118,True,qwen,WEST WARD 118,0,0,0.5,0,0.0,1,WEST WARD 118,WESTWARD 118
D:/Data/ePillID_data/ePillID_data\classification_data\segmented_nih_pills_224/0143-3018_0_1.jpg,reference,143-3018,Westward;118,False,qwen,BLUE,0,0,0.0,0,1.0,0,BLUE,WESTWARD 118
D:/Data/ePillID_data/ePillID_data\classification_data\segmented_nih_pills_224/0173-0387_0_0.jpg,reference,173-387,GX;ES7,True,qwen,GX ES7,1,1,1.0,1,0.0,1,GX ES7,GX ES7
D:/Data/ePillID_data/ePillID_data\classification_data\segmented_nih_pills_224/0173-0387_0_1.jpg,reference,173-387,GX;ES7,False,qwen,T,0,0,0.0,0,1.0,0,T,GX ES7
D:/Data/ePillID_data/ePillID_data\classification_data\segmented_nih_pills_224/0173-0393_0_0.jpg,reference,173-393,ZANTAC;300;Glaxo,True,qwen,GLOXO,0,0,0.0,0,0.7142857142857143,0,GLOXO,ZANTAC 300 GLAXO
D:/Data/ePillID_data/ePillID_data\classification_data\segmented_nih_pills_224/0173-0393_0_1.jpg,reference,173-393,ZANTAC;300;Glaxo,False,qwen,ZANTAC 300,0,0,0.6666666666666666,0,0.35714285714285715,0,ZANTAC 300,ZANTAC 300 GLAXO
D:/Data/ePillID_data/ePillID_data\classification_data\segmented_nih_pills_224/0173-0643_0_0.jpg,reference,173-643,LAMICTAL;150,True,qwen,LAMICTAL 150,1,1,1.0,1,0.0,1,LAMICTAL 150,LAMICTAL 150
D:/Data/ePillID_data/ePillID_data\classification_data\segmented_nih_pills_224/0173-0643_0_1.jpg,reference,173-643,LAMICTAL;150,False,qwen,T,0,0,0.0,0,0.9090909090909091,0,T,LAMICTAL 150
D:/Data/ePillID_data/ePillID_data\classification_data\segmented_nih_pills_224/0173-0712_0_0.jpg,reference,173-712,GX;CE2,True,qwen,GX CE2,1,1,1.0,1,0.0,1,GX CE2,GX CE2
D:/Data/ePillID_data/ePillID_data\classification_data\segmented_nih_pills_224/0173-0712_0_1.jpg,reference,173-712,GX;CE2,False,qwen,B,0,0,0.0,0,1.0,0,B,GX CE2
D:/Data/ePillID_data/ePillID_data\classification_data\segmented_nih_pills_224/0173-0756_0_0.jpg,reference,173-756,LAMICTAL;XR;100,True,qwen,LAMICTAL XR 100,1,1,1.0,1,0.0,1,LAMICTAL XR 100,LAMICTAL XR 100
D:/Data/ePillID_data/ePillID_data\classification_data\segmented_nih_pills_224/0173-0756_0_1.jpg,reference,173-756,LAMICTAL;XR;100,False,qwen,T,0,0,0.0,0,0.9230769230769231,0,T,LAMICTAL XR 100
D:/Data/ePillID_data/ePillID_data\classification_data\segmented_nih_pills_224/0173-0777_0_0.jpg,reference,173-777,LAMICTAL;200,True,qwen,LAMICTAL,0,1,0.5,0,0.2727272727272727,0,LAMICTAL,LAMICTAL 200
D:/Data/ePillID_data/ePillID_data\classification_data\segmented_nih_pills_224/0173-0777_0_1.jpg,reference,173-777,LAMICTAL;200,False,qwen,200,0,1,0.5,0,0.7272727272727273,0,200,LAMICTAL 200
D:/Data/ePillID_data/ePillID_data\classification_data\segmented_nih_pills_224/0173-0809_0_0.jpg,reference,173-809,GZ;7CZ,True,qwen,GS 7CZ,0,0,0.5,0,0.2,0,GS 7CZ,GZ 7CZ
D:/Data/ePillID_data/ePillID_data\classification_data\segmented_nih_pills_224/0173-0809_0_1.jpg,reference,173-809,GZ;7CZ,False,qwen,B 1,0,0,0.0,0,1.0,0,B 1,GZ 7CZ
D:/Data/ePillID_data/ePillID_data\classification_data\segmented_nih_pills_224/0179-0025_0_0.jpg,reference,179-25,GG;929,True,qwen,GG929,0,0,0.0,0,0.0,1,GG929,GG 929
D:/Data/ePillID_data/ePillID_data\classification_data\segmented_nih_pills_224/0179-0025_0_1.jpg,reference,179-25,GG;929,False,qwen,L,0,0,0.0,0,1.0,0,L,GG 929
D:/Data/ePillID_data/ePillID_data\classification_data\segmented_nih_pills_224/0179-0071_0_0.jpg,reference,179-71,9;3;7207,True,qwen,9 3,0,0,0.6666666666666666,0,0.6666666666666666,0,9 3,9 3 7207
D:/Data/ePillID_data/ePillID_data\classification_data\segmented_nih_pills_224/0179-0071_0_1.jpg,reference,179-71,9;3;7207,False,qwen,1707,0,0,0.0,0,0.5,0,1707,9 3 7207
D:/Data/ePillID_data/ePillID_data\classification_data\segmented_nih_pills_224/0179-0083_0_0.jpg,reference,179-83,P1,True,qwen,P1,1,1,1.0,1,0.0,1,P1,P1
D:/Data/ePillID_data/ePillID_data\classification_data\segmented_nih_pills_224/0179-0083_0_1.jpg,reference,179-83,P1,False,qwen,PINK,0,0,0.0,0,1.5,0,PINK,P1
D:/Data/ePillID_data/ePillID_data\classification_data\segmented_nih_pills_224/0179-0128_0_0.jpg,reference,179-128,7152;TV,True,qwen,TV,0,1,0.5,0,0.6666666666666666,0,TV,7152 TV
D:/Data/ePillID_data/ePillID_data\classification_data\segmented_nih_pills_224/0179-0128_0_1.jpg,reference,179-128,7152;TV,False,qwen,7152,0,1,0.5,0,0.3333333333333333,0,7152,7152 TV
D:/Data/ePillID_data/ePillID_data\classification_data\segmented_nih_pills_224/0179-0158_0_0.jpg,reference,179-158,HP;248,True,qwen,HP,0,1,0.5,0,0.6,0,HP,HP 248
D:/Data/ePillID_data/ePillID_data\classification_data\segmented_nih_pills_224/0179-0158_0_1.jpg,reference,179-158,HP;248,False,qwen,248,0,1,0.5,0,0.4,0,248,HP 248
D:/Data/ePillID_data/ePillID_data\classification_data\segmented_nih_pills_224/0179-0161_0_0.jpg,reference,179-161,E;73,True,qwen,E 73,1,1,1.0,1,0.0,1,E 73,E 73
D:/Data/ePillID_data/ePillID_data\classification_data\segmented_nih_pills_224/0179-0161_0_1.jpg,reference,179-161,E;73,False,qwen,CAPSULE,0,0,0.0,0,2.3333333333333335,0,CAPSULE,E 73
D:/Data/ePillID_data/ePillID_data\classification_data\segmented_nih_pills_224/0179-0219_0_0.jpg,reference,179-219,7156;TV,True,qwen,TV,0,1,0.5,0,0.6666666666666666,0,TV,7156 TV
D:/Data/ePillID_data/ePillID_data\classification_data\segmented_nih_pills_224/0179-0219_0_1.jpg,reference,179-219,7156;TV,False,qwen,7156,0,1,0.5,0,0.3333333333333333,0,7156,7156 TV
D:/Data/ePillID_data/ePillID_data\classification_data\segmented_nih_pills_224/0179-1431_0_0.jpg,reference,179-1431,3927;TEVA,True,qwen,TEVA,0,1,0.5,0,0.5,0,TEVA,3927 TEVA
D:/Data/ePillID_data/ePillID_data\classification_data\segmented_nih_pills_224/0179-1431_0_1.jpg,reference,179-1431,3927;TEVA,False,qwen,3927,0,1,0.5,0,0.5,0,3927,3927 TEVA
D:/Data/ePillID_data/ePillID_data\classification_data\segmented_nih_pills_224/0179-1899_0_0.jpg,reference,179-1899,7153;TV,True,qwen,TV,0,1,0.5,0,0.6666666666666666,0,TV,7153 TV
D:/Data/ePillID_data/ePillID_data\classification_data\segmented_nih_pills_224/0179-1899_0_1.jpg,reference,179-1899,7153;TV,False,qwen,7153,0,1,0.5,0,0.3333333333333333,0,7153,7153 TV
D:/Data/ePillID_data/ePillID_data\classification_data\segmented_nih_pills_224/0185-0047_0_0.jpg,reference,185-47,E;47,True,qwen,E 47,1,1,1.0,1,0.0,1,E 47,E 47
D:/Data/ePillID_data/ePillID_data\classification_data\segmented_nih_pills_224/0185-0047_0_1.jpg,reference,185-47,E;47,False,qwen,T,0,0,0.0,0,1.0,0,T,E 47
D:/Data/ePillID_data/ePillID_data\classification_data\segmented_nih_pills_224/0185-0118_0_0.jpg,reference,185-118,E118,True,qwen,E 118,0,0,0.0,0,0.0,1,E 118,E118
D:/Data/ePillID_data/ePillID_data\classification_data\segmented_nih_pills_224/0185-0118_0_1.jpg,reference,185-118,E118,False,qwen,T,0,0,0.0,0,1.0,0,T,E118
D:/Data/ePillID_data/ePillID_data\classification_data\segmented_nih_pills_224/0185-0630_0_0.jpg,reference,185-630,E103,True,qwen,E 103,0,0,0.0,0,0.0,1,E 103,E103
D:/Data/ePillID_data/ePillID_data\classification_data\segmented_nih_pills_224/0185-0630_0_1.jpg,reference,185-630,E103,False,qwen,N,0,0,0.0,0,1.0,0,N,E103
D:/Data/ePillID_data/ePillID_data\classification_data\segmented_nih_pills_224/0228-2129_0_0.jpg,reference,228-2129,R129,True,qwen,G342,0,0,0.0,0,1.0,0,G342,R129
D:/Data/ePillID_data/ePillID_data\classification_data\segmented_nih_pills_224/0228-2129_0_1.jpg,reference,228-2129,R129,False,qwen,129,0,0,0.0,0,0.25,0,129,R129
D:/Data/ePillID_data/ePillID_data\classification_data\segmented_nih_pills_224/0228-2751_0_0.jpg,reference,228-2751,R;751,True,qwen,R 751,1,1,1.0,1,0.0,1,R 751,R 751
D:/Data/ePillID_data/ePillID_data\classification_data\segmented_nih_pills_224/0228-2751_0_1.jpg,reference,228-2751,R;751,False,qwen,B,0,0,0.0,0,1.0,0,B,R 751
D:/Data/ePillID_data/ePillID_data\classification_data\segmented_nih_pills_224/0228-2780_0_0.jpg,reference,228-2780,R;2780,True,qwen,R 2780,1,1,1.0,1,0.0,1,R 2780,R 2780
D:/Data/ePillID_data/ePillID_data\classification_data\segmented_nih_pills_224/0228-2780_0_1.jpg,reference,228-2780,R;2780,False,qwen,M B,0,0,0.0,0,1.0,0,M B,R 2780
D:/Data/ePillID_data/ePillID_data\classification_data\segmented_nih_pills_224/0245-0040_0_0.jpg,reference,245-40,KC;8,True,qwen,KC 8,1,1,1.0,1,0.0,1,KC 8,KC 8
D:/Data/ePillID_data/ePillID_data\classification_data\segmented_nih_pills_224/0245-0040_0_1.jpg,reference,245-40,KC;8,False,qwen,B 1,0,0,0.0,0,1.0,0,B 1,KC 8
D:/Data/ePillID_data/ePillID_data\classification_data\segmented_nih_pills_224/0245-0084_0_0.jpg,reference,245-84,UPSHER;SMITH;0084;60mg,True,qwen,UPSHER 008 60 MG,0,0,0.25,0,0.3157894736842105,0,UPSHER 008 60 MG,UPSHER SMITH 0084 60MG
D:/Data/ePillID_data/ePillID_data\classification_data\segmented_nih_pills_224/0245-0084_0_1.jpg,reference,245-84,UPSHER;SMITH;0084;60mg,False,qwen,R SMITH 084,0,0,0.25,0,0.5263157894736842,0,R SMITH 084,UPSHER SMITH 0084 60MG
D:/Data/ePillID_data/ePillID_data\classification_data\segmented_nih_pills_224/0245-0087_0_0.jpg,reference,245-87,UPSHER;SMITH;0087;160mg,True,qwen,UPSHER 008 160 MG,0,0,0.25,0,0.3,0,UPSHER 008 160 MG,UPSHER SMITH 0087 160MG
D:/Data/ePillID_data/ePillID_data\classification_data\segmented_nih_pills_224/0245-0087_0_1.jpg,reference,245-87,UPSHER;SMITH;0087;160mg,False,qwen,DR SMITH 487 MG,0,0,0.25,0,0.5,0,DR SMITH 487 MG,UPSHER SMITH 0087 160MG
D:/Data/ePillID_data/ePillID_data\classification_data\segmented_nih_pills_224/0245-0213_0_0.jpg,reference,245-213,US;10;213,True,qwen,US 10,0,0,0.6666666666666666,0,0.42857142857142855,0,US 10,US 10 213
D:/Data/ePillID_data/ePillID_data\classification_data\segmented_nih_pills_224/0245-0213_0_1.jpg,reference,245-213,US;10;213,False,qwen,213,0,1,0.3333333333333333,0,0.5714285714285714,0,213,US 10 213
D:/Data/ePillID_data/ePillID_data\classification_data\segmented_nih_pills_224/0310-0131_0_0.jpg,reference,310-131,ZESTRIL10;131,True,qwen,ZESTRIL 10,0,0,0.0,0,0.25,0,ZESTRIL 10,ZESTRIL10 131
D:/Data/ePillID_data/ePillID_data\classification_data\segmented_nih_pills_224/0310-0131_0_1.jpg,reference,310-131,ZESTRIL10;131,False,qwen,131,0,1,0.5,0,0.75,0,131,ZESTRIL10 131
D:/Data/ePillID_data/ePillID_data\classification_data\segmented_nih_pills_224/0363-0572_0_0.jpg,reference,363-572,L;2,True,qwen,1 2,0,0,0.5,0,0.5,0,1 2,L 2
D:/Data/ePillID_data/ePillID_data\classification_data\segmented_nih_pills_224/0363-0572_0_1.jpg,reference,363-572,L;2,False,qwen,B 1,0,0,0.0,0,1.0,0,B 1,L 2
D:/Data/ePillID_data/ePillID_data\classification_data\segmented_nih_pills_224/0378-0069_0_0.jpg,reference,378-69,M;69,True,qwen,M,0,1,0.5,0,0.6666666666666666,0,M,M 69
D:/Data/ePillID_data/ePillID_data\classification_data\segmented_nih_pills_224/0378-0069_0_1.jpg,reference,378-69,M;69,False,qwen,69,0,1,0.5,0,0.3333333333333333,0,69,M 69
D:/Data/ePillID_data/ePillID_data\classification_data\segmented_nih_pills_224/0378-0162_0_0.jpg,reference,378-162,MYLAN;162,True,qwen,MYLAN 162,1,1,1.0,1,0.0,1,MYLAN 162,MYLAN 162
D:/Data/ePillID_data/ePillID_data\classification_data\segmented_nih_pills_224/0378-0162_0_1.jpg,reference,378-162,MYLAN;162,False,qwen,G3,0,0,0.0,0,1.0,0,G3,MYLAN 162
D:/Data/ePillID_data/ePillID_data\classification_data\segmented_nih_pills_224/0378-0353_0_0.jpg,reference,378-353,M;NE;30,True,qwen,M,0,1,0.3333333333333333,0,0.8,0,M,M NE 30
D:/Data/ePillID_data/ePillID_data\classification_data\segmented_nih_pills_224/0378-0353_0_1.jpg,reference,378-353,M;NE;30,False,qwen,NE 30,0,0,0.6666666666666666,0,0.2,0,NE 30,M NE 30
D:/Data/ePillID_data/ePillID_data\classification_data\segmented_nih_pills_224/0378-0712_0_0.jpg,reference,378-712,M;712,True,qwen,M,0,1,0.5,0,0.75,0,M,M 712
D:/Data/ePillID_data/ePillID_data\classification_data\segmented_nih_pills_224/0378-0712_0_1.jpg,reference,378-712,M;712,False,qwen,712,0,1,0.5,0,0.25,0,712,M 712
D:/Data/ePillID_data/ePillID_data\classification_data\segmented_nih_pills_224/0378-1175_0_0.jpg,reference,378-1175,M;B4;10;10;10,True,qwen,M B4,0,0,0.4,0,0.6666666666666666,0,M B4,M B4 10 10 10
D:/Data/ePillID_data/ePillID_data\classification_data\segmented_nih_pills_224/0378-1175_0_1.jpg,reference,378-1175,M;B4;10;10;10,False,qwen,10 10 10,0,0,0.6,0,0.3333333333333333,0,10 10 10,M B4 10 10 10
D:/Data/ePillID_data/ePillID_data\classification_data\segmented_nih_pills_224/0378-1805_0_0.jpg,reference,378-1805,M;L;6,True,qwen,M,0,1,0.3333333333333333,0,0.6666666666666666,0,M,M L 6
D:/Data/ePillID_data/ePillID_data\classification_data\segmented_nih_pills_224/0378-1805_0_1.jpg,reference,378-1805,M;L;6,False,qwen,L 6,0,0,0.6666666666666666,0,0.3333333333333333,0,L 6,M L 6
D:/Data/ePillID_data/ePillID_data\classification_data\segmented_nih_pills_224/0378-2097_0_0.jpg,reference,378-2097,M;NE;17,True,qwen,M,0,1,0.3333333333333333,0,0.8,0,M,M NE 17
D:/Data/ePillID_data/ePillID_data\classification_data\segmented_nih_pills_224/0378-2097_0_1.jpg,reference,378-2097,M;NE;17,False,qwen,NE 17,0,0,0.6666666666666666,0,0.2,0,NE 17,M NE 17
D:/Data/ePillID_data/ePillID_data\classification_data\segmented_nih_pills_224/0378-2264_0_0.jpg,reference,378-2264,MYLAN;2264,True,qwen,MYLAN 2264,1,1,1.0,1,0.0,1,MYLAN 2264,MYLAN 2264
D:/Data/ePillID_data/ePillID_data\classification_data\segmented_nih_pills_224/0378-2264_0_1.jpg,reference,378-2264,MYLAN;2264,False,qwen,G342,0,0,0.0,0,0.8888888888888888,0,G342,MYLAN 2264
D:/Data/ePillID_data/ePillID_data\classification_data\segmented_nih_pills_224/0378-2302_0_0.jpg,reference,378-2302,MYLAN;2302,True,qwen,MYLAN 2302,1,1,1.0,1,0.0,1,MYLAN 2302,MYLAN 2302
D:/Data/ePillID_data/ePillID_data\classification_data\segmented_nih_pills_224/0378-2302_0_1.jpg,reference,378-2302,MYLAN;2302,False,qwen,G342,0,0,0.0,0,0.7777777777777778,0,G342,MYLAN 2302
D:/Data/ePillID_data/ePillID_data\classification_data\segmented_nih_pills_224/0378-3950_0_0.jpg,reference,378-3950,10,True,qwen,10,1,1,1.0,1,0.0,1,10,10
D:/Data/ePillID_data/ePillID_data\classification_data\segmented_nih_pills_224/0378-3950_0_1.jpg,reference,378-3950,10,False,qwen,OVAL,0,0,0.0,0,2.0,0,OVAL,10
D:/Data/ePillID_data/ePillID_data\classification_data\segmented_nih_pills_224/0378-4140_0_0.jpg,reference,378-4140,M;DS;2,True,qwen,M,0,1,0.3333333333333333,0,0.75,0,M,M DS 2
D:/Data/ePillID_data/ePillID_data\classification_data\segmented_nih_pills_224/0378-4140_0_1.jpg,reference,378-4140,M;DS;2,False,qwen,DS 2,0,0,0.6666666666666666,0,0.25,0,DS 2,M DS 2
D:/Data/ePillID_data/ePillID_data\classification_data\segmented_nih_pills_224/0378-4162_0_0.jpg,reference,378-4162,A;P;2;M,True,qwen,M,0,1,0.25,0,0.75,0,M,A P 2 M
D:/Data/ePillID_data/ePillID_data\classification_data\segmented_nih_pills_224/0378-4162_0_1.jpg,reference,378-4162,A;P;2;M,False,qwen,AP 2,0,0,0.25,0,0.25,0,AP 2,A P 2 M
D:/Data/ePillID_data/ePillID_data\classification_data\segmented_nih_pills_224/0378-5121_0_0.jpg,reference,378-5121,M;F21,True,qwen,M,0,1,0.5,0,0.75,0,M,M F21
D:/Data/ePillID_data/ePillID_data\classification_data\segmented_nih_pills_224/0378-5121_0_1.jpg,reference,378-5121,M;F21,False,qwen,F21,0,1,0.5,0,0.25,0,F21,M F21
D:/Data/ePillID_data/ePillID_data\classification_data\segmented_nih_pills_224/0378-5125_0_0.jpg,reference,378-5125,M;S25,True,qwen,M S25,1,1,1.0,1,0.0,1,M S25,M S25
D:/Data/ePillID_data/ePillID_data\classification_data\segmented_nih_pills_224/0378-5125_0_1.jpg,reference,378-5125,M;S25,False,qwen,T,0,0,0.0,0,1.0,0,T,M S25
D:/Data/ePillID_data/ePillID_data\classification_data\segmented_nih_pills_224/0378-6089_0_0.jpg,reference,378-6089,MYLAN;6089,True,qwen,MYLAN 6089,1,1,1.0,1,0.0,1,MYLAN 6089,MYLAN 6089
D:/Data/ePillID_data/ePillID_data\classification_data\segmented_nih_pills_224/0378-6089_0_1.jpg,reference,378-6089,MYLAN;6089,False,qwen,G342,0,0,0.0,0,1.0,0,G342,MYLAN 6089
D:/Data/ePillID_data/ePillID_data\classification_data\segmented_nih_pills_224/0378-6380_0_0.jpg,reference,378-6380,MYLAN;6380,True,qwen,MYLAN 6380,1,1,1.0,1,0.0,1,MYLAN 6380,MYLAN 6380
D:/Data/ePillID_data/ePillID_data\classification_data\segmented_nih_pills_224/0378-6380_0_1.jpg,reference,378-6380,MYLAN;6380,False,qwen,TEVA,0,0,0.0,0,0.8888888888888888,0,TEVA,MYLAN 6380
D:/Data/ePillID_data/ePillID_data\classification_data\segmented_nih_pills_224/0378-8200_0_0.jpg,reference,378-8200,MYLAN;8200,True,qwen,MYLAN 8200,1,1,1.0,1,0.0,1,MYLAN 8200,MYLAN 8200
D:/Data/ePillID_data/ePillID_data\classification_data\segmented_nih_pills_224/0378-8200_0_1.jpg,reference,378-8200,MYLAN;8200,False,qwen,TEVA,0,0,0.0,0,0.8888888888888888,0,TEVA,MYLAN 8200
D:/Data/ePillID_data/ePillID_data\classification_data\segmented_nih_pills_224/0378-8630_0_0.jpg,reference,378-8630,MYLAN;FE;200,True,qwen,MYLAN FE 200,1,1,1.0,1,0.0,1,MYLAN FE 200,MYLAN FE 200
D:/Data/ePillID_data/ePillID_data\classification_data\segmented_nih_pills_224/0378-8630_0_1.jpg,reference,378-8630,MYLAN;FE;200,False,qwen,G3,0,0,0.0,0,1.0,0,G3,MYLAN FE 200
D:/Data/ePillID_data/ePillID_data\classification_data\segmented_nih_pills_224/0430-0170_0_0.jpg,reference,430-170,DF;7;5,True,qwen,DF,0,1,0.3333333333333333,0,0.5,0,DF,DF 7 5
D:/Data/ePillID_data/ePillID_data\classification_data\segmented_nih_pills_224/0430-0170_0_1.jpg,reference,430-170,DF;7;5,False,qwen,7 5,0,0,0.6666666666666666,0,0.5,0,7 5,DF 7 5
D:/Data/ePillID_data/ePillID_data\classification_data\segmented_nih_pills_224/0430-0472_0_0.jpg,reference,430-472,RSN;35;MG,True,qwen,RSN,0,1,0.3333333333333333,0,0.5714285714285714,0,RSN,RSN 35 MG
D:/Data/ePillID_data/ePillID_data\classification_data\segmented_nih_pills_224/0430-0472_0_1.jpg,reference,430-472,RSN;35;MG,False,qwen,35 MG,0,0,0.6666666666666666,0,0.42857142857142855,0,35 MG,RSN 35 MG
D:/Data/ePillID_data/ePillID_data\classification_data\segmented_nih_pills_224/0440-1866_0_0.jpg,reference,440-1866,Z;Zenith;100;mg;2131,True,qwen,2131 Z Z Z,0,0,0.4,0,0.9375,0,2131 Z Z Z,Z ZENITH 100 MG 2131
D:/Data/ePillID_data/ePillID_data\classification_data\segmented_nih_pills_224/0440-1866_0_1.jpg,reference,440-1866,Z;Zenith;100;mg;2131,False,qwen,ZENITH 100 MG,0,0,0.6,0,0.3125,0,ZENITH 100 MG,Z ZENITH 100 MG 2131
D:/Data/ePillID_data/ePillID_data\classification_data\segmented_nih_pills_224/0440-7384_0_0.jpg,reference,440-7384,LANNETT;0586,True,qwen,586,0,0,0.0,0,0.7272727272727273,0,586,LANNETT 0586
D:/Data/ePillID_data/ePillID_data\classification_data\segmented_nih_pills_224/0440-7384_0_1.jpg,reference,440-7384,LANNETT;0586,False,qwen,NETT 96,0,0,0.0,0,0.5454545454545454,0,NETT 96,LANNETT 0586
D:/Data/ePillID_data/ePillID_data\classification_data\segmented_nih_pills_224/0440-8165_0_0.jpg,reference,440-8165,DAN;DAN;5052,True,qwen,G342,0,0,0.0,0,0.9,0,G342,DAN DAN 5052
D:/Data/ePillID_data/ePillID_data\classification_data\segmented_nih_pills_224/0440-8165_0_1.jpg,reference,440-8165,DAN;DAN;5052,False,qwen,5052,0,1,0.3333333333333333,0,0.6,0,5052,DAN DAN 5052
D:/Data/ePillID_data/ePillID_data\classification_data\segmented_nih_pills_224/0456-1510_0_0.jpg,reference,456-1510,FL;100,True,qwen,FL,0,1,0.5,0,0.6,0,FL,FL 100
D:/Data/ePillID_data/ePillID_data\classification_data\segmented_nih_pills_224/0456-1510_0_1.jpg,reference,456-1510,FL;100,False,qwen,100,0,1,0.5,0,0.4,0,100,FL 100
D:/Data/ePillID_data/ePillID_data\classification_data\segmented_nih_pills_224/0469-0607_0_0.jpg,reference,469-607,f;607;05;mg,True,qwen,607 05MG,0,0,0.25,0,0.125,0,607 05MG,F 607 05 MG
D:/Data/ePillID_data/ePillID_data\classification_data\segmented_nih_pills_224/0469-0607_0_1.jpg,reference,469-607,f;607;05;mg,False,qwen,607 05MG,0,0,0.25,0,0.125,0,607 05MG,F 607 05 MG
D:/Data/ePillID_data/ePillID_data\classification_data\segmented_nih_pills_224/0527-1324_0_0.jpg,reference,527-1324,JSP;544,True,qwen,JSP 544,1,1,1.0,1,0.0,1,JSP 544,JSP 544
D:/Data/ePillID_data/ePillID_data\classification_data\segmented_nih_pills_224/0527-1324_0_1.jpg,reference,527-1324,JSP;544,False,qwen,L,0,0,0.0,0,1.0,0,L,JSP 544
D:/Data/ePillID_data/ePillID_data\classification_data\segmented_nih_pills_224/0527-1345_0_0.jpg,reference,527-1345,JSP;516,True,qwen,JSP,0,1,0.5,0,0.5,0,JSP,JSP 516
D:/Data/ePillID_data/ePillID_data\classification_data\segmented_nih_pills_224/0527-1345_0_1.jpg,reference,527-1345,JSP;516,False,qwen,I 516,0,0,0.5,0,0.5,0,I 516,JSP 516
D:/Data/ePillID_data/ePillID_data\classification_data\segmented_nih_pills_224/0555-0095_0_0.jpg,reference,555-95,b;95;1;4,True,qwen,B 95,0,0,0.5,0,0.4,0,B 95,B 95 1 4
D:/Data/ePillID_data/ePillID_data\classification_data\segmented_nih_pills_224/0555-0095_0_1.jpg,reference,555-95,b;95;1;4,False,qwen,1 4,0,0,0.5,0,0.6,0,1 4,B 95 1 4
D:/Data/ePillID_data/ePillID_data\classification_data\segmented_nih_pills_224/0555-0097_0_0.jpg,reference,555-97,b;97;1,True,qwen,B 97,0,0,0.6666666666666666,0,0.25,0,B 97,B 97 1
D:/Data/ePillID_data/ePillID_data\classification_data\segmented_nih_pills_224/0555-0097_0_1.jpg,reference,555-97,b;97;1,False,qwen,1,0,1,0.3333333333333333,0,0.75,0,1,B 97 1
D:/Data/ePillID_data/ePillID_data\classification_data\segmented_nih_pills_224/0555-0606_0_0.jpg,reference,555-606,555;606;b,True,qwen,B,0,1,0.3333333333333333,0,0.8571428571428571,0,B,555 606 B
D:/Data/ePillID_data/ePillID_data\classification_data\segmented_nih_pills_224/0555-0606_0_1.jpg,reference,555-606,555;606;b,False,qwen,555 606,0,0,0.6666666666666666,0,0.14285714285714285,0,555 606,555 606 B
D:/Data/ePillID_data/ePillID_data\classification_data\segmented_nih_pills_224/0555-0701_0_0.jpg,reference,555-701,b;701;150,True,qwen,B 701,0,0,0.6666666666666666,0,0.42857142857142855,0,B 701,B 701 150
D:/Data/ePillID_data/ePillID_data\classification_data\segmented_nih_pills_224/0555-0701_0_1.jpg,reference,555-701,b;701;150,False,qwen,150,0,1,0.3333333333333333,0,0.5714285714285714,0,150,B 701 150
D:/Data/ePillID_data/ePillID_data\classification_data\segmented_nih_pills_224/0555-0789_0_0.jpg,reference,555-789,M;Amphet;Salts;30;mg,True,qwen,M AMPHET SALTS 90 MG,0,0,0.8,0,0.0625,0,M AMPHET SALTS 90 MG,M AMPHET SALTS 30 MG
D:/Data/ePillID_data/ePillID_data\classification_data\segmented_nih_pills_224/0555-0789_0_1.jpg,reference,555-789,M;Amphet;Salts;30;mg,False,qwen,M,0,1,0.2,0,0.9375,0,M,M AMPHET SALTS 30 MG
D:/Data/ePillID_data/ePillID_data\classification_data\segmented_nih_pills_224/0555-0790_0_0.jpg,reference,555-790,M;Amphet;Salts;5;mg,True,qwen,M AMPHE 5 MG,0,0,0.6,0,0.4,0,M AMPHE 5 MG,M AMPHET SALTS 5 MG
D:/Data/ePillID_data/ePillID_data\classification_data\segmented_nih_pills_224/0555-0790_0_1.jpg,reference,555-790,M;Amphet;Salts;5;mg,False,qwen,NAPHET SALTS 100 MG,0,0,0.4,0,0.3333333333333333,0,NAPHET SALTS 100 MG,M AMPHET SALTS 5 MG
D:/Data/ePillID_data/ePillID_data\classification_data\segmented_nih_pills_224/0555-0792_0_0.jpg,reference,555-792,M;Amphet;Salts;25;mg,True,qwen,N AMPHET SALTS 25 MG,0,0,0.8,0,0.0625,0,N AMPHET SALTS 25 MG,M AMPHET SALTS 25 MG
D:/Data/ePillID_data/ePillID_data\classification_data\segmented_nih_pills_224/0555-0792_0_1.jpg,reference,555-792,M;Amphet;Salts;25;mg,False,qwen,G342,0,0,0.0,0,0.9375,0,G342,M AMPHET SALTS 25 MG
D:/Data/ePillID_data/ePillID_data\classification_data\segmented_nih_pills_224/0555-0923_0_0.jpg,reference,555-923,b;923;400,True,qwen,B 6,0,0,0.3333333333333333,0,0.8571428571428571,0,B 6,B 923 400
D:/Data/ePillID_data/ePillID_data\classification_data\segmented_nih_pills_224/0555-0923_0_1.jpg,reference,555-923,b;923;400,False,qwen,923 400,0,0,0.6666666666666666,0,0.14285714285714285,0,923 400,B 923 400
D:/Data/ePillID_data/ePillID_data\classification_data\segmented_nih_pills_224/0555-0955_0_0.jpg,reference,555-955,barr;955,True,qwen,BARR 955,1,1,1.0,1,0.0,1,BARR 955,BARR 955
D:/Data/ePillID_data/ePillID_data\classification_data\segmented_nih_pills_224/0555-0955_0_1.jpg,reference,555-955,barr;955,False,qwen,HOMOEPATHIC MEDICINE,0,0,0.0,0,2.5714285714285716,0,HOMOEPATHIC MEDICINE,BARR 955
D:/Data/ePillID_data/ePillID_data\classification_data\segmented_nih_pills_224/0555-0956_0_0.jpg,reference,555-956,barr;956,True,qwen,BARR 956,1,1,1.0,1,0.0,1,BARR 956,BARR 956
D:/Data/ePillID_data/ePillID_data\classification_data\segmented_nih_pills_224/0555-0956_0_1.jpg,reference,555-956,barr;956,False,qwen,B 1,0,0,0.0,0,0.8571428571428571,0,B 1,BARR 956
D:/Data/ePillID_data/ePillID_data\classification_data\segmented_nih_pills_224/0573-2660_0_0.jpg,reference,573-2660,Alavert;D12,True,qwen,ALAVERT D12,1,1,1.0,1,0.0,1,ALAVERT D12,ALAVERT D12
D:/Data/ePillID_data/ePillID_data\classification_data\segmented_nih_pills_224/0573-2660_0_1.jpg,reference,573-2660,Alavert;D12,False,qwen,POLYMER,0,0,0.0,0,0.8,0,POLYMER,ALAVERT D12
D:/Data/ePillID_data/ePillID_data\classification_data\segmented_nih_pills_224/0574-0106_0_0.jpg,reference,574-106,PAD;0106,True,qwen,PAD 0106,1,1,1.0,1,0.0,1,PAD 0106,PAD 0106
D:/Data/ePillID_data/ePillID_data\classification_data\segmented_nih_pills_224/0574-0106_0_1.jpg,reference,574-106,PAD;0106,False,qwen,AS,0,0,0.0,0,0.8571428571428571,0,AS,PAD 0106
D:/Data/ePillID_data/ePillID_data\classification_data\segmented_nih_pills_224/0591-0398_0_0.jpg,reference,591-398,0398,True,qwen,0398,1,1,1.0,1,0.0,1,0398,0398
D:/Data/ePillID_data/ePillID_data\classification_data\segmented_nih_pills_224/0591-0398_0_1.jpg,reference,591-398,0398,False,qwen,E,0,0,0.0,0,1.0,0,E,0398
D:/Data/ePillID_data/ePillID_data\classification_data\segmented_nih_pills_224/0591-0453_0_0.jpg,reference,591-453,WATSON;453,True,qwen,WATSON 453,1,1,1.0,1,0.0,1,WATSON 453,WATSON 453
D:/Data/ePillID_data/ePillID_data\classification_data\segmented_nih_pills_224/0591-0453_0_1.jpg,reference,591-453,WATSON;453,False,qwen,T,0,0,0.0,0,0.8888888888888888,0,T,WATSON 453
D:/Data/ePillID_data/ePillID_data\classification_data\segmented_nih_pills_224/0591-0844_0_0.jpg,reference,591-844,WPI;844,True,qwen,WPI 844,1,1,1.0,1,0.0,1,WPI 844,WPI 844
D:/Data/ePillID_data/ePillID_data\classification_data\segmented_nih_pills_224/0591-0844_0_1.jpg,reference,591-844,WPI;844,False,qwen,CHEESE,0,0,0.0,0,1.0,0,CHEESE,WPI 844
D:/Data/ePillID_data/ePillID_data\classification_data\segmented_nih_pills_224/0591-0861_0_0.jpg,reference,591-861,WATSON;861,True,qwen,WATSON 861,1,1,1.0,1,0.0,1,WATSON 861,WATSON 861
D:/Data/ePillID_data/ePillID_data\classification_data\segmented_nih_pills_224/0591-0861_0_1.jpg,reference,591-861,WATSON;861,False,qwen,T,0,0,0.0,0,0.8888888888888888,0,T,WATSON 861
D:/Data/ePillID_data/ePillID_data\classification_data\segmented_nih_pills_224/0591-2317_0_0.jpg,reference,591-2317,VH3,True,qwen,CALLAWAY,0,0,0.0,0,2.6666666666666665,0,CALLAWAY,VH3
D:/Data/ePillID_data/ePillID_data\classification_data\segmented_nih_pills_224/0591-2317_0_1.jpg,reference,591-2317,VH3,False,qwen,VH3,1,1,1.0,1,0.0,1,VH3,VH3
D:/Data/ePillID_data/ePillID_data\classification_data\segmented_nih_pills_224/0591-2318_0_0.jpg,reference,591-2318,VH4,True,qwen,3750,0,0,0.0,0,1.3333333333333333,0,3750,VH4
D:/Data/ePillID_data/ePillID_data\classification_data\segmented_nih_pills_224/0591-2318_0_1.jpg,reference,591-2318,VH4,False,qwen,VH4,1,1,1.0,1,0.0,1,VH4,VH4
D:/Data/ePillID_data/ePillID_data\classification_data\segmented_nih_pills_224/0591-2367_0_0.jpg,reference,591-2367,WPI,True,qwen,WPI,1,1,1.0,1,0.0,1,WPI,WPI
D:/Data/ePillID_data/ePillID_data\classification_data\segmented_nih_pills_224/0591-2367_0_1.jpg,reference,591-2367,WPI,False,qwen,E,0,0,0.0,0,1.0,0,E,WPI
D:/Data/ePillID_data/ePillID_data\classification_data\segmented_nih_pills_224/0591-3248_0_0.jpg,reference,591-3248,WPI;3248,True,qwen,WPI,0,1,0.5,0,0.5714285714285714,0,WPI,WPI 3248
D:/Data/ePillID_data/ePillID_data\classification_data\segmented_nih_pills_224/0591-3248_0_1.jpg,reference,591-3248,WPI;3248,False,qwen,3248,0,1,0.5,0,0.42857142857142855,0,3248,WPI 3248
D:/Data/ePillID_data/ePillID_data\classification_data\segmented_nih_pills_224/0591-5319_0_0.jpg,reference,591-5319,DAN;5319,True,qwen,DAN,0,1,0.5,0,0.5714285714285714,0,DAN,DAN 5319
D:/Data/ePillID_data/ePillID_data\classification_data\segmented_nih_pills_224/0591-5319_0_1.jpg,reference,591-5319,DAN;5319,False,qwen,5319,0,1,0.5,0,0.42857142857142855,0,5319,DAN 5319
D:/Data/ePillID_data/ePillID_data\classification_data\segmented_nih_pills_224/0591-5325_0_0.jpg,reference,591-5325,DAN;DAN;5325,True,qwen,DAN DAN,0,0,0.6666666666666666,0,0.4,0,DAN DAN,DAN DAN 5325
D:/Data/ePillID_data/ePillID_data\classification_data\segmented_nih_pills_224/0591-5325_0_1.jpg,reference,591-5325,DAN;DAN;5325,False,qwen,5325,0,1,0.3333333333333333,0,0.6,0,5325,DAN DAN 5325
D:/Data/ePillID_data/ePillID_data\classification_data\segmented_nih_pills_224/0591-5382_0_0.jpg,reference,591-5382,DAN;DAN;5382,True,qwen,DAN DAN,0,0,0.6666666666666666,0,0.4,0,DAN DAN,DAN DAN 5382
D:/Data/ePillID_data/ePillID_data\classification_data\segmented_nih_pills_224/0591-5382_0_1.jpg,reference,591-5382,DAN;DAN;5382,False,qwen,5382,0,1,0.3333333333333333,0,0.6,0,5382,DAN DAN 5382
D:/Data/ePillID_data/ePillID_data\classification_data\segmented_nih_pills_224/0603-2540_0_0.jpg,reference,603-2540,MIA;106,True,qwen,MIA 108,0,0,0.5,0,0.16666666666666666,0,MIA 108,MIA 106
D:/Data/ePillID_data/ePillID_data\classification_data\segmented_nih_pills_224/0603-2540_0_1.jpg,reference,603-2540,MIA;106,False,qwen,T,0,0,0.0,0,1.0,0,T,MIA 106
D:/Data/ePillID_data/ePillID_data\classification_data\segmented_nih_pills_224/0603-4211_0_0.jpg,reference,603-4211,3972;V,True,qwen,V,0,1,0.5,0,0.8,0,V,3972 V
D:/Data/ePillID_data/ePillID_data\classification_data\segmented_nih_pills_224/0603-4211_0_1.jpg,reference,603-4211,3972;V,False,qwen,3972,0,1,0.5,0,0.2,0,3972,3972 V
D:/Data/ePillID_data/ePillID_data\classification_data\segmented_nih_pills_224/0603-5803_0_0.jpg,reference,603-5803,5905;V,True,qwen,V,0,1,0.5,0,0.8,0,V,5905 V
D:/Data/ePillID_data/ePillID_data\classification_data\segmented_nih_pills_224/0603-5803_0_1.jpg,reference,603-5803,5905;V,False,qwen,5906,0,0,0.0,0,0.4,0,5906,5905 V
D:/Data/ePillID_data/ePillID_data\classification_data\segmented_nih_pills_224/0603-6161_0_0.jpg,reference,603-6161,61;61;V,True,qwen,V 5,0,0,0.3333333333333333,0,1.0,0,V 5,61 61 V
D:/Data/ePillID_data/ePillID_data\classification_data\segmented_nih_pills_224/0603-6161_0_1.jpg,reference,603-6161,61;61;V,False,qwen,60 61,0,0,0.6666666666666666,0,0.4,0,60 61,61 61 V
D:/Data/ePillID_data/ePillID_data\classification_data\segmented_nih_pills_224/0615-2305_0_0.jpg,reference,615-2305,Omeprazole;20;mg;R;158,True,qwen,OMEPRAZOLE 20 MG R158,0,0,0.6,0,0.0,1,OMEPRAZOLE 20 MG R158,OMEPRAZOLE 20 MG R 158
D:/Data/ePillID_data/ePillID_data\classification_data\segmented_nih_pills_224/0615-2305_0_1.jpg,reference,615-2305,Omeprazole;20;mg;R;158,False,qwen,O,0,0,0.0,0,0.9444444444444444,0,O,OMEPRAZOLE 20 MG R 158
D:/Data/ePillID_data/ePillID_data\classification_data\segmented_nih_pills_224/0615-2562_0_0.jpg,reference,615-2562,Mylan;183;20,True,qwen,MYLAN 183,0,0,0.6666666666666666,0,0.2,0,MYLAN 183,MYLAN 183 20
D:/Data/ePillID_data/ePillID_data\classification_data\segmented_nih_pills_224/0615-2562_0_1.jpg,reference,615-2562,Mylan;183;20,False,qwen,20,0,1,0.3333333333333333,0,0.8,0,20,MYLAN 183 20
D:/Data/ePillID_data/ePillID_data\classification_data\segmented_nih_pills_224/0615-2563_0_0.jpg,reference,615-2563,Mylan;184;40,True,qwen,MYLAN 184,0,0,0.6666666666666666,0,0.2,0,MYLAN 184,MYLAN 184 40
D:/Data/ePillID_data/ePillID_data\classification_data\segmented_nih_pills_224/0615-2563_0_1.jpg,reference,615-2563,Mylan;184;40,False,qwen,40,0,1,0.3333333333333333,0,0.8,0,40,MYLAN 184 40
D:/Data/ePillID_data/ePillID_data\classification_data\segmented_nih_pills_224/0615-2596_0_0.jpg,reference,615-2596,MYLAN;214,True,qwen,MYLAN 214,1,1,1.0,1,0.0,1,MYLAN 214,MYLAN 214
D:/Data/ePillID_data/ePillID_data\classification_data\segmented_nih_pills_224/0615-2596_0_1.jpg,reference,615-2596,MYLAN;214,False,qwen,T 1,0,0,0.0,0,0.875,0,T 1,MYLAN 214
D:/Data/ePillID_data/ePillID_data\classification_data\segmented_nih_pills_224/0615-3550_0_0.jpg,reference,615-3550,M135,True,qwen,M135,1,1,1.0,1,0.0,1,M135,M135
D:/Data/ePillID_data/ePillID_data\classification_data\segmented_nih_pills_224/0615-3550_0_1.jpg,reference,615-3550,M135,False,qwen,B 1,0,0,0.0,0,0.75,0,B 1,M135
D:/Data/ePillID_data/ePillID_data\classification_data\segmented_nih_pills_224/0615-4507_0_0.jpg,reference,615-4507,551,True,qwen,R,0,0,0.0,0,1.0,0,R,551
D:/Data/ePillID_data/ePillID_data\classification_data\segmented_nih_pills_224/0615-4507_0_1.jpg,reference,615-4507,551,False,qwen,551,1,1,1.0,1,0.0,1,551,551
D:/Data/ePillID_data/ePillID_data\classification_data\segmented_nih_pills_224/0615-5550_0_0.jpg,reference,615-5550,R620,True,qwen,R 620,0,0,0.0,0,0.0,1,R 620,R620
D:/Data/ePillID_data/ePillID_data\classification_data\segmented_nih_pills_224/0615-5550_0_1.jpg,reference,615-5550,R620,False,qwen,N,0,0,0.0,0,1.0,0,N,R620
D:/Data/ePillID_data/ePillID_data\classification_data\segmented_nih_pills_224/0615-7575_0_0.jpg,reference,615-7575,B;384,True,qwen,B 284,0,0,0.5,0,0.25,0,B 284,B 384
D:/Data/ePillID_data/ePillID_data\classification_data\segmented_nih_pills_224/0615-7575_0_1.jpg,reference,615-7575,B;384,False,qwen,G3,0,0,0.0,0,0.75,0,G3,B 384
D:/Data/ePillID_data/ePillID_data\classification_data\segmented_nih_pills_224/0615-7605_0_0.jpg,reference,615-7605,9;3;7365,True,qwen,9 3,0,0,0.6666666666666666,0,0.6666666666666666,0,9 3,9 3 7365
D:/Data/ePillID_data/ePillID_data\classification_data\segmented_nih_pills_224/0615-7605_0_1.jpg,reference,615-7605,9;3;7365,False,qwen,7365,0,1,0.3333333333333333,0,0.3333333333333333,0,7365,9 3 7365
D:/Data/ePillID_data/ePillID_data\classification_data\segmented_nih_pills_224/0615-7640_0_0.jpg,reference,615-7640,W928,True,qwen,W 928,0,0,0.0,0,0.0,1,W 928,W928
D:/Data/ePillID_data/ePillID_data\classification_data\segmented_nih_pills_224/0615-7640_0_1.jpg,reference,615-7640,W928,False,qwen,M B,0,0,0.0,0,1.0,0,M B,W928
D:/Data/ePillID_data/ePillID_data\classification_data\segmented_nih_pills_224/0615-7712_0_0.jpg,reference,615-7712,L498,True,qwen,L498,1,1,1.0,1,0.0,1,L498,L498
D:/Data/ePillID_data/ePillID_data\classification_data\segmented_nih_pills_224/0615-7712_0_1.jpg,reference,615-7712,L498,False,qwen,T,0,0,0.0,0,1.0,0,T,L498
D:/Data/ePillID_data/ePillID_data\classification_data\segmented_nih_pills_224/0615-7716_0_0.jpg,reference,615-7716,TEVA;7230,True,qwen,TEVA,0,1,0.5,0,0.5,0,TEVA,TEVA 7230
D:/Data/ePillID_data/ePillID_data\classification_data\segmented_nih_pills_224/0615-7716_0_1.jpg,reference,615-7716,TEVA;7230,False,qwen,7230,0,1,0.5,0,0.5,0,7230,TEVA 7230
D:/Data/ePillID_data/ePillID_data\classification_data\segmented_nih_pills_224/0615-7740_0_0.jpg,reference,615-7740,TEVA;7270,True,qwen,TEVA,0,1,0.5,0,0.5,0,TEVA,TEVA 7270
D:/Data/ePillID_data/ePillID_data\classification_data\segmented_nih_pills_224/0615-7740_0_1.jpg,reference,615-7740,TEVA;7270,False,qwen,7270,0,1,0.5,0,0.5,0,7270,TEVA 7270
D:/Data/ePillID_data/ePillID_data\classification_data\segmented_nih_pills_224/0615-7768_0_0.jpg,reference,615-7768,60;60;1105,True,qwen,1105,0,1,0.3333333333333333,0,0.5,0,1105,60 60 1105
D:/Data/ePillID_data/ePillID_data\classification_data\segmented_nih_pills_224/0615-7768_0_1.jpg,reference,615-7768,60;60;1105,False,qwen,60 60,0,0,0.6666666666666666,0,0.5,0,60 60,60 60 1105
D:/Data/ePillID_data/ePillID_data\classification_data\segmented_nih_pills_224/0615-7771_0_0.jpg,reference,615-7771,RDY;123,True,qwen,RDY,0,1,0.5,0,0.5,0,RDY,RDY 123
D:/Data/ePillID_data/ePillID_data\classification_data\segmented_nih_pills_224/0615-7771_0_1.jpg,reference,615-7771,RDY;123,False,qwen,123,0,1,0.5,0,0.5,0,123,RDY 123
D:/Data/ePillID_data/ePillID_data\classification_data\segmented_nih_pills_224/0615-7814_0_0.jpg,reference,615-7814,AN;361,True,qwen,AN 361,1,1,1.0,1,0.0,1,AN 361,AN 361
D:/Data/ePillID_data/ePillID_data\classification_data\segmented_nih_pills_224/0615-7814_0_1.jpg,reference,615-7814,AN;361,False,qwen,L1,0,0,0.0,0,0.8,0,L1,AN 361
D:/Data/ePillID_data/ePillID_data\classification_data\segmented_nih_pills_224/0615-7902_0_0.jpg,reference,615-7902,GG26,True,qwen,GG26,1,1,1.0,1,0.0,1,GG26,GG26
D:/Data/ePillID_data/ePillID_data\classification_data\segmented_nih_pills_224/0615-7902_0_1.jpg,reference,615-7902,GG26,False,qwen,T,0,0,0.0,0,1.0,0,T,GG26
D:/Data/ePillID_data/ePillID_data\classification_data\segmented_nih_pills_224/0615-7916_0_0.jpg,reference,615-7916,93;11,True,qwen,93 11,1,1,1.0,1,0.0,1,93 11,93 11
D:/Data/ePillID_data/ePillID_data\classification_data\segmented_nih_pills_224/0615-7916_0_1.jpg,reference,615-7916,93;11,False,qwen,E,0,0,0.0,0,1.0,0,E,93 11
D:/Data/ePillID_data/ePillID_data\classification_data\segmented_nih_pills_224/0615-7938_0_0.jpg,reference,615-7938,54;583,True,qwen,54 583,1,1,1.0,1,0.0,1,54 583,54 583
D:/Data/ePillID_data/ePillID_data\classification_data\segmented_nih_pills_224/0615-7938_0_1.jpg,reference,615-7938,54;583,False,qwen,AS,0,0,0.0,0,1.0,0,AS,54 583
D:/Data/ePillID_data/ePillID_data\classification_data\segmented_nih_pills_224/0615-7978_0_0.jpg,reference,615-7978,90;H,True,qwen,H,0,1,0.5,0,0.6666666666666666,0,H,90 H
D:/Data/ePillID_data/ePillID_data\classification_data\segmented_nih_pills_224/0615-7978_0_1.jpg,reference,615-7978,90;H,False,qwen,90,0,1,0.5,0,0.3333333333333333,0,90,90 H
D:/Data/ePillID_data/ePillID_data\classification_data\segmented_nih_pills_224/0615-8015_0_0.jpg,reference,615-8015,A;12,True,qwen,A,0,1,0.5,0,0.6666666666666666,0,A,A 12
D:/Data/ePillID_data/ePillID_data\classification_data\segmented_nih_pills_224/0615-8015_0_1.jpg,reference,615-8015,A;12,False,qwen,12,0,1,0.5,0,0.3333333333333333,0,12,A 12
D:/Data/ePillID_data/ePillID_data\classification_data\segmented_nih_pills_224/0615-8025_0_0.jpg,reference,615-8025,A;mo,True,qwen,A MO,1,1,1.0,1,0.0,1,A MO,A MO
D:/Data/ePillID_data/ePillID_data\classification_data\segmented_nih_pills_224/0615-8025_0_1.jpg,reference,615-8025,A;mo,False,qwen,B 1,0,0,0.0,0,1.0,0,B 1,A MO
D:/Data/ePillID_data/ePillID_data\classification_data\segmented_nih_pills_224/0677-1979_0_0.jpg,reference,677-1979,SCI;501,True,qwen,SCI 501,1,1,1.0,1,0.0,1,SCI 501,SCI 501
D:/Data/ePillID_data/ePillID_data\classification_data\segmented_nih_pills_224/0677-1979_0_1.jpg,reference,677-1979,SCI;501,False,qwen,T,0,0,0.0,0,1.0,0,T,SCI 501
D:/Data/ePillID_data/ePillID_data\classification_data\segmented_nih_pills_224/0781-1049_0_0.jpg,reference,781-1049,GG109,True,qwen,GG109,1,1,1.0,1,0.0,1,GG109,GG109
D:/Data/ePillID_data/ePillID_data\classification_data\segmented_nih_pills_224/0781-1049_0_1.jpg,reference,781-1049,GG109,False,qwen,T,0,0,0.0,0,1.0,0,T,GG109
D:/Data/ePillID_data/ePillID_data\classification_data\segmented_nih_pills_224/0781-1392_0_0.jpg,reference,781-1392,GG;123,True,qwen,GG,0,1,0.5,0,0.6,0,GG,GG 123
D:/Data/ePillID_data/ePillID_data\classification_data\segmented_nih_pills_224/0781-1392_0_1.jpg,reference,781-1392,GG;123,False,qwen,123,0,1,0.5,0,0.4,0,123,GG 123
D:/Data/ePillID_data/ePillID_data\classification_data\segmented_nih_pills_224/0781-1436_0_0.jpg,reference,781-1436,GG97,True,qwen,GG97,1,1,1.0,1,0.0,1,GG97,GG97
D:/Data/ePillID_data/ePillID_data\classification_data\segmented_nih_pills_224/0781-1436_0_1.jpg,reference,781-1436,GG97,False,qwen,T,0,0,0.0,0,1.0,0,T,GG97
D:/Data/ePillID_data/ePillID_data\classification_data\segmented_nih_pills_224/0781-1764_0_0.jpg,reference,781-1764,GG;47,True,qwen,GG,0,1,0.5,0,0.5,0,GG,GG 47
D:/Data/ePillID_data/ePillID_data\classification_data\segmented_nih_pills_224/0781-1764_0_1.jpg,reference,781-1764,GG;47,False,qwen,47,0,1,0.5,0,0.5,0,47,GG 47
D:/Data/ePillID_data/ePillID_data\classification_data\segmented_nih_pills_224/0781-1789_0_0.jpg,reference,781-1789,GG739,True,qwen,GG739,1,1,1.0,1,0.0,1,GG739,GG739
D:/Data/ePillID_data/ePillID_data\classification_data\segmented_nih_pills_224/0781-1789_0_1.jpg,reference,781-1789,GG739,False,qwen,T,0,0,0.0,0,1.0,0,T,GG739
D:/Data/ePillID_data/ePillID_data\classification_data\segmented_nih_pills_224/0781-1943_0_0.jpg,reference,781-1943,SZ137,True,qwen,SZ137,1,1,1.0,1,0.0,1,SZ137,SZ137
D:/Data/ePillID_data/ePillID_data\classification_data\segmented_nih_pills_224/0781-1943_0_1.jpg,reference,781-1943,SZ137,False,qwen,B 1,0,0,0.0,0,0.8,0,B 1,SZ137
D:/Data/ePillID_data/ePillID_data\classification_data\segmented_nih_pills_224/0781-2145_0_0.jpg,reference,781-2145,GG851;GG851,True,qwen,GG851,0,1,1.0,1,0.5,0,GG851,GG851 GG851
D:/Data/ePillID_data/ePillID_data\classification_data\segmented_nih_pills_224/0781-2145_0_1.jpg,reference,781-2145,GG851;GG851,False,qwen,N,0,0,0.0,0,1.0,0,N,GG851 GG851
D:/Data/ePillID_data/ePillID_data\classification_data\segmented_nih_pills_224/0781-5426_0_0.jpg,reference,781-5426,SZ;271,True,qwen,SZ,0,1,0.5,0,0.6,0,SZ,SZ 271
D:/Data/ePillID_data/ePillID_data\classification_data\segmented_nih_pills_224/0781-5426_0_1.jpg,reference,781-5426,SZ;271,False,qwen,271,0,1,0.5,0,0.4,0,271,SZ 271
D:/Data/ePillID_data/ePillID_data\classification_data\segmented_nih_pills_224/0781-5626_0_0.jpg,reference,781-5626,SZ441,True,qwen,SZ441,1,1,1.0,1,0.0,1,SZ441,SZ441
D:/Data/ePillID_data/ePillID_data\classification_data\segmented_nih_pills_224/0781-5626_0_1.jpg,reference,781-5626,SZ441,False,qwen,G3,0,0,0.0,0,1.0,0,G3,SZ441
D:/Data/ePillID_data/ePillID_data\classification_data\segmented_nih_pills_224/0832-1082_0_0.jpg,reference,832-1082,832;BM2,True,qwen,832 BM2,1,1,1.0,1,0.0,1,832 BM2,832 BM2
D:/Data/ePillID_data/ePillID_data\classification_data\segmented_nih_pills_224/0832-1082_0_1.jpg,reference,832-1082,832;BM2,False,qwen,CORELLE,0,0,0.0,0,1.1666666666666667,0,CORELLE,832 BM2
D:/Data/ePillID_data/ePillID_data\classification_data\segmented_nih_pills_224/0904-0202_0_0.jpg,reference,904-202,GG;431,True,qwen,CC 31,0,0,0.0,0,0.6,0,CC 31,GG 431
D:/Data/ePillID_data/ePillID_data\classification_data\segmented_nih_pills_224/0904-0202_0_1.jpg,reference,904-202,GG;431,False,qwen,RED,0,0,0.0,0,1.0,0,RED,GG 431
D:/Data/ePillID_data/ePillID_data\classification_data\segmented_nih_pills_224/0904-0428_0_0.jpg,reference,904-428,WestWard;3142,True,qwen,WEST WARD 3142,0,0,0.5,0,0.0,1,WEST WARD 3142,WESTWARD 3142
D:/Data/ePillID_data/ePillID_data\classification_data\segmented_nih_pills_224/0904-0428_0_1.jpg,reference,904-428,WestWard;3142,False,qwen,T,0,0,0.0,0,0.9166666666666666,0,T,WESTWARD 3142
D:/Data/ePillID_data/ePillID_data\classification_data\segmented_nih_pills_224/0904-1057_0_0.jpg,reference,904-1057,cor;145,True,qwen,C01 145,0,0,0.5,0,0.3333333333333333,0,C01 145,COR 145
D:/Data/ePillID_data/ePillID_data\classification_data\segmented_nih_pills_224/0904-1057_0_1.jpg,reference,904-1057,cor;145,False,qwen,T,0,0,0.0,0,1.0,0,T,COR 145
D:/Data/ePillID_data/ePillID_data\classification_data\segmented_nih_pills_224/0904-3854_0_0.jpg,reference,904-3854,271,True,qwen,342,0,0,0.0,0,1.0,0,342,271
D:/Data/ePillID_data/ePillID_data\classification_data\segmented_nih_pills_224/0904-3854_0_1.jpg,reference,904-3854,271,False,qwen,G342,0,0,0.0,0,1.3333333333333333,0,G342,271
D:/Data/ePillID_data/ePillID_data\classification_data\segmented_nih_pills_224/0904-5522_0_0.jpg,reference,904-5522,APO;093,True,qwen,APO,0,1,0.5,0,0.5,0,APO,APO 093
D:/Data/ePillID_data/ePillID_data\classification_data\segmented_nih_pills_224/0904-5522_0_1.jpg,reference,904-5522,APO;093,False,qwen,093 1,0,0,0.5,0,0.6666666666666666,0,093 1,APO 093
D:/Data/ePillID_data/ePillID_data\classification_data\segmented_nih_pills_224/0904-5785_0_0.jpg,reference,904-5785,PLIVA;648,True,qwen,PLIVA,0,1,0.5,0,0.375,0,PLIVA,PLIVA 648
D:/Data/ePillID_data/ePillID_data\classification_data\segmented_nih_pills_224/0904-5785_0_1.jpg,reference,904-5785,PLIVA;648,False,qwen,648,0,1,0.5,0,0.625,0,648,PLIVA 648
D:/Data/ePillID_data/ePillID_data\classification_data\segmented_nih_pills_224/0904-5800_0_0.jpg,reference,904-5800,RDY;198,True,qwen,RDY,0,1,0.5,0,0.5,0,RDY,RDY 198
D:/Data/ePillID_data/ePillID_data\classification_data\segmented_nih_pills_224/0904-5800_0_1.jpg,reference,904-5800,RDY;198,False,qwen,198,0,1,0.5,0,0.5,0,198,RDY 198
D:/Data/ePillID_data/ePillID_data\classification_data\segmented_nih_pills_224/0904-6425_0_0.jpg,reference,904-6425,TCR;1,True,qwen,TCR 1,1,1,1.0,1,0.0,1,TCR 1,TCR 1
D:/Data/ePillID_data/ePillID_data\classification_data\segmented_nih_pills_224/0904-6425_0_1.jpg,reference,904-6425,TCR;1,False,qwen,C,0,0,0.0,0,0.75,0,C,TCR 1
D:/Data/ePillID_data/ePillID_data\classification_data\segmented_nih_pills_224/0904-6506_0_0.jpg,reference,904-6506,RDY;597,True,qwen,RDY,0,1,0.5,0,0.5,0,RDY,RDY 597
D:/Data/ePillID_data/ePillID_data\classification_data\segmented_nih_pills_224/0904-6506_0_1.jpg,reference,904-6506,RDY;597,False,qwen,597,0,1,0.5,0,0.5,0,597,RDY 597
D:/Data/ePillID_data/ePillID_data\classification_data\segmented_nih_pills_224/0904-7809_0_0.jpg,reference,904-7809,DAN;5658,True,qwen,DAN,0,1,0.5,0,0.5714285714285714,0,DAN,DAN 5658
D:/Data/ePillID_data/ePillID_data\classification_data\segmented_nih_pills_224/0904-7809_0_1.jpg,reference,904-7809,DAN;5658,False,qwen,5658,0,1,0.5,0,0.42857142857142855,0,5658,DAN 5658
D:/Data/ePillID_data/ePillID_data\classification_data\segmented_nih_pills_224/0955-1737_0_0.jpg,reference,955-1737,ZBO,True,qwen,ZBO,1,1,1.0,1,0.0,1,ZBO,ZBO
D:/Data/ePillID_data/ePillID_data\classification_data\segmented_nih_pills_224/0955-1737_0_1.jpg,reference,955-1737,ZBO,False,qwen,G343,0,0,0.0,0,1.3333333333333333,0,G343,ZBO
D:/Data/ePillID_data/ePillID_data\classification_data\segmented_nih_pills_224/10370-534_0_0.jpg,reference,10370-534,A534;2;mg,True,qwen,A534,0,1,0.3333333333333333,0,0.42857142857142855,0,A534,A534 2 MG
D:/Data/ePillID_data/ePillID_data\classification_data\segmented_nih_pills_224/10370-534_0_1.jpg,reference,10370-534,A534;2;mg,False,qwen,2 MG,0,0,0.6666666666666666,0,0.5714285714285714,0,2 MG,A534 2 MG
D:/Data/ePillID_data/ePillID_data\classification_data\segmented_nih_pills_224/10544-065_0_0.jpg,reference,10544-65,E;91,True,qwen,E 91,1,1,1.0,1,0.0,1,E 91,E 91
D:/Data/ePillID_data/ePillID_data\classification_data\segmented_nih_pills_224/10544-065_0_1.jpg,reference,10544-65,E;91,False,qwen,G342,0,0,0.0,0,1.3333333333333333,0,G342,E 91
D:/Data/ePillID_data/ePillID_data\classification_data\segmented_nih_pills_224/10544-122_0_0.jpg,reference,10544-122,WC404,True,qwen,WC 404,0,0,0.0,0,0.0,1,WC 404,WC404
D:/Data/ePillID_data/ePillID_data\classification_data\segmented_nih_pills_224/10544-122_0_1.jpg,reference,10544-122,WC404,False,qwen,G3,0,0,0.0,0,1.0,0,G3,WC404
D:/Data/ePillID_data/ePillID_data\classification_data\segmented_nih_pills_224/10544-165_0_0.jpg,reference,10544-165,9;3;2268,True,qwen,9 3,0,0,0.6666666666666666,0,0.6666666666666666,0,9 3,9 3 2268
D:/Data/ePillID_data/ePillID_data\classification_data\segmented_nih_pills_224/10544-165_0_1.jpg,reference,10544-165,9;3;2268,False,qwen,2268,0,1,0.3333333333333333,0,0.3333333333333333,0,2268,9 3 2268
D:/Data/ePillID_data/ePillID_data\classification_data\segmented_nih_pills_224/10544-181_0_0.jpg,reference,10544-181,PLIVA;648,True,qwen,PLIVA,0,1,0.5,0,0.375,0,PLIVA,PLIVA 648
D:/Data/ePillID_data/ePillID_data\classification_data\segmented_nih_pills_224/10544-181_0_1.jpg,reference,10544-181,PLIVA;648,False,qwen,648,0,1,0.5,0,0.625,0,648,PLIVA 648
D:/Data/ePillID_data/ePillID_data\classification_data\segmented_nih_pills_224/10544-199_0_0.jpg,reference,10544-199,25;42;V,True,qwen,V,0,1,0.3333333333333333,0,0.8,0,V,25 42 V
D:/Data/ePillID_data/ePillID_data\classification_data\segmented_nih_pills_224/10544-199_0_1.jpg,reference,10544-199,25;42;V,False,qwen,2542,0,0,0.0,0,0.2,0,2542,25 42 V
D:/Data/ePillID_data/ePillID_data\classification_data\segmented_nih_pills_224/10544-213_0_0.jpg,reference,10544-213,IP;464,True,qwen,IP 464,1,1,1.0,1,0.0,1,IP 464,IP 464
D:/Data/ePillID_data/ePillID_data\classification_data\segmented_nih_pills_224/10544-213_0_1.jpg,reference,10544-213,IP;464,False,qwen,T,0,0,0.0,0,1.0,0,T,IP 464
D:/Data/ePillID_data/ePillID_data\classification_data\segmented_nih_pills_224/10544-242_0_0.jpg,reference,10544-242,CTI;143,True,qwen,CTI 143,1,1,1.0,1,0.0,1,CTI 143,CTI 143
D:/Data/ePillID_data/ePillID_data\classification_data\segmented_nih_pills_224/10544-242_0_1.jpg,reference,10544-242,CTI;143,False,qwen,T,0,0,0.0,0,0.8333333333333334,0,T,CTI 143
D:/Data/ePillID_data/ePillID_data\classification_data\segmented_nih_pills_224/10544-252_0_0.jpg,reference,10544-252,7;5,True,qwen,7 5,1,1,1.0,1,0.0,1,7 5,7 5
D:/Data/ePillID_data/ePillID_data\classification_data\segmented_nih_pills_224/10544-252_0_1.jpg,reference,10544-252,7;5,False,qwen,T,0,0,0.0,0,1.0,0,T,7 5
D:/Data/ePillID_data/ePillID_data\classification_data\segmented_nih_pills_224/10544-266_0_0.jpg,reference,10544-266,JSP;520,True,qwen,JSP,0,1,0.5,0,0.5,0,JSP,JSP 520
D:/Data/ePillID_data/ePillID_data\classification_data\segmented_nih_pills_224/10544-266_0_1.jpg,reference,10544-266,JSP;520,False,qwen,520,0,1,0.5,0,0.5,0,520,JSP 520
D:/Data/ePillID_data/ePillID_data\classification_data\segmented_nih_pills_224/10544-271_0_0.jpg,reference,10544-271,IG;258,True,qwen,IG,0,1,0.5,0,0.6,0,IG,IG 258
D:/Data/ePillID_data/ePillID_data\classification_data\segmented_nih_pills_224/10544-271_0_1.jpg,reference,10544-271,IG;258,False,qwen,258,0,1,0.5,0,0.4,0,258,IG 258
D:/Data/ePillID_data/ePillID_data\classification_data\segmented_nih_pills_224/10544-288_0_0.jpg,reference,10544-288,5904;V,True,qwen,5904 V,1,1,1.0,1,0.0,1,5904 V,5904 V
D:/Data/ePillID_data/ePillID_data\classification_data\segmented_nih_pills_224/10544-288_0_1.jpg,reference,10544-288,5904;V,False,qwen,GOLDEN,0,0,0.0,0,1.2,0,GOLDEN,5904 V
D:/Data/ePillID_data/ePillID_data\classification_data\segmented_nih_pills_224/10544-585_0_0.jpg,reference,10544-585,42;10;V,True,qwen,V,0,1,0.3333333333333333,0,0.8,0,V,42 10 V
D:/Data/ePillID_data/ePillID_data\classification_data\segmented_nih_pills_224/10544-585_0_1.jpg,reference,10544-585,42;10;V,False,qwen,42 10,0,0,0.6666666666666666,0,0.2,0,42 10,42 10 V
D:/Data/ePillID_data/ePillID_data\classification_data\segmented_nih_pills_224/10544-606_0_0.jpg,reference,10544-606,5312;500,True,qwen,TEVA,0,0,0.0,0,1.0,0,TEVA,5312 500
D:/Data/ePillID_data/ePillID_data\classification_data\segmented_nih_pills_224/10544-606_0_1.jpg,reference,10544-606,5312;500,False,qwen,5312,0,1,0.5,0,0.42857142857142855,0,5312,5312 500
D:/Data/ePillID_data/ePillID_data\classification_data\segmented_nih_pills_224/10544-904_0_0.jpg,reference,10544-904,E102,True,qwen,E102,1,1,1.0,1,0.0,1,E102,E102
D:/Data/ePillID_data/ePillID_data\classification_data\segmented_nih_pills_224/10544-904_0_1.jpg,reference,10544-904,E102,False,qwen,HIMALAYAN SALTS,0,0,0.0,0,3.5,0,HIMALAYAN SALTS,E102
D:/Data/ePillID_data/ePillID_data\classification_data\segmented_nih_pills_224/10544-952_0_0.jpg,reference,10544-952,54;312,True,qwen,54 312,1,1,1.0,1,0.0,1,54 312,54 312
D:/Data/ePillID_data/ePillID_data\classification_data\segmented_nih_pills_224/10544-952_0_1.jpg,reference,10544-952,54;312,False,qwen,T,0,0,0.0,0,1.0,0,T,54 312
D:/Data/ePillID_data/ePillID_data\classification_data\segmented_nih_pills_224/11534-168_0_0.jpg,reference,11534-168,N;10,True,qwen,N 10,1,1,1.0,1,0.0,1,N 10,N 10
D:/Data/ePillID_data/ePillID_data\classification_data\segmented_nih_pills_224/11534-168_0_1.jpg,reference,11534-168,N;10,False,qwen,E 1,0,0,0.0,0,0.6666666666666666,0,E 1,N 10
D:/Data/ePillID_data/ePillID_data\classification_data\segmented_nih_pills_224/11819-351_0_0.jpg,reference,11819-351,CR;250,True,qwen,B,0,0,0.0,0,1.0,0,B,CR 250
D:/Data/ePillID_data/ePillID_data\classification_data\segmented_nih_pills_224/11819-351_0_1.jpg,reference,11819-351,CR;250,False,qwen,CR 500,0,0,0.5,0,0.4,0,CR 500,CR 250
D:/Data/ePillID_data/ePillID_data\classification_data\segmented_nih_pills_224/11822-0532_0_0.jpg,reference,11822-532,44;532,True,qwen,44 532,1,1,1.0,1,0.0,1,44 532,44 532
D:/Data/ePillID_data/ePillID_data\classification_data\segmented_nih_pills_224/11822-0532_0_1.jpg,reference,11822-532,44;532,False,qwen,BLUE,0,0,0.0,0,1.0,0,BLUE,44 532
D:/Data/ePillID_data/ePillID_data\classification_data\segmented_nih_pills_224/12634-179_0_0.jpg,reference,12634-179,78;54;SANDOZ,True,qwen,78 54,0,0,0.6666666666666666,0,0.6,0,78 54,78 54 SANDOZ
D:/Data/ePillID_data/ePillID_data\classification_data\segmented_nih_pills_224/12634-179_0_1.jpg,reference,12634-179,78;54;SANDOZ,False,qwen,VAND7,0,0,0.0,0,0.7,0,VAND7,78 54 SANDOZ
D:/Data/ePillID_data/ePillID_data\classification_data\segmented_nih_pills_224/12634-786_0_0.jpg,reference,12634-786,AN;627,True,qwen,AN 627,1,1,1.0,1,0.0,1,AN 627,AN 627
D:/Data/ePillID_data/ePillID_data\classification_data\segmented_nih_pills_224/12634-786_0_1.jpg,reference,12634-786,AN;627,False,qwen,T,0,0,0.0,0,1.0,0,T,AN 627
D:/Data/ePillID_data/ePillID_data\classification_data\segmented_nih_pills_224/12634-910_0_0.jpg,reference,12634-910,E;5254,True,qwen,E 5254,1,1,1.0,1,0.0,1,E 5254,E 5254
D:/Data/ePillID_data/ePillID_data\classification_data\segmented_nih_pills_224/12634-910_0_1.jpg,reference,12634-910,E;5254,False,qwen,HOMATRICIN,0,0,0.0,0,2.0,0,HOMATRICIN,E 5254
D:/Data/ePillID_data/ePillID_data\classification_data\segmented_nih_pills_224/13668-070_0_0.jpg,reference,13668-70,1070,True,qwen,1070,1,1,1.0,1,0.0,1,1070,1070
D:/Data/ePillID_data/ePillID_data\classification_data\segmented_nih_pills_224/13668-070_0_1.jpg,reference,13668-70,1070,False,qwen,GOLDEN,0,0,0.0,0,1.5,0,GOLDEN,1070
D:/Data/ePillID_data/ePillID_data\classification_data\segmented_nih_pills_224/13668-086_0_0.jpg,reference,13668-86,86;5,True,qwen,86,0,1,0.5,0,0.3333333333333333,0,86,86 5
D:/Data/ePillID_data/ePillID_data\classification_data\segmented_nih_pills_224/13668-086_0_1.jpg,reference,13668-86,86;5,False,qwen,5,0,1,0.5,0,0.6666666666666666,0,5,86 5
D:/Data/ePillID_data/ePillID_data\classification_data\segmented_nih_pills_224/13668-118_0_0.jpg,reference,13668-118,1118,True,qwen,1118,1,1,1.0,1,0.0,1,1118,1118
D:/Data/ePillID_data/ePillID_data\classification_data\segmented_nih_pills_224/13668-118_0_1.jpg,reference,13668-118,1118,False,qwen,GLO W,0,0,0.0,0,1.0,0,GLO W,1118
D:/Data/ePillID_data/ePillID_data\classification_data\segmented_nih_pills_224/13668-134_0_0.jpg,reference,13668-134,34;10,True,qwen,34,0,1,0.5,0,0.5,0,34,34 10
D:/Data/ePillID_data/ePillID_data\classification_data\segmented_nih_pills_224/13668-134_0_1.jpg,reference,13668-134,34;10,False,qwen,10,0,1,0.5,0,0.5,0,10,34 10
D:/Data/ePillID_data/ePillID_data\classification_data\segmented_nih_pills_224/13668-140_0_0.jpg,reference,13668-140,140;15,True,qwen,140,0,1,0.5,0,0.4,0,140,140 15
D:/Data/ePillID_data/ePillID_data\classification_data\segmented_nih_pills_224/13668-140_0_1.jpg,reference,13668-140,140;15,False,qwen,15,0,1,0.5,0,0.6,0,15,140 15
D:/Data/ePillID_data/ePillID_data\classification_data\segmented_nih_pills_224/13668-158_0_0.jpg,reference,13668-158,1158;80,True,qwen,1158,0,1,0.5,0,0.3333333333333333,0,1158,1158 80
D:/Data/ePillID_data/ePillID_data\classification_data\segmented_nih_pills_224/13668-158_0_1.jpg,reference,13668-158,1158;80,False,qwen,80,0,1,0.5,0,0.6666666666666666,0,80,1158 80
D:/Data/ePillID_data/ePillID_data\classification_data\segmented_nih_pills_224/13668-190_0_0.jpg,reference,13668-190,1190,True,qwen,1190,1,1,1.0,1,0.0,1,1190,1190
D:/Data/ePillID_data/ePillID_data\classification_data\segmented_nih_pills_224/13668-190_0_1.jpg,reference,13668-190,1190,False,qwen,T,0,0,0.0,0,1.0,0,T,1190
D:/Data/ePillID_data/ePillID_data\classification_data\segmented_nih_pills_224/13668-217_0_0.jpg,reference,13668-217,5;17,True,qwen,17,0,1,0.5,0,0.3333333333333333,0,17,5 17
D:/Data/ePillID_data/ePillID_data\classification_data\segmented_nih_pills_224/13668-217_0_1.jpg,reference,13668-217,5;17,False,qwen,5,0,1,0.5,0,0.6666666666666666,0,5,5 17
D:/Data/ePillID_data/ePillID_data\classification_data\segmented_nih_pills_224/13668-332_0_0.jpg,reference,13668-332,13;32;505050,True,qwen,13 32,0,0,0.6666666666666666,0,0.6,0,13 32,13 32 505050
D:/Data/ePillID_data/ePillID_data\classification_data\segmented_nih_pills_224/13668-332_0_1.jpg,reference,13668-332,13;32;505050,False,qwen,50 50 50,0,0,0.0,0,0.4,0,50 50 50,13 32 505050
D:/Data/ePillID_data/ePillID_data\classification_data\segmented_nih_pills_224/13913-004_0_0.jpg,reference,13913-4,SLV;300,True,qwen,SLV,0,1,0.5,0,0.5,0,SLV,SLV 300
D:/Data/ePillID_data/ePillID_data\classification_data\segmented_nih_pills_224/13913-004_0_1.jpg,reference,13913-4,SLV;300,False,qwen,300,0,1,0.5,0,0.5,0,300,SLV 300
D:/Data/ePillID_data/ePillID_data\classification_data\segmented_nih_pills_224/13913-008_0_0.jpg,reference,13913-8,X592,True,qwen,X592,1,1,1.0,1,0.0,1,X592,X592
D:/Data/ePillID_data/ePillID_data\classification_data\segmented_nih_pills_224/13913-008_0_1.jpg,reference,13913-8,X592,False,qwen,L1,0,0,0.0,0,1.0,0,L1,X592
D:/Data/ePillID_data/ePillID_data\classification_data\segmented_nih_pills_224/15338-100_0_0.jpg,reference,15338-100,west;ward;3142,True,qwen,WEST WARD 3142,1,1,1.0,1,0.0,1,WEST WARD 3142,WEST WARD 3142
D:/Data/ePillID_data/ePillID_data\classification_data\segmented_nih_pills_224/15338-100_0_1.jpg,reference,15338-100,west;ward;3142,False,qwen,G3,0,0,0.0,0,0.9166666666666666,0,G3,WEST WARD 3142
D:/Data/ePillID_data/ePillID_data\classification_data\segmented_nih_pills_224/16110-259_0_0.jpg,reference,16110-259,MONODOX;100;M;259,True,qwen,MONODOX 100,0,0,0.5,0,0.2857142857142857,0,MONODOX 100,MONODOX 100 M 259
D:/Data/ePillID_data/ePillID_data\classification_data\segmented_nih_pills_224/16110-259_0_1.jpg,reference,16110-259,MONODOX;100;M;259,False,qwen,M 259,0,0,0.5,0,0.7142857142857143,0,M 259,MONODOX 100 M 259
D:/Data/ePillID_data/ePillID_data\classification_data\segmented_nih_pills_224/16110-502_0_0.jpg,reference,16110-502,A;A;A,True,qwen,AAA,0,0,0.0,0,0.0,1,AAA,A A A
D:/Data/ePillID_data/ePillID_data\classification_data\segmented_nih_pills_224/16110-502_0_1.jpg,reference,16110-502,A;A;A,False,qwen,N,0,0,0.0,0,1.0,0,N,A A A
D:/Data/ePillID_data/ePillID_data\classification_data\segmented_nih_pills_224/16252-527_0_0.jpg,reference,16252-527,PV20,True,qwen,C,0,0,0.0,0,1.0,0,C,PV20
D:/Data/ePillID_data/ePillID_data\classification_data\segmented_nih_pills_224/16252-527_0_1.jpg,reference,16252-527,PV20,False,qwen,PV20,1,1,1.0,1,0.0,1,PV20,PV20
D:/Data/ePillID_data/ePillID_data\classification_data\segmented_nih_pills_224/16252-543_0_0.jpg,reference,16252-543,TN4,True,qwen,C,0,0,0.0,0,1.0,0,C,TN4
D:/Data/ePillID_data/ePillID_data\classification_data\segmented_nih_pills_224/16252-543_0_1.jpg,reference,16252-543,TN4,False,qwen,TN 4,0,0,0.0,0,0.0,1,TN 4,TN4
D:/Data/ePillID_data/ePillID_data\classification_data\segmented_nih_pills_224/16252-618_0_0.jpg,reference,16252-618,RU40,True,qwen,RU40,1,1,1.0,1,0.0,1,RU40,RU40
D:/Data/ePillID_data/ePillID_data\classification_data\segmented_nih_pills_224/16252-618_0_1.jpg,reference,16252-618,RU40,False,qwen,N,0,0,0.0,0,1.0,0,N,RU40
D:/Data/ePillID_data/ePillID_data\classification_data\segmented_nih_pills_224/16571-413_0_0.jpg,reference,16571-413,P;750,True,qwen,P,0,1,0.5,0,0.75,0,P,P 750
D:/Data/ePillID_data/ePillID_data\classification_data\segmented_nih_pills_224/16571-413_0_1.jpg,reference,16571-413,P;750,False,qwen,750,0,1,0.5,0,0.25,0,750,P 750
D:/Data/ePillID_data/ePillID_data\classification_data\segmented_nih_pills_224/16590-052_0_0.jpg,reference,16590-52,899;1;2;B,True,qwen,B,0,1,0.25,0,0.8333333333333334,0,B,899 1 2 B
D:/Data/ePillID_data/ePillID_data\classification_data\segmented_nih_pills_224/16590-052_0_1.jpg,reference,16590-52,899;1;2;B,False,qwen,ANG 1 2,0,0,0.5,0,0.6666666666666666,0,ANG 1 2,899 1 2 B
D:/Data/ePillID_data/ePillID_data\classification_data\segmented_nih_pills_224/16590-134_0_0.jpg,reference,16590-134,ucb;500,True,qwen,UCB 500,1,1,1.0,1,0.0,1,UCB 500,UCB 500
D:/Data/ePillID_data/ePillID_data\classification_data\segmented_nih_pills_224/16590-134_0_1.jpg,reference,16590-134,ucb;500,False,qwen,G342,0,0,0.0,0,1.0,0,G342,UCB 500
D:/Data/ePillID_data/ePillID_data\classification_data\segmented_nih_pills_224/16590-216_0_0.jpg,reference,16590-216,Z;2416,True,qwen,2416,0,1,0.5,0,0.2,0,2416,Z 2416
D:/Data/ePillID_data/ePillID_data\classification_data\segmented_nih_pills_224/16590-216_0_1.jpg,reference,16590-216,Z;2416,False,qwen,T,0,0,0.0,0,1.0,0,T,Z 2416
D:/Data/ePillID_data/ePillID_data\classification_data\segmented_nih_pills_224/16590-250_0_0.jpg,reference,16590-250,ZOLOFT;50;mg,True,qwen,LOUP,0,0,0.0,0,0.8,0,LOUP,ZOLOFT 50 MG
D:/Data/ePillID_data/ePillID_data\classification_data\segmented_nih_pills_224/16590-250_0_1.jpg,reference,16590-250,ZOLOFT;50;mg,False,qwen,20 3,0,0,0.0,0,0.9,0,20 3,ZOLOFT 50 MG
D:/Data/ePillID_data/ePillID_data\classification_data\segmented_nih_pills_224/16590-279_0_0.jpg,reference,16590-279,X10,True,qwen,10,0,0,0.0,0,0.3333333333333333,0,10,X10
D:/Data/ePillID_data/ePillID_data\classification_data\segmented_nih_pills_224/16590-279_0_1.jpg,reference,16590-279,X10,False,qwen,LUPIN,0,0,0.0,0,1.6666666666666667,0,LUPIN,X10
D:/Data/ePillID_data/ePillID_data\classification_data\segmented_nih_pills_224/16590-294_0_0.jpg,reference,16590-294,2089,True,qwen,TEVA,0,0,0.0,0,1.0,0,TEVA,2089
D:/Data/ePillID_data/ePillID_data\classification_data\segmented_nih_pills_224/16590-294_0_1.jpg,reference,16590-294,2089,False,qwen,2007,0,0,0.0,0,0.5,0,2007,2089
D:/Data/ePillID_data/ePillID_data\classification_data\segmented_nih_pills_224/16590-320_0_0.jpg,reference,16590-320,250;MG;1014,True,qwen,1014,0,1,0.3333333333333333,0,0.5555555555555556,0,1014,250 MG 1014
D:/Data/ePillID_data/ePillID_data\classification_data\segmented_nih_pills_224/16590-320_0_1.jpg,reference,16590-320,250;MG;1014,False,qwen,250 MG,0,0,0.6666666666666666,0,0.4444444444444444,0,250 MG,250 MG 1014
D:/Data/ePillID_data/ePillID_data\classification_data\segmented_nih_pills_224/16590-437_0_0.jpg,reference,16590-437,M;38,True,qwen,M 38,1,1,1.0,1,0.0,1,M 38,M 38
D:/Data/ePillID_data/ePillID_data\classification_data\segmented_nih_pills_224/16590-437_0_1.jpg,reference,16590-437,M;38,False,qwen,T,0,0,0.0,0,1.0,0,T,M 38
D:/Data/ePillID_data/ePillID_data\classification_data\segmented_nih_pills_224/16590-544_0_0.jpg,reference,16590-544,WATSON;3256,True,qwen,WATSON 500,0,0,0.5,0,0.4,0,WATSON 500,WATSON 3256
D:/Data/ePillID_data/ePillID_data\classification_data\segmented_nih_pills_224/16590-544_0_1.jpg,reference,16590-544,WATSON;3256,False,qwen,3256,0,1,0.5,0,0.6,0,3256,WATSON 3256
D:/Data/ePillID_data/ePillID_data\classification_data\segmented_nih_pills_224/16590-596_0_0.jpg,reference,16590-596,15mg;Cephalon,True,qwen,15 MG,0,0,0.0,0,0.6666666666666666,0,15 MG,15MG CEPHALON
D:/Data/ePillID_data/ePillID_data\classification_data\segmented_nih_pills_224/16590-596_0_1.jpg,reference,16590-596,15mg;Cephalon,False,qwen,THALON 5 MG,0,0,0.0,0,0.8333333333333334,0,THALON 5 MG,15MG CEPHALON
D:/Data/ePillID_data/ePillID_data\classification_data\segmented_nih_pills_224/16590-755_0_0.jpg,reference,16590-755,SOMA;250,True,qwen,SOMA 250,1,1,1.0,1,0.0,1,SOMA 250,SOMA 250
D:/Data/ePillID_data/ePillID_data\classification_data\segmented_nih_pills_224/16590-755_0_1.jpg,reference,16590-755,SOMA;250,False,qwen,T,0,0,0.0,0,1.0,0,T,SOMA 250
D:/Data/ePillID_data/ePillID_data\classification_data\segmented_nih_pills_224/16590-756_0_0.jpg,reference,16590-756,6;MG,True,qwen,6 MG,1,1,1.0,1,0.0,1,6 MG,6 MG
D:/Data/ePillID_data/ePillID_data\classification_data\segmented_nih_pills_224/16590-756_0_1.jpg,reference,16590-756,6;MG,False,qwen,G342,0,0,0.0,0,1.3333333333333333,0,G342,6 MG
D:/Data/ePillID_data/ePillID_data\classification_data\segmented_nih_pills_224/16590-832_0_0.jpg,reference,16590-832,412,True,qwen,C,0,0,0.0,0,1.0,0,C,412
D:/Data/ePillID_data/ePillID_data\classification_data\segmented_nih_pills_224/16590-832_0_1.jpg,reference,16590-832,412,False,qwen,412,1,1,1.0,1,0.0,1,412,412
D:/Data/ePillID_data/ePillID_data\classification_data\segmented_nih_pills_224/16590-881_0_0.jpg,reference,16590-881,BAYER;M400,True,qwen,BAYER,0,1,0.5,0,0.4444444444444444,0,BAYER,BAYER M400
D:/Data/ePillID_data/ePillID_data\classification_data\segmented_nih_pills_224/16590-881_0_1.jpg,reference,16590-881,BAYER;M400,False,qwen,M400,0,1,0.5,0,0.5555555555555556,0,M400,BAYER M400
D:/Data/ePillID_data/ePillID_data\classification_data\segmented_nih_pills_224/16714-041_0_0.jpg,reference,16714-41,N020,True,qwen,N020,1,1,1.0,1,0.0,1,N020,N020
D:/Data/ePillID_data/ePillID_data\classification_data\segmented_nih_pills_224/16714-041_0_1.jpg,reference,16714-41,N020,False,qwen,B 1,0,0,0.0,0,1.0,0,B 1,N020
D:/Data/ePillID_data/ePillID_data\classification_data\segmented_nih_pills_224/16714-296_0_0.jpg,reference,16714-296,X;33,True,qwen,X,0,1,0.5,0,0.6666666666666666,0,X,X 33
D:/Data/ePillID_data/ePillID_data\classification_data\segmented_nih_pills_224/16714-296_0_1.jpg,reference,16714-296,X;33,False,qwen,33,0,1,0.5,0,0.3333333333333333,0,33,X 33
D:/Data/ePillID_data/ePillID_data\classification_data\segmented_nih_pills_224/16714-300_0_0.jpg,reference,16714-300,X;48,True,qwen,X,0,1,0.5,0,0.6666666666666666,0,X,X 48
D:/Data/ePillID_data/ePillID_data\classification_data\segmented_nih_pills_224/16714-300_0_1.jpg,reference,16714-300,X;48,False,qwen,48,0,1,0.5,0,0.3333333333333333,0,48,X 48
D:/Data/ePillID_data/ePillID_data\classification_data\segmented_nih_pills_224/16714-356_0_0.jpg,reference,16714-356,E;12,True,qwen,E 12,1,1,1.0,1,0.0,1,E 12,E 12
D:/Data/ePillID_data/ePillID_data\classification_data\segmented_nih_pills_224/16714-356_0_1.jpg,reference,16714-356,E;12,False,qwen,N,0,0,0.0,0,1.0,0,N,E 12
D:/Data/ePillID_data/ePillID_data\classification_data\segmented_nih_pills_224/16714-400_0_0.jpg,reference,16714-400,A33,True,qwen,A33,1,1,1.0,1,0.0,1,A33,A33
D:/Data/ePillID_data/ePillID_data\classification_data\segmented_nih_pills_224/16714-400_0_1.jpg,reference,16714-400,A33,False,qwen,G3,0,0,0.0,0,0.6666666666666666,0,G3,A33
D:/Data/ePillID_data/ePillID_data\classification_data\segmented_nih_pills_224/16714-417_0_0.jpg,reference,16714-417,L;230,True,qwen,L 230,1,1,1.0,1,0.0,1,L 230,L 230
D:/Data/ePillID_data/ePillID_data\classification_data\segmented_nih_pills_224/16714-417_0_1.jpg,reference,16714-417,L;230,False,qwen,T,0,0,0.0,0,1.0,0,T,L 230
D:/Data/ePillID_data/ePillID_data\classification_data\segmented_nih_pills_224/16714-449_0_0.jpg,reference,16714-449,GG451,True,qwen,GG451,1,1,1.0,1,0.0,1,GG451,GG451
D:/Data/ePillID_data/ePillID_data\classification_data\segmented_nih_pills_224/16714-449_0_1.jpg,reference,16714-449,GG451,False,qwen,PLAIN,0,0,0.0,0,1.0,0,PLAIN,GG451
D:/Data/ePillID_data/ePillID_data\classification_data\segmented_nih_pills_224/16714-531_0_0.jpg,reference,16714-531,S;102,True,qwen,S,0,1,0.5,0,0.75,0,S,S 102
D:/Data/ePillID_data/ePillID_data\classification_data\segmented_nih_pills_224/16714-531_0_1.jpg,reference,16714-531,S;102,False,qwen,102,0,1,0.5,0,0.25,0,102,S 102
D:/Data/ePillID_data/ePillID_data\classification_data\segmented_nih_pills_224/16714-532_0_0.jpg,reference,16714-532,S;103,True,qwen,S,0,1,0.5,0,0.75,0,S,S 103
D:/Data/ePillID_data/ePillID_data\classification_data\segmented_nih_pills_224/16714-532_0_1.jpg,reference,16714-532,S;103,False,qwen,103,0,1,0.5,0,0.25,0,103,S 103
D:/Data/ePillID_data/ePillID_data\classification_data\segmented_nih_pills_224/16714-533_0_0.jpg,reference,16714-533,S;104,True,qwen,S,0,1,0.5,0,0.75,0,S,S 104
D:/Data/ePillID_data/ePillID_data\classification_data\segmented_nih_pills_224/16714-533_0_1.jpg,reference,16714-533,S;104,False,qwen,104,0,1,0.5,0,0.25,0,104,S 104
D:/Data/ePillID_data/ePillID_data\classification_data\segmented_nih_pills_224/16714-691_0_0.jpg,reference,16714-691,C;05,True,qwen,C,0,1,0.5,0,0.6666666666666666,0,C,C 05
D:/Data/ePillID_data/ePillID_data\classification_data\segmented_nih_pills_224/16714-691_0_1.jpg,reference,16714-691,C;05,False,qwen,05,0,1,0.5,0,0.3333333333333333,0,05,C 05
D:/Data/ePillID_data/ePillID_data\classification_data\segmented_nih_pills_224/16729-021_0_0.jpg,reference,16729-21,PIO;30,True,qwen,PIO,0,1,0.5,0,0.4,0,PIO,PIO 30
D:/Data/ePillID_data/ePillID_data\classification_data\segmented_nih_pills_224/16729-021_0_1.jpg,reference,16729-21,PIO;30,False,qwen,30,0,1,0.5,0,0.6,0,30,PIO 30
D:/Data/ePillID_data/ePillID_data\classification_data\segmented_nih_pills_224/16729-156_0_0.jpg,reference,16729-156,SI,True,qwen,SI,1,1,1.0,1,0.0,1,SI,SI
D:/Data/ePillID_data/ePillID_data\classification_data\segmented_nih_pills_224/16729-156_0_1.jpg,reference,16729-156,SI,False,qwen,T,0,0,0.0,0,1.0,0,T,SI
D:/Data/ePillID_data/ePillID_data\classification_data\segmented_nih_pills_224/16729-173_0_0.jpg,reference,16729-173,I3,True,qwen,I3,1,1,1.0,1,0.0,1,I3,I3
D:/Data/ePillID_data/ePillID_data\classification_data\segmented_nih_pills_224/16729-173_0_1.jpg,reference,16729-173,I3,False,qwen,B,0,0,0.0,0,1.0,0,B,I3
D:/Data/ePillID_data/ePillID_data\classification_data\segmented_nih_pills_224/21695-041_0_0.jpg,reference,21695-41,TEVA;7293,True,qwen,TEVA,0,1,0.5,0,0.5,0,TEVA,TEVA 7293
D:/Data/ePillID_data/ePillID_data\classification_data\segmented_nih_pills_224/21695-041_0_1.jpg,reference,21695-41,TEVA;7293,False,qwen,7293,0,1,0.5,0,0.5,0,7293,TEVA 7293
D:/Data/ePillID_data/ePillID_data\classification_data\segmented_nih_pills_224/21695-063_0_0.jpg,reference,21695-63,Pfizer;399,True,qwen,PFIZER 399 PFIZER 399,0,0,1.0,1,1.0,1,PFIZER 399 PFIZER 399,PFIZER 399
D:/Data/ePillID_data/ePillID_data\classification_data\segmented_nih_pills_224/21695-063_0_1.jpg,reference,21695-63,Pfizer;399,False,qwen,G342,0,0,0.0,0,0.8888888888888888,0,G342,PFIZER 399
D:/Data/ePillID_data/ePillID_data\classification_data\segmented_nih_pills_224/21695-068_0_0.jpg,reference,21695-68,81,True,qwen,I8,0,0,0.0,0,1.0,0,I8,81
D:/Data/ePillID_data/ePillID_data\classification_data\segmented_nih_pills_224/21695-068_0_1.jpg,reference,21695-68,81,False,qwen,N,0,0,0.0,0,1.0,0,N,81
D:/Data/ePillID_data/ePillID_data\classification_data\segmented_nih_pills_224/21695-092_0_0.jpg,reference,21695-92,NEXIUM40mg,True,qwen,NEXIUM40MG,1,1,1.0,1,0.0,1,NEXIUM40MG,NEXIUM40MG
D:/Data/ePillID_data/ePillID_data\classification_data\segmented_nih_pills_224/21695-092_0_1.jpg,reference,21695-92,NEXIUM40mg,False,qwen,3,0,0,0.0,0,1.0,0,3,NEXIUM40MG
D:/Data/ePillID_data/ePillID_data\classification_data\segmented_nih_pills_224/21695-120_0_0.jpg,reference,21695-120,SEROQUEL;200,True,qwen,SEROQUEL 100,0,0,0.5,0,0.09090909090909091,0,SEROQUEL 100,SEROQUEL 200
D:/Data/ePillID_data/ePillID_data\classification_data\segmented_nih_pills_224/21695-120_0_1.jpg,reference,21695-120,SEROQUEL;200,False,qwen,T,0,0,0.0,0,1.0,0,T,SEROQUEL 200
D:/Data/ePillID_data/ePillID_data\classification_data\segmented_nih_pills_224/21695-157_0_0.jpg,reference,21695-157,VGR50;Pfizer,True,qwen,PFIZER,0,1,0.5,0,0.45454545454545453,0,PFIZER,VGR50 PFIZER
D:/Data/ePillID_data/ePillID_data\classification_data\segmented_nih_pills_224/21695-157_0_1.jpg,reference,21695-157,VGR50;Pfizer,False,qwen,VGR 50,0,0,0.0,0,0.5454545454545454,0,VGR 50,VGR50 PFIZER
D:/Data/ePillID_data/ePillID_data\classification_data\segmented_nih_pills_224/21695-175_0_0.jpg,reference,21695-175,7113;93,True,qwen,93,0,1,0.5,0,0.6666666666666666,0,93,7113 93
D:/Data/ePillID_data/ePillID_data\classification_data\segmented_nih_pills_224/21695-175_0_1.jpg,reference,21695-175,7113;93,False,qwen,7113,0,1,0.5,0,0.3333333333333333,0,7113,7113 93
D:/Data/ePillID_data/ePillID_data\classification_data\segmented_nih_pills_224/21695-179_0_0.jpg,reference,21695-179,PV;20,True,qwen,C,0,0,0.0,0,1.0,0,C,PV 20
D:/Data/ePillID_data/ePillID_data\classification_data\segmented_nih_pills_224/21695-179_0_1.jpg,reference,21695-179,PV;20,False,qwen,PV20,0,0,0.0,0,0.0,1,PV20,PV 20
D:/Data/ePillID_data/ePillID_data\classification_data\segmented_nih_pills_224/21695-181_0_0.jpg,reference,21695-181,E;149,True,qwen,E 149,1,1,1.0,1,0.0,1,E 149,E 149
D:/Data/ePillID_data/ePillID_data\classification_data\segmented_nih_pills_224/21695-181_0_1.jpg,reference,21695-181,E;149,False,qwen,T,0,0,0.0,0,1.0,0,T,E 149
D:/Data/ePillID_data/ePillID_data\classification_data\segmented_nih_pills_224/21695-232_0_0.jpg,reference,21695-232,5;FL,True,qwen,FL,0,1,0.5,0,0.3333333333333333,0,FL,5 FL
D:/Data/ePillID_data/ePillID_data\classification_data\segmented_nih_pills_224/21695-232_0_1.jpg,reference,21695-232,5;FL,False,qwen,5,0,1,0.5,0,0.6666666666666666,0,5,5 FL
D:/Data/ePillID_data/ePillID_data\classification_data\segmented_nih_pills_224/21695-260_0_0.jpg,reference,21695-260,93;832,True,qwen,TEVA,0,0,0.0,0,1.0,0,TEVA,93 832
D:/Data/ePillID_data/ePillID_data\classification_data\segmented_nih_pills_224/21695-260_0_1.jpg,reference,21695-260,93;832,False,qwen,832,0,1,0.5,0,0.4,0,832,93 832
D:/Data/ePillID_data/ePillID_data\classification_data\segmented_nih_pills_224/21695-262_0_0.jpg,reference,21695-262,93;834,True,qwen,TEVA,0,0,0.0,0,1.0,0,TEVA,93 834
D:/Data/ePillID_data/ePillID_data\classification_data\segmented_nih_pills_224/21695-262_0_1.jpg,reference,21695-262,93;834,False,qwen,834,0,1,0.5,0,0.4,0,834,93 834
D:/Data/ePillID_data/ePillID_data\classification_data\segmented_nih_pills_224/21695-285_0_0.jpg,reference,21695-285,93;757,True,qwen,93 757 93 757,0,0,1.0,1,1.0,1,93 757 93 757,93 757
D:/Data/ePillID_data/ePillID_data\classification_data\segmented_nih_pills_224/21695-285_0_1.jpg,reference,21695-285,93;757,False,qwen,G342,0,0,0.0,0,0.8,0,G342,93 757
D:/Data/ePillID_data/ePillID_data\classification_data\segmented_nih_pills_224/21695-304_0_0.jpg,reference,21695-304,PH;014,True,qwen,PH014,0,0,0.0,0,0.0,1,PH014,PH 014
D:/Data/ePillID_data/ePillID_data\classification_data\segmented_nih_pills_224/21695-304_0_1.jpg,reference,21695-304,PH;014,False,qwen,G34,0,0,0.0,0,0.8,0,G34,PH 014
D:/Data/ePillID_data/ePillID_data\classification_data\segmented_nih_pills_224/21695-371_0_0.jpg,reference,21695-371,MP;657,True,qwen,MP 657,1,1,1.0,1,0.0,1,MP 657,MP 657
D:/Data/ePillID_data/ePillID_data\classification_data\segmented_nih_pills_224/21695-371_0_1.jpg,reference,21695-371,MP;657,False,qwen,L,0,0,0.0,0,1.0,0,L,MP 657
D:/Data/ePillID_data/ePillID_data\classification_data\segmented_nih_pills_224/21695-418_0_0.jpg,reference,21695-418,93;2268,True,qwen,9 3,0,0,0.0,0,0.6666666666666666,0,9 3,93 2268
D:/Data/ePillID_data/ePillID_data\classification_data\segmented_nih_pills_224/21695-418_0_1.jpg,reference,21695-418,93;2268,False,qwen,2268,0,1,0.5,0,0.3333333333333333,0,2268,93 2268
D:/Data/ePillID_data/ePillID_data\classification_data\segmented_nih_pills_224/21695-433_0_0.jpg,reference,21695-433,T45,True,qwen,45,0,0,0.0,0,0.3333333333333333,0,45,T45
D:/Data/ePillID_data/ePillID_data\classification_data\segmented_nih_pills_224/21695-433_0_1.jpg,reference,21695-433,T45,False,qwen,T,0,0,0.0,0,0.6666666666666666,0,T,T45
D:/Data/ePillID_data/ePillID_data\classification_data\segmented_nih_pills_224/21695-461_0_0.jpg,reference,21695-461,194;R,True,qwen,R,0,1,0.5,0,0.75,0,R,194 R
D:/Data/ePillID_data/ePillID_data\classification_data\segmented_nih_pills_224/21695-461_0_1.jpg,reference,21695-461,194;R,False,qwen,193,0,0,0.0,0,0.5,0,193,194 R
D:/Data/ePillID_data/ePillID_data\classification_data\segmented_nih_pills_224/21695-497_0_0.jpg,reference,21695-497,GG;172,True,qwen,GG 172,1,1,1.0,1,0.0,1,GG 172,GG 172
D:/Data/ePillID_data/ePillID_data\classification_data\segmented_nih_pills_224/21695-497_0_1.jpg,reference,21695-497,GG;172,False,qwen,I,0,0,0.0,0,1.0,0,I,GG 172
D:/Data/ePillID_data/ePillID_data\classification_data\segmented_nih_pills_224/21695-499_0_0.jpg,reference,21695-499,RX;526,True,qwen,R 52 TO,0,0,0.0,0,0.6,0,R 52 TO,RX 526
D:/Data/ePillID_data/ePillID_data\classification_data\segmented_nih_pills_224/21695-499_0_1.jpg,reference,21695-499,RX;526,False,qwen,T,0,0,0.0,0,1.0,0,T,RX 526
D:/Data/ePillID_data/ePillID_data\classification_data\segmented_nih_pills_224/21695-544_0_0.jpg,reference,21695-544,GG962;875,True,qwen,GG962,0,1,0.5,0,0.375,0,GG962,GG962 875
D:/Data/ePillID_data/ePillID_data\classification_data\segmented_nih_pills_224/21695-544_0_1.jpg,reference,21695-544,GG962;875,False,qwen,875,0,1,0.5,0,0.625,0,875,GG962 875
D:/Data/ePillID_data/ePillID_data\classification_data\segmented_nih_pills_224/21695-654_0_0.jpg,reference,21695-654,259;259,True,qwen,259 259,1,1,1.0,1,0.0,1,259 259,259 259
D:/Data/ePillID_data/ePillID_data\classification_data\segmented_nih_pills_224/21695-654_0_1.jpg,reference,21695-654,259;259,False,qwen,1,0,0,0.0,0,1.0,0,1,259 259
D:/Data/ePillID_data/ePillID_data\classification_data\segmented_nih_pills_224/21695-656_0_0.jpg,reference,21695-656,BI;01A,True,qwen,01A,0,1,0.5,0,0.4,0,01A,BI 01A
D:/Data/ePillID_data/ePillID_data\classification_data\segmented_nih_pills_224/21695-656_0_1.jpg,reference,21695-656,BI;01A,False,qwen,G342,0,0,0.0,0,1.0,0,G342,BI 01A
D:/Data/ePillID_data/ePillID_data\classification_data\segmented_nih_pills_224/21695-669_0_0.jpg,reference,21695-669,DAN;5556;40,True,qwen,DAN 5556,0,0,0.6666666666666666,0,0.2222222222222222,0,DAN 5556,DAN 5556 40
D:/Data/ePillID_data/ePillID_data\classification_data\segmented_nih_pills_224/21695-669_0_1.jpg,reference,21695-669,DAN;5556;40,False,qwen,40,0,1,0.3333333333333333,0,0.7777777777777778,0,40,DAN 5556 40
D:/Data/ePillID_data/ePillID_data\classification_data\segmented_nih_pills_224/21695-699_0_0.jpg,reference,21695-699,Par821,True,qwen,PAR 821,0,0,0.0,0,0.0,1,PAR 821,PAR821
D:/Data/ePillID_data/ePillID_data\classification_data\segmented_nih_pills_224/21695-699_0_1.jpg,reference,21695-699,Par821,False,qwen,POLYPROPYLENE,0,0,0.0,0,1.8333333333333333,0,POLYPROPYLENE,PAR821
D:/Data/ePillID_data/ePillID_data\classification_data\segmented_nih_pills_224/21695-735_0_0.jpg,reference,21695-735,WATSON;862,True,qwen,WATSON 792,0,0,0.5,0,0.2222222222222222,0,WATSON 792,WATSON 862
D:/Data/ePillID_data/ePillID_data\classification_data\segmented_nih_pills_224/21695-735_0_1.jpg,reference,21695-735,WATSON;862,False,qwen,H,0,0,0.0,0,1.0,0,H,WATSON 862
D:/Data/ePillID_data/ePillID_data\classification_data\segmented_nih_pills_224/21695-750_0_0.jpg,reference,21695-750,JSP;515,True,qwen,JSP,0,1,0.5,0,0.5,0,JSP,JSP 515
D:/Data/ePillID_data/ePillID_data\classification_data\segmented_nih_pills_224/21695-750_0_1.jpg,reference,21695-750,JSP;515,False,qwen,515,0,1,0.5,0,0.5,0,515,JSP 515
D:/Data/ePillID_data/ePillID_data\classification_data\segmented_nih_pills_224/21695-755_0_0.jpg,reference,21695-755,JSP;564,True,qwen,JSP,0,1,0.5,0,0.5,0,JSP,JSP 564
D:/Data/ePillID_data/ePillID_data\classification_data\segmented_nih_pills_224/21695-755_0_1.jpg,reference,21695-755,JSP;564,False,qwen,564,0,1,0.5,0,0.5,0,564,JSP 564
D:/Data/ePillID_data/ePillID_data\classification_data\segmented_nih_pills_224/21695-781_0_0.jpg,reference,21695-781,Sankyo;C01,True,qwen,SANKYO C01,1,1,1.0,1,0.0,1,SANKYO C01,SANKYO C01
D:/Data/ePillID_data/ePillID_data\classification_data\segmented_nih_pills_224/21695-781_0_1.jpg,reference,21695-781,Sankyo;C01,False,qwen,POLYURETHANE,0,0,0.0,0,1.3333333333333333,0,POLYURETHANE,SANKYO C01
D:/Data/ePillID_data/ePillID_data\classification_data\segmented_nih_pills_224/21695-821_0_0.jpg,reference,21695-821,RP;2;5,True,qwen,RP 2 5,1,1,1.0,1,0.0,1,RP 2 5,RP 2 5
D:/Data/ePillID_data/ePillID_data\classification_data\segmented_nih_pills_224/21695-821_0_1.jpg,reference,21695-821,RP;2;5,False,qwen,G3,0,0,0.0,0,1.0,0,G3,RP 2 5
D:/Data/ePillID_data/ePillID_data\classification_data\segmented_nih_pills_224/21695-822_0_0.jpg,reference,21695-822,RP;5,True,qwen,RP 5,1,1,1.0,1,0.0,1,RP 5,RP 5
D:/Data/ePillID_data/ePillID_data\classification_data\segmented_nih_pills_224/21695-822_0_1.jpg,reference,21695-822,RP;5,False,qwen,G34,0,0,0.0,0,1.0,0,G34,RP 5
D:/Data/ePillID_data/ePillID_data\classification_data\segmented_nih_pills_224/21695-906_0_0.jpg,reference,21695-906,N;500,True,qwen,N,0,1,0.5,0,0.75,0,N,N 500
D:/Data/ePillID_data/ePillID_data\classification_data\segmented_nih_pills_224/21695-906_0_1.jpg,reference,21695-906,N;500,False,qwen,500,0,1,0.5,0,0.25,0,500,N 500
D:/Data/ePillID_data/ePillID_data\classification_data\segmented_nih_pills_224/21695-950_0_0.jpg,reference,21695-950,832,True,qwen,831,0,0,0.0,0,0.3333333333333333,0,831,832
D:/Data/ePillID_data/ePillID_data\classification_data\segmented_nih_pills_224/21695-950_0_1.jpg,reference,21695-950,832,False,qwen,N,0,0,0.0,0,1.0,0,N,832
D:/Data/ePillID_data/ePillID_data\classification_data\segmented_nih_pills_224/21695-965_0_0.jpg,reference,21695-965,WPI;3249,True,qwen,WPI,0,1,0.5,0,0.5714285714285714,0,WPI,WPI 3249
D:/Data/ePillID_data/ePillID_data\classification_data\segmented_nih_pills_224/21695-965_0_1.jpg,reference,21695-965,WPI;3249,False,qwen,3249,0,1,0.5,0,0.42857142857142855,0,3249,WPI 3249
D:/Data/ePillID_data/ePillID_data\classification_data\segmented_nih_pills_224/21695-988_0_0.jpg,reference,21695-988,WATSON;607,True,qwen,WATSON 607 607,0,0,1.0,1,0.3333333333333333,1,WATSON 607 607,WATSON 607
D:/Data/ePillID_data/ePillID_data\classification_data\segmented_nih_pills_224/21695-988_0_1.jpg,reference,21695-988,WATSON;607,False,qwen,T,0,0,0.0,0,0.8888888888888888,0,T,WATSON 607
D:/Data/ePillID_data/ePillID_data\classification_data\segmented_nih_pills_224/23155-006_0_0.jpg,reference,23155-6,HP;6,True,qwen,HP 6,1,1,1.0,1,0.0,1,HP 6,HP 6
D:/Data/ePillID_data/ePillID_data\classification_data\segmented_nih_pills_224/23155-006_0_1.jpg,reference,23155-6,HP;6,False,qwen,SUN,0,0,0.0,0,1.0,0,SUN,HP 6
D:/Data/ePillID_data/ePillID_data\classification_data\segmented_nih_pills_224/23155-051_0_0.jpg,reference,23155-51,HP;51,True,qwen,HP51,0,0,0.0,0,0.0,1,HP51,HP 51
D:/Data/ePillID_data/ePillID_data\classification_data\segmented_nih_pills_224/23155-051_0_1.jpg,reference,23155-51,HP;51,False,qwen,T,0,0,0.0,0,1.0,0,T,HP 51
D:/Data/ePillID_data/ePillID_data\classification_data\segmented_nih_pills_224/23155-116_0_0.jpg,reference,23155-116,U785,True,qwen,U785,1,1,1.0,1,0.0,1,U785,U785
D:/Data/ePillID_data/ePillID_data\classification_data\segmented_nih_pills_224/23155-116_0_1.jpg,reference,23155-116,U785,False,qwen,T,0,0,0.0,0,1.0,0,T,U785
D:/Data/ePillID_data/ePillID_data\classification_data\segmented_nih_pills_224/23155-117_0_0.jpg,reference,23155-117,U786,True,qwen,U786,1,1,1.0,1,0.0,1,U786,U786
D:/Data/ePillID_data/ePillID_data\classification_data\segmented_nih_pills_224/23155-117_0_1.jpg,reference,23155-117,U786,False,qwen,N,0,0,0.0,0,1.0,0,N,U786
D:/Data/ePillID_data/ePillID_data\classification_data\segmented_nih_pills_224/23155-120_0_0.jpg,reference,23155-120,HP120,True,qwen,G342,0,0,0.0,0,0.8,0,G342,HP120
D:/Data/ePillID_data/ePillID_data\classification_data\segmented_nih_pills_224/23155-120_0_1.jpg,reference,23155-120,HP120,False,qwen,120,0,0,0.0,0,0.4,0,120,HP120
D:/Data/ePillID_data/ePillID_data\classification_data\segmented_nih_pills_224/23155-133_0_0.jpg,reference,23155-133,I61,True,qwen,161,0,0,0.0,0,0.3333333333333333,0,161,I61
D:/Data/ePillID_data/ePillID_data\classification_data\segmented_nih_pills_224/23155-133_0_1.jpg,reference,23155-133,I61,False,qwen,T,0,0,0.0,0,1.0,0,T,I61
D:/Data/ePillID_data/ePillID_data\classification_data\segmented_nih_pills_224/24090-491_0_0.jpg,reference,24090-491,E,True,qwen,H,0,0,0.0,0,1.0,0,H,E
D:/Data/ePillID_data/ePillID_data\classification_data\segmented_nih_pills_224/24090-491_0_1.jpg,reference,24090-491,E,False,qwen,H,0,0,0.0,0,1.0,0,H,E
D:/Data/ePillID_data/ePillID_data\classification_data\segmented_nih_pills_224/24090-494_0_0.jpg,reference,24090-494,J,True,qwen,H,0,0,0.0,0,1.0,0,H,J
D:/Data/ePillID_data/ePillID_data\classification_data\segmented_nih_pills_224/24090-494_0_1.jpg,reference,24090-494,J,False,qwen,573,0,0,0.0,0,3.0,0,573,J
D:/Data/ePillID_data/ePillID_data\classification_data\segmented_nih_pills_224/24236-313_0_0.jpg,reference,24236-313,LAMICTAL;25,True,qwen,LAMICTAL 75,0,0,0.5,0,0.1,0,LAMICTAL 75,LAMICTAL 25
D:/Data/ePillID_data/ePillID_data\classification_data\segmented_nih_pills_224/24236-313_0_1.jpg,reference,24236-313,LAMICTAL;25,False,qwen,3750,0,0,0.0,0,1.0,0,3750,LAMICTAL 25
D:/Data/ePillID_data/ePillID_data\classification_data\segmented_nih_pills_224/24338-126_0_0.jpg,reference,24338-126,A;ED,True,qwen,A,0,1,0.5,0,0.6666666666666666,0,A,A ED
D:/Data/ePillID_data/ePillID_data\classification_data\segmented_nih_pills_224/24338-126_0_1.jpg,reference,24338-126,A;ED,False,qwen,ED,0,1,0.5,0,0.3333333333333333,0,ED,A ED
D:/Data/ePillID_data/ePillID_data\classification_data\segmented_nih_pills_224/29300-125_0_0.jpg,reference,29300-125,U;L;15,True,qwen,UL,0,0,0.0,0,0.5,0,UL,U L 15
D:/Data/ePillID_data/ePillID_data\classification_data\segmented_nih_pills_224/29300-125_0_1.jpg,reference,29300-125,U;L;15,False,qwen,15,0,1,0.3333333333333333,0,0.5,0,15,U L 15
D:/Data/ePillID_data/ePillID_data\classification_data\segmented_nih_pills_224/29300-187_0_0.jpg,reference,29300-187,UL;l,True,qwen,U L,0,0,0.5,0,0.3333333333333333,0,U L,UL L
D:/Data/ePillID_data/ePillID_data\classification_data\segmented_nih_pills_224/29300-187_0_1.jpg,reference,29300-187,UL;l,False,qwen,I,0,0,0.0,0,1.0,0,I,UL L
D:/Data/ePillID_data/ePillID_data\classification_data\segmented_nih_pills_224/29300-243_0_0.jpg,reference,29300-243,U;243,True,qwen,U,0,1,0.5,0,0.75,0,U,U 243
D:/Data/ePillID_data/ePillID_data\classification_data\segmented_nih_pills_224/29300-243_0_1.jpg,reference,29300-243,U;243,False,qwen,243,0,1,0.5,0,0.25,0,243,U 243
D:/Data/ePillID_data/ePillID_data\classification_data\segmented_nih_pills_224/30698-421_0_0.jpg,reference,30698-421,SPD417;SPD417;200;mg,True,qwen,SPD417 200 MG,0,0,1.0,1,0.35294117647058826,0,SPD417 200 MG,SPD417 SPD417 200 MG
D:/Data/ePillID_data/ePillID_data\classification_data\segmented_nih_pills_224/30698-421_0_1.jpg,reference,30698-421,SPD417;SPD417;200;mg,False,qwen,G34,0,0,0.0,0,0.9411764705882353,0,G34,SPD417 SPD417 200 MG
D:/Data/ePillID_data/ePillID_data\classification_data\segmented_nih_pills_224/31722-256_0_0.jpg,reference,31722-256,IG;256,True,qwen,IG,0,1,0.5,0,0.6,0,IG,IG 256
D:/Data/ePillID_data/ePillID_data\classification_data\segmented_nih_pills_224/31722-256_0_1.jpg,reference,31722-256,IG;256,False,qwen,256,0,1,0.5,0,0.4,0,256,IG 256
D:/Data/ePillID_data/ePillID_data\classification_data\segmented_nih_pills_224/31722-267_0_0.jpg,reference,31722-267,267;IG,True,qwen,IG,0,1,0.5,0,0.6,0,IG,267 IG
D:/Data/ePillID_data/ePillID_data\classification_data\segmented_nih_pills_224/31722-267_0_1.jpg,reference,31722-267,267;IG,False,qwen,267,0,1,0.5,0,0.4,0,267,267 IG
D:/Data/ePillID_data/ePillID_data\classification_data\segmented_nih_pills_224/31722-526_0_0.jpg,reference,31722-526,H;36,True,qwen,H,0,1,0.5,0,0.6666666666666666,0,H,H 36
D:/Data/ePillID_data/ePillID_data\classification_data\segmented_nih_pills_224/31722-526_0_1.jpg,reference,31722-526,H;36,False,qwen,36,0,1,0.5,0,0.3333333333333333,0,36,H 36
D:/Data/ePillID_data/ePillID_data\classification_data\segmented_nih_pills_224/31722-713_0_0.jpg,reference,31722-713,H;126,True,qwen,H126,0,0,0.0,0,0.0,1,H126,H 126
D:/Data/ePillID_data/ePillID_data\classification_data\segmented_nih_pills_224/31722-713_0_1.jpg,reference,31722-713,H;126,False,qwen,T,0,0,0.0,0,1.0,0,T,H 126
D:/Data/ePillID_data/ePillID_data\classification_data\segmented_nih_pills_224/31722-727_0_0.jpg,reference,31722-727,I;112,True,qwen,I,0,1,0.5,0,0.75,0,I,I 112
D:/Data/ePillID_data/ePillID_data\classification_data\segmented_nih_pills_224/31722-727_0_1.jpg,reference,31722-727,I;112,False,qwen,112,0,1,0.5,0,0.25,0,112,I 112
D:/Data/ePillID_data/ePillID_data\classification_data\segmented_nih_pills_224/33261-100_0_0.jpg,reference,33261-100,E11,True,qwen,E 11,0,0,0.0,0,0.0,1,E 11,E11
D:/Data/ePillID_data/ePillID_data\classification_data\segmented_nih_pills_224/33261-100_0_1.jpg,reference,33261-100,E11,False,qwen,E,0,0,0.0,0,0.6666666666666666,0,E,E11
D:/Data/ePillID_data/ePillID_data\classification_data\segmented_nih_pills_224/33261-137_0_0.jpg,reference,33261-137,A45,True,qwen,A4,0,0,0.0,0,0.3333333333333333,0,A4,A45
D:/Data/ePillID_data/ePillID_data\classification_data\segmented_nih_pills_224/33261-137_0_1.jpg,reference,33261-137,A45,False,qwen,45,0,0,0.0,0,0.3333333333333333,0,45,A45
D:/Data/ePillID_data/ePillID_data\classification_data\segmented_nih_pills_224/33261-400_0_0.jpg,reference,33261-400,IG;279,True,qwen,IG,0,1,0.5,0,0.6,0,IG,IG 279
D:/Data/ePillID_data/ePillID_data\classification_data\segmented_nih_pills_224/33261-400_0_1.jpg,reference,33261-400,IG;279,False,qwen,279,0,1,0.5,0,0.4,0,279,IG 279
D:/Data/ePillID_data/ePillID_data\classification_data\segmented_nih_pills_224/33261-416_0_0.jpg,reference,33261-416,LL;B02,True,qwen,LL,0,1,0.5,0,0.6,0,LL,LL B02
D:/Data/ePillID_data/ePillID_data\classification_data\segmented_nih_pills_224/33261-416_0_1.jpg,reference,33261-416,LL;B02,False,qwen,B02,0,1,0.5,0,0.4,0,B02,LL B02
D:/Data/ePillID_data/ePillID_data\classification_data\segmented_nih_pills_224/33261-441_0_0.jpg,reference,33261-441,Omeprazole;40mg;R159,True,qwen,OMEPRAZOLE 40 MG R159,0,0,0.6666666666666666,0,0.0,1,OMEPRAZOLE 40 MG R159,OMEPRAZOLE 40MG R159
D:/Data/ePillID_data/ePillID_data\classification_data\segmented_nih_pills_224/33261-441_0_1.jpg,reference,33261-441,Omeprazole;40mg;R159,False,qwen,300,0,0,0.0,0,0.9444444444444444,0,300,OMEPRAZOLE 40MG R159
D:/Data/ePillID_data/ePillID_data\classification_data\segmented_nih_pills_224/33261-547_0_0.jpg,reference,33261-547,791,True,qwen,CTI 141,0,0,0.0,0,1.6666666666666667,0,CTI 141,791
D:/Data/ePillID_data/ePillID_data\classification_data\segmented_nih_pills_224/33261-547_0_1.jpg,reference,33261-547,791,False,qwen,PLAIN,0,0,0.0,0,1.6666666666666667,0,PLAIN,791
D:/Data/ePillID_data/ePillID_data\classification_data\segmented_nih_pills_224/33261-548_0_0.jpg,reference,33261-548,792,True,qwen,CTI 142,0,0,0.0,0,1.6666666666666667,0,CTI 142,792
D:/Data/ePillID_data/ePillID_data\classification_data\segmented_nih_pills_224/33261-548_0_1.jpg,reference,33261-548,792,False,qwen,T,0,0,0.0,0,1.0,0,T,792
D:/Data/ePillID_data/ePillID_data\classification_data\segmented_nih_pills_224/33261-554_0_0.jpg,reference,33261-554,93;5171,True,qwen,93,0,1,0.5,0,0.6666666666666666,0,93,93 5171
D:/Data/ePillID_data/ePillID_data\classification_data\segmented_nih_pills_224/33261-554_0_1.jpg,reference,33261-554,93;5171,False,qwen,5171,0,1,0.5,0,0.3333333333333333,0,5171,93 5171
D:/Data/ePillID_data/ePillID_data\classification_data\segmented_nih_pills_224/33261-825_0_0.jpg,reference,33261-825,RDY;341,True,qwen,RDY 341,1,1,1.0,1,0.0,1,RDY 341,RDY 341
D:/Data/ePillID_data/ePillID_data\classification_data\segmented_nih_pills_224/33261-825_0_1.jpg,reference,33261-825,RDY;341,False,qwen,CAPSULE,0,0,0.0,0,1.1666666666666667,0,CAPSULE,RDY 341
D:/Data/ePillID_data/ePillID_data\classification_data\segmented_nih_pills_224/33261-852_0_0.jpg,reference,33261-852,98;H,True,qwen,I 96,0,0,0.0,0,1.0,0,I 96,98 H
D:/Data/ePillID_data/ePillID_data\classification_data\segmented_nih_pills_224/33261-852_0_1.jpg,reference,33261-852,98;H,False,qwen,G342,0,0,0.0,0,1.3333333333333333,0,G342,98 H
D:/Data/ePillID_data/ePillID_data\classification_data\segmented_nih_pills_224/33342-032_0_0.jpg,reference,33342-32,CL;3,True,qwen,CL 3,1,1,1.0,1,0.0,1,CL 3,CL 3
D:/Data/ePillID_data/ePillID_data\classification_data\segmented_nih_pills_224/33342-032_0_1.jpg,reference,33342-32,CL;3,False,qwen,B 1,0,0,0.0,0,1.0,0,B 1,CL 3
D:/Data/ePillID_data/ePillID_data\classification_data\segmented_nih_pills_224/33342-054_0_0.jpg,reference,33342-54,ML86,True,qwen,ML 86,0,0,0.0,0,0.0,1,ML 86,ML86
D:/Data/ePillID_data/ePillID_data\classification_data\segmented_nih_pills_224/33342-054_0_1.jpg,reference,33342-54,ML86,False,qwen,T,0,0,0.0,0,1.0,0,T,ML86
D:/Data/ePillID_data/ePillID_data\classification_data\segmented_nih_pills_224/35356-033_0_0.jpg,reference,35356-33,G;4960;25;mg,True,qwen,G 4960,0,0,0.5,0,0.4444444444444444,0,G 4960,G 4960 25 MG
D:/Data/ePillID_data/ePillID_data\classification_data\segmented_nih_pills_224/35356-033_0_1.jpg,reference,35356-33,G;4960;25;mg,False,qwen,25 MG,0,0,0.5,0,0.5555555555555556,0,25 MG,G 4960 25 MG
D:/Data/ePillID_data/ePillID_data\classification_data\segmented_nih_pills_224/35356-387_0_0.jpg,reference,35356-387,952;5;b,True,qwen,B 6,0,0,0.3333333333333333,0,1.0,0,B 6,952 5 B
D:/Data/ePillID_data/ePillID_data\classification_data\segmented_nih_pills_224/35356-387_0_1.jpg,reference,35356-387,952;5;b,False,qwen,952 5,0,0,0.6666666666666666,0,0.2,0,952 5,952 5 B
D:/Data/ePillID_data/ePillID_data\classification_data\segmented_nih_pills_224/35356-398_0_0.jpg,reference,35356-398,Pfizer;PGN;300,True,qwen,PFIZER PGN 300,1,1,1.0,1,0.0,1,PFIZER PGN 300,PFIZER PGN 300
D:/Data/ePillID_data/ePillID_data\classification_data\segmented_nih_pills_224/35356-398_0_1.jpg,reference,35356-398,Pfizer;PGN;300,False,qwen,G34,0,0,0.0,0,0.8333333333333334,0,G34,PFIZER PGN 300
D:/Data/ePillID_data/ePillID_data\classification_data\segmented_nih_pills_224/35356-732_0_0.jpg,reference,35356-732,CR;500,True,qwen,B,0,0,0.0,0,1.0,0,B,CR 500
D:/Data/ePillID_data/ePillID_data\classification_data\segmented_nih_pills_224/35356-732_0_1.jpg,reference,35356-732,CR;500,False,qwen,CR 500,1,1,1.0,1,0.0,1,CR 500,CR 500
D:/Data/ePillID_data/ePillID_data\classification_data\segmented_nih_pills_224/35356-763_0_0.jpg,reference,35356-763,42;16;V;4,True,qwen,42 16 V,0,0,0.75,0,0.16666666666666666,0,42 16 V,42 16 V 4
D:/Data/ePillID_data/ePillID_data\classification_data\segmented_nih_pills_224/35356-763_0_1.jpg,reference,35356-763,42;16;V;4,False,qwen,4,0,1,0.25,0,0.8333333333333334,0,4,42 16 V 4
D:/Data/ePillID_data/ePillID_data\classification_data\segmented_nih_pills_224/35356-784_0_0.jpg,reference,35356-784,9;3;7701,True,qwen,9 3,0,0,0.6666666666666666,0,0.6666666666666666,0,9 3,9 3 7701
D:/Data/ePillID_data/ePillID_data\classification_data\segmented_nih_pills_224/35356-784_0_1.jpg,reference,35356-784,9;3;7701,False,qwen,7701,0,1,0.3333333333333333,0,0.3333333333333333,0,7701,9 3 7701
D:/Data/ePillID_data/ePillID_data\classification_data\segmented_nih_pills_224/35356-922_0_0.jpg,reference,35356-922,A;13,True,qwen,A,0,1,0.5,0,0.6666666666666666,0,A,A 13
D:/Data/ePillID_data/ePillID_data\classification_data\segmented_nih_pills_224/35356-922_0_1.jpg,reference,35356-922,A;13,False,qwen,13,0,1,0.5,0,0.3333333333333333,0,13,A 13
D:/Data/ePillID_data/ePillID_data\classification_data\segmented_nih_pills_224/35356-927_0_0.jpg,reference,35356-927,N;596;4,True,qwen,N 596,0,0,0.6666666666666666,0,0.2,0,N 596,N 596 4
D:/Data/ePillID_data/ePillID_data\classification_data\segmented_nih_pills_224/35356-927_0_1.jpg,reference,35356-927,N;596;4,False,qwen,4,0,1,0.3333333333333333,0,0.8,0,4,N 596 4
D:/Data/ePillID_data/ePillID_data\classification_data\segmented_nih_pills_224/35356-932_0_0.jpg,reference,35356-932,5710;1;25;250,True,qwen,5710,0,1,0.25,0,0.6,0,5710,5710 1 25 250
D:/Data/ePillID_data/ePillID_data\classification_data\segmented_nih_pills_224/35356-932_0_1.jpg,reference,35356-932,5710;1;25;250,False,qwen,1 25 250,0,0,0.75,0,0.4,0,1 25 250,5710 1 25 250
D:/Data/ePillID_data/ePillID_data\classification_data\segmented_nih_pills_224/35356-984_0_0.jpg,reference,35356-984,A;6;7,True,qwen,A,0,1,0.3333333333333333,0,0.6666666666666666,0,A,A 6 7
D:/Data/ePillID_data/ePillID_data\classification_data\segmented_nih_pills_224/35356-984_0_1.jpg,reference,35356-984,A;6;7,False,qwen,6 7,0,0,0.6666666666666666,0,0.3333333333333333,0,6 7,A 6 7
D:/Data/ePillID_data/ePillID_data\classification_data\segmented_nih_pills_224/42254-043_0_0.jpg,reference,42254-43,Omeprazole;10;mg;R;157,True,qwen,OMEPRAZOLE 10 MG R 157,1,1,1.0,1,0.0,1,OMEPRAZOLE 10 MG R 157,OMEPRAZOLE 10 MG R 157
D:/Data/ePillID_data/ePillID_data\classification_data\segmented_nih_pills_224/42254-043_0_1.jpg,reference,42254-43,Omeprazole;10;mg;R;157,False,qwen,P,0,0,0.0,0,0.9444444444444444,0,P,OMEPRAZOLE 10 MG R 157
D:/Data/ePillID_data/ePillID_data\classification_data\segmented_nih_pills_224/42254-094_0_0.jpg,reference,42254-94,20;Z;4235,True,qwen,Z 4235,0,0,0.6666666666666666,0,0.2857142857142857,0,Z 4235,20 Z 4235
D:/Data/ePillID_data/ePillID_data\classification_data\segmented_nih_pills_224/42254-094_0_1.jpg,reference,42254-94,20;Z;4235,False,qwen,20,0,1,0.3333333333333333,0,0.7142857142857143,0,20,20 Z 4235
D:/Data/ePillID_data/ePillID_data\classification_data\segmented_nih_pills_224/42254-106_0_0.jpg,reference,42254-106,791,True,qwen,CTI 141,0,0,0.0,0,1.6666666666666667,0,CTI 141,791
D:/Data/ePillID_data/ePillID_data\classification_data\segmented_nih_pills_224/42254-106_0_1.jpg,reference,42254-106,791,False,qwen,PLAIN,0,0,0.0,0,1.6666666666666667,0,PLAIN,791
D:/Data/ePillID_data/ePillID_data\classification_data\segmented_nih_pills_224/42254-134_0_0.jpg,reference,42254-134,Pfizer;PGN;225,True,qwen,PFIZER PGN 225,1,1,1.0,1,0.0,1,PFIZER PGN 225,PFIZER PGN 225
D:/Data/ePillID_data/ePillID_data\classification_data\segmented_nih_pills_224/42254-134_0_1.jpg,reference,42254-134,Pfizer;PGN;225,False,qwen,G34,0,0,0.0,0,0.9166666666666666,0,G34,PFIZER PGN 225
D:/Data/ePillID_data/ePillID_data\classification_data\segmented_nih_pills_224/42254-177_0_0.jpg,reference,42254-177,93;3160,True,qwen,93 3160 93 3160,0,0,1.0,1,1.0,1,93 3160 93 3160,93 3160
D:/Data/ePillID_data/ePillID_data\classification_data\segmented_nih_pills_224/42254-177_0_1.jpg,reference,42254-177,93;3160,False,qwen,G3,0,0,0.0,0,0.8333333333333334,0,G3,93 3160
D:/Data/ePillID_data/ePillID_data\classification_data\segmented_nih_pills_224/42291-162_0_0.jpg,reference,42291-162,53;A,True,qwen,A,0,1,0.5,0,0.6666666666666666,0,A,53 A
D:/Data/ePillID_data/ePillID_data\classification_data\segmented_nih_pills_224/42291-162_0_1.jpg,reference,42291-162,53;A,False,qwen,53,0,1,0.5,0,0.3333333333333333,0,53,53 A
D:/Data/ePillID_data/ePillID_data\classification_data\segmented_nih_pills_224/42291-232_0_0.jpg,reference,42291-232,0397,True,qwen,0397,1,1,1.0,1,0.0,1,0397,0397
D:/Data/ePillID_data/ePillID_data\classification_data\segmented_nih_pills_224/42291-232_0_1.jpg,reference,42291-232,0397,False,qwen,T,0,0,0.0,0,1.0,0,T,0397
D:/Data/ePillID_data/ePillID_data\classification_data\segmented_nih_pills_224/42291-234_0_0.jpg,reference,42291-234,93;3127;93;3127,True,qwen,93 3127 93 3127,1,1,1.0,1,0.0,1,93 3127 93 3127,93 3127 93 3127
D:/Data/ePillID_data/ePillID_data\classification_data\segmented_nih_pills_224/42291-234_0_1.jpg,reference,42291-234,93;3127;93;3127,False,qwen,G34,0,0,0.0,0,0.9166666666666666,0,G34,93 3127 93 3127
D:/Data/ePillID_data/ePillID_data\classification_data\segmented_nih_pills_224/42291-240_0_0.jpg,reference,42291-240,5,True,qwen,5,1,1,1.0,1,0.0,1,5,5
D:/Data/ePillID_data/ePillID_data\classification_data\segmented_nih_pills_224/42291-240_0_1.jpg,reference,42291-240,5,False,qwen,BLUE,0,0,0.0,0,4.0,0,BLUE,5
D:/Data/ePillID_data/ePillID_data\classification_data\segmented_nih_pills_224/42291-276_0_0.jpg,reference,42291-276,8118;93,True,qwen,93,0,1,0.5,0,0.6666666666666666,0,93,8118 93
D:/Data/ePillID_data/ePillID_data\classification_data\segmented_nih_pills_224/42291-276_0_1.jpg,reference,42291-276,8118;93,False,qwen,8118,0,1,0.5,0,0.3333333333333333,0,8118,8118 93
D:/Data/ePillID_data/ePillID_data\classification_data\segmented_nih_pills_224/42291-305_0_0.jpg,reference,42291-305,93;7456,True,qwen,93,0,1,0.5,0,0.6666666666666666,0,93,93 7456
D:/Data/ePillID_data/ePillID_data\classification_data\segmented_nih_pills_224/42291-305_0_1.jpg,reference,42291-305,93;7456,False,qwen,7456,0,1,0.5,0,0.3333333333333333,0,7456,93 7456
D:/Data/ePillID_data/ePillID_data\classification_data\segmented_nih_pills_224/42291-342_0_0.jpg,reference,42291-342,TEVA;7238,True,qwen,TEVA,0,1,0.5,0,0.5,0,TEVA,TEVA 7238
D:/Data/ePillID_data/ePillID_data\classification_data\segmented_nih_pills_224/42291-342_0_1.jpg,reference,42291-342,TEVA;7238,False,qwen,7238,0,1,0.5,0,0.5,0,7238,TEVA 7238
D:/Data/ePillID_data/ePillID_data\classification_data\segmented_nih_pills_224/42291-586_0_0.jpg,reference,42291-586,b;214;1000,True,qwen,B 214,0,0,0.6666666666666666,0,0.5,0,B 214,B 214 1000
D:/Data/ePillID_data/ePillID_data\classification_data\segmented_nih_pills_224/42291-586_0_1.jpg,reference,42291-586,b;214;1000,False,qwen,1000,0,1,0.3333333333333333,0,0.5,0,1000,B 214 1000
D:/Data/ePillID_data/ePillID_data\classification_data\segmented_nih_pills_224/42291-726_0_0.jpg,reference,42291-726,7290;93,True,qwen,93,0,1,0.5,0,0.6666666666666666,0,93,7290 93
D:/Data/ePillID_data/ePillID_data\classification_data\segmented_nih_pills_224/42291-726_0_1.jpg,reference,42291-726,7290;93,False,qwen,1290,0,0,0.0,0,0.5,0,1290,7290 93
D:/Data/ePillID_data/ePillID_data\classification_data\segmented_nih_pills_224/42291-819_0_0.jpg,reference,42291-819,PA;918,True,qwen,PA 918,1,1,1.0,1,0.0,1,PA 918,PA 918
D:/Data/ePillID_data/ePillID_data\classification_data\segmented_nih_pills_224/42291-819_0_1.jpg,reference,42291-819,PA;918,False,qwen,N,0,0,0.0,0,1.0,0,N,PA 918
D:/Data/ePillID_data/ePillID_data\classification_data\segmented_nih_pills_224/42291-841_0_0.jpg,reference,42291-841,LANNETT;1632,True,qwen,LAN 1632,0,0,0.5,0,0.36363636363636365,0,LAN 1632,LANNETT 1632
D:/Data/ePillID_data/ePillID_data\classification_data\segmented_nih_pills_224/42291-841_0_1.jpg,reference,42291-841,LANNETT;1632,False,qwen,ENNET,0,0,0.0,0,0.6363636363636364,0,ENNET,LANNETT 1632
D:/Data/ePillID_data/ePillID_data\classification_data\segmented_nih_pills_224/42291-850_0_0.jpg,reference,42291-850,E503,True,qwen,E503,1,1,1.0,1,0.0,1,E503,E503
D:/Data/ePillID_data/ePillID_data\classification_data\segmented_nih_pills_224/42291-850_0_1.jpg,reference,42291-850,E503,False,qwen,G342,0,0,0.0,0,1.0,0,G342,E503
D:/Data/ePillID_data/ePillID_data\classification_data\segmented_nih_pills_224/42549-496_0_0.jpg,reference,42549-496,869;2;barr,True,qwen,BARR,0,1,0.3333333333333333,0,0.5,0,BARR,869 2 BARR
D:/Data/ePillID_data/ePillID_data\classification_data\segmented_nih_pills_224/42549-496_0_1.jpg,reference,42549-496,869;2;barr,False,qwen,869 2,0,0,0.6666666666666666,0,0.5,0,869 2,869 2 BARR
D:/Data/ePillID_data/ePillID_data\classification_data\segmented_nih_pills_224/42799-119_0_0.jpg,reference,42799-119,BUMEX;0;5,True,qwen,BUMEX 0 5,1,1,1.0,1,0.0,1,BUMEX 0 5,BUMEX 0 5
D:/Data/ePillID_data/ePillID_data\classification_data\segmented_nih_pills_224/42799-119_0_1.jpg,reference,42799-119,BUMEX;0;5,False,qwen,M B,0,0,0.0,0,0.8571428571428571,0,M B,BUMEX 0 5
D:/Data/ePillID_data/ePillID_data\classification_data\segmented_nih_pills_224/42799-806_0_0.jpg,reference,42799-806,806,True,qwen,806,1,1,1.0,1,0.0,1,806,806
D:/Data/ePillID_data/ePillID_data\classification_data\segmented_nih_pills_224/42799-806_0_1.jpg,reference,42799-806,806,False,qwen,T,0,0,0.0,0,1.0,0,T,806
D:/Data/ePillID_data/ePillID_data\classification_data\segmented_nih_pills_224/42865-302_0_0.jpg,reference,42865-302,APTALIS;15,True,qwen,APTALL 15,0,0,0.5,0,0.2222222222222222,0,APTALL 15,APTALIS 15
D:/Data/ePillID_data/ePillID_data\classification_data\segmented_nih_pills_224/42865-302_0_1.jpg,reference,42865-302,APTALIS;15,False,qwen,PLALIS 5,0,0,0.0,0,0.3333333333333333,0,PLALIS 5,APTALIS 15
D:/Data/ePillID_data/ePillID_data\classification_data\segmented_nih_pills_224/42937-701_0_0.jpg,reference,42937-701,701,True,qwen,701,1,1,1.0,1,0.0,1,701,701
D:/Data/ePillID_data/ePillID_data\classification_data\segmented_nih_pills_224/42937-701_0_1.jpg,reference,42937-701,701,False,qwen,L,0,0,0.0,0,1.0,0,L,701
D:/Data/ePillID_data/ePillID_data\classification_data\segmented_nih_pills_224/43063-119_0_0.jpg,reference,43063-119,M;125,True,qwen,M 125,1,1,1.0,1,0.0,1,M 125,M 125
D:/Data/ePillID_data/ePillID_data\classification_data\segmented_nih_pills_224/43063-119_0_1.jpg,reference,43063-119,M;125,False,qwen,N,0,0,0.0,0,1.0,0,N,M 125
D:/Data/ePillID_data/ePillID_data\classification_data\segmented_nih_pills_224/43063-133_0_0.jpg,reference,43063-133,E171,True,qwen,E171,1,1,1.0,1,0.0,1,E171,E171
D:/Data/ePillID_data/ePillID_data\classification_data\segmented_nih_pills_224/43063-133_0_1.jpg,reference,43063-133,E171,False,qwen,325,0,0,0.0,0,1.0,0,325,E171
D:/Data/ePillID_data/ePillID_data\classification_data\segmented_nih_pills_224/43063-176_0_0.jpg,reference,43063-176,TV;5;1721,True,qwen,TV 5,0,0,0.6666666666666666,0,0.5714285714285714,0,TV 5,TV 5 1721
D:/Data/ePillID_data/ePillID_data\classification_data\segmented_nih_pills_224/43063-176_0_1.jpg,reference,43063-176,TV;5;1721,False,qwen,1721,0,1,0.3333333333333333,0,0.42857142857142855,0,1721,TV 5 1721
D:/Data/ePillID_data/ePillID_data\classification_data\segmented_nih_pills_224/43063-194_0_0.jpg,reference,43063-194,West;ward;986,True,qwen,WEST WARD 986,1,1,1.0,1,0.0,1,WEST WARD 986,WEST WARD 986
D:/Data/ePillID_data/ePillID_data\classification_data\segmented_nih_pills_224/43063-194_0_1.jpg,reference,43063-194,West;ward;986,False,qwen,PLAIN,0,0,0.0,0,0.9090909090909091,0,PLAIN,WEST WARD 986
D:/Data/ePillID_data/ePillID_data\classification_data\segmented_nih_pills_224/43063-209_0_0.jpg,reference,43063-209,M;L;7,True,qwen,M,0,1,0.3333333333333333,0,0.6666666666666666,0,M,M L 7
D:/Data/ePillID_data/ePillID_data\classification_data\segmented_nih_pills_224/43063-209_0_1.jpg,reference,43063-209,M;L;7,False,qwen,L 7,0,0,0.6666666666666666,0,0.3333333333333333,0,L 7,M L 7
D:/Data/ePillID_data/ePillID_data\classification_data\segmented_nih_pills_224/43063-230_0_0.jpg,reference,43063-230,M;L;9,True,qwen,M,0,1,0.3333333333333333,0,0.6666666666666666,0,M,M L 9
D:/Data/ePillID_data/ePillID_data\classification_data\segmented_nih_pills_224/43063-230_0_1.jpg,reference,43063-230,M;L;9,False,qwen,L 9,0,0,0.6666666666666666,0,0.3333333333333333,0,L 9,M L 9
D:/Data/ePillID_data/ePillID_data\classification_data\segmented_nih_pills_224/43063-284_0_0.jpg,reference,43063-284,M;433,True,qwen,M,0,1,0.5,0,0.75,0,M,M 433
D:/Data/ePillID_data/ePillID_data\classification_data\segmented_nih_pills_224/43063-284_0_1.jpg,reference,43063-284,M;433,False,qwen,433,0,1,0.5,0,0.25,0,433,M 433
D:/Data/ePillID_data/ePillID_data\classification_data\segmented_nih_pills_224/43063-303_0_0.jpg,reference,43063-303,LUPIN;RAMIPRIL;10;mg,True,qwen,LUPIN RAMIPRIL 10,0,0,0.75,0,0.11764705882352941,0,LUPIN RAMIPRIL 10,LUPIN RAMIPRIL 10 MG
D:/Data/ePillID_data/ePillID_data\classification_data\segmented_nih_pills_224/43063-303_0_1.jpg,reference,43063-303,LUPIN;RAMIPRIL;10;mg,False,qwen,T,0,0,0.0,0,1.0,0,T,LUPIN RAMIPRIL 10 MG
D:/Data/ePillID_data/ePillID_data\classification_data\segmented_nih_pills_224/43063-342_0_0.jpg,reference,43063-342,GGN4,True,qwen,GG N4,0,0,0.0,0,0.0,1,GG N4,GGN4
D:/Data/ePillID_data/ePillID_data\classification_data\segmented_nih_pills_224/43063-342_0_1.jpg,reference,43063-342,GGN4,False,qwen,L1,0,0,0.0,0,1.0,0,L1,GGN4
D:/Data/ePillID_data/ePillID_data\classification_data\segmented_nih_pills_224/43063-364_0_0.jpg,reference,43063-364,S902,True,qwen,S 902,0,0,0.0,0,0.0,1,S 902,S902
D:/Data/ePillID_data/ePillID_data\classification_data\segmented_nih_pills_224/43063-364_0_1.jpg,reference,43063-364,S902,False,qwen,KNIFE,0,0,0.0,0,1.25,0,KNIFE,S902
D:/Data/ePillID_data/ePillID_data\classification_data\segmented_nih_pills_224/43063-400_0_0.jpg,reference,43063-400,MACRODANTIN;100mg;52427;288,True,qwen,MACRODANTIN 100 MG 52427 288,0,0,0.75,0,0.0,1,MACRODANTIN 100 MG 52427 288,MACRODANTIN 100MG 52427 288
D:/Data/ePillID_data/ePillID_data\classification_data\segmented_nih_pills_224/43063-400_0_1.jpg,reference,43063-400,MACRODANTIN;100mg;52427;288,False,qwen,N938,0,0,0.0,0,0.9166666666666666,0,N938,MACRODANTIN 100MG 52427 288
D:/Data/ePillID_data/ePillID_data\classification_data\segmented_nih_pills_224/43063-402_0_0.jpg,reference,43063-402,TEVA;7372,True,qwen,TEVA 7372,1,1,1.0,1,0.0,1,TEVA 7372,TEVA 7372
D:/Data/ePillID_data/ePillID_data\classification_data\segmented_nih_pills_224/43063-402_0_1.jpg,reference,43063-402,TEVA;7372,False,qwen,G34,0,0,0.0,0,0.875,0,G34,TEVA 7372
D:/Data/ePillID_data/ePillID_data\classification_data\segmented_nih_pills_224/43063-411_0_0.jpg,reference,43063-411,G;4900;50;mg,True,qwen,56900,0,0,0.0,0,0.6666666666666666,0,56900,G 4900 50 MG
D:/Data/ePillID_data/ePillID_data\classification_data\segmented_nih_pills_224/43063-411_0_1.jpg,reference,43063-411,G;4900;50;mg,False,qwen,SCOTT,0,0,0.0,0,1.0,0,SCOTT,G 4900 50 MG
D:/Data/ePillID_data/ePillID_data\classification_data\segmented_nih_pills_224/43063-442_0_0.jpg,reference,43063-442,GG172,True,qwen,GG 172,0,0,0.0,0,0.0,1,GG 172,GG172
D:/Data/ePillID_data/ePillID_data\classification_data\segmented_nih_pills_224/43063-442_0_1.jpg,reference,43063-442,GG172,False,qwen,I,0,0,0.0,0,1.0,0,I,GG172
D:/Data/ePillID_data/ePillID_data\classification_data\segmented_nih_pills_224/43063-502_0_0.jpg,reference,43063-502,LUPIN;RAMIPRIL;2;5;mg,True,qwen,LUPIN RAMIPRIL,0,0,0.4,0,0.23529411764705882,0,LUPIN RAMIPRIL,LUPIN RAMIPRIL 2 5 MG
D:/Data/ePillID_data/ePillID_data\classification_data\segmented_nih_pills_224/43063-502_0_1.jpg,reference,43063-502,LUPIN;RAMIPRIL;2;5;mg,False,qwen,2 5 MG,0,0,0.6,0,0.7647058823529411,0,2 5 MG,LUPIN RAMIPRIL 2 5 MG
D:/Data/ePillID_data/ePillID_data\classification_data\segmented_nih_pills_224/43063-544_0_0.jpg,reference,43063-544,IP220;1000,True,qwen,IP 220,0,0,0.0,0,0.4444444444444444,0,IP 220,IP220 1000
D:/Data/ePillID_data/ePillID_data\classification_data\segmented_nih_pills_224/43063-544_0_1.jpg,reference,43063-544,IP220;1000,False,qwen,1000,0,1,0.5,0,0.5555555555555556,0,1000,IP220 1000
D:/Data/ePillID_data/ePillID_data\classification_data\segmented_nih_pills_224/43063-558_0_0.jpg,reference,43063-558,LCI;1311,True,qwen,LCI 137,0,0,0.5,0,0.2857142857142857,0,LCI 137,LCI 1311
D:/Data/ePillID_data/ePillID_data\classification_data\segmented_nih_pills_224/43063-558_0_1.jpg,reference,43063-558,LCI;1311,False,qwen,B 1,0,0,0.0,0,0.8571428571428571,0,B 1,LCI 1311
D:/Data/ePillID_data/ePillID_data\classification_data\segmented_nih_pills_224/43063-569_0_0.jpg,reference,43063-569,A;EH,True,qwen,A,0,1,0.5,0,0.6666666666666666,0,A,A EH
D:/Data/ePillID_data/ePillID_data\classification_data\segmented_nih_pills_224/43063-569_0_1.jpg,reference,43063-569,A;EH,False,qwen,EH,0,1,0.5,0,0.3333333333333333,0,EH,A EH
D:/Data/ePillID_data/ePillID_data\classification_data\segmented_nih_pills_224/43063-643_0_0.jpg,reference,43063-643,Westward;475,True,qwen,WEST WARD 475,0,0,0.5,0,0.0,1,WEST WARD 475,WESTWARD 475
D:/Data/ePillID_data/ePillID_data\classification_data\segmented_nih_pills_224/43063-643_0_1.jpg,reference,43063-643,Westward;475,False,qwen,AS,0,0,0.0,0,0.9090909090909091,0,AS,WESTWARD 475
D:/Data/ePillID_data/ePillID_data\classification_data\segmented_nih_pills_224/43063-695_0_0.jpg,reference,43063-695,CTI;121,True,qwen,CTI 121,1,1,1.0,1,0.0,1,CTI 121,CTI 121
D:/Data/ePillID_data/ePillID_data\classification_data\segmented_nih_pills_224/43063-695_0_1.jpg,reference,43063-695,CTI;121,False,qwen,T,0,0,0.0,0,0.8333333333333334,0,T,CTI 121
D:/Data/ePillID_data/ePillID_data\classification_data\segmented_nih_pills_224/43199-014_0_0.jpg,reference,43199-14,CL;14,True,qwen,CL,0,1,0.5,0,0.5,0,CL,CL 14
D:/Data/ePillID_data/ePillID_data\classification_data\segmented_nih_pills_224/43199-014_0_1.jpg,reference,43199-14,CL;14,False,qwen,14,0,1,0.5,0,0.5,0,14,CL 14
D:/Data/ePillID_data/ePillID_data\classification_data\segmented_nih_pills_224/43353-031_0_0.jpg,reference,43353-31,40;crestor,True,qwen,CRESTOR,0,1,0.5,0,0.2222222222222222,0,CRESTOR,40 CRESTOR
D:/Data/ePillID_data/ePillID_data\classification_data\segmented_nih_pills_224/43353-031_0_1.jpg,reference,43353-31,40;crestor,False,qwen,40,0,1,0.5,0,0.7777777777777778,0,40,40 CRESTOR
D:/Data/ePillID_data/ePillID_data\classification_data\segmented_nih_pills_224/43353-032_0_0.jpg,reference,43353-32,FO,True,qwen,E 3,0,0,0.0,0,1.0,0,E 3,FO
D:/Data/ePillID_data/ePillID_data\classification_data\segmented_nih_pills_224/43353-032_0_1.jpg,reference,43353-32,FO,False,qwen,FO,1,1,1.0,1,0.0,1,FO,FO
D:/Data/ePillID_data/ePillID_data\classification_data\segmented_nih_pills_224/43353-290_0_0.jpg,reference,43353-290,10;crestor,True,qwen,CRESTOR 10,0,0,1.0,1,0.4444444444444444,0,CRESTOR 10,10 CRESTOR
D:/Data/ePillID_data/ePillID_data\classification_data\segmented_nih_pills_224/43353-290_0_1.jpg,reference,43353-290,10;crestor,False,qwen,T,0,0,0.0,0,0.8888888888888888,0,T,10 CRESTOR
D:/Data/ePillID_data/ePillID_data\classification_data\segmented_nih_pills_224/43353-535_0_0.jpg,reference,43353-535,0;8;A,True,qwen,A,0,1,0.3333333333333333,0,0.6666666666666666,0,A,0 8 A
D:/Data/ePillID_data/ePillID_data\classification_data\segmented_nih_pills_224/43353-535_0_1.jpg,reference,43353-535,0;8;A,False,qwen,8 0,0,0,0.6666666666666666,0,0.6666666666666666,0,8 0,0 8 A
D:/Data/ePillID_data/ePillID_data\classification_data\segmented_nih_pills_224/43353-689_0_0.jpg,reference,43353-689,6148;V,True,qwen,V,0,1,0.5,0,0.8,0,V,6148 V
D:/Data/ePillID_data/ePillID_data\classification_data\segmented_nih_pills_224/43353-689_0_1.jpg,reference,43353-689,6148;V,False,qwen,61 48,0,0,0.0,0,0.2,0,61 48,6148 V
D:/Data/ePillID_data/ePillID_data\classification_data\segmented_nih_pills_224/43353-747_0_0.jpg,reference,43353-747,54;840,True,qwen,54 840,1,1,1.0,1,0.0,1,54 840,54 840
D:/Data/ePillID_data/ePillID_data\classification_data\segmented_nih_pills_224/43353-747_0_1.jpg,reference,43353-747,54;840,False,qwen,T,0,0,0.0,0,1.0,0,T,54 840
D:/Data/ePillID_data/ePillID_data\classification_data\segmented_nih_pills_224/43353-769_0_0.jpg,reference,43353-769,271;KU,True,qwen,KU,0,1,0.5,0,0.6,0,KU,271 KU
D:/Data/ePillID_data/ePillID_data\classification_data\segmented_nih_pills_224/43353-769_0_1.jpg,reference,43353-769,271;KU,False,qwen,271,0,1,0.5,0,0.4,0,271,271 KU
D:/Data/ePillID_data/ePillID_data\classification_data\segmented_nih_pills_224/43353-790_0_0.jpg,reference,43353-790,KTAB;a,True,qwen,G342,0,0,0.0,0,1.0,0,G342,KTAB A
D:/Data/ePillID_data/ePillID_data\classification_data\segmented_nih_pills_224/43353-790_0_1.jpg,reference,43353-790,KTAB;a,False,qwen,KTAB,0,1,0.5,0,0.2,0,KTAB,KTAB A
D:/Data/ePillID_data/ePillID_data\classification_data\segmented_nih_pills_224/43353-926_0_0.jpg,reference,43353-926,717,True,qwen,TEZCOR,0,0,0.0,0,2.0,0,TEZCOR,717
D:/Data/ePillID_data/ePillID_data\classification_data\segmented_nih_pills_224/43353-926_0_1.jpg,reference,43353-926,717,False,qwen,717,1,1,1.0,1,0.0,1,717,717
D:/Data/ePillID_data/ePillID_data\classification_data\segmented_nih_pills_224/43353-961_0_0.jpg,reference,43353-961,MYLAN;183;20,True,qwen,MYLAN 183,0,0,0.6666666666666666,0,0.2,0,MYLAN 183,MYLAN 183 20
D:/Data/ePillID_data/ePillID_data\classification_data\segmented_nih_pills_224/43353-961_0_1.jpg,reference,43353-961,MYLAN;183;20,False,qwen,20,0,1,0.3333333333333333,0,0.8,0,20,MYLAN 183 20
D:/Data/ePillID_data/ePillID_data\classification_data\segmented_nih_pills_224/43353-978_0_0.jpg,reference,43353-978,832;38,True,qwen,832,0,1,0.5,0,0.4,0,832,832 38
D:/Data/ePillID_data/ePillID_data\classification_data\segmented_nih_pills_224/43353-978_0_1.jpg,reference,43353-978,832;38,False,qwen,3 8,0,0,0.0,0,0.6,0,3 8,832 38
D:/Data/ePillID_data/ePillID_data\classification_data\segmented_nih_pills_224/43478-903_0_0.jpg,reference,43478-903,AK;160,True,qwen,AK 160,1,1,1.0,1,0.0,1,AK 160,AK 160
D:/Data/ePillID_data/ePillID_data\classification_data\segmented_nih_pills_224/43478-903_0_1.jpg,reference,43478-903,AK;160,False,qwen,G342,0,0,0.0,0,1.0,0,G342,AK 160
D:/Data/ePillID_data/ePillID_data\classification_data\segmented_nih_pills_224/43547-275_0_0.jpg,reference,43547-275,HH205,True,qwen,HH205,1,1,1.0,1,0.0,1,HH205,HH205
D:/Data/ePillID_data/ePillID_data\classification_data\segmented_nih_pills_224/43547-275_0_1.jpg,reference,43547-275,HH205,False,qwen,T,0,0,0.0,0,1.0,0,T,HH205
D:/Data/ePillID_data/ePillID_data\classification_data\segmented_nih_pills_224/43547-330_0_0.jpg,reference,43547-330,325;HH,True,qwen,HH,0,1,0.5,0,0.6,0,HH,325 HH
D:/Data/ePillID_data/ePillID_data\classification_data\segmented_nih_pills_224/43547-330_0_1.jpg,reference,43547-330,325;HH,False,qwen,325,0,1,0.5,0,0.4,0,325,325 HH
D:/Data/ePillID_data/ePillID_data\classification_data\segmented_nih_pills_224/43547-367_0_0.jpg,reference,43547-367,HH;341,True,qwen,HH,0,1,0.5,0,0.6,0,HH,HH 341
D:/Data/ePillID_data/ePillID_data\classification_data\segmented_nih_pills_224/43547-367_0_1.jpg,reference,43547-367,HH;341,False,qwen,3 41,0,0,0.0,0,0.4,0,3 41,HH 341
D:/Data/ePillID_data/ePillID_data\classification_data\segmented_nih_pills_224/43547-369_0_0.jpg,reference,43547-369,HH;343,True,qwen,HH,0,1,0.5,0,0.6,0,HH,HH 343
D:/Data/ePillID_data/ePillID_data\classification_data\segmented_nih_pills_224/43547-369_0_1.jpg,reference,43547-369,HH;343,False,qwen,343,0,1,0.5,0,0.4,0,343,HH 343
D:/Data/ePillID_data/ePillID_data\classification_data\segmented_nih_pills_224/43598-221_0_0.jpg,reference,43598-221,AUGMENTIN;875,True,qwen,AUGMENTIN 875,1,1,1.0,1,0.0,1,AUGMENTIN 875,AUGMENTIN 875
D:/Data/ePillID_data/ePillID_data\classification_data\segmented_nih_pills_224/43598-221_0_1.jpg,reference,43598-221,AUGMENTIN;875,False,qwen,V,0,0,0.0,0,1.0,0,V,AUGMENTIN 875
D:/Data/ePillID_data/ePillID_data\classification_data\segmented_nih_pills_224/43598-315_0_0.jpg,reference,43598-315,R;416,True,qwen,R,0,1,0.5,0,0.75,0,R,R 416
D:/Data/ePillID_data/ePillID_data\classification_data\segmented_nih_pills_224/43598-315_0_1.jpg,reference,43598-315,R;416,False,qwen,416,0,1,0.5,0,0.25,0,416,R 416
D:/Data/ePillID_data/ePillID_data\classification_data\segmented_nih_pills_224/43598-319_0_0.jpg,reference,43598-319,R;411,True,qwen,R,0,1,0.5,0,0.75,0,R,R 411
D:/Data/ePillID_data/ePillID_data\classification_data\segmented_nih_pills_224/43598-319_0_1.jpg,reference,43598-319,R;411,False,qwen,411,0,1,0.5,0,0.25,0,411,R 411
D:/Data/ePillID_data/ePillID_data\classification_data\segmented_nih_pills_224/44946-1008_0_0.jpg,reference,44946-1008,SCI;6,True,qwen,SCI,0,1,0.5,0,0.25,0,SCI,SCI 6
D:/Data/ePillID_data/ePillID_data\classification_data\segmented_nih_pills_224/44946-1008_0_1.jpg,reference,44946-1008,SCI;6,False,qwen,6,0,1,0.5,0,0.75,0,6,SCI 6
D:/Data/ePillID_data/ePillID_data\classification_data\segmented_nih_pills_224/44946-1009_0_0.jpg,reference,44946-1009,SCI;1007,True,qwen,SCI,0,1,0.5,0,0.5714285714285714,0,SCI,SCI 1007
D:/Data/ePillID_data/ePillID_data\classification_data\segmented_nih_pills_224/44946-1009_0_1.jpg,reference,44946-1009,SCI;1007,False,qwen,1007,0,1,0.5,0,0.42857142857142855,0,1007,SCI 1007
D:/Data/ePillID_data/ePillID_data\classification_data\segmented_nih_pills_224/44946-1010_0_0.jpg,reference,44946-1010,SCI;4,True,qwen,SCI,0,1,0.5,0,0.25,0,SCI,SCI 4
D:/Data/ePillID_data/ePillID_data\classification_data\segmented_nih_pills_224/44946-1010_0_1.jpg,reference,44946-1010,SCI;4,False,qwen,4,0,1,0.5,0,0.75,0,4,SCI 4
D:/Data/ePillID_data/ePillID_data\classification_data\segmented_nih_pills_224/45802-721_0_0.jpg,reference,45802-721,5029;5;120,True,qwen,5029,0,1,0.3333333333333333,0,0.5,0,5029,5029 5 120
D:/Data/ePillID_data/ePillID_data\classification_data\segmented_nih_pills_224/45802-721_0_1.jpg,reference,45802-721,5029;5;120,False,qwen,5 120,0,0,0.6666666666666666,0,0.5,0,5 120,5029 5 120
D:/Data/ePillID_data/ePillID_data\classification_data\segmented_nih_pills_224/45865-432_0_0.jpg,reference,45865-432,I2,True,qwen,I2,1,1,1.0,1,0.0,1,I2,I2
D:/Data/ePillID_data/ePillID_data\classification_data\segmented_nih_pills_224/45865-432_0_1.jpg,reference,45865-432,I2,False,qwen,B,0,0,0.0,0,1.0,0,B,I2
D:/Data/ePillID_data/ePillID_data\classification_data\segmented_nih_pills_224/45865-471_0_0.jpg,reference,45865-471,P;500,True,qwen,P,0,1,0.5,0,0.75,0,P,P 500
D:/Data/ePillID_data/ePillID_data\classification_data\segmented_nih_pills_224/45865-471_0_1.jpg,reference,45865-471,P;500,False,qwen,500,0,1,0.5,0,0.25,0,500,P 500
D:/Data/ePillID_data/ePillID_data\classification_data\segmented_nih_pills_224/45865-670_0_0.jpg,reference,45865-670,5093;V,True,qwen,V,0,1,0.5,0,0.8,0,V,5093 V
D:/Data/ePillID_data/ePillID_data\classification_data\segmented_nih_pills_224/45865-670_0_1.jpg,reference,45865-670,5093;V,False,qwen,5093,0,1,0.5,0,0.2,0,5093,5093 V
D:/Data/ePillID_data/ePillID_data\classification_data\segmented_nih_pills_224/47335-539_0_0.jpg,reference,47335-539,S;500,True,qwen,S,0,1,0.5,0,0.75,0,S,S 500
D:/Data/ePillID_data/ePillID_data\classification_data\segmented_nih_pills_224/47335-539_0_1.jpg,reference,47335-539,S;500,False,qwen,500,0,1,0.5,0,0.25,0,500,S 500
D:/Data/ePillID_data/ePillID_data\classification_data\segmented_nih_pills_224/47335-614_0_0.jpg,reference,47335-614,S;750,True,qwen,S,0,1,0.5,0,0.75,0,S,S 750
D:/Data/ePillID_data/ePillID_data\classification_data\segmented_nih_pills_224/47335-614_0_1.jpg,reference,47335-614,S;750,False,qwen,750,0,1,0.5,0,0.25,0,750,S 750
D:/Data/ePillID_data/ePillID_data\classification_data\segmented_nih_pills_224/47781-103_0_0.jpg,reference,47781-103,ID;150,True,qwen,ID,0,1,0.5,0,0.6,0,ID,ID 150
D:/Data/ePillID_data/ePillID_data\classification_data\segmented_nih_pills_224/47781-103_0_1.jpg,reference,47781-103,ID;150,False,qwen,150,0,1,0.5,0,0.4,0,150,ID 150
D:/Data/ePillID_data/ePillID_data\classification_data\segmented_nih_pills_224/47781-108_0_0.jpg,reference,47781-108,25,True,qwen,25,1,1,1.0,1,0.0,1,25,25
D:/Data/ePillID_data/ePillID_data\classification_data\segmented_nih_pills_224/47781-108_0_1.jpg,reference,47781-108,25,False,qwen,POLYURETHANE,0,0,0.0,0,6.0,0,POLYURETHANE,25
D:/Data/ePillID_data/ePillID_data\classification_data\segmented_nih_pills_224/49349-998_0_0.jpg,reference,49349-998,J;248,True,qwen,J 248,1,1,1.0,1,0.0,1,J 248,J 248
D:/Data/ePillID_data/ePillID_data\classification_data\segmented_nih_pills_224/49349-998_0_1.jpg,reference,49349-998,J;248,False,qwen,B 1,0,0,0.0,0,1.0,0,B 1,J 248
D:/Data/ePillID_data/ePillID_data\classification_data\segmented_nih_pills_224/49702-204_0_0.jpg,reference,49702-204,GX;EJ7,True,qwen,GX EJ7,1,1,1.0,1,0.0,1,GX EJ7,GX EJ7
D:/Data/ePillID_data/ePillID_data\classification_data\segmented_nih_pills_224/49702-204_0_1.jpg,reference,49702-204,GX;EJ7,False,qwen,N,0,0,0.0,0,1.0,0,N,GX EJ7
D:/Data/ePillID_data/ePillID_data\classification_data\segmented_nih_pills_224/49884-277_0_0.jpg,reference,49884-277,277;par,True,qwen,PAR 277,0,0,1.0,1,1.0,0,PAR 277,277 PAR
D:/Data/ePillID_data/ePillID_data\classification_data\segmented_nih_pills_224/49884-277_0_1.jpg,reference,49884-277,277;par,False,qwen,G34,0,0,0.0,0,1.0,0,G34,277 PAR
D:/Data/ePillID_data/ePillID_data\classification_data\segmented_nih_pills_224/49884-405_0_0.jpg,reference,49884-405,m;50,True,qwen,50 MG,0,0,0.5,0,1.0,0,50 MG,M 50
D:/Data/ePillID_data/ePillID_data\classification_data\segmented_nih_pills_224/49884-405_0_1.jpg,reference,49884-405,m;50,False,qwen,B 1,0,0,0.0,0,1.0,0,B 1,M 50
D:/Data/ePillID_data/ePillID_data\classification_data\segmented_nih_pills_224/49884-413_0_0.jpg,reference,49884-413,257,True,qwen,257,1,1,1.0,1,0.0,1,257,257
D:/Data/ePillID_data/ePillID_data\classification_data\segmented_nih_pills_224/49884-413_0_1.jpg,reference,49884-413,257,False,qwen,B 1,0,0,0.0,0,1.0,0,B 1,257
D:/Data/ePillID_data/ePillID_data\classification_data\segmented_nih_pills_224/49884-455_0_0.jpg,reference,49884-455,par;455,True,qwen,PLIVA 455,0,0,0.5,0,0.6666666666666666,0,PLIVA 455,PAR 455
D:/Data/ePillID_data/ePillID_data\classification_data\segmented_nih_pills_224/49884-455_0_1.jpg,reference,49884-455,par;455,False,qwen,G342,0,0,0.0,0,0.8333333333333334,0,G342,PAR 455
D:/Data/ePillID_data/ePillID_data\classification_data\segmented_nih_pills_224/49884-564_0_0.jpg,reference,49884-564,Par;564,True,qwen,PAR,0,1,0.5,0,0.5,0,PAR,PAR 564
D:/Data/ePillID_data/ePillID_data\classification_data\segmented_nih_pills_224/49884-564_0_1.jpg,reference,49884-564,Par;564,False,qwen,564,0,1,0.5,0,0.5,0,564,PAR 564
D:/Data/ePillID_data/ePillID_data\classification_data\segmented_nih_pills_224/49884-576_0_0.jpg,reference,49884-576,p;576,True,qwen,P,0,1,0.5,0,0.75,0,P,P 576
D:/Data/ePillID_data/ePillID_data\classification_data\segmented_nih_pills_224/49884-576_0_1.jpg,reference,49884-576,p;576,False,qwen,576,0,1,0.5,0,0.25,0,576,P 576
D:/Data/ePillID_data/ePillID_data\classification_data\segmented_nih_pills_224/49884-658_0_0.jpg,reference,49884-658,ACF;004,True,qwen,ACF,0,1,0.5,0,0.5,0,ACF,ACF 004
D:/Data/ePillID_data/ePillID_data\classification_data\segmented_nih_pills_224/49884-658_0_1.jpg,reference,49884-658,ACF;004,False,qwen,004,0,1,0.5,0,0.5,0,004,ACF 004
D:/Data/ePillID_data/ePillID_data\classification_data\segmented_nih_pills_224/49999-100_0_0.jpg,reference,49999-100,TEVA;4030,True,qwen,TEVA 4030,1,1,1.0,1,0.0,1,TEVA 4030,TEVA 4030
D:/Data/ePillID_data/ePillID_data\classification_data\segmented_nih_pills_224/49999-100_0_1.jpg,reference,49999-100,TEVA;4030,False,qwen,TEAL,0,0,0.0,0,0.625,0,TEAL,TEVA 4030
D:/Data/ePillID_data/ePillID_data\classification_data\segmented_nih_pills_224/49999-381_0_0.jpg,reference,49999-381,E;415,True,qwen,E 415,1,1,1.0,1,0.0,1,E 415,E 415
D:/Data/ePillID_data/ePillID_data\classification_data\segmented_nih_pills_224/49999-381_0_1.jpg,reference,49999-381,E;415,False,qwen,M,0,0,0.0,0,1.0,0,M,E 415
D:/Data/ePillID_data/ePillID_data\classification_data\segmented_nih_pills_224/49999-392_0_0.jpg,reference,49999-392,PD;155;10,True,qwen,PD 195,0,0,0.3333333333333333,0,0.42857142857142855,0,PD 195,PD 155 10
D:/Data/ePillID_data/ePillID_data\classification_data\segmented_nih_pills_224/49999-392_0_1.jpg,reference,49999-392,PD;155;10,False,qwen,10,0,1,0.3333333333333333,0,0.7142857142857143,0,10,PD 155 10
D:/Data/ePillID_data/ePillID_data\classification_data\segmented_nih_pills_224/49999-478_0_0.jpg,reference,49999-478,NORVASC;10,True,qwen,NORVASC 10,1,1,1.0,1,0.0,1,NORVASC 10,NORVASC 10
D:/Data/ePillID_data/ePillID_data\classification_data\segmented_nih_pills_224/49999-478_0_1.jpg,reference,49999-478,NORVASC;10,False,qwen,T,0,0,0.0,0,1.0,0,T,NORVASC 10
D:/Data/ePillID_data/ePillID_data\classification_data\segmented_nih_pills_224/50090-0513_0_0.jpg,reference,50090-513,555;483;barr,True,qwen,BARR,0,1,0.3333333333333333,0,0.6,0,BARR,555 483 BARR
D:/Data/ePillID_data/ePillID_data\classification_data\segmented_nih_pills_224/50090-0513_0_1.jpg,reference,50090-513,555;483;barr,False,qwen,555 483,0,0,0.6666666666666666,0,0.4,0,555 483,555 483 BARR
D:/Data/ePillID_data/ePillID_data\classification_data\segmented_nih_pills_224/50090-0848_0_0.jpg,reference,50090-848,56;C,True,qwen,C 5,0,0,0.5,0,1.0,0,C 5,56 C
D:/Data/ePillID_data/ePillID_data\classification_data\segmented_nih_pills_224/50090-0848_0_1.jpg,reference,50090-848,56;C,False,qwen,5 6,0,0,0.0,0,0.3333333333333333,0,5 6,56 C
D:/Data/ePillID_data/ePillID_data\classification_data\segmented_nih_pills_224/50090-0874_0_0.jpg,reference,50090-874,GS;FC2,True,qwen,GSFC2,0,0,0.0,0,0.0,1,GSFC2,GS FC2
D:/Data/ePillID_data/ePillID_data\classification_data\segmented_nih_pills_224/50090-0874_0_1.jpg,reference,50090-874,GS;FC2,False,qwen,T,0,0,0.0,0,1.0,0,T,GS FC2
D:/Data/ePillID_data/ePillID_data\classification_data\segmented_nih_pills_224/50090-0958_0_0.jpg,reference,50090-958,APO;AZ250,True,qwen,APO,0,1,0.5,0,0.625,0,APO,APO AZ250
D:/Data/ePillID_data/ePillID_data\classification_data\segmented_nih_pills_224/50090-0958_0_1.jpg,reference,50090-958,APO;AZ250,False,qwen,AZ250,0,1,0.5,0,0.375,0,AZ250,APO AZ250
D:/Data/ePillID_data/ePillID_data\classification_data\segmented_nih_pills_224/50090-1101_0_0.jpg,reference,50090-1101,15;mg;C;Cephalon,True,qwen,15 MG,0,0,0.5,0,0.6923076923076923,0,15 MG,15 MG C CEPHALON
D:/Data/ePillID_data/ePillID_data\classification_data\segmented_nih_pills_224/50090-1101_0_1.jpg,reference,50090-1101,15;mg;C;Cephalon,False,qwen,THALON 5 MG,0,0,0.25,0,0.8461538461538461,0,THALON 5 MG,15 MG C CEPHALON
D:/Data/ePillID_data/ePillID_data\classification_data\segmented_nih_pills_224/50090-1112_0_0.jpg,reference,50090-1112,202;IG,True,qwen,IG,0,1,0.5,0,0.6,0,IG,202 IG
D:/Data/ePillID_data/ePillID_data\classification_data\segmented_nih_pills_224/50090-1112_0_1.jpg,reference,50090-1112,202;IG,False,qwen,202,0,1,0.5,0,0.4,0,202,202 IG
D:/Data/ePillID_data/ePillID_data\classification_data\segmented_nih_pills_224/50090-1150_0_0.jpg,reference,50090-1150,WPI;867,True,qwen,WPI 867,1,1,1.0,1,0.0,1,WPI 867,WPI 867
D:/Data/ePillID_data/ePillID_data\classification_data\segmented_nih_pills_224/50090-1150_0_1.jpg,reference,50090-1150,WPI;867,False,qwen,V,0,0,0.0,0,1.0,0,V,WPI 867
D:/Data/ePillID_data/ePillID_data\classification_data\segmented_nih_pills_224/50090-1462_0_0.jpg,reference,50090-1462,I63,True,qwen,163,0,0,0.0,0,0.3333333333333333,0,163,I63
D:/Data/ePillID_data/ePillID_data\classification_data\segmented_nih_pills_224/50090-1462_0_1.jpg,reference,50090-1462,I63,False,qwen,T,0,0,0.0,0,1.0,0,T,I63
D:/Data/ePillID_data/ePillID_data\classification_data\segmented_nih_pills_224/50090-1594_0_0.jpg,reference,50090-1594,G5;10,True,qwen,G5,0,1,0.5,0,0.5,0,G5,G5 10
D:/Data/ePillID_data/ePillID_data\classification_data\segmented_nih_pills_224/50090-1594_0_1.jpg,reference,50090-1594,G5;10,False,qwen,10,0,1,0.5,0,0.5,0,10,G5 10
D:/Data/ePillID_data/ePillID_data\classification_data\segmented_nih_pills_224/50090-1950_0_0.jpg,reference,50090-1950,AN;511,True,qwen,AN 511,1,1,1.0,1,0.0,1,AN 511,AN 511
D:/Data/ePillID_data/ePillID_data\classification_data\segmented_nih_pills_224/50090-1950_0_1.jpg,reference,50090-1950,AN;511,False,qwen,T,0,0,0.0,0,1.0,0,T,AN 511
D:/Data/ePillID_data/ePillID_data\classification_data\segmented_nih_pills_224/50268-087_0_0.jpg,reference,50268-87,I;94,True,qwen,I,0,1,0.5,0,0.6666666666666666,0,I,I 94
D:/Data/ePillID_data/ePillID_data\classification_data\segmented_nih_pills_224/50268-087_0_1.jpg,reference,50268-87,I;94,False,qwen,94,0,1,0.5,0,0.3333333333333333,0,94,I 94
D:/Data/ePillID_data/ePillID_data\classification_data\segmented_nih_pills_224/50268-091_0_0.jpg,reference,50268-91,I;98,True,qwen,I,0,1,0.5,0,0.6666666666666666,0,I,I 98
D:/Data/ePillID_data/ePillID_data\classification_data\segmented_nih_pills_224/50268-091_0_1.jpg,reference,50268-91,I;98,False,qwen,98,0,1,0.5,0,0.3333333333333333,0,98,I 98
D:/Data/ePillID_data/ePillID_data\classification_data\segmented_nih_pills_224/50268-330_0_0.jpg,reference,50268-330,7033,True,qwen,7033,1,1,1.0,1,0.0,1,7033,7033
D:/Data/ePillID_data/ePillID_data\classification_data\segmented_nih_pills_224/50268-330_0_1.jpg,reference,50268-330,7033,False,qwen,AS,0,0,0.0,0,1.0,0,AS,7033
D:/Data/ePillID_data/ePillID_data\classification_data\segmented_nih_pills_224/50268-430_0_0.jpg,reference,50268-430,H;103,True,qwen,103,0,1,0.5,0,0.25,0,103,H 103
D:/Data/ePillID_data/ePillID_data\classification_data\segmented_nih_pills_224/50268-430_0_1.jpg,reference,50268-430,H;103,False,qwen,GLOW IN THE DARK,0,0,0.0,0,3.0,0,GLOW IN THE DARK,H 103
D:/Data/ePillID_data/ePillID_data\classification_data\segmented_nih_pills_224/50268-531_0_0.jpg,reference,50268-531,IP;178,True,qwen,IP 178,1,1,1.0,1,0.0,1,IP 178,IP 178
D:/Data/ePillID_data/ePillID_data\classification_data\segmented_nih_pills_224/50268-531_0_1.jpg,reference,50268-531,IP;178,False,qwen,G3,0,0,0.0,0,1.0,0,G3,IP 178
D:/Data/ePillID_data/ePillID_data\classification_data\segmented_nih_pills_224/50268-532_0_0.jpg,reference,50268-532,IP;179,True,qwen,IP 179,1,1,1.0,1,0.0,1,IP 179,IP 179
D:/Data/ePillID_data/ePillID_data\classification_data\segmented_nih_pills_224/50268-532_0_1.jpg,reference,50268-532,IP;179,False,qwen,E 1,0,0,0.0,0,0.8,0,E 1,IP 179
D:/Data/ePillID_data/ePillID_data\classification_data\segmented_nih_pills_224/50268-569_0_0.jpg,reference,50268-569,MINOCYCLINE;100;DAN;5695,True,qwen,WOCYCLON 100 DAN 5695,0,0,0.75,0,0.23809523809523808,0,WOCYCLON 100 DAN 5695,MINOCYCLINE 100 DAN 5695
D:/Data/ePillID_data/ePillID_data\classification_data\segmented_nih_pills_224/50268-569_0_1.jpg,reference,50268-569,MINOCYCLINE;100;DAN;5695,False,qwen,T,0,0,0.0,0,1.0,0,T,MINOCYCLINE 100 DAN 5695
D:/Data/ePillID_data/ePillID_data\classification_data\segmented_nih_pills_224/50268-601_0_0.jpg,reference,50268-601,R;530,True,qwen,R530,0,0,0.0,0,0.0,1,R530,R 530
D:/Data/ePillID_data/ePillID_data\classification_data\segmented_nih_pills_224/50268-601_0_1.jpg,reference,50268-601,R;530,False,qwen,G3,0,0,0.0,0,0.75,0,G3,R 530
D:/Data/ePillID_data/ePillID_data\classification_data\segmented_nih_pills_224/50268-609_0_0.jpg,reference,50268-609,APO;OLA;2;5,True,qwen,APO,0,1,0.25,0,0.625,0,APO,APO OLA 2 5
D:/Data/ePillID_data/ePillID_data\classification_data\segmented_nih_pills_224/50268-609_0_1.jpg,reference,50268-609,APO;OLA;2;5,False,qwen,OLA 2 5,0,0,0.75,0,0.375,0,OLA 2 5,APO OLA 2 5
D:/Data/ePillID_data/ePillID_data\classification_data\segmented_nih_pills_224/50268-622_0_0.jpg,reference,50268-622,F;92,True,qwen,F,0,1,0.5,0,0.6666666666666666,0,F,F 92
D:/Data/ePillID_data/ePillID_data\classification_data\segmented_nih_pills_224/50268-622_0_1.jpg,reference,50268-622,F;92,False,qwen,92,0,1,0.5,0,0.3333333333333333,0,92,F 92
D:/Data/ePillID_data/ePillID_data\classification_data\segmented_nih_pills_224/50268-628_0_0.jpg,reference,50268-628,KU;271,True,qwen,KU,0,1,0.5,0,0.6,0,KU,KU 271
D:/Data/ePillID_data/ePillID_data\classification_data\segmented_nih_pills_224/50268-628_0_1.jpg,reference,50268-628,KU;271,False,qwen,271,0,1,0.5,0,0.4,0,271,KU 271
D:/Data/ePillID_data/ePillID_data\classification_data\segmented_nih_pills_224/50268-636_0_0.jpg,reference,50268-636,KU;180,True,qwen,KU,0,1,0.5,0,0.6,0,KU,KU 180
D:/Data/ePillID_data/ePillID_data\classification_data\segmented_nih_pills_224/50268-636_0_1.jpg,reference,50268-636,KU;180,False,qwen,180,0,1,0.5,0,0.4,0,180,KU 180
D:/Data/ePillID_data/ePillID_data\classification_data\segmented_nih_pills_224/50268-716_0_0.jpg,reference,50268-716,A;04,True,qwen,A,0,1,0.5,0,0.6666666666666666,0,A,A 04
D:/Data/ePillID_data/ePillID_data\classification_data\segmented_nih_pills_224/50268-716_0_1.jpg,reference,50268-716,A;04,False,qwen,04,0,1,0.5,0,0.3333333333333333,0,04,A 04
D:/Data/ePillID_data/ePillID_data\classification_data\segmented_nih_pills_224/50268-796_0_0.jpg,reference,50268-796,E503,True,qwen,E503,1,1,1.0,1,0.0,1,E503,E503
D:/Data/ePillID_data/ePillID_data\classification_data\segmented_nih_pills_224/50268-796_0_1.jpg,reference,50268-796,E503,False,qwen,G342,0,0,0.0,0,1.0,0,G342,E503
D:/Data/ePillID_data/ePillID_data\classification_data\segmented_nih_pills_224/50383-172_0_0.jpg,reference,50383-172,LC;77,True,qwen,LC 77,1,1,1.0,1,0.0,1,LC 77,LC 77
D:/Data/ePillID_data/ePillID_data\classification_data\segmented_nih_pills_224/50383-172_0_1.jpg,reference,50383-172,LC;77,False,qwen,PLAIN,0,0,0.0,0,1.0,0,PLAIN,LC 77
D:/Data/ePillID_data/ePillID_data\classification_data\segmented_nih_pills_224/50436-0170_0_0.jpg,reference,50436-170,20,True,qwen,20,1,1,1.0,1,0.0,1,20,20
D:/Data/ePillID_data/ePillID_data\classification_data\segmented_nih_pills_224/50436-0170_0_1.jpg,reference,50436-170,20,False,qwen,T,0,0,0.0,0,1.0,0,T,20
D:/Data/ePillID_data/ePillID_data\classification_data\segmented_nih_pills_224/50436-1873_0_0.jpg,reference,50436-1873,TV;2204,True,qwen,TV,0,1,0.5,0,0.6666666666666666,0,TV,TV 2204
D:/Data/ePillID_data/ePillID_data\classification_data\segmented_nih_pills_224/50436-1873_0_1.jpg,reference,50436-1873,TV;2204,False,qwen,2204,0,1,0.5,0,0.3333333333333333,0,2204,TV 2204
D:/Data/ePillID_data/ePillID_data\classification_data\segmented_nih_pills_224/50436-3000_0_0.jpg,reference,50436-3000,3974;V,True,qwen,V,0,1,0.5,0,0.8,0,V,3974 V
D:/Data/ePillID_data/ePillID_data\classification_data\segmented_nih_pills_224/50436-3000_0_1.jpg,reference,50436-3000,3974;V,False,qwen,3974,0,1,0.5,0,0.2,0,3974,3974 V
D:/Data/ePillID_data/ePillID_data\classification_data\segmented_nih_pills_224/50436-3922_0_0.jpg,reference,50436-3922,LCI;1413,True,qwen,LCI,0,1,0.5,0,0.5714285714285714,0,LCI,LCI 1413
D:/Data/ePillID_data/ePillID_data\classification_data\segmented_nih_pills_224/50436-3922_0_1.jpg,reference,50436-3922,LCI;1413,False,qwen,1413,0,1,0.5,0,0.42857142857142855,0,1413,LCI 1413
D:/Data/ePillID_data/ePillID_data\classification_data\segmented_nih_pills_224/50436-6363_0_0.jpg,reference,50436-6363,WAR;5,True,qwen,WAR 5,1,1,1.0,1,0.0,1,WAR 5,WAR 5
D:/Data/ePillID_data/ePillID_data\classification_data\segmented_nih_pills_224/50436-6363_0_1.jpg,reference,50436-6363,WAR;5,False,qwen,N,0,0,0.0,0,1.0,0,N,WAR 5
D:/Data/ePillID_data/ePillID_data\classification_data\segmented_nih_pills_224/50436-7350_0_0.jpg,reference,50436-7350,93;7351;93;7351,True,qwen,93 7351 93 7351,1,1,1.0,1,0.0,1,93 7351 93 7351,93 7351 93 7351
D:/Data/ePillID_data/ePillID_data\classification_data\segmented_nih_pills_224/50436-7350_0_1.jpg,reference,50436-7350,93;7351;93;7351,False,qwen,G342,0,0,0.0,0,0.9166666666666666,0,G342,93 7351 93 7351
D:/Data/ePillID_data/ePillID_data\classification_data\segmented_nih_pills_224/50436-9802_0_0.jpg,reference,50436-9802,2631;V,True,qwen,V,0,1,0.5,0,0.8,0,V,2631 V
D:/Data/ePillID_data/ePillID_data\classification_data\segmented_nih_pills_224/50436-9802_0_1.jpg,reference,50436-9802,2631;V,False,qwen,2631,0,1,0.5,0,0.2,0,2631,2631 V
D:/Data/ePillID_data/ePillID_data\classification_data\segmented_nih_pills_224/50436-9949_0_0.jpg,reference,50436-9949,IG;278,True,qwen,IG,0,1,0.5,0,0.6,0,IG,IG 278
D:/Data/ePillID_data/ePillID_data\classification_data\segmented_nih_pills_224/50436-9949_0_1.jpg,reference,50436-9949,IG;278,False,qwen,278,0,1,0.5,0,0.4,0,278,IG 278
D:/Data/ePillID_data/ePillID_data\classification_data\segmented_nih_pills_224/50436-9993_0_0.jpg,reference,50436-9993,FL;25,True,qwen,FL,0,1,0.5,0,0.5,0,FL,FL 25
D:/Data/ePillID_data/ePillID_data\classification_data\segmented_nih_pills_224/50436-9993_0_1.jpg,reference,50436-9993,FL;25,False,qwen,25,0,1,0.5,0,0.5,0,25,FL 25
D:/Data/ePillID_data/ePillID_data\classification_data\segmented_nih_pills_224/50458-140_0_0.jpg,reference,50458-140,CFZ;100,True,qwen,CFZ,0,1,0.5,0,0.5,0,CFZ,CFZ 100
D:/Data/ePillID_data/ePillID_data\classification_data\segmented_nih_pills_224/50458-140_0_1.jpg,reference,50458-140,CFZ;100,False,qwen,100,0,1,0.5,0,0.5,0,100,CFZ 100
D:/Data/ePillID_data/ePillID_data\classification_data\segmented_nih_pills_224/50458-141_0_0.jpg,reference,50458-141,CFZ;300,True,qwen,CFZ,0,1,0.5,0,0.5,0,CFZ,CFZ 300
D:/Data/ePillID_data/ePillID_data\classification_data\segmented_nih_pills_224/50458-141_0_1.jpg,reference,50458-141,CFZ;300,False,qwen,300,0,1,0.5,0,0.5,0,300,CFZ 300
D:/Data/ePillID_data/ePillID_data\classification_data\segmented_nih_pills_224/50532-115_0_0.jpg,reference,50532-115,AP;115,True,qwen,AP,0,1,0.5,0,0.6,0,AP,AP 115
D:/Data/ePillID_data/ePillID_data\classification_data\segmented_nih_pills_224/50532-115_0_1.jpg,reference,50532-115,AP;115,False,qwen,115,0,1,0.5,0,0.4,0,115,AP 115
D:/Data/ePillID_data/ePillID_data\classification_data\segmented_nih_pills_224/50844-112_0_0.jpg,reference,50844-112,44;112,True,qwen,44 112,1,1,1.0,1,0.0,1,44 112,44 112
D:/Data/ePillID_data/ePillID_data\classification_data\segmented_nih_pills_224/50844-112_0_1.jpg,reference,50844-112,44;112,False,qwen,RED,0,0,0.0,0,1.0,0,RED,44 112
D:/Data/ePillID_data/ePillID_data\classification_data\segmented_nih_pills_224/50844-157_0_0.jpg,reference,50844-157,ASPIRIN;44157,True,qwen,ASPIRIN,0,1,0.5,0,0.4166666666666667,0,ASPIRIN,ASPIRIN 44157
D:/Data/ePillID_data/ePillID_data\classification_data\segmented_nih_pills_224/50844-157_0_1.jpg,reference,50844-157,ASPIRIN;44157,False,qwen,44 157,0,0,0.0,0,0.5833333333333334,0,44 157,ASPIRIN 44157
D:/Data/ePillID_data/ePillID_data\classification_data\segmented_nih_pills_224/50844-175_0_0.jpg,reference,50844-175,44;175,True,qwen,44 175,1,1,1.0,1,0.0,1,44 175,44 175
D:/Data/ePillID_data/ePillID_data\classification_data\segmented_nih_pills_224/50844-175_0_1.jpg,reference,50844-175,44;175,False,qwen,T,0,0,0.0,0,1.0,0,T,44 175
D:/Data/ePillID_data/ePillID_data\classification_data\segmented_nih_pills_224/50844-293_0_0.jpg,reference,50844-293,A99,True,qwen,A99,1,1,1.0,1,0.0,1,A99,A99
D:/Data/ePillID_data/ePillID_data\classification_data\segmented_nih_pills_224/50844-293_0_1.jpg,reference,50844-293,A99,False,qwen,D 001,0,0,0.0,0,1.3333333333333333,0,D 001,A99
D:/Data/ePillID_data/ePillID_data\classification_data\segmented_nih_pills_224/50844-375_0_0.jpg,reference,50844-375,44;375,True,qwen,44 375,1,1,1.0,1,0.0,1,44 375,44 375
D:/Data/ePillID_data/ePillID_data\classification_data\segmented_nih_pills_224/50844-375_0_1.jpg,reference,50844-375,44;375,False,qwen,2,0,0,0.0,0,1.0,0,2,44 375
D:/Data/ePillID_data/ePillID_data\classification_data\segmented_nih_pills_224/50844-390_0_0.jpg,reference,50844-390,44;390,True,qwen,44 390,1,1,1.0,1,0.0,1,44 390,44 390
D:/Data/ePillID_data/ePillID_data\classification_data\segmented_nih_pills_224/50844-390_0_1.jpg,reference,50844-390,44;390,False,qwen,T,0,0,0.0,0,1.0,0,T,44 390
D:/Data/ePillID_data/ePillID_data\classification_data\segmented_nih_pills_224/50844-411_0_0.jpg,reference,50844-411,411,True,qwen,411,1,1,1.0,1,0.0,1,411,411
D:/Data/ePillID_data/ePillID_data\classification_data\segmented_nih_pills_224/50844-411_0_1.jpg,reference,50844-411,411,False,qwen,RED,0,0,0.0,0,1.0,0,RED,411
D:/Data/ePillID_data/ePillID_data\classification_data\segmented_nih_pills_224/50844-611_0_0.jpg,reference,50844-611,1007,True,qwen,1007,1,1,1.0,1,0.0,1,1007,1007
D:/Data/ePillID_data/ePillID_data\classification_data\segmented_nih_pills_224/50844-611_0_1.jpg,reference,50844-611,1007,False,qwen,N,0,0,0.0,0,1.0,0,N,1007
D:/Data/ePillID_data/ePillID_data\classification_data\segmented_nih_pills_224/51079-147_0_0.jpg,reference,51079-147,M;37,True,qwen,M 37,1,1,1.0,1,0.0,1,M 37,M 37
D:/Data/ePillID_data/ePillID_data\classification_data\segmented_nih_pills_224/51079-147_0_1.jpg,reference,51079-147,M;37,False,qwen,T,0,0,0.0,0,1.0,0,T,M 37
D:/Data/ePillID_data/ePillID_data\classification_data\segmented_nih_pills_224/51079-466_0_0.jpg,reference,51079-466,G;DS;50,True,qwen,G DS 50,1,1,1.0,1,0.0,1,G DS 50,G DS 50
D:/Data/ePillID_data/ePillID_data\classification_data\segmented_nih_pills_224/51079-466_0_1.jpg,reference,51079-466,G;DS;50,False,qwen,G3,0,0,0.0,0,0.8,0,G3,G DS 50
D:/Data/ePillID_data/ePillID_data\classification_data\segmented_nih_pills_224/51079-482_0_0.jpg,reference,51079-482,M;V4,True,qwen,M V4,1,1,1.0,1,0.0,1,M V4,M V4
D:/Data/ePillID_data/ePillID_data\classification_data\segmented_nih_pills_224/51079-482_0_1.jpg,reference,51079-482,M;V4,False,qwen,T,0,0,0.0,0,1.0,0,T,M V4
D:/Data/ePillID_data/ePillID_data\classification_data\segmented_nih_pills_224/51079-547_0_0.jpg,reference,51079-547,M;753,True,qwen,M 753,1,1,1.0,1,0.0,1,M 753,M 753
D:/Data/ePillID_data/ePillID_data\classification_data\segmented_nih_pills_224/51079-547_0_1.jpg,reference,51079-547,M;753,False,qwen,TEAL BLUE,0,0,0.0,0,2.0,0,TEAL BLUE,M 753
D:/Data/ePillID_data/ePillID_data\classification_data\segmented_nih_pills_224/51079-584_0_0.jpg,reference,51079-584,MYLAN;1650,True,qwen,MYLAN 1650,1,1,1.0,1,0.0,1,MYLAN 1650,MYLAN 1650
D:/Data/ePillID_data/ePillID_data\classification_data\segmented_nih_pills_224/51079-584_0_1.jpg,reference,51079-584,MYLAN;1650,False,qwen,G342,0,0,0.0,0,1.0,0,G342,MYLAN 1650
D:/Data/ePillID_data/ePillID_data\classification_data\segmented_nih_pills_224/51079-700_0_0.jpg,reference,51079-700,3180;V,True,qwen,V,0,1,0.5,0,0.8,0,V,3180 V
D:/Data/ePillID_data/ePillID_data\classification_data\segmented_nih_pills_224/51079-700_0_1.jpg,reference,51079-700,3180;V,False,qwen,3180,0,1,0.5,0,0.2,0,3180,3180 V
D:/Data/ePillID_data/ePillID_data\classification_data\segmented_nih_pills_224/51079-747_0_0.jpg,reference,51079-747,M;135,True,qwen,M135,0,0,0.0,0,0.0,1,M135,M 135
D:/Data/ePillID_data/ePillID_data\classification_data\segmented_nih_pills_224/51079-747_0_1.jpg,reference,51079-747,M;135,False,qwen,B 1,0,0,0.0,0,0.75,0,B 1,M 135
D:/Data/ePillID_data/ePillID_data\classification_data\segmented_nih_pills_224/51079-810_0_0.jpg,reference,51079-810,MYLAN;G1,True,qwen,MYLAN G1,1,1,1.0,1,0.0,1,MYLAN G1,MYLAN G1
D:/Data/ePillID_data/ePillID_data\classification_data\segmented_nih_pills_224/51079-810_0_1.jpg,reference,51079-810,MYLAN;G1,False,qwen,T,0,0,0.0,0,1.0,0,T,MYLAN G1
D:/Data/ePillID_data/ePillID_data\classification_data\segmented_nih_pills_224/51079-899_0_0.jpg,reference,51079-899,M;312,True,qwen,M 312,1,1,1.0,1,0.0,1,M 312,M 312
D:/Data/ePillID_data/ePillID_data\classification_data\segmented_nih_pills_224/51079-899_0_1.jpg,reference,51079-899,M;312,False,qwen,N,0,0,0.0,0,1.0,0,N,M 312
D:/Data/ePillID_data/ePillID_data\classification_data\segmented_nih_pills_224/51079-906_0_0.jpg,reference,51079-906,93;9133,True,qwen,93 913 913,0,0,0.5,0,0.3333333333333333,0,93 913 913,93 9133
D:/Data/ePillID_data/ePillID_data\classification_data\segmented_nih_pills_224/51079-906_0_1.jpg,reference,51079-906,93;9133,False,qwen,N,0,0,0.0,0,1.0,0,N,93 9133
D:/Data/ePillID_data/ePillID_data\classification_data\segmented_nih_pills_224/51079-923_0_0.jpg,reference,51079-923,MYLAN;9;4,True,qwen,MYLAN,0,1,0.3333333333333333,0,0.2857142857142857,0,MYLAN,MYLAN 9 4
D:/Data/ePillID_data/ePillID_data\classification_data\segmented_nih_pills_224/51079-923_0_1.jpg,reference,51079-923,MYLAN;9;4,False,qwen,9 4,0,0,0.6666666666666666,0,0.7142857142857143,0,9 4,MYLAN 9 4
D:/Data/ePillID_data/ePillID_data\classification_data\segmented_nih_pills_224/51079-930_0_0.jpg,reference,51079-930,M;C32,True,qwen,M,0,1,0.5,0,0.75,0,M,M C32
D:/Data/ePillID_data/ePillID_data\classification_data\segmented_nih_pills_224/51079-930_0_1.jpg,reference,51079-930,M;C32,False,qwen,D2,0,0,0.0,0,0.75,0,D2,M C32
D:/Data/ePillID_data/ePillID_data\classification_data\segmented_nih_pills_224/51079-935_0_0.jpg,reference,51079-935,MYLAN;2537,True,qwen,MYLAN 2537,1,1,1.0,1,0.0,1,MYLAN 2537,MYLAN 2537
D:/Data/ePillID_data/ePillID_data\classification_data\segmented_nih_pills_224/51079-935_0_1.jpg,reference,51079-935,MYLAN;2537,False,qwen,G342,0,0,0.0,0,0.8888888888888888,0,G342,MYLAN 2537
D:/Data/ePillID_data/ePillID_data\classification_data\segmented_nih_pills_224/51079-984_0_0.jpg,reference,51079-984,L;26;M,True,qwen,M,0,1,0.3333333333333333,0,0.75,0,M,L 26 M
D:/Data/ePillID_data/ePillID_data\classification_data\segmented_nih_pills_224/51079-984_0_1.jpg,reference,51079-984,L;26;M,False,qwen,L 26,0,0,0.6666666666666666,0,0.25,0,L 26,L 26 M
D:/Data/ePillID_data/ePillID_data\classification_data\segmented_nih_pills_224/51285-047_0_0.jpg,reference,51285-47,b;47,True,qwen,B,0,1,0.5,0,0.6666666666666666,0,B,B 47
D:/Data/ePillID_data/ePillID_data\classification_data\segmented_nih_pills_224/51285-047_0_1.jpg,reference,51285-47,b;47,False,qwen,47,0,1,0.5,0,0.3333333333333333,0,47,B 47
D:/Data/ePillID_data/ePillID_data\classification_data\segmented_nih_pills_224/51285-050_0_0.jpg,reference,51285-50,b;50,True,qwen,B,0,1,0.5,0,0.6666666666666666,0,B,B 50
D:/Data/ePillID_data/ePillID_data\classification_data\segmented_nih_pills_224/51285-050_0_1.jpg,reference,51285-50,b;50,False,qwen,50,0,1,0.5,0,0.3333333333333333,0,50,B 50
D:/Data/ePillID_data/ePillID_data\classification_data\segmented_nih_pills_224/51285-100_0_0.jpg,reference,51285-100,G00,True,qwen,G00,1,1,1.0,1,0.0,1,G00,G00
D:/Data/ePillID_data/ePillID_data\classification_data\segmented_nih_pills_224/51285-100_0_1.jpg,reference,51285-100,G00,False,qwen,G3,0,0,0.0,0,0.6666666666666666,0,G3,G00
D:/Data/ePillID_data/ePillID_data\classification_data\segmented_nih_pills_224/51285-368_0_0.jpg,reference,51285-368,b;929;10,True,qwen,B,0,1,0.3333333333333333,0,0.8333333333333334,0,B,B 929 10
D:/Data/ePillID_data/ePillID_data\classification_data\segmented_nih_pills_224/51285-368_0_1.jpg,reference,51285-368,b;929;10,False,qwen,929 10,0,0,0.6666666666666666,0,0.16666666666666666,0,929 10,B 929 10
D:/Data/ePillID_data/ePillID_data\classification_data\segmented_nih_pills_224/51293-612_0_0.jpg,reference,51293-612,612,True,qwen,612,1,1,1.0,1,0.0,1,612,612
D:/Data/ePillID_data/ePillID_data\classification_data\segmented_nih_pills_224/51293-612_0_1.jpg,reference,51293-612,612,False,qwen,BROWN,0,0,0.0,0,1.6666666666666667,0,BROWN,612
D:/Data/ePillID_data/ePillID_data\classification_data\segmented_nih_pills_224/51525-5901_0_0.jpg,reference,51525-5901,WP;5901,True,qwen,WP 5901,1,1,1.0,1,0.0,1,WP 5901,WP 5901
D:/Data/ePillID_data/ePillID_data\classification_data\segmented_nih_pills_224/51525-5901_0_1.jpg,reference,51525-5901,WP;5901,False,qwen,G3,0,0,0.0,0,1.0,0,G3,WP 5901
D:/Data/ePillID_data/ePillID_data\classification_data\segmented_nih_pills_224/51655-102_0_0.jpg,reference,51655-102,TEVA;5729,True,qwen,TEVA,0,1,0.5,0,0.5,0,TEVA,TEVA 5729
D:/Data/ePillID_data/ePillID_data\classification_data\segmented_nih_pills_224/51655-102_0_1.jpg,reference,51655-102,TEVA;5729,False,qwen,5729,0,1,0.5,0,0.5,0,5729,TEVA 5729
D:/Data/ePillID_data/ePillID_data\classification_data\segmented_nih_pills_224/51655-129_0_0.jpg,reference,51655-129,A;TF,True,qwen,A TF,1,1,1.0,1,0.0,1,A TF,A TF
D:/Data/ePillID_data/ePillID_data\classification_data\segmented_nih_pills_224/51655-129_0_1.jpg,reference,51655-129,A;TF,False,qwen,T,0,0,0.0,0,0.6666666666666666,0,T,A TF
D:/Data/ePillID_data/ePillID_data\classification_data\segmented_nih_pills_224/51655-186_0_0.jpg,reference,51655-186,IP272,True,qwen,IP 272,0,0,0.0,0,0.0,1,IP 272,IP272
D:/Data/ePillID_data/ePillID_data\classification_data\segmented_nih_pills_224/51655-186_0_1.jpg,reference,51655-186,IP272,False,qwen,OVAL,0,0,0.0,0,1.0,0,OVAL,IP272
D:/Data/ePillID_data/ePillID_data\classification_data\segmented_nih_pills_224/51655-425_0_0.jpg,reference,51655-425,93;308,True,qwen,93 308,1,1,1.0,1,0.0,1,93 308,93 308
D:/Data/ePillID_data/ePillID_data\classification_data\segmented_nih_pills_224/51655-425_0_1.jpg,reference,51655-425,93;308,False,qwen,T,0,0,0.0,0,1.0,0,T,93 308
D:/Data/ePillID_data/ePillID_data\classification_data\segmented_nih_pills_224/51655-610_0_0.jpg,reference,51655-610,RX12,True,qwen,RX12,1,1,1.0,1,0.0,1,RX12,RX12
D:/Data/ePillID_data/ePillID_data\classification_data\segmented_nih_pills_224/51655-610_0_1.jpg,reference,51655-610,RX12,False,qwen,E,0,0,0.0,0,1.0,0,E,RX12
D:/Data/ePillID_data/ePillID_data\classification_data\segmented_nih_pills_224/51655-641_0_0.jpg,reference,51655-641,19,True,qwen,19,1,1,1.0,1,0.0,1,19,19
D:/Data/ePillID_data/ePillID_data\classification_data\segmented_nih_pills_224/51655-641_0_1.jpg,reference,51655-641,19,False,qwen,G342,0,0,0.0,0,2.0,0,G342,19
D:/Data/ePillID_data/ePillID_data\classification_data\segmented_nih_pills_224/51672-4041_0_0.jpg,reference,51672-4041,TARO;16,True,qwen,LARO 16,0,0,0.5,0,0.16666666666666666,0,LARO 16,TARO 16
D:/Data/ePillID_data/ePillID_data\classification_data\segmented_nih_pills_224/51672-4041_0_1.jpg,reference,51672-4041,TARO;16,False,qwen,T,0,0,0.0,0,0.8333333333333334,0,T,TARO 16
D:/Data/ePillID_data/ePillID_data\classification_data\segmented_nih_pills_224/51862-558_0_0.jpg,reference,51862-558,D;D,True,qwen,DID,0,0,0.0,0,0.5,0,DID,D D
D:/Data/ePillID_data/ePillID_data\classification_data\segmented_nih_pills_224/51862-558_0_1.jpg,reference,51862-558,D;D,False,qwen,JELLO,0,0,0.0,0,2.5,0,JELLO,D D
D:/Data/ePillID_data/ePillID_data\classification_data\segmented_nih_pills_224/51991-819_0_0.jpg,reference,51991-819,120;RD203,True,qwen,120 RD203,1,1,1.0,1,0.0,1,120 RD203,120 RD203
D:/Data/ePillID_data/ePillID_data\classification_data\segmented_nih_pills_224/51991-819_0_1.jpg,reference,51991-819,120;RD203,False,qwen,T,0,0,0.0,0,1.0,0,T,120 RD203
D:/Data/ePillID_data/ePillID_data\classification_data\segmented_nih_pills_224/52125-138_0_0.jpg,reference,52125-138,SZ;225,True,qwen,SZ 225,1,1,1.0,1,0.0,1,SZ 225,SZ 225
D:/Data/ePillID_data/ePillID_data\classification_data\segmented_nih_pills_224/52125-138_0_1.jpg,reference,52125-138,SZ;225,False,qwen,T,0,0,0.0,0,1.0,0,T,SZ 225
D:/Data/ePillID_data/ePillID_data\classification_data\segmented_nih_pills_224/52125-816_0_0.jpg,reference,52125-816,I;2,True,qwen,1 2,0,0,0.5,0,0.5,0,1 2,I 2
D:/Data/ePillID_data/ePillID_data\classification_data\segmented_nih_pills_224/52125-816_0_1.jpg,reference,52125-816,I;2,False,qwen,V,0,0,0.0,0,1.0,0,V,I 2
D:/Data/ePillID_data/ePillID_data\classification_data\segmented_nih_pills_224/52544-276_0_0.jpg,reference,52544-276,PD;915,True,qwen,PD 915,1,1,1.0,1,0.0,1,PD 915,PD 915
D:/Data/ePillID_data/ePillID_data\classification_data\segmented_nih_pills_224/52544-276_0_1.jpg,reference,52544-276,PD;915,False,qwen,T,0,0,0.0,0,1.0,0,T,PD 915
D:/Data/ePillID_data/ePillID_data\classification_data\segmented_nih_pills_224/52544-629_0_0.jpg,reference,52544-629,Watson;629,True,qwen,WATSON 629,1,1,1.0,1,0.0,1,WATSON 629,WATSON 629
D:/Data/ePillID_data/ePillID_data\classification_data\segmented_nih_pills_224/52544-629_0_1.jpg,reference,52544-629,Watson;629,False,qwen,G3,0,0,0.0,0,1.0,0,G3,WATSON 629
D:/Data/ePillID_data/ePillID_data\classification_data\segmented_nih_pills_224/52544-694_0_0.jpg,reference,52544-694,360;694,True,qwen,694,0,1,0.5,0,0.5,0,694,360 694
D:/Data/ePillID_data/ePillID_data\classification_data\segmented_nih_pills_224/52544-694_0_1.jpg,reference,52544-694,360;694,False,qwen,360,0,1,0.5,0,0.5,0,360,360 694
D:/Data/ePillID_data/ePillID_data\classification_data\segmented_nih_pills_224/52959-398_0_0.jpg,reference,52959-398,93;756,True,qwen,93 756 93 756,0,0,1.0,1,1.0,1,93 756 93 756,93 756
D:/Data/ePillID_data/ePillID_data\classification_data\segmented_nih_pills_224/52959-398_0_1.jpg,reference,52959-398,93;756,False,qwen,G342,0,0,0.0,0,0.8,0,G342,93 756
D:/Data/ePillID_data/ePillID_data\classification_data\segmented_nih_pills_224/52959-517_0_0.jpg,reference,52959-517,N940;200,True,qwen,N 940 200,0,0,0.5,0,0.0,1,N 940 200,N940 200
D:/Data/ePillID_data/ePillID_data\classification_data\segmented_nih_pills_224/52959-517_0_1.jpg,reference,52959-517,N940;200,False,qwen,BLUE,0,0,0.0,0,1.0,0,BLUE,N940 200
D:/Data/ePillID_data/ePillID_data\classification_data\segmented_nih_pills_224/52959-919_0_0.jpg,reference,52959-919,S191,True,qwen,S191,1,1,1.0,1,0.0,1,S191,S191
D:/Data/ePillID_data/ePillID_data\classification_data\segmented_nih_pills_224/52959-919_0_1.jpg,reference,52959-919,S191,False,qwen,M,0,0,0.0,0,1.0,0,M,S191
D:/Data/ePillID_data/ePillID_data\classification_data\segmented_nih_pills_224/52959-965_0_0.jpg,reference,52959-965,cor;188,True,qwen,COR 188,1,1,1.0,1,0.0,1,COR 188,COR 188
D:/Data/ePillID_data/ePillID_data\classification_data\segmented_nih_pills_224/52959-965_0_1.jpg,reference,52959-965,cor;188,False,qwen,E,0,0,0.0,0,1.0,0,E,COR 188
D:/Data/ePillID_data/ePillID_data\classification_data\segmented_nih_pills_224/52959-969_0_0.jpg,reference,52959-969,GILEAD;701,True,qwen,GILEAD,0,1,0.5,0,0.3333333333333333,0,GILEAD,GILEAD 701
D:/Data/ePillID_data/ePillID_data\classification_data\segmented_nih_pills_224/52959-969_0_1.jpg,reference,52959-969,GILEAD;701,False,qwen,701,0,1,0.5,0,0.6666666666666666,0,701,GILEAD 701
D:/Data/ePillID_data/ePillID_data\classification_data\segmented_nih_pills_224/53489-332_0_0.jpg,reference,53489-332,MP;79,True,qwen,MP 79,1,1,1.0,1,0.0,1,MP 79,MP 79
D:/Data/ePillID_data/ePillID_data\classification_data\segmented_nih_pills_224/53489-332_0_1.jpg,reference,53489-332,MP;79,False,qwen,G3,0,0,0.0,0,1.0,0,G3,MP 79
D:/Data/ePillID_data/ePillID_data\classification_data\segmented_nih_pills_224/53489-369_0_0.jpg,reference,53489-369,MP;772,True,qwen,MP 772,1,1,1.0,1,0.0,1,MP 772,MP 772
D:/Data/ePillID_data/ePillID_data\classification_data\segmented_nih_pills_224/53489-369_0_1.jpg,reference,53489-369,MP;772,False,qwen,T,0,0,0.0,0,1.0,0,T,MP 772
D:/Data/ePillID_data/ePillID_data\classification_data\segmented_nih_pills_224/53489-517_0_0.jpg,reference,53489-517,MP;168;25;25;50;50,True,qwen,MP 168,0,0,0.3333333333333333,0,0.6153846153846154,0,MP 168,MP 168 25 25 50 50
D:/Data/ePillID_data/ePillID_data\classification_data\segmented_nih_pills_224/53489-517_0_1.jpg,reference,53489-517,MP;168;25;25;50;50,False,qwen,25 25 50 50,0,0,0.6666666666666666,0,0.38461538461538464,0,25 25 50 50,MP 168 25 25 50 50
D:/Data/ePillID_data/ePillID_data\classification_data\segmented_nih_pills_224/53746-254_0_0.jpg,reference,53746-254,IP;254,True,qwen,IP 254,1,1,1.0,1,0.0,1,IP 254,IP 254
D:/Data/ePillID_data/ePillID_data\classification_data\segmented_nih_pills_224/53746-254_0_1.jpg,reference,53746-254,IP;254,False,qwen,L1,0,0,0.0,0,1.0,0,L1,IP 254
D:/Data/ePillID_data/ePillID_data\classification_data\segmented_nih_pills_224/53746-271_0_0.jpg,reference,53746-271,IP;271,True,qwen,IP 271,1,1,1.0,1,0.0,1,IP 271,IP 271
D:/Data/ePillID_data/ePillID_data\classification_data\segmented_nih_pills_224/53746-271_0_1.jpg,reference,53746-271,IP;271,False,qwen,T,0,0,0.0,0,1.0,0,T,IP 271
D:/Data/ePillID_data/ePillID_data\classification_data\segmented_nih_pills_224/53808-0200_0_0.jpg,reference,53808-200,IG;238,True,qwen,IG,0,1,0.5,0,0.6,0,IG,IG 238
D:/Data/ePillID_data/ePillID_data\classification_data\segmented_nih_pills_224/53808-0200_0_1.jpg,reference,53808-200,IG;238,False,qwen,238,0,1,0.5,0,0.4,0,238,IG 238
D:/Data/ePillID_data/ePillID_data\classification_data\segmented_nih_pills_224/53808-0231_0_0.jpg,reference,53808-231,R128,True,qwen,R 1,0,0,0.0,0,0.5,0,R 1,R128
D:/Data/ePillID_data/ePillID_data\classification_data\segmented_nih_pills_224/53808-0231_0_1.jpg,reference,53808-231,R128,False,qwen,23,0,0,0.0,0,0.75,0,23,R128
D:/Data/ePillID_data/ePillID_data\classification_data\segmented_nih_pills_224/53808-0258_0_0.jpg,reference,53808-258,GG771,True,qwen,GG771,1,1,1.0,1,0.0,1,GG771,GG771
D:/Data/ePillID_data/ePillID_data\classification_data\segmented_nih_pills_224/53808-0258_0_1.jpg,reference,53808-258,GG771,False,qwen,E,0,0,0.0,0,1.0,0,E,GG771
D:/Data/ePillID_data/ePillID_data\classification_data\segmented_nih_pills_224/53808-0272_0_0.jpg,reference,53808-272,41,True,qwen,IP 131,0,0,0.0,0,2.0,0,IP 131,41
D:/Data/ePillID_data/ePillID_data\classification_data\segmented_nih_pills_224/53808-0272_0_1.jpg,reference,53808-272,41,False,qwen,400,0,0,0.0,0,1.0,0,400,41
D:/Data/ePillID_data/ePillID_data\classification_data\segmented_nih_pills_224/53808-0305_0_0.jpg,reference,53808-305,60,True,qwen,1 MG 1436,0,0,0.0,0,3.5,0,1 MG 1436,60
D:/Data/ePillID_data/ePillID_data\classification_data\segmented_nih_pills_224/53808-0305_0_1.jpg,reference,53808-305,60,False,qwen,G34,0,0,0.0,0,1.5,0,G34,60
D:/Data/ePillID_data/ePillID_data\classification_data\segmented_nih_pills_224/53808-0344_0_0.jpg,reference,53808-344,Z;67,True,qwen,Z 67,1,1,1.0,1,0.0,1,Z 67,Z 67
D:/Data/ePillID_data/ePillID_data\classification_data\segmented_nih_pills_224/53808-0344_0_1.jpg,reference,53808-344,Z;67,False,qwen,POLYPROPYLENE,0,0,0.0,0,4.333333333333333,0,POLYPROPYLENE,Z 67
D:/Data/ePillID_data/ePillID_data\classification_data\segmented_nih_pills_224/53808-0347_0_0.jpg,reference,53808-347,WW;174,True,qwen,M,0,0,0.0,0,1.0,0,M,WW 174
D:/Data/ePillID_data/ePillID_data\classification_data\segmented_nih_pills_224/53808-0347_0_1.jpg,reference,53808-347,WW;174,False,qwen,433,0,0,0.0,0,1.0,0,433,WW 174
D:/Data/ePillID_data/ePillID_data\classification_data\segmented_nih_pills_224/53808-0393_0_0.jpg,reference,53808-393,M;N;1,True,qwen,M,0,1,0.3333333333333333,0,0.6666666666666666,0,M,M N 1
D:/Data/ePillID_data/ePillID_data\classification_data\segmented_nih_pills_224/53808-0393_0_1.jpg,reference,53808-393,M;N;1,False,qwen,N1,0,0,0.0,0,0.3333333333333333,0,N1,M N 1
D:/Data/ePillID_data/ePillID_data\classification_data\segmented_nih_pills_224/53808-0483_0_0.jpg,reference,53808-483,APO;MI;30,True,qwen,APO,0,1,0.3333333333333333,0,0.5714285714285714,0,APO,APO MI 30
D:/Data/ePillID_data/ePillID_data\classification_data\segmented_nih_pills_224/53808-0483_0_1.jpg,reference,53808-483,APO;MI;30,False,qwen,MI 30,0,0,0.6666666666666666,0,0.42857142857142855,0,MI 30,APO MI 30
D:/Data/ePillID_data/ePillID_data\classification_data\segmented_nih_pills_224/53808-0593_0_0.jpg,reference,53808-593,WATSON;780,True,qwen,WATSON 780,1,1,1.0,1,0.0,1,WATSON 780,WATSON 780
D:/Data/ePillID_data/ePillID_data\classification_data\segmented_nih_pills_224/53808-0593_0_1.jpg,reference,53808-593,WATSON;780,False,qwen,T,0,0,0.0,0,0.8888888888888888,0,T,WATSON 780
D:/Data/ePillID_data/ePillID_data\classification_data\segmented_nih_pills_224/53808-0601_0_0.jpg,reference,53808-601,M;N3,True,qwen,M N3,1,1,1.0,1,0.0,1,M N3,M N3
D:/Data/ePillID_data/ePillID_data\classification_data\segmented_nih_pills_224/53808-0601_0_1.jpg,reference,53808-601,M;N3,False,qwen,T,0,0,0.0,0,1.0,0,T,M N3
D:/Data/ePillID_data/ePillID_data\classification_data\segmented_nih_pills_224/53808-0626_0_0.jpg,reference,53808-626,GG227,True,qwen,GG227,1,1,1.0,1,0.0,1,GG227,GG227
D:/Data/ePillID_data/ePillID_data\classification_data\segmented_nih_pills_224/53808-0626_0_1.jpg,reference,53808-626,GG227,False,qwen,G3,0,0,0.0,0,0.8,0,G3,GG227
D:/Data/ePillID_data/ePillID_data\classification_data\segmented_nih_pills_224/53808-0635_0_0.jpg,reference,53808-635,93;7258,True,qwen,93,0,1,0.5,0,0.6666666666666666,0,93,93 7258
D:/Data/ePillID_data/ePillID_data\classification_data\segmented_nih_pills_224/53808-0635_0_1.jpg,reference,53808-635,93;7258,False,qwen,7258,0,1,0.5,0,0.3333333333333333,0,7258,93 7258
D:/Data/ePillID_data/ePillID_data\classification_data\segmented_nih_pills_224/53808-0647_0_0.jpg,reference,53808-647,MX33,True,qwen,MX33,1,1,1.0,1,0.0,1,MX33,MX33
D:/Data/ePillID_data/ePillID_data\classification_data\segmented_nih_pills_224/53808-0647_0_1.jpg,reference,53808-647,MX33,False,qwen,B 1,0,0,0.0,0,1.0,0,B 1,MX33
D:/Data/ePillID_data/ePillID_data\classification_data\segmented_nih_pills_224/53808-0653_0_0.jpg,reference,53808-653,IG;237,True,qwen,IG,0,1,0.5,0,0.6,0,IG,IG 237
D:/Data/ePillID_data/ePillID_data\classification_data\segmented_nih_pills_224/53808-0653_0_1.jpg,reference,53808-653,IG;237,False,qwen,237,0,1,0.5,0,0.4,0,237,IG 237
D:/Data/ePillID_data/ePillID_data\classification_data\segmented_nih_pills_224/53808-0748_0_0.jpg,reference,53808-748,APO;097,True,qwen,APO,0,1,0.5,0,0.5,0,APO,APO 097
D:/Data/ePillID_data/ePillID_data\classification_data\segmented_nih_pills_224/53808-0748_0_1.jpg,reference,53808-748,APO;097,False,qwen,097,0,1,0.5,0,0.5,0,097,APO 097
D:/Data/ePillID_data/ePillID_data\classification_data\segmented_nih_pills_224/53808-0766_0_0.jpg,reference,53808-766,93;7201,True,qwen,TEVA,0,0,0.0,0,1.0,0,TEVA,93 7201
D:/Data/ePillID_data/ePillID_data\classification_data\segmented_nih_pills_224/53808-0766_0_1.jpg,reference,53808-766,93;7201,False,qwen,7201,0,1,0.5,0,0.3333333333333333,0,7201,93 7201
D:/Data/ePillID_data/ePillID_data\classification_data\segmented_nih_pills_224/53808-0776_0_0.jpg,reference,53808-776,GG;705,True,qwen,GG705,0,0,0.0,0,0.0,1,GG705,GG 705
D:/Data/ePillID_data/ePillID_data\classification_data\segmented_nih_pills_224/53808-0776_0_1.jpg,reference,53808-776,GG;705,False,qwen,M,0,0,0.0,0,1.0,0,M,GG 705
D:/Data/ePillID_data/ePillID_data\classification_data\segmented_nih_pills_224/53808-0796_0_0.jpg,reference,53808-796,R803,True,qwen,R,0,0,0.0,0,0.75,0,R,R803
D:/Data/ePillID_data/ePillID_data\classification_data\segmented_nih_pills_224/53808-0796_0_1.jpg,reference,53808-796,R803,False,qwen,803,0,0,0.0,0,0.25,0,803,R803
D:/Data/ePillID_data/ePillID_data\classification_data\segmented_nih_pills_224/53808-0806_0_0.jpg,reference,53808-806,894,True,qwen,894,1,1,1.0,1,0.0,1,894,894
D:/Data/ePillID_data/ePillID_data\classification_data\segmented_nih_pills_224/53808-0806_0_1.jpg,reference,53808-806,894,False,qwen,T,0,0,0.0,0,1.0,0,T,894
D:/Data/ePillID_data/ePillID_data\classification_data\segmented_nih_pills_224/53808-0807_0_0.jpg,reference,53808-807,7301,True,qwen,BOW,0,0,0.0,0,1.0,0,BOW,7301
D:/Data/ePillID_data/ePillID_data\classification_data\segmented_nih_pills_224/53808-0807_0_1.jpg,reference,53808-807,7301,False,qwen,7301,1,1,1.0,1,0.0,1,7301,7301
D:/Data/ePillID_data/ePillID_data\classification_data\segmented_nih_pills_224/53808-0826_0_0.jpg,reference,53808-826,832;BM05,True,qwen,832 BM05,1,1,1.0,1,0.0,1,832 BM05,832 BM05
D:/Data/ePillID_data/ePillID_data\classification_data\segmented_nih_pills_224/53808-0826_0_1.jpg,reference,53808-826,832;BM05,False,qwen,T,0,0,0.0,0,1.0,0,T,832 BM05
D:/Data/ePillID_data/ePillID_data\classification_data\segmented_nih_pills_224/53808-0843_0_0.jpg,reference,53808-843,APO;LMV;150,True,qwen,APO,0,1,0.3333333333333333,0,0.6666666666666666,0,APO,APO LMV 150
D:/Data/ePillID_data/ePillID_data\classification_data\segmented_nih_pills_224/53808-0843_0_1.jpg,reference,53808-843,APO;LMV;150,False,qwen,LMV 150,0,0,0.6666666666666666,0,0.3333333333333333,0,LMV 150,APO LMV 150
D:/Data/ePillID_data/ePillID_data\classification_data\segmented_nih_pills_224/53808-0851_0_0.jpg,reference,53808-851,B;60,True,qwen,B,0,1,0.5,0,0.6666666666666666,0,B,B 60
D:/Data/ePillID_data/ePillID_data\classification_data\segmented_nih_pills_224/53808-0851_0_1.jpg,reference,53808-851,B;60,False,qwen,60,0,1,0.5,0,0.3333333333333333,0,60,B 60
D:/Data/ePillID_data/ePillID_data\classification_data\segmented_nih_pills_224/53808-0885_0_0.jpg,reference,53808-885,4943;V,True,qwen,V,0,1,0.5,0,0.8,0,V,4943 V
D:/Data/ePillID_data/ePillID_data\classification_data\segmented_nih_pills_224/53808-0885_0_1.jpg,reference,53808-885,4943;V,False,qwen,4943,0,1,0.5,0,0.2,0,4943,4943 V
D:/Data/ePillID_data/ePillID_data\classification_data\segmented_nih_pills_224/53808-0925_0_0.jpg,reference,53808-925,832;50,True,qwen,832 50,1,1,1.0,1,0.0,1,832 50,832 50
D:/Data/ePillID_data/ePillID_data\classification_data\segmented_nih_pills_224/53808-0925_0_1.jpg,reference,53808-925,832;50,False,qwen,T,0,0,0.0,0,1.0,0,T,832 50
D:/Data/ePillID_data/ePillID_data\classification_data\segmented_nih_pills_224/53808-0942_0_0.jpg,reference,53808-942,GXL;10,True,qwen,GXL 10,1,1,1.0,1,0.0,1,GXL 10,GXL 10
D:/Data/ePillID_data/ePillID_data\classification_data\segmented_nih_pills_224/53808-0942_0_1.jpg,reference,53808-942,GXL;10,False,qwen,T,0,0,0.0,0,1.0,0,T,GXL 10
D:/Data/ePillID_data/ePillID_data\classification_data\segmented_nih_pills_224/53808-0956_0_0.jpg,reference,53808-956,4212;V,True,qwen,V,0,1,0.5,0,0.8,0,V,4212 V
D:/Data/ePillID_data/ePillID_data\classification_data\segmented_nih_pills_224/53808-0956_0_1.jpg,reference,53808-956,4212;V,False,qwen,4212,0,1,0.5,0,0.2,0,4212,4212 V
D:/Data/ePillID_data/ePillID_data\classification_data\segmented_nih_pills_224/53808-1032_0_0.jpg,reference,53808-1032,Par257;Minoxidil10,True,qwen,PAR 257,0,0,0.0,0,0.6470588235294118,0,PAR 257,PAR257 MINOXIDIL10
D:/Data/ePillID_data/ePillID_data\classification_data\segmented_nih_pills_224/53808-1032_0_1.jpg,reference,53808-1032,Par257;Minoxidil10,False,qwen,WATSON 10 MG,0,0,0.0,0,0.8823529411764706,0,WATSON 10 MG,PAR257 MINOXIDIL10
D:/Data/ePillID_data/ePillID_data\classification_data\segmented_nih_pills_224/53808-1040_0_0.jpg,reference,53808-1040,IP;212,True,qwen,IP 212,1,1,1.0,1,0.0,1,IP 212,IP 212
D:/Data/ePillID_data/ePillID_data\classification_data\segmented_nih_pills_224/53808-1040_0_1.jpg,reference,53808-1040,IP;212,False,qwen,G342,0,0,0.0,0,0.8,0,G342,IP 212
D:/Data/ePillID_data/ePillID_data\classification_data\segmented_nih_pills_224/53808-1054_0_0.jpg,reference,53808-1054,M;L;6,True,qwen,M,0,1,0.3333333333333333,0,0.6666666666666666,0,M,M L 6
D:/Data/ePillID_data/ePillID_data\classification_data\segmented_nih_pills_224/53808-1054_0_1.jpg,reference,53808-1054,M;L;6,False,qwen,L 6,0,0,0.6666666666666666,0,0.3333333333333333,0,L 6,M L 6
D:/Data/ePillID_data/ePillID_data\classification_data\segmented_nih_pills_224/53808-1056_0_0.jpg,reference,53808-1056,TL383,True,qwen,TL383,1,1,1.0,1,0.0,1,TL383,TL383
D:/Data/ePillID_data/ePillID_data\classification_data\segmented_nih_pills_224/53808-1056_0_1.jpg,reference,53808-1056,TL383,False,qwen,G34,0,0,0.0,0,0.8,0,G34,TL383
D:/Data/ePillID_data/ePillID_data\classification_data\segmented_nih_pills_224/54458-873_0_0.jpg,reference,54458-873,LUPIN;20,True,qwen,URIZ,0,0,0.0,0,0.7142857142857143,0,URIZ,LUPIN 20
D:/Data/ePillID_data/ePillID_data\classification_data\segmented_nih_pills_224/54458-873_0_1.jpg,reference,54458-873,LUPIN;20,False,qwen,20,0,1,0.5,0,0.7142857142857143,0,20,LUPIN 20
D:/Data/ePillID_data/ePillID_data\classification_data\segmented_nih_pills_224/54458-916_0_0.jpg,reference,54458-916,926;93,True,qwen,TEVA,0,0,0.0,0,1.0,0,TEVA,926 93
D:/Data/ePillID_data/ePillID_data\classification_data\segmented_nih_pills_224/54458-916_0_1.jpg,reference,54458-916,926;93,False,qwen,926,0,1,0.5,0,0.4,0,926,926 93
D:/Data/ePillID_data/ePillID_data\classification_data\segmented_nih_pills_224/54458-927_0_0.jpg,reference,54458-927,TEVA;771,True,qwen,TEVA,0,1,0.5,0,0.42857142857142855,0,TEVA,TEVA 771
D:/Data/ePillID_data/ePillID_data\classification_data\segmented_nih_pills_224/54458-927_0_1.jpg,reference,54458-927,TEVA;771,False,qwen,771,0,1,0.5,0,0.5714285714285714,0,771,TEVA 771
D:/Data/ePillID_data/ePillID_data\classification_data\segmented_nih_pills_224/54505-332_0_0.jpg,reference,54505-332,CP;332,True,qwen,CP 332,1,1,1.0,1,0.0,1,CP 332,CP 332
D:/Data/ePillID_data/ePillID_data\classification_data\segmented_nih_pills_224/54505-332_0_1.jpg,reference,54505-332,CP;332,False,qwen,T,0,0,0.0,0,1.0,0,T,CP 332
D:/Data/ePillID_data/ePillID_data\classification_data\segmented_nih_pills_224/54868-0097_0_0.jpg,reference,54868-97,USL;8,True,qwen,USL 8,1,1,1.0,1,0.0,1,USL 8,USL 8
D:/Data/ePillID_data/ePillID_data\classification_data\segmented_nih_pills_224/54868-0097_0_1.jpg,reference,54868-97,USL;8,False,qwen,T,0,0,0.0,0,1.0,0,T,USL 8
D:/Data/ePillID_data/ePillID_data\classification_data\segmented_nih_pills_224/54868-0147_0_0.jpg,reference,54868-147,T;109,True,qwen,TEVA,0,0,0.0,0,0.75,0,TEVA,T 109
D:/Data/ePillID_data/ePillID_data\classification_data\segmented_nih_pills_224/54868-0147_0_1.jpg,reference,54868-147,T;109,False,qwen,109,0,1,0.5,0,0.25,0,109,T 109
D:/Data/ePillID_data/ePillID_data\classification_data\segmented_nih_pills_224/54868-0610_0_0.jpg,reference,54868-610,G;450,True,qwen,G,0,1,0.5,0,0.75,0,G,G 450
D:/Data/ePillID_data/ePillID_data\classification_data\segmented_nih_pills_224/54868-0610_0_1.jpg,reference,54868-610,G;450,False,qwen,450,0,1,0.5,0,0.25,0,450,G 450
D:/Data/ePillID_data/ePillID_data\classification_data\segmented_nih_pills_224/54868-0691_0_0.jpg,reference,54868-691,N;4,True,qwen,N,0,1,0.5,0,0.5,0,N,N 4
D:/Data/ePillID_data/ePillID_data\classification_data\segmented_nih_pills_224/54868-0691_0_1.jpg,reference,54868-691,N;4,False,qwen,4,0,1,0.5,0,0.5,0,4,N 4
D:/Data/ePillID_data/ePillID_data\classification_data\segmented_nih_pills_224/54868-1380_0_0.jpg,reference,54868-1380,GG855,True,qwen,GG855,1,1,1.0,1,0.0,1,GG855,GG855
D:/Data/ePillID_data/ePillID_data\classification_data\segmented_nih_pills_224/54868-1380_0_1.jpg,reference,54868-1380,GG855,False,qwen,BLUE,0,0,0.0,0,1.0,0,BLUE,GG855
D:/Data/ePillID_data/ePillID_data\classification_data\segmented_nih_pills_224/54868-1689_0_0.jpg,reference,54868-1689,VALPROIC;250,True,qwen,VALPROIC 250,1,1,1.0,1,0.0,1,VALPROIC 250,VALPROIC 250
D:/Data/ePillID_data/ePillID_data\classification_data\segmented_nih_pills_224/54868-1689_0_1.jpg,reference,54868-1689,VALPROIC;250,False,qwen,N,0,0,0.0,0,1.0,0,N,VALPROIC 250
D:/Data/ePillID_data/ePillID_data\classification_data\segmented_nih_pills_224/54868-1744_0_0.jpg,reference,54868-1744,54;943,True,qwen,54 943,1,1,1.0,1,0.0,1,54 943,54 943
D:/Data/ePillID_data/ePillID_data\classification_data\segmented_nih_pills_224/54868-1744_0_1.jpg,reference,54868-1744,54;943,False,qwen,G342,0,0,0.0,0,0.8,0,G342,54 943
D:/Data/ePillID_data/ePillID_data\classification_data\segmented_nih_pills_224/54868-1978_0_0.jpg,reference,54868-1978,93;1122,True,qwen,93,0,1,0.5,0,0.6666666666666666,0,93,93 1122
D:/Data/ePillID_data/ePillID_data\classification_data\segmented_nih_pills_224/54868-1978_0_1.jpg,reference,54868-1978,93;1122,False,qwen,1 22,0,0,0.0,0,0.5,0,1 22,93 1122
D:/Data/ePillID_data/ePillID_data\classification_data\segmented_nih_pills_224/54868-2077_0_0.jpg,reference,54868-2077,L9CZ;5,True,qwen,L9CZ 5,1,1,1.0,1,0.0,1,L9CZ 5,L9CZ 5
D:/Data/ePillID_data/ePillID_data\classification_data\segmented_nih_pills_224/54868-2077_0_1.jpg,reference,54868-2077,L9CZ;5,False,qwen,N,0,0,0.0,0,1.0,0,N,L9CZ 5
D:/Data/ePillID_data/ePillID_data\classification_data\segmented_nih_pills_224/54868-2126_0_0.jpg,reference,54868-2126,3925;TEVA,True,qwen,TEVA,0,1,0.5,0,0.5,0,TEVA,3925 TEVA
D:/Data/ePillID_data/ePillID_data\classification_data\segmented_nih_pills_224/54868-2126_0_1.jpg,reference,54868-2126,3925;TEVA,False,qwen,3925,0,1,0.5,0,0.5,0,3925,3925 TEVA
D:/Data/ePillID_data/ePillID_data\classification_data\segmented_nih_pills_224/54868-2462_0_0.jpg,reference,54868-2462,93;93;778,True,qwen,293 33,0,0,0.0,0,0.7142857142857143,0,293 33,93 93 778
D:/Data/ePillID_data/ePillID_data\classification_data\segmented_nih_pills_224/54868-2462_0_1.jpg,reference,54868-2462,93;93;778,False,qwen,770,0,0,0.0,0,0.7142857142857143,0,770,93 93 778
D:/Data/ePillID_data/ePillID_data\classification_data\segmented_nih_pills_224/54868-2835_0_0.jpg,reference,54868-2835,NORTRIPTYLINE;DAN;10;mg,True,qwen,NORTRIPTYLINE DAN 10 MG,1,1,1.0,1,0.0,1,NORTRIPTYLINE DAN 10 MG,NORTRIPTYLINE DAN 10 MG
D:/Data/ePillID_data/ePillID_data\classification_data\segmented_nih_pills_224/54868-2835_0_1.jpg,reference,54868-2835,NORTRIPTYLINE;DAN;10;mg,False,qwen,G342,0,0,0.0,0,1.0,0,G342,NORTRIPTYLINE DAN 10 MG
D:/Data/ePillID_data/ePillID_data\classification_data\segmented_nih_pills_224/54868-2989_0_0.jpg,reference,54868-2989,C;74,True,qwen,C 74,1,1,1.0,1,0.0,1,C 74,C 74
D:/Data/ePillID_data/ePillID_data\classification_data\segmented_nih_pills_224/54868-2989_0_1.jpg,reference,54868-2989,C;74,False,qwen,G342,0,0,0.0,0,1.0,0,G342,C 74
D:/Data/ePillID_data/ePillID_data\classification_data\segmented_nih_pills_224/54868-3169_0_0.jpg,reference,54868-3169,DAN;5535,True,qwen,DAN 5535,1,1,1.0,1,0.0,1,DAN 5535,DAN 5535
D:/Data/ePillID_data/ePillID_data\classification_data\segmented_nih_pills_224/54868-3169_0_1.jpg,reference,54868-3169,DAN;5535,False,qwen,G342,0,0,0.0,0,1.0,0,G342,DAN 5535
D:/Data/ePillID_data/ePillID_data\classification_data\segmented_nih_pills_224/54868-3726_0_0.jpg,reference,54868-3726,952,True,qwen,952,1,1,1.0,1,0.0,1,952,952
D:/Data/ePillID_data/ePillID_data\classification_data\segmented_nih_pills_224/54868-3726_0_1.jpg,reference,54868-3726,952,False,qwen,B 1,0,0,0.0,0,1.0,0,B 1,952
D:/Data/ePillID_data/ePillID_data\classification_data\segmented_nih_pills_224/54868-4023_0_0.jpg,reference,54868-4023,CLOM50,True,qwen,CLOM25,0,0,0.0,0,0.3333333333333333,0,CLOM25,CLOM50
D:/Data/ePillID_data/ePillID_data\classification_data\segmented_nih_pills_224/54868-4023_0_1.jpg,reference,54868-4023,CLOM50,False,qwen,T,0,0,0.0,0,1.0,0,T,CLOM50
D:/Data/ePillID_data/ePillID_data\classification_data\segmented_nih_pills_224/54868-4059_0_0.jpg,reference,54868-4059,TARO;89,True,qwen,TARO,0,1,0.5,0,0.3333333333333333,0,TARO,TARO 89
D:/Data/ePillID_data/ePillID_data\classification_data\segmented_nih_pills_224/54868-4059_0_1.jpg,reference,54868-4059,TARO;89,False,qwen,89,0,1,0.5,0,0.6666666666666666,0,89,TARO 89
D:/Data/ePillID_data/ePillID_data\classification_data\segmented_nih_pills_224/54868-4198_0_0.jpg,reference,54868-4198,SB;4,True,qwen,B 3,0,0,0.0,0,0.6666666666666666,0,B 3,SB 4
D:/Data/ePillID_data/ePillID_data\classification_data\segmented_nih_pills_224/54868-4198_0_1.jpg,reference,54868-4198,SB;4,False,qwen,L 4,0,0,0.5,0,0.6666666666666666,0,L 4,SB 4
D:/Data/ePillID_data/ePillID_data\classification_data\segmented_nih_pills_224/54868-4263_0_0.jpg,reference,54868-4263,Par822,True,qwen,PAR 822,0,0,0.0,0,0.0,1,PAR 822,PAR822
D:/Data/ePillID_data/ePillID_data\classification_data\segmented_nih_pills_224/54868-4263_0_1.jpg,reference,54868-4263,Par822,False,qwen,POLYPROPYLENE,0,0,0.0,0,1.8333333333333333,0,POLYPROPYLENE,PAR822
D:/Data/ePillID_data/ePillID_data\classification_data\segmented_nih_pills_224/54868-4287_0_0.jpg,reference,54868-4287,93;782,True,qwen,93 782,1,1,1.0,1,0.0,1,93 782,93 782
D:/Data/ePillID_data/ePillID_data\classification_data\segmented_nih_pills_224/54868-4287_0_1.jpg,reference,54868-4287,93;782,False,qwen,T,0,0,0.0,0,1.0,0,T,93 782
D:/Data/ePillID_data/ePillID_data\classification_data\segmented_nih_pills_224/54868-4421_0_0.jpg,reference,54868-4421,39;SB,True,qwen,G34,0,0,0.0,0,1.0,0,G34,39 SB
D:/Data/ePillID_data/ePillID_data\classification_data\segmented_nih_pills_224/54868-4421_0_1.jpg,reference,54868-4421,39;SB,False,qwen,931,0,0,0.0,0,0.75,0,931,39 SB
D:/Data/ePillID_data/ePillID_data\classification_data\segmented_nih_pills_224/54868-4424_0_0.jpg,reference,54868-4424,4140;SB,True,qwen,520,0,0,0.0,0,0.8333333333333334,0,520,4140 SB
D:/Data/ePillID_data/ePillID_data\classification_data\segmented_nih_pills_224/54868-4424_0_1.jpg,reference,54868-4424,4140;SB,False,qwen,O,0,0,0.0,0,1.0,0,O,4140 SB
D:/Data/ePillID_data/ePillID_data\classification_data\segmented_nih_pills_224/54868-4540_0_0.jpg,reference,54868-4540,H8,True,qwen,H8,1,1,1.0,1,0.0,1,H8,H8
D:/Data/ePillID_data/ePillID_data\classification_data\segmented_nih_pills_224/54868-4540_0_1.jpg,reference,54868-4540,H8,False,qwen,N,0,0,0.0,0,1.0,0,N,H8
D:/Data/ePillID_data/ePillID_data\classification_data\segmented_nih_pills_224/54868-4673_0_0.jpg,reference,54868-4673,LAMICTAL;25,True,qwen,LAMICTAL 75,0,0,0.5,0,0.1,0,LAMICTAL 75,LAMICTAL 25
D:/Data/ePillID_data/ePillID_data\classification_data\segmented_nih_pills_224/54868-4673_0_1.jpg,reference,54868-4673,LAMICTAL;25,False,qwen,3750,0,0,0.0,0,1.0,0,3750,LAMICTAL 25
D:/Data/ePillID_data/ePillID_data\classification_data\segmented_nih_pills_224/54868-5021_0_0.jpg,reference,54868-5021,C;73,True,qwen,C 73,1,1,1.0,1,0.0,1,C 73,C 73
D:/Data/ePillID_data/ePillID_data\classification_data\segmented_nih_pills_224/54868-5021_0_1.jpg,reference,54868-5021,C;73,False,qwen,B 1,0,0,0.0,0,1.0,0,B 1,C 73
D:/Data/ePillID_data/ePillID_data\classification_data\segmented_nih_pills_224/54868-5064_0_0.jpg,reference,54868-5064,9;3;72;22,True,qwen,9 3,0,0,0.5,0,0.6666666666666666,0,9 3,9 3 72 22
D:/Data/ePillID_data/ePillID_data\classification_data\segmented_nih_pills_224/54868-5064_0_1.jpg,reference,54868-5064,9;3;72;22,False,qwen,72 22,0,0,0.5,0,0.3333333333333333,0,72 22,9 3 72 22
D:/Data/ePillID_data/ePillID_data\classification_data\segmented_nih_pills_224/54868-5079_0_0.jpg,reference,54868-5079,93;5126,True,qwen,93,0,1,0.5,0,0.6666666666666666,0,93,93 5126
D:/Data/ePillID_data/ePillID_data\classification_data\segmented_nih_pills_224/54868-5079_0_1.jpg,reference,54868-5079,93;5126,False,qwen,5126,0,1,0.5,0,0.3333333333333333,0,5126,93 5126
D:/Data/ePillID_data/ePillID_data\classification_data\segmented_nih_pills_224/54868-5231_0_0.jpg,reference,54868-5231,461;80;mg,True,qwen,461 80 MG,1,1,1.0,1,0.0,1,461 80 MG,461 80 MG
D:/Data/ePillID_data/ePillID_data\classification_data\segmented_nih_pills_224/54868-5231_0_1.jpg,reference,54868-5231,461;80;mg,False,qwen,PLAIN,0,0,0.0,0,1.0,0,PLAIN,461 80 MG
D:/Data/ePillID_data/ePillID_data\classification_data\segmented_nih_pills_224/54868-5250_0_0.jpg,reference,54868-5250,311,True,qwen,311,1,1,1.0,1,0.0,1,311,311
D:/Data/ePillID_data/ePillID_data\classification_data\segmented_nih_pills_224/54868-5250_0_1.jpg,reference,54868-5250,311,False,qwen,G3,0,0,0.0,0,1.0,0,G3,311
D:/Data/ePillID_data/ePillID_data\classification_data\segmented_nih_pills_224/54868-5282_0_0.jpg,reference,54868-5282,P02,True,qwen,P 02,0,0,0.0,0,0.0,1,P 02,P02
D:/Data/ePillID_data/ePillID_data\classification_data\segmented_nih_pills_224/54868-5282_0_1.jpg,reference,54868-5282,P02,False,qwen,3750,0,0,0.0,0,1.3333333333333333,0,3750,P02
D:/Data/ePillID_data/ePillID_data\classification_data\segmented_nih_pills_224/54868-5303_0_0.jpg,reference,54868-5303,30,True,qwen,30,1,1,1.0,1,0.0,1,30,30
D:/Data/ePillID_data/ePillID_data\classification_data\segmented_nih_pills_224/54868-5303_0_1.jpg,reference,54868-5303,30,False,qwen,T,0,0,0.0,0,1.0,0,T,30
D:/Data/ePillID_data/ePillID_data\classification_data\segmented_nih_pills_224/54868-5415_0_0.jpg,reference,54868-5415,dp;46,True,qwen,DP,0,1,0.5,0,0.5,0,DP,DP 46
D:/Data/ePillID_data/ePillID_data\classification_data\segmented_nih_pills_224/54868-5415_0_1.jpg,reference,54868-5415,dp;46,False,qwen,46,0,1,0.5,0,0.5,0,46,DP 46
D:/Data/ePillID_data/ePillID_data\classification_data\segmented_nih_pills_224/54868-5417_0_0.jpg,reference,54868-5417,06,True,qwen,06,1,1,1.0,1,0.0,1,06,06
D:/Data/ePillID_data/ePillID_data\classification_data\segmented_nih_pills_224/54868-5417_0_1.jpg,reference,54868-5417,06,False,qwen,G342,0,0,0.0,0,2.0,0,G342,06
D:/Data/ePillID_data/ePillID_data\classification_data\segmented_nih_pills_224/54868-5461_0_0.jpg,reference,54868-5461,A,True,qwen,A,1,1,1.0,1,0.0,1,A,A
D:/Data/ePillID_data/ePillID_data\classification_data\segmented_nih_pills_224/54868-5461_0_1.jpg,reference,54868-5461,A,False,qwen,N,0,0,0.0,0,1.0,0,N,A
D:/Data/ePillID_data/ePillID_data\classification_data\segmented_nih_pills_224/54868-5505_0_0.jpg,reference,54868-5505,143,True,qwen,F 12,0,0,0.0,0,1.0,0,F 12,143
D:/Data/ePillID_data/ePillID_data\classification_data\segmented_nih_pills_224/54868-5505_0_1.jpg,reference,54868-5505,143,False,qwen,N,0,0,0.0,0,1.0,0,N,143
D:/Data/ePillID_data/ePillID_data\classification_data\segmented_nih_pills_224/54868-5627_0_0.jpg,reference,54868-5627,SV;10,True,qwen,C,0,0,0.0,0,1.0,0,C,SV 10
D:/Data/ePillID_data/ePillID_data\classification_data\segmented_nih_pills_224/54868-5627_0_1.jpg,reference,54868-5627,SV;10,False,qwen,SV 10,1,1,1.0,1,0.0,1,SV 10,SV 10
D:/Data/ePillID_data/ePillID_data\classification_data\segmented_nih_pills_224/54868-5738_0_0.jpg,reference,54868-5738,131,True,qwen,131,1,1,1.0,1,0.0,1,131,131
D:/Data/ePillID_data/ePillID_data\classification_data\segmented_nih_pills_224/54868-5738_0_1.jpg,reference,54868-5738,131,False,qwen,E,0,0,0.0,0,1.0,0,E,131
D:/Data/ePillID_data/ePillID_data\classification_data\segmented_nih_pills_224/54868-5795_0_0.jpg,reference,54868-5795,15,True,qwen,15,1,1,1.0,1,0.0,1,15,15
D:/Data/ePillID_data/ePillID_data\classification_data\segmented_nih_pills_224/54868-5795_0_1.jpg,reference,54868-5795,15,False,qwen,T,0,0,0.0,0,1.0,0,T,15
D:/Data/ePillID_data/ePillID_data\classification_data\segmented_nih_pills_224/54868-5840_0_0.jpg,reference,54868-5840,277,True,qwen,277,1,1,1.0,1,0.0,1,277,277
D:/Data/ePillID_data/ePillID_data\classification_data\segmented_nih_pills_224/54868-5840_0_1.jpg,reference,54868-5840,277,False,qwen,T,0,0,0.0,0,1.0,0,T,277
D:/Data/ePillID_data/ePillID_data\classification_data\segmented_nih_pills_224/54868-5842_0_0.jpg,reference,54868-5842,RP;5,True,qwen,RP 5,1,1,1.0,1,0.0,1,RP 5,RP 5
D:/Data/ePillID_data/ePillID_data\classification_data\segmented_nih_pills_224/54868-5842_0_1.jpg,reference,54868-5842,RP;5,False,qwen,G34,0,0,0.0,0,1.0,0,G34,RP 5
D:/Data/ePillID_data/ePillID_data\classification_data\segmented_nih_pills_224/54868-5856_0_0.jpg,reference,54868-5856,RP;2;5,True,qwen,RP 2 5,1,1,1.0,1,0.0,1,RP 2 5,RP 2 5
D:/Data/ePillID_data/ePillID_data\classification_data\segmented_nih_pills_224/54868-5856_0_1.jpg,reference,54868-5856,RP;2;5,False,qwen,G3,0,0,0.0,0,1.0,0,G3,RP 2 5
D:/Data/ePillID_data/ePillID_data\classification_data\segmented_nih_pills_224/54868-5950_0_0.jpg,reference,54868-5950,MP;512,True,qwen,MP 512,1,1,1.0,1,0.0,1,MP 512,MP 512
D:/Data/ePillID_data/ePillID_data\classification_data\segmented_nih_pills_224/54868-5950_0_1.jpg,reference,54868-5950,MP;512,False,qwen,G3,0,0,0.0,0,1.0,0,G3,MP 512
D:/Data/ePillID_data/ePillID_data\classification_data\segmented_nih_pills_224/54868-5953_0_0.jpg,reference,54868-5953,cor;202,True,qwen,COR 202,1,1,1.0,1,0.0,1,COR 202,COR 202
D:/Data/ePillID_data/ePillID_data\classification_data\segmented_nih_pills_224/54868-5953_0_1.jpg,reference,54868-5953,cor;202,False,qwen,T,0,0,0.0,0,1.0,0,T,COR 202
D:/Data/ePillID_data/ePillID_data\classification_data\segmented_nih_pills_224/54868-6014_0_0.jpg,reference,54868-6014,S;711,True,qwen,S,0,1,0.5,0,0.75,0,S,S 711
D:/Data/ePillID_data/ePillID_data\classification_data\segmented_nih_pills_224/54868-6014_0_1.jpg,reference,54868-6014,S;711,False,qwen,711,0,1,0.5,0,0.25,0,711,S 711
D:/Data/ePillID_data/ePillID_data\classification_data\segmented_nih_pills_224/54868-6031_0_0.jpg,reference,54868-6031,112,True,qwen,112,1,1,1.0,1,0.0,1,112,112
D:/Data/ePillID_data/ePillID_data\classification_data\segmented_nih_pills_224/54868-6031_0_1.jpg,reference,54868-6031,112,False,qwen,T,0,0,0.0,0,1.0,0,T,112
D:/Data/ePillID_data/ePillID_data\classification_data\segmented_nih_pills_224/54868-6085_0_0.jpg,reference,54868-6085,KU;114,True,qwen,KU 114,1,1,1.0,1,0.0,1,KU 114,KU 114
D:/Data/ePillID_data/ePillID_data\classification_data\segmented_nih_pills_224/54868-6085_0_1.jpg,reference,54868-6085,KU;114,False,qwen,G342,0,0,0.0,0,1.0,0,G342,KU 114
D:/Data/ePillID_data/ePillID_data\classification_data\segmented_nih_pills_224/54868-6097_0_0.jpg,reference,54868-6097,M;L;9,True,qwen,M,0,1,0.3333333333333333,0,0.6666666666666666,0,M,M L 9
D:/Data/ePillID_data/ePillID_data\classification_data\segmented_nih_pills_224/54868-6097_0_1.jpg,reference,54868-6097,M;L;9,False,qwen,L 9,0,0,0.6666666666666666,0,0.3333333333333333,0,L 9,M L 9
D:/Data/ePillID_data/ePillID_data\classification_data\segmented_nih_pills_224/54868-6123_0_0.jpg,reference,54868-6123,NVR;VFL,True,qwen,NVR,0,1,0.5,0,0.5,0,NVR,NVR VFL
D:/Data/ePillID_data/ePillID_data\classification_data\segmented_nih_pills_224/54868-6123_0_1.jpg,reference,54868-6123,NVR;VFL,False,qwen,VFL,0,1,0.5,0,0.5,0,VFL,NVR VFL
D:/Data/ePillID_data/ePillID_data\classification_data\segmented_nih_pills_224/54868-6129_0_0.jpg,reference,54868-6129,G;13;9,True,qwen,G 1,0,0,0.3333333333333333,0,0.5,0,G 1,G 13 9
D:/Data/ePillID_data/ePillID_data\classification_data\segmented_nih_pills_224/54868-6129_0_1.jpg,reference,54868-6129,G;13;9,False,qwen,13 9,0,0,0.6666666666666666,0,0.25,0,13 9,G 13 9
D:/Data/ePillID_data/ePillID_data\classification_data\segmented_nih_pills_224/54868-6165_0_0.jpg,reference,54868-6165,E;5,True,qwen,E,0,1,0.5,0,0.5,0,E,E 5
D:/Data/ePillID_data/ePillID_data\classification_data\segmented_nih_pills_224/54868-6165_0_1.jpg,reference,54868-6165,E;5,False,qwen,5,0,1,0.5,0,0.5,0,5,E 5
D:/Data/ePillID_data/ePillID_data\classification_data\segmented_nih_pills_224/54868-6206_0_0.jpg,reference,54868-6206,GIL;1,True,qwen,GIL 1,1,1,1.0,1,0.0,1,GIL 1,GIL 1
D:/Data/ePillID_data/ePillID_data\classification_data\segmented_nih_pills_224/54868-6206_0_1.jpg,reference,54868-6206,GIL;1,False,qwen,T,0,0,0.0,0,1.0,0,T,GIL 1
D:/Data/ePillID_data/ePillID_data\classification_data\segmented_nih_pills_224/55111-125_0_0.jpg,reference,55111-125,R;125,True,qwen,R,0,1,0.5,0,0.75,0,R,R 125
D:/Data/ePillID_data/ePillID_data\classification_data\segmented_nih_pills_224/55111-125_0_1.jpg,reference,55111-125,R;125,False,qwen,125,0,1,0.5,0,0.25,0,125,R 125
D:/Data/ePillID_data/ePillID_data\classification_data\segmented_nih_pills_224/55111-144_0_0.jpg,reference,55111-144,R;144,True,qwen,R,0,1,0.5,0,0.75,0,R,R 144
D:/Data/ePillID_data/ePillID_data\classification_data\segmented_nih_pills_224/55111-144_0_1.jpg,reference,55111-144,R;144,False,qwen,44,0,0,0.0,0,0.5,0,44,R 144
D:/Data/ePillID_data/ePillID_data\classification_data\segmented_nih_pills_224/55111-157_0_0.jpg,reference,55111-157,Omeprazole;10mg;R157,True,qwen,OMEPRAZOLE 10 MG R 157,0,0,0.3333333333333333,0,0.0,1,OMEPRAZOLE 10 MG R 157,OMEPRAZOLE 10MG R157
D:/Data/ePillID_data/ePillID_data\classification_data\segmented_nih_pills_224/55111-157_0_1.jpg,reference,55111-157,Omeprazole;10mg;R157,False,qwen,P,0,0,0.0,0,0.9444444444444444,0,P,OMEPRAZOLE 10MG R157
D:/Data/ePillID_data/ePillID_data\classification_data\segmented_nih_pills_224/55111-256_0_0.jpg,reference,55111-256,RDY;256,True,qwen,RDY 256,1,1,1.0,1,0.0,1,RDY 256,RDY 256
D:/Data/ePillID_data/ePillID_data\classification_data\segmented_nih_pills_224/55111-256_0_1.jpg,reference,55111-256,RDY;256,False,qwen,PLAIN,0,0,0.0,0,1.0,0,PLAIN,RDY 256
D:/Data/ePillID_data/ePillID_data\classification_data\segmented_nih_pills_224/55111-322_0_0.jpg,reference,55111-322,RDY;322,True,qwen,RDY,0,1,0.5,0,0.5,0,RDY,RDY 322
D:/Data/ePillID_data/ePillID_data\classification_data\segmented_nih_pills_224/55111-322_0_1.jpg,reference,55111-322,RDY;322,False,qwen,3 22,0,0,0.0,0,0.5,0,3 22,RDY 322
D:/Data/ePillID_data/ePillID_data\classification_data\segmented_nih_pills_224/55111-398_0_0.jpg,reference,55111-398,RDY;LAN,True,qwen,RDY 398,0,0,0.5,0,0.5,0,RDY 398,RDY LAN
D:/Data/ePillID_data/ePillID_data\classification_data\segmented_nih_pills_224/55111-398_0_1.jpg,reference,55111-398,RDY;LAN,False,qwen,G342,0,0,0.0,0,1.0,0,G342,RDY LAN
D:/Data/ePillID_data/ePillID_data\classification_data\segmented_nih_pills_224/55111-586_0_0.jpg,reference,55111-586,RDY;586,True,qwen,RDY 586,1,1,1.0,1,0.0,1,RDY 586,RDY 586
D:/Data/ePillID_data/ePillID_data\classification_data\segmented_nih_pills_224/55111-586_0_1.jpg,reference,55111-586,RDY;586,False,qwen,PLAIN,0,0,0.0,0,1.0,0,PLAIN,RDY 586
D:/Data/ePillID_data/ePillID_data\classification_data\segmented_nih_pills_224/55111-625_0_0.jpg,reference,55111-625,R;625,True,qwen,R,0,1,0.5,0,0.75,0,R,R 625
D:/Data/ePillID_data/ePillID_data\classification_data\segmented_nih_pills_224/55111-625_0_1.jpg,reference,55111-625,R;625,False,qwen,625,0,1,0.5,0,0.25,0,625,R 625
D:/Data/ePillID_data/ePillID_data\classification_data\segmented_nih_pills_224/55111-639_0_0.jpg,reference,55111-639,I;73,True,qwen,I73,0,0,0.0,0,0.0,1,I73,I 73
D:/Data/ePillID_data/ePillID_data\classification_data\segmented_nih_pills_224/55111-639_0_1.jpg,reference,55111-639,I;73,False,qwen,T,0,0,0.0,0,1.0,0,T,I 73
D:/Data/ePillID_data/ePillID_data\classification_data\segmented_nih_pills_224/55111-663_0_0.jpg,reference,55111-663,RDY;663,True,qwen,RDY 663 1 MCG,0,0,1.0,1,0.6666666666666666,1,RDY 663 1 MCG,RDY 663
D:/Data/ePillID_data/ePillID_data\classification_data\segmented_nih_pills_224/55111-663_0_1.jpg,reference,55111-663,RDY;663,False,qwen,G342,0,0,0.0,0,1.0,0,G342,RDY 663
D:/Data/ePillID_data/ePillID_data\classification_data\segmented_nih_pills_224/55154-0219_0_0.jpg,reference,55154-219,PREMARIN;09,True,qwen,PREMARIN 09,1,1,1.0,1,0.0,1,PREMARIN 09,PREMARIN 09
D:/Data/ePillID_data/ePillID_data\classification_data\segmented_nih_pills_224/55154-0219_0_1.jpg,reference,55154-219,PREMARIN;09,False,qwen,G3,0,0,0.0,0,1.0,0,G3,PREMARIN 09
D:/Data/ePillID_data/ePillID_data\classification_data\segmented_nih_pills_224/55154-0328_0_0.jpg,reference,55154-328,4;NO,True,qwen,N0,0,0,0.0,0,0.6666666666666666,0,N0,4 NO
D:/Data/ePillID_data/ePillID_data\classification_data\segmented_nih_pills_224/55154-0328_0_1.jpg,reference,55154-328,4;NO,False,qwen,4,0,1,0.5,0,0.6666666666666666,0,4,4 NO
D:/Data/ePillID_data/ePillID_data\classification_data\segmented_nih_pills_224/55154-0539_0_0.jpg,reference,55154-539,GXL;2;5,True,qwen,GXL 2 5,1,1,1.0,1,0.0,1,GXL 2 5,GXL 2 5
D:/Data/ePillID_data/ePillID_data\classification_data\segmented_nih_pills_224/55154-0539_0_1.jpg,reference,55154-539,GXL;2;5,False,qwen,BLUE,0,0,0.0,0,0.8,0,BLUE,GXL 2 5
D:/Data/ePillID_data/ePillID_data\classification_data\segmented_nih_pills_224/55154-1422_0_0.jpg,reference,55154-1422,10;Xa,True,qwen,XA,0,1,0.5,0,0.5,0,XA,10 XA
D:/Data/ePillID_data/ePillID_data\classification_data\segmented_nih_pills_224/55154-1422_0_1.jpg,reference,55154-1422,10;Xa,False,qwen,10 V,0,0,0.5,0,0.5,0,10 V,10 XA
D:/Data/ePillID_data/ePillID_data\classification_data\segmented_nih_pills_224/55154-3650_0_0.jpg,reference,55154-3650,8667;S,True,qwen,S,0,1,0.5,0,0.8,0,S,8667 S
D:/Data/ePillID_data/ePillID_data\classification_data\segmented_nih_pills_224/55154-3650_0_1.jpg,reference,55154-3650,8667;S,False,qwen,86 67,0,0,0.0,0,0.2,0,86 67,8667 S
D:/Data/ePillID_data/ePillID_data\classification_data\segmented_nih_pills_224/55154-3935_0_0.jpg,reference,55154-3935,2,True,qwen,2,1,1,1.0,1,0.0,1,2,2
D:/Data/ePillID_data/ePillID_data\classification_data\segmented_nih_pills_224/55154-3935_0_1.jpg,reference,55154-3935,2,False,qwen,TEVA,0,0,0.0,0,4.0,0,TEVA,2
D:/Data/ePillID_data/ePillID_data\classification_data\segmented_nih_pills_224/55154-4233_0_0.jpg,reference,55154-4233,P;40,True,qwen,PROTONIX,0,0,0.0,0,2.3333333333333335,0,PROTONIX,P 40
D:/Data/ePillID_data/ePillID_data\classification_data\segmented_nih_pills_224/55154-4233_0_1.jpg,reference,55154-4233,P;40,False,qwen,N,0,0,0.0,0,1.0,0,N,P 40
D:/Data/ePillID_data/ePillID_data\classification_data\segmented_nih_pills_224/55154-4518_0_0.jpg,reference,55154-4518,SB;8,True,qwen,SY,0,0,0.0,0,0.6666666666666666,0,SY,SB 8
D:/Data/ePillID_data/ePillID_data\classification_data\segmented_nih_pills_224/55154-4518_0_1.jpg,reference,55154-4518,SB;8,False,qwen,8,0,1,0.5,0,0.6666666666666666,0,8,SB 8
D:/Data/ePillID_data/ePillID_data\classification_data\segmented_nih_pills_224/55154-4619_0_0.jpg,reference,55154-4619,F;L;10,True,qwen,F L,0,0,0.6666666666666666,0,0.5,0,F L,F L 10
D:/Data/ePillID_data/ePillID_data\classification_data\segmented_nih_pills_224/55154-4619_0_1.jpg,reference,55154-4619,F;L;10,False,qwen,10,0,1,0.3333333333333333,0,0.5,0,10,F L 10
D:/Data/ePillID_data/ePillID_data\classification_data\segmented_nih_pills_224/55154-5016_0_0.jpg,reference,55154-5016,MRK;952;COZAAR,True,qwen,952,0,1,0.3333333333333333,0,0.75,0,952,MRK 952 COZAAR
D:/Data/ePillID_data/ePillID_data\classification_data\segmented_nih_pills_224/55154-5016_0_1.jpg,reference,55154-5016,MRK;952;COZAAR,False,qwen,B 1,0,0,0.0,0,1.0,0,B 1,MRK 952 COZAAR
D:/Data/ePillID_data/ePillID_data\classification_data\segmented_nih_pills_224/55154-5041_0_0.jpg,reference,55154-5041,227,True,qwen,277,0,0,0.0,0,0.3333333333333333,0,277,227
D:/Data/ePillID_data/ePillID_data\classification_data\segmented_nih_pills_224/55154-5041_0_1.jpg,reference,55154-5041,227,False,qwen,T,0,0,0.0,0,1.0,0,T,227
D:/Data/ePillID_data/ePillID_data\classification_data\segmented_nih_pills_224/55154-5159_0_0.jpg,reference,55154-5159,TAP;80,True,qwen,TR,0,0,0.0,0,0.8,0,TR,TAP 80
D:/Data/ePillID_data/ePillID_data\classification_data\segmented_nih_pills_224/55154-5159_0_1.jpg,reference,55154-5159,TAP;80,False,qwen,80,0,1,0.5,0,0.6,0,80,TAP 80
D:/Data/ePillID_data/ePillID_data\classification_data\segmented_nih_pills_224/55154-5599_0_0.jpg,reference,55154-5599,MYLAN;1610,True,qwen,MYLAN 1610,1,1,1.0,1,0.0,1,MYLAN 1610,MYLAN 1610
D:/Data/ePillID_data/ePillID_data\classification_data\segmented_nih_pills_224/55154-5599_0_1.jpg,reference,55154-5599,MYLAN;1610,False,qwen,T,0,0,0.0,0,1.0,0,T,MYLAN 1610
D:/Data/ePillID_data/ePillID_data\classification_data\segmented_nih_pills_224/55154-5673_0_0.jpg,reference,55154-5673,M;443,True,qwen,M,0,1,0.5,0,0.75,0,M,M 443
D:/Data/ePillID_data/ePillID_data\classification_data\segmented_nih_pills_224/55154-5673_0_1.jpg,reference,55154-5673,M;443,False,qwen,443,0,1,0.5,0,0.25,0,443,M 443
D:/Data/ePillID_data/ePillID_data\classification_data\segmented_nih_pills_224/55154-6131_0_0.jpg,reference,55154-6131,Sankyo;C22,True,qwen,BANZO,0,0,0.0,0,0.6666666666666666,0,BANZO,SANKYO C22
D:/Data/ePillID_data/ePillID_data\classification_data\segmented_nih_pills_224/55154-6131_0_1.jpg,reference,55154-6131,Sankyo;C22,False,qwen,C22,0,1,0.5,0,0.6666666666666666,0,C22,SANKYO C22
D:/Data/ePillID_data/ePillID_data\classification_data\segmented_nih_pills_224/55154-6157_0_0.jpg,reference,55154-6157,I;3759,True,qwen,I,0,1,0.5,0,0.8,0,I,I 3759
D:/Data/ePillID_data/ePillID_data\classification_data\segmented_nih_pills_224/55154-6157_0_1.jpg,reference,55154-6157,I;3759,False,qwen,3759,0,1,0.5,0,0.2,0,3759,I 3759
D:/Data/ePillID_data/ePillID_data\classification_data\segmented_nih_pills_224/55154-6349_0_0.jpg,reference,55154-6349,100;mg,True,qwen,100 MG,1,1,1.0,1,0.0,1,100 MG,100 MG
D:/Data/ePillID_data/ePillID_data\classification_data\segmented_nih_pills_224/55154-6349_0_1.jpg,reference,55154-6349,100;mg,False,qwen,BIO 500,0,0,0.0,0,1.2,0,BIO 500,100 MG
D:/Data/ePillID_data/ePillID_data\classification_data\segmented_nih_pills_224/55154-6815_0_0.jpg,reference,55154-6815,119,True,qwen,P 119,0,0,1.0,1,0.3333333333333333,1,P 119,119
D:/Data/ePillID_data/ePillID_data\classification_data\segmented_nih_pills_224/55154-6815_0_1.jpg,reference,55154-6815,119,False,qwen,T,0,0,0.0,0,1.0,0,T,119
D:/Data/ePillID_data/ePillID_data\classification_data\segmented_nih_pills_224/55154-7230_0_0.jpg,reference,55154-7230,5011;V,True,qwen,5011 V,1,1,1.0,1,0.0,1,5011 V,5011 V
D:/Data/ePillID_data/ePillID_data\classification_data\segmented_nih_pills_224/55154-7230_0_1.jpg,reference,55154-7230,5011;V,False,qwen,T,0,0,0.0,0,1.0,0,T,5011 V
D:/Data/ePillID_data/ePillID_data\classification_data\segmented_nih_pills_224/55154-7552_0_0.jpg,reference,55154-7552,20;5728,True,qwen,TEVA,0,0,0.0,0,1.0,0,TEVA,20 5728
D:/Data/ePillID_data/ePillID_data\classification_data\segmented_nih_pills_224/55154-7552_0_1.jpg,reference,55154-7552,20;5728,False,qwen,572B,0,0,0.0,0,0.5,0,572B,20 5728
D:/Data/ePillID_data/ePillID_data\classification_data\segmented_nih_pills_224/55154-7777_0_0.jpg,reference,55154-7777,Mucinex;600,True,qwen,MUCINEX,0,1,0.5,0,0.3,0,MUCINEX,MUCINEX 600
D:/Data/ePillID_data/ePillID_data\classification_data\segmented_nih_pills_224/55154-7777_0_1.jpg,reference,55154-7777,Mucinex;600,False,qwen,600,0,1,0.5,0,0.7,0,600,MUCINEX 600
D:/Data/ePillID_data/ePillID_data\classification_data\segmented_nih_pills_224/55154-8281_0_0.jpg,reference,55154-8281,93;658,True,qwen,93 658,1,1,1.0,1,0.0,1,93 658,93 658
D:/Data/ePillID_data/ePillID_data\classification_data\segmented_nih_pills_224/55154-8281_0_1.jpg,reference,55154-8281,93;658,False,qwen,G3,0,0,0.0,0,0.8,0,G3,93 658
D:/Data/ePillID_data/ePillID_data\classification_data\segmented_nih_pills_224/55154-9728_0_0.jpg,reference,55154-9728,RENVELA;800,True,qwen,RENVELA 800,1,1,1.0,1,0.0,1,RENVELA 800,RENVELA 800
D:/Data/ePillID_data/ePillID_data\classification_data\segmented_nih_pills_224/55154-9728_0_1.jpg,reference,55154-9728,RENVELA;800,False,qwen,G342,0,0,0.0,0,1.0,0,G342,RENVELA 800
D:/Data/ePillID_data/ePillID_data\classification_data\segmented_nih_pills_224/55289-085_0_0.jpg,reference,55289-85,M;L;5,True,qwen,M,0,1,0.3333333333333333,0,0.6666666666666666,0,M,M L 5
D:/Data/ePillID_data/ePillID_data\classification_data\segmented_nih_pills_224/55289-085_0_1.jpg,reference,55289-85,M;L;5,False,qwen,L 5,0,0,0.6666666666666666,0,0.3333333333333333,0,L 5,M L 5
D:/Data/ePillID_data/ePillID_data\classification_data\segmented_nih_pills_224/55289-132_0_0.jpg,reference,55289-132,4,True,qwen,4,1,1,1.0,1,0.0,1,4,4
D:/Data/ePillID_data/ePillID_data\classification_data\segmented_nih_pills_224/55289-132_0_1.jpg,reference,55289-132,4,False,qwen,BLUE,0,0,0.0,0,4.0,0,BLUE,4
D:/Data/ePillID_data/ePillID_data\classification_data\segmented_nih_pills_224/55289-193_0_0.jpg,reference,55289-193,BAYER;20,True,qwen,BAYER,0,1,0.5,0,0.2857142857142857,0,BAYER,BAYER 20
D:/Data/ePillID_data/ePillID_data\classification_data\segmented_nih_pills_224/55289-193_0_1.jpg,reference,55289-193,BAYER;20,False,qwen,20,0,1,0.5,0,0.7142857142857143,0,20,BAYER 20
D:/Data/ePillID_data/ePillID_data\classification_data\segmented_nih_pills_224/55289-292_0_0.jpg,reference,55289-292,WATSON;780,True,qwen,WATSON 780,1,1,1.0,1,0.0,1,WATSON 780,WATSON 780
D:/Data/ePillID_data/ePillID_data\classification_data\segmented_nih_pills_224/55289-292_0_1.jpg,reference,55289-292,WATSON;780,False,qwen,T,0,0,0.0,0,0.8888888888888888,0,T,WATSON 780
D:/Data/ePillID_data/ePillID_data\classification_data\segmented_nih_pills_224/55289-453_0_0.jpg,reference,55289-453,DAYPRO;1381,True,qwen,DAYPRO,0,1,0.5,0,0.4,0,DAYPRO,DAYPRO 1381
D:/Data/ePillID_data/ePillID_data\classification_data\segmented_nih_pills_224/55289-453_0_1.jpg,reference,55289-453,DAYPRO;1381,False,qwen,13 81,0,0,0.0,0,0.6,0,13 81,DAYPRO 1381
D:/Data/ePillID_data/ePillID_data\classification_data\segmented_nih_pills_224/55289-601_0_0.jpg,reference,55289-601,9;3;0924,True,qwen,9 3,0,0,0.6666666666666666,0,0.6666666666666666,0,9 3,9 3 0924
D:/Data/ePillID_data/ePillID_data\classification_data\segmented_nih_pills_224/55289-601_0_1.jpg,reference,55289-601,9;3;0924,False,qwen,0924,0,1,0.3333333333333333,0,0.3333333333333333,0,0924,9 3 0924
D:/Data/ePillID_data/ePillID_data\classification_data\segmented_nih_pills_224/55289-781_0_0.jpg,reference,55289-781,GG977,True,qwen,GG977,1,1,1.0,1,0.0,1,GG977,GG977
D:/Data/ePillID_data/ePillID_data\classification_data\segmented_nih_pills_224/55289-781_0_1.jpg,reference,55289-781,GG977,False,qwen,T,0,0,0.0,0,1.0,0,T,GG977
D:/Data/ePillID_data/ePillID_data\classification_data\segmented_nih_pills_224/55289-954_0_0.jpg,reference,55289-954,SUPRAX;LUPIN,True,qwen,LUPIN,0,1,0.5,0,0.5454545454545454,0,LUPIN,SUPRAX LUPIN
D:/Data/ePillID_data/ePillID_data\classification_data\segmented_nih_pills_224/55289-954_0_1.jpg,reference,55289-954,SUPRAX;LUPIN,False,qwen,SUPRAX,0,1,0.5,0,0.45454545454545453,0,SUPRAX,SUPRAX LUPIN
D:/Data/ePillID_data/ePillID_data\classification_data\segmented_nih_pills_224/55289-959_0_0.jpg,reference,55289-959,G;31,True,qwen,G 31,1,1,1.0,1,0.0,1,G 31,G 31
D:/Data/ePillID_data/ePillID_data\classification_data\segmented_nih_pills_224/55289-959_0_1.jpg,reference,55289-959,G;31,False,qwen,B 1,0,0,0.0,0,0.6666666666666666,0,B 1,G 31
D:/Data/ePillID_data/ePillID_data\classification_data\segmented_nih_pills_224/55695-005_0_0.jpg,reference,55695-5,JACOBUS;25;102,True,qwen,JACOBUS,0,1,0.3333333333333333,0,0.4166666666666667,0,JACOBUS,JACOBUS 25 102
D:/Data/ePillID_data/ePillID_data\classification_data\segmented_nih_pills_224/55695-005_0_1.jpg,reference,55695-5,JACOBUS;25;102,False,qwen,25 102,0,0,0.6666666666666666,0,0.5833333333333334,0,25 102,JACOBUS 25 102
D:/Data/ePillID_data/ePillID_data\classification_data\segmented_nih_pills_224/55695-019_0_0.jpg,reference,55695-19,MSD;32,True,qwen,MSD,0,1,0.5,0,0.4,0,MSD,MSD 32
D:/Data/ePillID_data/ePillID_data\classification_data\segmented_nih_pills_224/55695-019_0_1.jpg,reference,55695-19,MSD;32,False,qwen,32,0,1,0.5,0,0.6,0,32,MSD 32
D:/Data/ePillID_data/ePillID_data\classification_data\segmented_nih_pills_224/55700-001_0_0.jpg,reference,55700-1,WATSON;657,True,qwen,WATSON 500,0,0,0.5,0,0.3333333333333333,0,WATSON 500,WATSON 657
D:/Data/ePillID_data/ePillID_data\classification_data\segmented_nih_pills_224/55700-001_0_1.jpg,reference,55700-1,WATSON;657,False,qwen,657,0,1,0.5,0,0.6666666666666666,0,657,WATSON 657
D:/Data/ePillID_data/ePillID_data\classification_data\segmented_nih_pills_224/55700-208_0_0.jpg,reference,55700-208,TL173,True,qwen,TL173,1,1,1.0,1,0.0,1,TL173,TL173
D:/Data/ePillID_data/ePillID_data\classification_data\segmented_nih_pills_224/55700-208_0_1.jpg,reference,55700-208,TL173,False,qwen,AS,0,0,0.0,0,1.0,0,AS,TL173
D:/Data/ePillID_data/ePillID_data\classification_data\segmented_nih_pills_224/55700-230_0_0.jpg,reference,55700-230,E;8;5,True,qwen,E 1,0,0,0.3333333333333333,0,0.6666666666666666,0,E 1,E 8 5
D:/Data/ePillID_data/ePillID_data\classification_data\segmented_nih_pills_224/55700-230_0_1.jpg,reference,55700-230,E;8;5,False,qwen,85,0,0,0.0,0,0.3333333333333333,0,85,E 8 5
D:/Data/ePillID_data/ePillID_data\classification_data\segmented_nih_pills_224/55700-258_0_0.jpg,reference,55700-258,B;90,True,qwen,B,0,1,0.5,0,0.6666666666666666,0,B,B 90
D:/Data/ePillID_data/ePillID_data\classification_data\segmented_nih_pills_224/55700-258_0_1.jpg,reference,55700-258,B;90,False,qwen,90,0,1,0.5,0,0.3333333333333333,0,90,B 90
D:/Data/ePillID_data/ePillID_data\classification_data\segmented_nih_pills_224/55700-306_0_0.jpg,reference,55700-306,GGN7,True,qwen,GG N7,0,0,0.0,0,0.0,1,GG N7,GGN7
D:/Data/ePillID_data/ePillID_data\classification_data\segmented_nih_pills_224/55700-306_0_1.jpg,reference,55700-306,GGN7,False,qwen,N,0,0,0.0,0,0.75,0,N,GGN7
D:/Data/ePillID_data/ePillID_data\classification_data\segmented_nih_pills_224/55700-307_0_0.jpg,reference,55700-307,GG165,True,qwen,GG 165,0,0,0.0,0,0.0,1,GG 165,GG165
D:/Data/ePillID_data/ePillID_data\classification_data\segmented_nih_pills_224/55700-307_0_1.jpg,reference,55700-307,GG165,False,qwen,T,0,0,0.0,0,1.0,0,T,GG165
D:/Data/ePillID_data/ePillID_data\classification_data\segmented_nih_pills_224/55700-318_0_0.jpg,reference,55700-318,M;P9,True,qwen,MP9,0,0,0.0,0,0.0,1,MP9,M P9
D:/Data/ePillID_data/ePillID_data\classification_data\segmented_nih_pills_224/55700-318_0_1.jpg,reference,55700-318,M;P9,False,qwen,E 1,0,0,0.0,0,1.0,0,E 1,M P9
D:/Data/ePillID_data/ePillID_data\classification_data\segmented_nih_pills_224/57237-014_0_0.jpg,reference,57237-14,D;53,True,qwen,D 53,1,1,1.0,1,0.0,1,D 53,D 53
D:/Data/ePillID_data/ePillID_data\classification_data\segmented_nih_pills_224/57237-014_0_1.jpg,reference,57237-14,D;53,False,qwen,G342,0,0,0.0,0,1.3333333333333333,0,G342,D 53
D:/Data/ePillID_data/ePillID_data\classification_data\segmented_nih_pills_224/57237-042_0_0.jpg,reference,57237-42,F;82,True,qwen,F82,0,0,0.0,0,0.0,1,F82,F 82
D:/Data/ePillID_data/ePillID_data\classification_data\segmented_nih_pills_224/57237-042_0_1.jpg,reference,57237-42,F;82,False,qwen,N,0,0,0.0,0,1.0,0,N,F 82
D:/Data/ePillID_data/ePillID_data\classification_data\segmented_nih_pills_224/57664-397_0_0.jpg,reference,57664-397,397,True,qwen,397,1,1,1.0,1,0.0,1,397,397
D:/Data/ePillID_data/ePillID_data\classification_data\segmented_nih_pills_224/57664-397_0_1.jpg,reference,57664-397,397,False,qwen,T,0,0,0.0,0,1.0,0,T,397
D:/Data/ePillID_data/ePillID_data\classification_data\segmented_nih_pills_224/57664-502_0_0.jpg,reference,57664-502,502,True,qwen,502,1,1,1.0,1,0.0,1,502,502
D:/Data/ePillID_data/ePillID_data\classification_data\segmented_nih_pills_224/57664-502_0_1.jpg,reference,57664-502,502,False,qwen,AS,0,0,0.0,0,1.0,0,AS,502
D:/Data/ePillID_data/ePillID_data\classification_data\segmented_nih_pills_224/57664-648_0_0.jpg,reference,57664-648,MP;30,True,qwen,MP 30,1,1,1.0,1,0.0,1,MP 30,MP 30
D:/Data/ePillID_data/ePillID_data\classification_data\segmented_nih_pills_224/57664-648_0_1.jpg,reference,57664-648,MP;30,False,qwen,L,0,0,0.0,0,1.0,0,L,MP 30
D:/Data/ePillID_data/ePillID_data\classification_data\segmented_nih_pills_224/57844-208_0_0.jpg,reference,57844-208,93;208;93;208,True,qwen,93 208 93 208,1,1,1.0,1,0.0,1,93 208 93 208,93 208 93 208
D:/Data/ePillID_data/ePillID_data\classification_data\segmented_nih_pills_224/57844-208_0_1.jpg,reference,57844-208,93;208;93;208,False,qwen,T,0,0,0.0,0,1.0,0,T,93 208 93 208
D:/Data/ePillID_data/ePillID_data\classification_data\segmented_nih_pills_224/57844-692_0_0.jpg,reference,57844-692,93;7331,True,qwen,93,0,1,0.5,0,0.6666666666666666,0,93,93 7331
D:/Data/ePillID_data/ePillID_data\classification_data\segmented_nih_pills_224/57844-692_0_1.jpg,reference,57844-692,93;7331,False,qwen,7331,0,1,0.5,0,0.3333333333333333,0,7331,93 7331
D:/Data/ePillID_data/ePillID_data\classification_data\segmented_nih_pills_224/58118-0014_0_0.jpg,reference,58118-14,GGL7,True,qwen,GG L7,0,0,0.0,0,0.0,1,GG L7,GGL7
D:/Data/ePillID_data/ePillID_data\classification_data\segmented_nih_pills_224/58118-0014_0_1.jpg,reference,58118-14,GGL7,False,qwen,POLYETHYLENE,0,0,0.0,0,2.75,0,POLYETHYLENE,GGL7
D:/Data/ePillID_data/ePillID_data\classification_data\segmented_nih_pills_224/58118-0032_0_0.jpg,reference,58118-32,9;3;7382,True,qwen,9 3,0,0,0.6666666666666666,0,0.6666666666666666,0,9 3,9 3 7382
D:/Data/ePillID_data/ePillID_data\classification_data\segmented_nih_pills_224/58118-0032_0_1.jpg,reference,58118-32,9;3;7382,False,qwen,7382,0,1,0.3333333333333333,0,0.3333333333333333,0,7382,9 3 7382
D:/Data/ePillID_data/ePillID_data\classification_data\segmented_nih_pills_224/58118-0062_0_0.jpg,reference,58118-62,832;BC20,True,qwen,832 BC20,1,1,1.0,1,0.0,1,832 BC20,832 BC20
D:/Data/ePillID_data/ePillID_data\classification_data\segmented_nih_pills_224/58118-0062_0_1.jpg,reference,58118-62,832;BC20,False,qwen,G3,0,0,0.0,0,0.8571428571428571,0,G3,832 BC20
D:/Data/ePillID_data/ePillID_data\classification_data\segmented_nih_pills_224/58118-0064_0_0.jpg,reference,58118-64,TV;10;1720,True,qwen,TV 10,0,0,0.6666666666666666,0,0.5,0,TV 10,TV 10 1720
D:/Data/ePillID_data/ePillID_data\classification_data\segmented_nih_pills_224/58118-0064_0_1.jpg,reference,58118-64,TV;10;1720,False,qwen,1720,0,1,0.3333333333333333,0,0.5,0,1720,TV 10 1720
D:/Data/ePillID_data/ePillID_data\classification_data\segmented_nih_pills_224/58118-0085_0_0.jpg,reference,58118-85,257,True,qwen,257,1,1,1.0,1,0.0,1,257,257
D:/Data/ePillID_data/ePillID_data\classification_data\segmented_nih_pills_224/58118-0085_0_1.jpg,reference,58118-85,257,False,qwen,E 1,0,0,0.0,0,1.0,0,E 1,257
D:/Data/ePillID_data/ePillID_data\classification_data\segmented_nih_pills_224/59467-318_0_0.jpg,reference,59467-318,West;ward;118,True,qwen,WEST WARD 118,1,1,1.0,1,0.0,1,WEST WARD 118,WEST WARD 118
D:/Data/ePillID_data/ePillID_data\classification_data\segmented_nih_pills_224/59467-318_0_1.jpg,reference,59467-318,West;ward;118,False,qwen,BLUE,0,0,0.0,0,1.0,0,BLUE,WEST WARD 118
D:/Data/ePillID_data/ePillID_data\classification_data\segmented_nih_pills_224/59676-566_0_0.jpg,reference,59676-566,800;T,True,qwen,T,0,1,0.5,0,0.75,0,T,800 T
D:/Data/ePillID_data/ePillID_data\classification_data\segmented_nih_pills_224/59676-566_0_1.jpg,reference,59676-566,800;T,False,qwen,800,0,1,0.5,0,0.25,0,800,800 T
D:/Data/ePillID_data/ePillID_data\classification_data\segmented_nih_pills_224/59746-382_0_0.jpg,reference,59746-382,TL;382,True,qwen,TL382,0,0,0.0,0,0.0,1,TL382,TL 382
D:/Data/ePillID_data/ePillID_data\classification_data\segmented_nih_pills_224/59746-382_0_1.jpg,reference,59746-382,TL;382,False,qwen,G34,0,0,0.0,0,0.8,0,G34,TL 382
D:/Data/ePillID_data/ePillID_data\classification_data\segmented_nih_pills_224/59746-385_0_0.jpg,reference,59746-385,TL385,True,qwen,TL385,1,1,1.0,1,0.0,1,TL385,TL385
D:/Data/ePillID_data/ePillID_data\classification_data\segmented_nih_pills_224/59746-385_0_1.jpg,reference,59746-385,TL385,False,qwen,PILL,0,0,0.0,0,1.0,0,PILL,TL385
D:/Data/ePillID_data/ePillID_data\classification_data\segmented_nih_pills_224/59746-386_0_0.jpg,reference,59746-386,TL386,True,qwen,TL386,1,1,1.0,1,0.0,1,TL386,TL386
D:/Data/ePillID_data/ePillID_data\classification_data\segmented_nih_pills_224/59746-386_0_1.jpg,reference,59746-386,TL386,False,qwen,T,0,0,0.0,0,0.8,0,T,TL386
D:/Data/ePillID_data/ePillID_data\classification_data\segmented_nih_pills_224/59762-0049_0_0.jpg,reference,59762-49,MEDROL;8,True,qwen,MEDROL 8,1,1,1.0,1,0.0,1,MEDROL 8,MEDROL 8
D:/Data/ePillID_data/ePillID_data\classification_data\segmented_nih_pills_224/59762-0049_0_1.jpg,reference,59762-49,MEDROL;8,False,qwen,B 1,0,0,0.0,0,1.0,0,B 1,MEDROL 8
D:/Data/ePillID_data/ePillID_data\classification_data\segmented_nih_pills_224/59762-0810_0_0.jpg,reference,59762-810,KPI;232;Corgard;20,True,qwen,CORGARD 20,0,0,0.5,0,0.4,0,CORGARD 20,KPI 232 CORGARD 20
D:/Data/ePillID_data/ePillID_data\classification_data\segmented_nih_pills_224/59762-0810_0_1.jpg,reference,59762-810,KPI;232;Corgard;20,False,qwen,KPI 232,0,0,0.5,0,0.6,0,KPI 232,KPI 232 CORGARD 20
D:/Data/ePillID_data/ePillID_data\classification_data\segmented_nih_pills_224/59762-4440_0_0.jpg,reference,59762-4440,MEDROL;4,True,qwen,MEDROL 4,1,1,1.0,1,0.0,1,MEDROL 4,MEDROL 4
D:/Data/ePillID_data/ePillID_data\classification_data\segmented_nih_pills_224/59762-4440_0_1.jpg,reference,59762-4440,MEDROL;4,False,qwen,4,0,1,0.5,0,0.8571428571428571,0,4,MEDROL 4
D:/Data/ePillID_data/ePillID_data\classification_data\segmented_nih_pills_224/59762-5023_0_0.jpg,reference,59762-5023,G;21,True,qwen,G 21,1,1,1.0,1,0.0,1,G 21,G 21
D:/Data/ePillID_data/ePillID_data\classification_data\segmented_nih_pills_224/59762-5023_0_1.jpg,reference,59762-5023,G;21,False,qwen,G342,0,0,0.0,0,1.0,0,G342,G 21
D:/Data/ePillID_data/ePillID_data\classification_data\segmented_nih_pills_224/59762-6002_0_0.jpg,reference,59762-6002,G;5002,True,qwen,DAYPRO,0,0,0.0,0,1.2,0,DAYPRO,G 5002
D:/Data/ePillID_data/ePillID_data\classification_data\segmented_nih_pills_224/59762-6002_0_1.jpg,reference,59762-6002,G;5002,False,qwen,13 81,0,0,0.0,0,1.0,0,13 81,G 5002
D:/Data/ePillID_data/ePillID_data\classification_data\segmented_nih_pills_224/59762-6691_0_0.jpg,reference,59762-6691,G;60,True,qwen,G 60,1,1,1.0,1,0.0,1,G 60,G 60
D:/Data/ePillID_data/ePillID_data\classification_data\segmented_nih_pills_224/59762-6691_0_1.jpg,reference,59762-6691,G;60,False,qwen,N,0,0,0.0,0,1.0,0,N,G 60
D:/Data/ePillID_data/ePillID_data\classification_data\segmented_nih_pills_224/60429-142_0_0.jpg,reference,60429-142,833,True,qwen,833,1,1,1.0,1,0.0,1,833,833
D:/Data/ePillID_data/ePillID_data\classification_data\segmented_nih_pills_224/60429-142_0_1.jpg,reference,60429-142,833,False,qwen,G3,0,0,0.0,0,0.6666666666666666,0,G3,833
D:/Data/ePillID_data/ePillID_data\classification_data\segmented_nih_pills_224/60429-155_0_0.jpg,reference,60429-155,Westward;3126,True,qwen,WEST WARD 3126,0,0,0.5,0,0.0,1,WEST WARD 3126,WESTWARD 3126
D:/Data/ePillID_data/ePillID_data\classification_data\segmented_nih_pills_224/60429-155_0_1.jpg,reference,60429-155,Westward;3126,False,qwen,BLUE,0,0,0.0,0,1.0,0,BLUE,WESTWARD 3126
D:/Data/ePillID_data/ePillID_data\classification_data\segmented_nih_pills_224/60429-208_0_0.jpg,reference,60429-208,L;24;M,True,qwen,M,0,1,0.3333333333333333,0,0.75,0,M,L 24 M
D:/Data/ePillID_data/ePillID_data\classification_data\segmented_nih_pills_224/60429-208_0_1.jpg,reference,60429-208,L;24;M,False,qwen,L 24,0,0,0.6666666666666666,0,0.25,0,L 24,L 24 M
D:/Data/ePillID_data/ePillID_data\classification_data\segmented_nih_pills_224/60429-211_0_0.jpg,reference,60429-211,L;27;M,True,qwen,M,0,1,0.3333333333333333,0,0.75,0,M,L 27 M
D:/Data/ePillID_data/ePillID_data\classification_data\segmented_nih_pills_224/60429-211_0_1.jpg,reference,60429-211,L;27;M,False,qwen,L 27,0,0,0.6666666666666666,0,0.25,0,L 27,L 27 M
D:/Data/ePillID_data/ePillID_data\classification_data\segmented_nih_pills_224/60429-248_0_0.jpg,reference,60429-248,791,True,qwen,CTI 141,0,0,0.0,0,1.6666666666666667,0,CTI 141,791
D:/Data/ePillID_data/ePillID_data\classification_data\segmented_nih_pills_224/60429-248_0_1.jpg,reference,60429-248,791,False,qwen,PLAIN,0,0,0.0,0,1.6666666666666667,0,PLAIN,791
D:/Data/ePillID_data/ePillID_data\classification_data\segmented_nih_pills_224/60429-249_0_0.jpg,reference,60429-249,792,True,qwen,CTI 142,0,0,0.0,0,1.6666666666666667,0,CTI 142,792
D:/Data/ePillID_data/ePillID_data\classification_data\segmented_nih_pills_224/60429-249_0_1.jpg,reference,60429-249,792,False,qwen,T,0,0,0.0,0,1.0,0,T,792
D:/Data/ePillID_data/ePillID_data\classification_data\segmented_nih_pills_224/60429-280_0_0.jpg,reference,60429-280,577;750,True,qwen,577,0,1,0.5,0,0.5,0,577,577 750
D:/Data/ePillID_data/ePillID_data\classification_data\segmented_nih_pills_224/60429-280_0_1.jpg,reference,60429-280,577;750,False,qwen,750,0,1,0.5,0,0.5,0,750,577 750
D:/Data/ePillID_data/ePillID_data\classification_data\segmented_nih_pills_224/60429-293_0_0.jpg,reference,60429-293,M;B3;5;5;5,True,qwen,M B3,0,0,0.4,0,0.5,0,M B3,M B3 5 5 5
D:/Data/ePillID_data/ePillID_data\classification_data\segmented_nih_pills_224/60429-293_0_1.jpg,reference,60429-293,M;B3;5;5;5,False,qwen,5 5 5,0,0,0.6,0,0.5,0,5 5 5,M B3 5 5 5
D:/Data/ePillID_data/ePillID_data\classification_data\segmented_nih_pills_224/60429-311_0_0.jpg,reference,60429-311,T;88,True,qwen,T88,0,0,0.0,0,0.0,1,T88,T 88
D:/Data/ePillID_data/ePillID_data\classification_data\segmented_nih_pills_224/60429-311_0_1.jpg,reference,60429-311,T;88,False,qwen,G342,0,0,0.0,0,1.3333333333333333,0,G342,T 88
D:/Data/ePillID_data/ePillID_data\classification_data\segmented_nih_pills_224/60429-349_0_0.jpg,reference,60429-349,APO;LXR;500,True,qwen,APO,0,1,0.3333333333333333,0,0.6666666666666666,0,APO,APO LXR 500
D:/Data/ePillID_data/ePillID_data\classification_data\segmented_nih_pills_224/60429-349_0_1.jpg,reference,60429-349,APO;LXR;500,False,qwen,LXR 500,0,0,0.6666666666666666,0,0.3333333333333333,0,LXR 500,APO LXR 500
D:/Data/ePillID_data/ePillID_data\classification_data\segmented_nih_pills_224/60429-350_0_0.jpg,reference,60429-350,APO;LXR;750,True,qwen,APO,0,1,0.3333333333333333,0,0.6666666666666666,0,APO,APO LXR 750
D:/Data/ePillID_data/ePillID_data\classification_data\segmented_nih_pills_224/60429-350_0_1.jpg,reference,60429-350,APO;LXR;750,False,qwen,LXR 750,0,0,0.6666666666666666,0,0.3333333333333333,0,LXR 750,APO LXR 750
D:/Data/ePillID_data/ePillID_data\classification_data\segmented_nih_pills_224/60429-448_0_0.jpg,reference,60429-448,10;A,True,qwen,A,0,1,0.5,0,0.6666666666666666,0,A,10 A
D:/Data/ePillID_data/ePillID_data\classification_data\segmented_nih_pills_224/60429-448_0_1.jpg,reference,60429-448,10;A,False,qwen,10,0,1,0.5,0,0.3333333333333333,0,10,10 A
D:/Data/ePillID_data/ePillID_data\classification_data\segmented_nih_pills_224/60429-955_0_0.jpg,reference,60429-955,4;mg;ML;P18,True,qwen,ML P18,0,0,0.5,0,0.375,0,ML P18,4 MG ML P18
D:/Data/ePillID_data/ePillID_data\classification_data\segmented_nih_pills_224/60429-955_0_1.jpg,reference,60429-955,4;mg;ML;P18,False,qwen,4 MG,0,0,0.5,0,0.625,0,4 MG,4 MG ML P18
D:/Data/ePillID_data/ePillID_data\classification_data\segmented_nih_pills_224/60505-0094_0_0.jpg,reference,60505-94,APO;094,True,qwen,APO,0,1,0.5,0,0.5,0,APO,APO 094
D:/Data/ePillID_data/ePillID_data\classification_data\segmented_nih_pills_224/60505-0094_0_1.jpg,reference,60505-94,APO;094,False,qwen,094,0,1,0.5,0,0.5,0,094,APO 094
D:/Data/ePillID_data/ePillID_data\classification_data\segmented_nih_pills_224/60505-0102_0_0.jpg,reference,60505-102,APO;102;500,True,qwen,APO 102,0,0,0.6666666666666666,0,0.3333333333333333,0,APO 102,APO 102 500
D:/Data/ePillID_data/ePillID_data\classification_data\segmented_nih_pills_224/60505-0102_0_1.jpg,reference,60505-102,APO;102;500,False,qwen,500,0,1,0.3333333333333333,0,0.6666666666666666,0,500,APO 102 500
D:/Data/ePillID_data/ePillID_data\classification_data\segmented_nih_pills_224/60505-0145_0_0.jpg,reference,60505-145,APO;010,True,qwen,APO 010,1,1,1.0,1,0.0,1,APO 010,APO 010
D:/Data/ePillID_data/ePillID_data\classification_data\segmented_nih_pills_224/60505-0145_0_1.jpg,reference,60505-145,APO;010,False,qwen,G342,0,0,0.0,0,1.0,0,G342,APO 010
D:/Data/ePillID_data/ePillID_data\classification_data\segmented_nih_pills_224/60505-0183_0_0.jpg,reference,60505-183,APO;200,True,qwen,APO 200,1,1,1.0,1,0.0,1,APO 200,APO 200
D:/Data/ePillID_data/ePillID_data\classification_data\segmented_nih_pills_224/60505-0183_0_1.jpg,reference,60505-183,APO;200,False,qwen,B 1,0,0,0.0,0,1.0,0,B 1,APO 200
D:/Data/ePillID_data/ePillID_data\classification_data\segmented_nih_pills_224/60505-0223_0_0.jpg,reference,60505-223,APO;AF;120,True,qwen,APO,0,1,0.3333333333333333,0,0.625,0,APO,APO AF 120
D:/Data/ePillID_data/ePillID_data\classification_data\segmented_nih_pills_224/60505-0223_0_1.jpg,reference,60505-223,APO;AF;120,False,qwen,AF 120,0,0,0.6666666666666666,0,0.375,0,AF 120,APO AF 120
D:/Data/ePillID_data/ePillID_data\classification_data\segmented_nih_pills_224/60505-1325_0_0.jpg,reference,60505-1325,APO;MID;10,True,qwen,APO,0,1,0.3333333333333333,0,0.625,0,APO,APO MID 10
D:/Data/ePillID_data/ePillID_data\classification_data\segmented_nih_pills_224/60505-1325_0_1.jpg,reference,60505-1325,APO;MID;10,False,qwen,MID 10,0,0,0.6666666666666666,0,0.375,0,MID 10,APO MID 10
D:/Data/ePillID_data/ePillID_data\classification_data\segmented_nih_pills_224/60505-2518_0_0.jpg,reference,60505-2518,APO;CI;10,True,qwen,APO,0,1,0.3333333333333333,0,0.5714285714285714,0,APO,APO CI 10
D:/Data/ePillID_data/ePillID_data\classification_data\segmented_nih_pills_224/60505-2518_0_1.jpg,reference,60505-2518,APO;CI;10,False,qwen,CI10,0,0,0.0,0,0.42857142857142855,0,CI10,APO CI 10
D:/Data/ePillID_data/ePillID_data\classification_data\segmented_nih_pills_224/60505-2607_0_0.jpg,reference,60505-2607,APO;625,True,qwen,APO,0,1,0.5,0,0.5,0,APO,APO 625
D:/Data/ePillID_data/ePillID_data\classification_data\segmented_nih_pills_224/60505-2607_0_1.jpg,reference,60505-2607,APO;625,False,qwen,625,0,1,0.5,0,0.5,0,625,APO 625
D:/Data/ePillID_data/ePillID_data\classification_data\segmented_nih_pills_224/60505-3121_0_0.jpg,reference,60505-3121,APO;F130,True,qwen,APO F130,1,1,1.0,1,0.0,1,APO F130,APO F130
D:/Data/ePillID_data/ePillID_data\classification_data\segmented_nih_pills_224/60505-3121_0_1.jpg,reference,60505-3121,APO;F130,False,qwen,G342,0,0,0.0,0,1.0,0,G342,APO F130
D:/Data/ePillID_data/ePillID_data\classification_data\segmented_nih_pills_224/60505-3140_0_0.jpg,reference,60505-3140,APO;OLA;20,True,qwen,APO,0,1,0.3333333333333333,0,0.625,0,APO,APO OLA 20
D:/Data/ePillID_data/ePillID_data\classification_data\segmented_nih_pills_224/60505-3140_0_1.jpg,reference,60505-3140,APO;OLA;20,False,qwen,OLA 20,0,0,0.6666666666666666,0,0.375,0,OLA 20,APO OLA 20
D:/Data/ePillID_data/ePillID_data\classification_data\segmented_nih_pills_224/60505-3145_0_0.jpg,reference,60505-3145,APO;C30,True,qwen,APO C30,1,1,1.0,1,0.0,1,APO C30,APO C30
D:/Data/ePillID_data/ePillID_data\classification_data\segmented_nih_pills_224/60505-3145_0_1.jpg,reference,60505-3145,APO;C30,False,qwen,C,0,0,0.0,0,0.8333333333333334,0,C,APO C30
D:/Data/ePillID_data/ePillID_data\classification_data\segmented_nih_pills_224/60505-3758_0_0.jpg,reference,60505-3758,APO;16;12;5,True,qwen,APO,0,1,0.25,0,0.625,0,APO,APO 16 12 5
D:/Data/ePillID_data/ePillID_data\classification_data\segmented_nih_pills_224/60505-3758_0_1.jpg,reference,60505-3758,APO;16;12;5,False,qwen,16 12 5,0,0,0.75,0,0.375,0,16 12 5,APO 16 12 5
D:/Data/ePillID_data/ePillID_data\classification_data\segmented_nih_pills_224/60505-3759_0_0.jpg,reference,60505-3759,APO;32;12;5,True,qwen,APO,0,1,0.25,0,0.625,0,APO,APO 32 12 5
D:/Data/ePillID_data/ePillID_data\classification_data\segmented_nih_pills_224/60505-3759_0_1.jpg,reference,60505-3759,APO;32;12;5,False,qwen,32 12 5,0,0,0.75,0,0.375,0,32 12 5,APO 32 12 5
D:/Data/ePillID_data/ePillID_data\classification_data\segmented_nih_pills_224/60687-105_0_0.jpg,reference,60687-105,555;779;b,True,qwen,B 10,0,0,0.3333333333333333,0,1.0,0,B 10,555 779 B
D:/Data/ePillID_data/ePillID_data\classification_data\segmented_nih_pills_224/60687-105_0_1.jpg,reference,60687-105,555;779;b,False,qwen,555 779,0,0,0.6666666666666666,0,0.14285714285714285,0,555 779,555 779 B
D:/Data/ePillID_data/ePillID_data\classification_data\segmented_nih_pills_224/60687-130_0_0.jpg,reference,60687-130,ACL;032,True,qwen,A CL,0,0,0.0,0,0.5,0,A CL,ACL 032
D:/Data/ePillID_data/ePillID_data\classification_data\segmented_nih_pills_224/60687-130_0_1.jpg,reference,60687-130,ACL;032,False,qwen,032,0,1,0.5,0,0.5,0,032,ACL 032
D:/Data/ePillID_data/ePillID_data\classification_data\segmented_nih_pills_224/60760-271_0_0.jpg,reference,60760-271,717,True,qwen,R,0,0,0.0,0,1.0,0,R,717
D:/Data/ePillID_data/ePillID_data\classification_data\segmented_nih_pills_224/60760-271_0_1.jpg,reference,60760-271,717,False,qwen,717,1,1,1.0,1,0.0,1,717,717
D:/Data/ePillID_data/ePillID_data\classification_data\segmented_nih_pills_224/60760-370_0_0.jpg,reference,60760-370,792,True,qwen,CTI 142,0,0,0.0,0,1.6666666666666667,0,CTI 142,792
D:/Data/ePillID_data/ePillID_data\classification_data\segmented_nih_pills_224/60760-370_0_1.jpg,reference,60760-370,792,False,qwen,T,0,0,0.0,0,1.0,0,T,792
D:/Data/ePillID_data/ePillID_data\classification_data\segmented_nih_pills_224/60793-853_0_0.jpg,reference,60793-853,Levoxyl;dp;88,True,qwen,LEVOXYL,0,1,0.3333333333333333,0,0.36363636363636365,0,LEVOXYL,LEVOXYL DP 88
D:/Data/ePillID_data/ePillID_data\classification_data\segmented_nih_pills_224/60793-853_0_1.jpg,reference,60793-853,Levoxyl;dp;88,False,qwen,DP 88,0,0,0.6666666666666666,0,0.6363636363636364,0,DP 88,LEVOXYL DP 88
D:/Data/ePillID_data/ePillID_data\classification_data\segmented_nih_pills_224/60846-803_0_0.jpg,reference,60846-803,JSP;515,True,qwen,JSP,0,1,0.5,0,0.5,0,JSP,JSP 515
D:/Data/ePillID_data/ePillID_data\classification_data\segmented_nih_pills_224/60846-803_0_1.jpg,reference,60846-803,JSP;515,False,qwen,515,0,1,0.5,0,0.5,0,515,JSP 515
D:/Data/ePillID_data/ePillID_data\classification_data\segmented_nih_pills_224/61442-142_0_0.jpg,reference,61442-142,CTI;142,True,qwen,CTI 142,1,1,1.0,1,0.0,1,CTI 142,CTI 142
D:/Data/ePillID_data/ePillID_data\classification_data\segmented_nih_pills_224/61442-142_0_1.jpg,reference,61442-142,CTI;142,False,qwen,T,0,0,0.0,0,0.8333333333333334,0,T,CTI 142
D:/Data/ePillID_data/ePillID_data\classification_data\segmented_nih_pills_224/61442-143_0_0.jpg,reference,61442-143,CTI;143,True,qwen,CTI 143,1,1,1.0,1,0.0,1,CTI 143,CTI 143
D:/Data/ePillID_data/ePillID_data\classification_data\segmented_nih_pills_224/61442-143_0_1.jpg,reference,61442-143,CTI;143,False,qwen,T,0,0,0.0,0,0.8333333333333334,0,T,CTI 143
D:/Data/ePillID_data/ePillID_data\classification_data\segmented_nih_pills_224/61442-172_0_0.jpg,reference,61442-172,KRC500,True,qwen,KRC500,1,1,1.0,1,0.0,1,KRC500,KRC500
D:/Data/ePillID_data/ePillID_data\classification_data\segmented_nih_pills_224/61442-172_0_1.jpg,reference,61442-172,KRC500,False,qwen,G3,0,0,0.0,0,1.0,0,G3,KRC500
D:/Data/ePillID_data/ePillID_data\classification_data\segmented_nih_pills_224/61442-323_0_0.jpg,reference,61442-323,YS;03,True,qwen,YS 03,1,1,1.0,1,0.0,1,YS 03,YS 03
D:/Data/ePillID_data/ePillID_data\classification_data\segmented_nih_pills_224/61442-323_0_1.jpg,reference,61442-323,YS;03,False,qwen,N,0,0,0.0,0,1.0,0,N,YS 03
D:/Data/ePillID_data/ePillID_data\classification_data\segmented_nih_pills_224/61786-201_0_0.jpg,reference,61786-201,E613,True,qwen,E 613,0,0,0.0,0,0.0,1,E 613,E613
D:/Data/ePillID_data/ePillID_data\classification_data\segmented_nih_pills_224/61786-201_0_1.jpg,reference,61786-201,E613,False,qwen,G342,0,0,0.0,0,1.0,0,G342,E613
D:/Data/ePillID_data/ePillID_data\classification_data\segmented_nih_pills_224/61786-256_0_0.jpg,reference,61786-256,RI1,True,qwen,R11,0,0,0.0,0,0.3333333333333333,0,R11,RI1
D:/Data/ePillID_data/ePillID_data\classification_data\segmented_nih_pills_224/61786-256_0_1.jpg,reference,61786-256,RI1,False,qwen,T,0,0,0.0,0,1.0,0,T,RI1
D:/Data/ePillID_data/ePillID_data\classification_data\segmented_nih_pills_224/61786-263_0_0.jpg,reference,61786-263,RX696,True,qwen,RX696,1,1,1.0,1,0.0,1,RX696,RX696
D:/Data/ePillID_data/ePillID_data\classification_data\segmented_nih_pills_224/61786-263_0_1.jpg,reference,61786-263,RX696,False,qwen,G342,0,0,0.0,0,1.0,0,G342,RX696
D:/Data/ePillID_data/ePillID_data\classification_data\segmented_nih_pills_224/61786-290_0_0.jpg,reference,61786-290,LU;P12,True,qwen,LU,0,1,0.5,0,0.6,0,LU,LU P12
D:/Data/ePillID_data/ePillID_data\classification_data\segmented_nih_pills_224/61786-290_0_1.jpg,reference,61786-290,LU;P12,False,qwen,P12,0,1,0.5,0,0.4,0,P12,LU P12
D:/Data/ePillID_data/ePillID_data\classification_data\segmented_nih_pills_224/61786-319_0_0.jpg,reference,61786-319,E;89,True,qwen,E 89,1,1,1.0,1,0.0,1,E 89,E 89
D:/Data/ePillID_data/ePillID_data\classification_data\segmented_nih_pills_224/61786-319_0_1.jpg,reference,61786-319,E;89,False,qwen,G342,0,0,0.0,0,1.3333333333333333,0,G342,E 89
D:/Data/ePillID_data/ePillID_data\classification_data\segmented_nih_pills_224/61786-413_0_0.jpg,reference,61786-413,NC;200,True,qwen,NC 200,1,1,1.0,1,0.0,1,NC 200,NC 200
D:/Data/ePillID_data/ePillID_data\classification_data\segmented_nih_pills_224/61786-413_0_1.jpg,reference,61786-413,NC;200,False,qwen,P,0,0,0.0,0,1.0,0,P,NC 200
D:/Data/ePillID_data/ePillID_data\classification_data\segmented_nih_pills_224/61786-445_0_0.jpg,reference,61786-445,Tegretol;27;27,True,qwen,TEGRETOL,0,1,0.3333333333333333,0,0.3333333333333333,0,TEGRETOL,TEGRETOL 27 27
D:/Data/ePillID_data/ePillID_data\classification_data\segmented_nih_pills_224/61786-445_0_1.jpg,reference,61786-445,Tegretol;27;27,False,qwen,27 27,0,0,0.6666666666666666,0,0.6666666666666666,0,27 27,TEGRETOL 27 27
D:/Data/ePillID_data/ePillID_data\classification_data\segmented_nih_pills_224/61786-490_0_0.jpg,reference,61786-490,U;136,True,qwen,U 136,1,1,1.0,1,0.0,1,U 136,U 136
D:/Data/ePillID_data/ePillID_data\classification_data\segmented_nih_pills_224/61786-490_0_1.jpg,reference,61786-490,U;136,False,qwen,E,0,0,0.0,0,1.0,0,E,U 136
D:/Data/ePillID_data/ePillID_data\classification_data\segmented_nih_pills_224/61786-514_0_0.jpg,reference,61786-514,54;377,True,qwen,54,0,1,0.5,0,0.6,0,54,54 377
D:/Data/ePillID_data/ePillID_data\classification_data\segmented_nih_pills_224/61786-514_0_1.jpg,reference,61786-514,54;377,False,qwen,377,0,1,0.5,0,0.4,0,377,54 377
D:/Data/ePillID_data/ePillID_data\classification_data\segmented_nih_pills_224/61786-516_0_0.jpg,reference,61786-516,115;H,True,qwen,H,0,1,0.5,0,0.75,0,H,115 H
D:/Data/ePillID_data/ePillID_data\classification_data\segmented_nih_pills_224/61786-516_0_1.jpg,reference,61786-516,115;H,False,qwen,115,0,1,0.5,0,0.25,0,115,115 H
D:/Data/ePillID_data/ePillID_data\classification_data\segmented_nih_pills_224/61786-524_0_0.jpg,reference,61786-524,54;137,True,qwen,54 137,1,1,1.0,1,0.0,1,54 137,54 137
D:/Data/ePillID_data/ePillID_data\classification_data\segmented_nih_pills_224/61786-524_0_1.jpg,reference,61786-524,54;137,False,qwen,G3,0,0,0.0,0,0.8,0,G3,54 137
D:/Data/ePillID_data/ePillID_data\classification_data\segmented_nih_pills_224/61786-526_0_0.jpg,reference,61786-526,R1;1037,True,qwen,R1,0,1,0.5,0,0.6666666666666666,0,R1,R1 1037
D:/Data/ePillID_data/ePillID_data\classification_data\segmented_nih_pills_224/61786-526_0_1.jpg,reference,61786-526,R1;1037,False,qwen,1037,0,1,0.5,0,0.3333333333333333,0,1037,R1 1037
D:/Data/ePillID_data/ePillID_data\classification_data\segmented_nih_pills_224/61786-549_0_0.jpg,reference,61786-549,M;3,True,qwen,M 3,1,1,1.0,1,0.0,1,M 3,M 3
D:/Data/ePillID_data/ePillID_data\classification_data\segmented_nih_pills_224/61786-549_0_1.jpg,reference,61786-549,M;3,False,qwen,G3,0,0,0.0,0,0.5,0,G3,M 3
D:/Data/ePillID_data/ePillID_data\classification_data\segmented_nih_pills_224/61786-570_0_0.jpg,reference,61786-570,3;WARFARIN;TARO,True,qwen,WARFARIN TARO,0,0,0.6666666666666666,0,0.07692307692307693,0,WARFARIN TARO,3 WARFARIN TARO
D:/Data/ePillID_data/ePillID_data\classification_data\segmented_nih_pills_224/61786-570_0_1.jpg,reference,61786-570,3;WARFARIN;TARO,False,qwen,W 5,0,0,0.0,0,0.9230769230769231,0,W 5,3 WARFARIN TARO
D:/Data/ePillID_data/ePillID_data\classification_data\segmented_nih_pills_224/61786-600_0_0.jpg,reference,61786-600,EP;127,True,qwen,EP 127,1,1,1.0,1,0.0,1,EP 127,EP 127
D:/Data/ePillID_data/ePillID_data\classification_data\segmented_nih_pills_224/61786-600_0_1.jpg,reference,61786-600,EP;127,False,qwen,T,0,0,0.0,0,1.0,0,T,EP 127
D:/Data/ePillID_data/ePillID_data\classification_data\segmented_nih_pills_224/61786-629_0_0.jpg,reference,61786-629,H;1,True,qwen,H,0,1,0.5,0,0.5,0,H,H 1
D:/Data/ePillID_data/ePillID_data\classification_data\segmented_nih_pills_224/61786-629_0_1.jpg,reference,61786-629,H;1,False,qwen,1,0,1,0.5,0,0.5,0,1,H 1
D:/Data/ePillID_data/ePillID_data\classification_data\segmented_nih_pills_224/61786-640_0_0.jpg,reference,61786-640,4096;TV,True,qwen,TV,0,1,0.5,0,0.6666666666666666,0,TV,4096 TV
D:/Data/ePillID_data/ePillID_data\classification_data\segmented_nih_pills_224/61786-640_0_1.jpg,reference,61786-640,4096;TV,False,qwen,4096,0,1,0.5,0,0.3333333333333333,0,4096,4096 TV
D:/Data/ePillID_data/ePillID_data\classification_data\segmented_nih_pills_224/61786-771_0_0.jpg,reference,61786-771,SV;572;50,True,qwen,SV 572,0,0,0.6666666666666666,0,0.2857142857142857,0,SV 572,SV 572 50
D:/Data/ePillID_data/ePillID_data\classification_data\segmented_nih_pills_224/61786-771_0_1.jpg,reference,61786-771,SV;572;50,False,qwen,50,0,1,0.3333333333333333,0,0.7142857142857143,0,50,SV 572 50
D:/Data/ePillID_data/ePillID_data\classification_data\segmented_nih_pills_224/61786-843_0_0.jpg,reference,61786-843,227,True,qwen,227,1,1,1.0,1,0.0,1,227,227
D:/Data/ePillID_data/ePillID_data\classification_data\segmented_nih_pills_224/61786-843_0_1.jpg,reference,61786-843,227,False,qwen,BIOCRAFT,0,0,0.0,0,2.6666666666666665,0,BIOCRAFT,227
D:/Data/ePillID_data/ePillID_data\classification_data\segmented_nih_pills_224/61786-860_0_0.jpg,reference,61786-860,FL;20;G,True,qwen,G,0,1,0.3333333333333333,0,0.8,0,G,FL 20 G
D:/Data/ePillID_data/ePillID_data\classification_data\segmented_nih_pills_224/61786-860_0_1.jpg,reference,61786-860,FL;20;G,False,qwen,FL 20,0,0,0.6666666666666666,0,0.2,0,FL 20,FL 20 G
D:/Data/ePillID_data/ePillID_data\classification_data\segmented_nih_pills_224/61786-872_0_0.jpg,reference,61786-872,TARO;NTP75,True,qwen,TARO NTP75,1,1,1.0,1,0.0,1,TARO NTP75,TARO NTP75
D:/Data/ePillID_data/ePillID_data\classification_data\segmented_nih_pills_224/61786-872_0_1.jpg,reference,61786-872,TARO;NTP75,False,qwen,G342,0,0,0.0,0,1.0,0,G342,TARO NTP75
D:/Data/ePillID_data/ePillID_data\classification_data\segmented_nih_pills_224/61919-098_0_0.jpg,reference,61919-98,702,True,qwen,702,1,1,1.0,1,0.0,1,702,702
D:/Data/ePillID_data/ePillID_data\classification_data\segmented_nih_pills_224/61919-098_0_1.jpg,reference,61919-98,702,False,qwen,R 1,0,0,0.0,0,1.0,0,R 1,702
D:/Data/ePillID_data/ePillID_data\classification_data\segmented_nih_pills_224/61919-157_0_0.jpg,reference,61919-157,LUPIN;RAMIPRIL;5;mg,True,qwen,LUPIN RAMIPRIL,0,0,0.5,0,0.1875,0,LUPIN RAMIPRIL,LUPIN RAMIPRIL 5 MG
D:/Data/ePillID_data/ePillID_data\classification_data\segmented_nih_pills_224/61919-157_0_1.jpg,reference,61919-157,LUPIN;RAMIPRIL;5;mg,False,qwen,5 MG,0,0,0.5,0,0.8125,0,5 MG,LUPIN RAMIPRIL 5 MG
D:/Data/ePillID_data/ePillID_data\classification_data\segmented_nih_pills_224/61919-178_0_0.jpg,reference,61919-178,391,True,qwen,391,1,1,1.0,1,0.0,1,391,391
D:/Data/ePillID_data/ePillID_data\classification_data\segmented_nih_pills_224/61919-178_0_1.jpg,reference,61919-178,391,False,qwen,G342,0,0,0.0,0,1.0,0,G342,391
D:/Data/ePillID_data/ePillID_data\classification_data\segmented_nih_pills_224/61919-238_0_0.jpg,reference,61919-238,TEVA;50mg;0812,True,qwen,TEVA 50MG 0812,1,1,1.0,1,0.0,1,TEVA 50MG 0812,TEVA 50MG 0812
D:/Data/ePillID_data/ePillID_data\classification_data\segmented_nih_pills_224/61919-238_0_1.jpg,reference,61919-238,TEVA;50mg;0812,False,qwen,G342,0,0,0.0,0,0.8333333333333334,0,G342,TEVA 50MG 0812
D:/Data/ePillID_data/ePillID_data\classification_data\segmented_nih_pills_224/61919-371_0_0.jpg,reference,61919-371,P;250,True,qwen,P,0,1,0.5,0,0.75,0,P,P 250
D:/Data/ePillID_data/ePillID_data\classification_data\segmented_nih_pills_224/61919-371_0_1.jpg,reference,61919-371,P;250,False,qwen,250,0,1,0.5,0,0.25,0,250,P 250
D:/Data/ePillID_data/ePillID_data\classification_data\segmented_nih_pills_224/61919-457_0_0.jpg,reference,61919-457,213;IG,True,qwen,I 0,0,0,0.0,0,0.8,0,I 0,213 IG
D:/Data/ePillID_data/ePillID_data\classification_data\segmented_nih_pills_224/61919-457_0_1.jpg,reference,61919-457,213;IG,False,qwen,213,0,1,0.5,0,0.4,0,213,213 IG
D:/Data/ePillID_data/ePillID_data\classification_data\segmented_nih_pills_224/61919-530_0_0.jpg,reference,61919-530,J;50,True,qwen,J,0,1,0.5,0,0.6666666666666666,0,J,J 50
D:/Data/ePillID_data/ePillID_data\classification_data\segmented_nih_pills_224/61919-530_0_1.jpg,reference,61919-530,J;50,False,qwen,50,0,1,0.5,0,0.3333333333333333,0,50,J 50
D:/Data/ePillID_data/ePillID_data\classification_data\segmented_nih_pills_224/61919-657_0_0.jpg,reference,61919-657,H;P;248,True,qwen,HP,0,0,0.0,0,0.6,0,HP,H P 248
D:/Data/ePillID_data/ePillID_data\classification_data\segmented_nih_pills_224/61919-657_0_1.jpg,reference,61919-657,H;P;248,False,qwen,248,0,1,0.3333333333333333,0,0.4,0,248,H P 248
D:/Data/ePillID_data/ePillID_data\classification_data\segmented_nih_pills_224/61919-679_0_0.jpg,reference,61919-679,122;C,True,qwen,C,0,1,0.5,0,0.75,0,C,122 C
D:/Data/ePillID_data/ePillID_data\classification_data\segmented_nih_pills_224/61919-679_0_1.jpg,reference,61919-679,122;C,False,qwen,122,0,1,0.5,0,0.25,0,122,122 C
D:/Data/ePillID_data/ePillID_data\classification_data\segmented_nih_pills_224/61919-720_0_0.jpg,reference,61919-720,37;46;V;V,True,qwen,V V,0,0,0.5,0,0.6666666666666666,0,V V,37 46 V V
D:/Data/ePillID_data/ePillID_data\classification_data\segmented_nih_pills_224/61919-720_0_1.jpg,reference,61919-720,37;46;V;V,False,qwen,37 46,0,0,0.5,0,0.3333333333333333,0,37 46,37 46 V V
D:/Data/ePillID_data/ePillID_data\classification_data\segmented_nih_pills_224/61919-735_0_0.jpg,reference,61919-735,P;750,True,qwen,P,0,1,0.5,0,0.75,0,P,P 750
D:/Data/ePillID_data/ePillID_data\classification_data\segmented_nih_pills_224/61919-735_0_1.jpg,reference,61919-735,P;750,False,qwen,750,0,1,0.5,0,0.25,0,750,P 750
D:/Data/ePillID_data/ePillID_data\classification_data\segmented_nih_pills_224/61919-775_0_0.jpg,reference,61919-775,G24;100,True,qwen,G 24 100,0,0,0.5,0,0.0,1,G 24 100,G24 100
D:/Data/ePillID_data/ePillID_data\classification_data\segmented_nih_pills_224/61919-775_0_1.jpg,reference,61919-775,G24;100,False,qwen,G3,0,0,0.0,0,0.8333333333333334,0,G3,G24 100
D:/Data/ePillID_data/ePillID_data\classification_data\segmented_nih_pills_224/62037-598_0_0.jpg,reference,62037-598,Andrx;598;180;mg,True,qwen,ANDRX 598 180 MG,1,1,1.0,1,0.0,1,ANDRX 598 180 MG,ANDRX 598 180 MG
D:/Data/ePillID_data/ePillID_data\classification_data\segmented_nih_pills_224/62037-598_0_1.jpg,reference,62037-598,Andrx;598;180;mg,False,qwen,T,0,0,0.0,0,1.0,0,T,ANDRX 598 180 MG
D:/Data/ePillID_data/ePillID_data\classification_data\segmented_nih_pills_224/62175-107_0_0.jpg,reference,62175-107,20;KU;107,True,qwen,KU 107,0,0,0.6666666666666666,0,0.2857142857142857,0,KU 107,20 KU 107
D:/Data/ePillID_data/ePillID_data\classification_data\segmented_nih_pills_224/62175-107_0_1.jpg,reference,62175-107,20;KU;107,False,qwen,20,0,1,0.3333333333333333,0,0.7142857142857143,0,20,20 KU 107
D:/Data/ePillID_data/ePillID_data\classification_data\segmented_nih_pills_224/62175-129_0_0.jpg,reference,62175-129,KU;129,True,qwen,KU 129,1,1,1.0,1,0.0,1,KU 129,KU 129
D:/Data/ePillID_data/ePillID_data\classification_data\segmented_nih_pills_224/62175-129_0_1.jpg,reference,62175-129,KU;129,False,qwen,E 1,0,0,0.0,0,0.8,0,E 1,KU 129
D:/Data/ePillID_data/ePillID_data\classification_data\segmented_nih_pills_224/62175-272_0_0.jpg,reference,62175-272,KU;272,True,qwen,KU,0,1,0.5,0,0.6,0,KU,KU 272
D:/Data/ePillID_data/ePillID_data\classification_data\segmented_nih_pills_224/62175-272_0_1.jpg,reference,62175-272,KU;272,False,qwen,272,0,1,0.5,0,0.4,0,272,KU 272
D:/Data/ePillID_data/ePillID_data\classification_data\segmented_nih_pills_224/62175-485_0_0.jpg,reference,62175-485,KU;485;100;mg,True,qwen,KU 485 100 MG,1,1,1.0,1,0.0,1,KU 485 100 MG,KU 485 100 MG
D:/Data/ePillID_data/ePillID_data\classification_data\segmented_nih_pills_224/62175-485_0_1.jpg,reference,62175-485,KU;485;100;mg,False,qwen,T,0,0,0.0,0,1.0,0,T,KU 485 100 MG
D:/Data/ePillID_data/ePillID_data\classification_data\segmented_nih_pills_224/62175-487_0_0.jpg,reference,62175-487,KU;487;300;mg,True,qwen,KU 487 300 MG,1,1,1.0,1,0.0,1,KU 487 300 MG,KU 487 300 MG
D:/Data/ePillID_data/ePillID_data\classification_data\segmented_nih_pills_224/62175-487_0_1.jpg,reference,62175-487,KU;487;300;mg,False,qwen,G34,0,0,0.0,0,0.9,0,G34,KU 487 300 MG
D:/Data/ePillID_data/ePillID_data\classification_data\segmented_nih_pills_224/62175-617_0_0.jpg,reference,62175-617,17,True,qwen,17,1,1,1.0,1,0.0,1,17,17
D:/Data/ePillID_data/ePillID_data\classification_data\segmented_nih_pills_224/62175-617_0_1.jpg,reference,62175-617,17,False,qwen,G3,0,0,0.0,0,1.0,0,G3,17
D:/Data/ePillID_data/ePillID_data\classification_data\segmented_nih_pills_224/62559-160_0_0.jpg,reference,62559-160,1221,True,qwen,12 21,0,0,0.0,0,0.0,1,12 21,1221
D:/Data/ePillID_data/ePillID_data\classification_data\segmented_nih_pills_224/62559-160_0_1.jpg,reference,62559-160,1221,False,qwen,B 1,0,0,0.0,0,0.75,0,B 1,1221
D:/Data/ePillID_data/ePillID_data\classification_data\segmented_nih_pills_224/62756-143_0_0.jpg,reference,62756-143,143,True,qwen,F 12,0,0,0.0,0,1.0,0,F 12,143
D:/Data/ePillID_data/ePillID_data\classification_data\segmented_nih_pills_224/62756-143_0_1.jpg,reference,62756-143,143,False,qwen,N,0,0,0.0,0,1.0,0,N,143
D:/Data/ePillID_data/ePillID_data\classification_data\segmented_nih_pills_224/62756-147_0_0.jpg,reference,62756-147,147;147,True,qwen,147 147,1,1,1.0,1,0.0,1,147 147,147 147
D:/Data/ePillID_data/ePillID_data\classification_data\segmented_nih_pills_224/62756-147_0_1.jpg,reference,62756-147,147;147,False,qwen,G3,0,0,0.0,0,1.0,0,G3,147 147
D:/Data/ePillID_data/ePillID_data\classification_data\segmented_nih_pills_224/62756-519_0_0.jpg,reference,62756-519,519,True,qwen,519,1,1,1.0,1,0.0,1,519,519
D:/Data/ePillID_data/ePillID_data\classification_data\segmented_nih_pills_224/62756-519_0_1.jpg,reference,62756-519,519,False,qwen,BLUE,0,0,0.0,0,1.3333333333333333,0,BLUE,519
D:/Data/ePillID_data/ePillID_data\classification_data\segmented_nih_pills_224/62856-583_0_0.jpg,reference,62856-583,263,True,qwen,C 263,0,0,1.0,1,0.3333333333333333,1,C 263,263
D:/Data/ePillID_data/ePillID_data\classification_data\segmented_nih_pills_224/62856-583_0_1.jpg,reference,62856-583,263,False,qwen,B 1,0,0,0.0,0,1.0,0,B 1,263
D:/Data/ePillID_data/ePillID_data\classification_data\segmented_nih_pills_224/63187-218_0_0.jpg,reference,63187-218,7188;9;3,True,qwen,9 3 3,0,0,0.6666666666666666,0,0.8333333333333334,0,9 3 3,7188 9 3
D:/Data/ePillID_data/ePillID_data\classification_data\segmented_nih_pills_224/63187-218_0_1.jpg,reference,63187-218,7188;9;3,False,qwen,7188,0,1,0.3333333333333333,0,0.3333333333333333,0,7188,7188 9 3
D:/Data/ePillID_data/ePillID_data\classification_data\segmented_nih_pills_224/63187-273_0_0.jpg,reference,63187-273,833;TEVA,True,qwen,TEVA,0,1,0.5,0,0.42857142857142855,0,TEVA,833 TEVA
D:/Data/ePillID_data/ePillID_data\classification_data\segmented_nih_pills_224/63187-273_0_1.jpg,reference,63187-273,833;TEVA,False,qwen,833,0,1,0.5,0,0.5714285714285714,0,833,833 TEVA
D:/Data/ePillID_data/ePillID_data\classification_data\segmented_nih_pills_224/63187-402_0_0.jpg,reference,63187-402,TV;1003;5;5;5,True,qwen,TV 1003,0,0,0.4,0,0.3333333333333333,0,TV 1003,TV 1003 5 5 5
D:/Data/ePillID_data/ePillID_data\classification_data\segmented_nih_pills_224/63187-402_0_1.jpg,reference,63187-402,TV;1003;5;5;5,False,qwen,5 5 5,0,0,0.6,0,0.6666666666666666,0,5 5 5,TV 1003 5 5 5
D:/Data/ePillID_data/ePillID_data\classification_data\segmented_nih_pills_224/63187-486_0_0.jpg,reference,63187-486,AHI;4,True,qwen,AHI 4,1,1,1.0,1,0.0,1,AHI 4,AHI 4
D:/Data/ePillID_data/ePillID_data\classification_data\segmented_nih_pills_224/63187-486_0_1.jpg,reference,63187-486,AHI;4,False,qwen,N,0,0,0.0,0,1.0,0,N,AHI 4
D:/Data/ePillID_data/ePillID_data\classification_data\segmented_nih_pills_224/63187-554_0_0.jpg,reference,63187-554,APO;MI;30,True,qwen,APO,0,1,0.3333333333333333,0,0.5714285714285714,0,APO,APO MI 30
D:/Data/ePillID_data/ePillID_data\classification_data\segmented_nih_pills_224/63187-554_0_1.jpg,reference,63187-554,APO;MI;30,False,qwen,MI 30,0,0,0.6666666666666666,0,0.42857142857142855,0,MI 30,APO MI 30
D:/Data/ePillID_data/ePillID_data\classification_data\segmented_nih_pills_224/63187-573_0_0.jpg,reference,63187-573,JSP;561,True,qwen,JSP,0,1,0.5,0,0.5,0,JSP,JSP 561
D:/Data/ePillID_data/ePillID_data\classification_data\segmented_nih_pills_224/63187-573_0_1.jpg,reference,63187-573,JSP;561,False,qwen,561,0,1,0.5,0,0.5,0,561,JSP 561
D:/Data/ePillID_data/ePillID_data\classification_data\segmented_nih_pills_224/63187-630_0_0.jpg,reference,63187-630,TEVA;7465,True,qwen,TEVA,0,1,0.5,0,0.5,0,TEVA,TEVA 7465
D:/Data/ePillID_data/ePillID_data\classification_data\segmented_nih_pills_224/63187-630_0_1.jpg,reference,63187-630,TEVA;7465,False,qwen,7465,0,1,0.5,0,0.5,0,7465,TEVA 7465
D:/Data/ePillID_data/ePillID_data\classification_data\segmented_nih_pills_224/63187-642_0_0.jpg,reference,63187-642,RI2,True,qwen,R12,0,0,0.0,0,0.3333333333333333,0,R12,RI2
D:/Data/ePillID_data/ePillID_data\classification_data\segmented_nih_pills_224/63187-642_0_1.jpg,reference,63187-642,RI2,False,qwen,T,0,0,0.0,0,1.0,0,T,RI2
D:/Data/ePillID_data/ePillID_data\classification_data\segmented_nih_pills_224/63187-679_0_0.jpg,reference,63187-679,A;0;6,True,qwen,A,0,1,0.3333333333333333,0,0.6666666666666666,0,A,A 0 6
D:/Data/ePillID_data/ePillID_data\classification_data\segmented_nih_pills_224/63187-679_0_1.jpg,reference,63187-679,A;0;6,False,qwen,0 6,0,0,0.6666666666666666,0,0.3333333333333333,0,0 6,A 0 6
D:/Data/ePillID_data/ePillID_data\classification_data\segmented_nih_pills_224/63187-757_0_0.jpg,reference,63187-757,HH;330,True,qwen,HH,0,1,0.5,0,0.6,0,HH,HH 330
D:/Data/ePillID_data/ePillID_data\classification_data\segmented_nih_pills_224/63187-757_0_1.jpg,reference,63187-757,HH;330,False,qwen,330,0,1,0.5,0,0.4,0,330,HH 330
D:/Data/ePillID_data/ePillID_data\classification_data\segmented_nih_pills_224/63304-240_0_0.jpg,reference,63304-240,R50,True,qwen,R50,1,1,1.0,1,0.0,1,R50,R50
D:/Data/ePillID_data/ePillID_data\classification_data\segmented_nih_pills_224/63304-240_0_1.jpg,reference,63304-240,R50,False,qwen,N,0,0,0.0,0,1.0,0,N,R50
D:/Data/ePillID_data/ePillID_data\classification_data\segmented_nih_pills_224/63304-479_0_0.jpg,reference,63304-479,EVOXAC;30mg,True,qwen,EVOXAC 30 MG,0,0,0.5,0,0.0,1,EVOXAC 30 MG,EVOXAC 30MG
D:/Data/ePillID_data/ePillID_data\classification_data\segmented_nih_pills_224/63304-479_0_1.jpg,reference,63304-479,EVOXAC;30mg,False,qwen,G34,0,0,0.0,0,0.9,0,G34,EVOXAC 30MG
D:/Data/ePillID_data/ePillID_data\classification_data\segmented_nih_pills_224/63304-794_0_0.jpg,reference,63304-794,RX794,True,qwen,R 794,0,0,0.0,0,0.2,0,R 794,RX794
D:/Data/ePillID_data/ePillID_data\classification_data\segmented_nih_pills_224/63304-794_0_1.jpg,reference,63304-794,RX794,False,qwen,G34,0,0,0.0,0,0.8,0,G34,RX794
D:/Data/ePillID_data/ePillID_data\classification_data\segmented_nih_pills_224/63459-225_0_0.jpg,reference,63459-225,C;225,True,qwen,C,0,1,0.5,0,0.75,0,C,C 225
D:/Data/ePillID_data/ePillID_data\classification_data\segmented_nih_pills_224/63459-225_0_1.jpg,reference,63459-225,C;225,False,qwen,225,0,1,0.5,0,0.25,0,225,C 225
D:/Data/ePillID_data/ePillID_data\classification_data\segmented_nih_pills_224/63459-544_0_0.jpg,reference,63459-544,4;C,True,qwen,L C,0,0,0.5,0,0.5,0,L C,4 C
D:/Data/ePillID_data/ePillID_data\classification_data\segmented_nih_pills_224/63459-544_0_1.jpg,reference,63459-544,4;C,False,qwen,4,0,1,0.5,0,0.5,0,4,4 C
D:/Data/ePillID_data/ePillID_data\classification_data\segmented_nih_pills_224/63459-546_0_0.jpg,reference,63459-546,6;C,True,qwen,C,0,1,0.5,0,0.5,0,C,6 C
D:/Data/ePillID_data/ePillID_data\classification_data\segmented_nih_pills_224/63459-546_0_1.jpg,reference,63459-546,6;C,False,qwen,6,0,1,0.5,0,0.5,0,6,6 C
D:/Data/ePillID_data/ePillID_data\classification_data\segmented_nih_pills_224/63629-1342_0_0.jpg,reference,63629-1342,TCL;131,True,qwen,G347,0,0,0.0,0,1.0,0,G347,TCL 131
D:/Data/ePillID_data/ePillID_data\classification_data\segmented_nih_pills_224/63629-1342_0_1.jpg,reference,63629-1342,TCL;131,False,qwen,B 1,0,0,0.0,0,0.8333333333333334,0,B 1,TCL 131
D:/Data/ePillID_data/ePillID_data\classification_data\segmented_nih_pills_224/63629-1513_0_0.jpg,reference,63629-1513,61;60;V,True,qwen,V,0,1,0.3333333333333333,0,0.8,0,V,61 60 V
D:/Data/ePillID_data/ePillID_data\classification_data\segmented_nih_pills_224/63629-1513_0_1.jpg,reference,63629-1513,61;60;V,False,qwen,G160,0,0,0.0,0,0.4,0,G160,61 60 V
D:/Data/ePillID_data/ePillID_data\classification_data\segmented_nih_pills_224/63629-1837_0_0.jpg,reference,63629-1837,88;GG;334,True,qwen,GG334,0,0,0.0,0,0.2857142857142857,0,GG334,88 GG 334
D:/Data/ePillID_data/ePillID_data\classification_data\segmented_nih_pills_224/63629-1837_0_1.jpg,reference,63629-1837,88;GG;334,False,qwen,88,0,1,0.3333333333333333,0,0.7142857142857143,0,88,88 GG 334
D:/Data/ePillID_data/ePillID_data\classification_data\segmented_nih_pills_224/63629-1842_0_0.jpg,reference,63629-1842,2778,True,qwen,R 2778,0,0,1.0,1,0.25,1,R 2778,2778
D:/Data/ePillID_data/ePillID_data\classification_data\segmented_nih_pills_224/63629-1842_0_1.jpg,reference,63629-1842,2778,False,qwen,G342,0,0,0.0,0,1.0,0,G342,2778
D:/Data/ePillID_data/ePillID_data\classification_data\segmented_nih_pills_224/63629-2548_0_0.jpg,reference,63629-2548,5;WARFARIN;TARO,True,qwen,WARFARIN TARO,0,0,0.6666666666666666,0,0.07692307692307693,0,WARFARIN TARO,5 WARFARIN TARO
D:/Data/ePillID_data/ePillID_data\classification_data\segmented_nih_pills_224/63629-2548_0_1.jpg,reference,63629-2548,5;WARFARIN;TARO,False,qwen,U T,0,0,0.0,0,0.9230769230769231,0,U T,5 WARFARIN TARO
D:/Data/ePillID_data/ePillID_data\classification_data\segmented_nih_pills_224/63629-2792_0_0.jpg,reference,63629-2792,PLIVA;482,True,qwen,PLIVA 482,1,1,1.0,1,0.0,1,PLIVA 482,PLIVA 482
D:/Data/ePillID_data/ePillID_data\classification_data\segmented_nih_pills_224/63629-2792_0_1.jpg,reference,63629-2792,PLIVA;482,False,qwen,B 1,0,0,0.0,0,1.0,0,B 1,PLIVA 482
D:/Data/ePillID_data/ePillID_data\classification_data\segmented_nih_pills_224/63629-2796_0_0.jpg,reference,63629-2796,RX694,True,qwen,RX694,1,1,1.0,1,0.0,1,RX694,RX694
D:/Data/ePillID_data/ePillID_data\classification_data\segmented_nih_pills_224/63629-2796_0_1.jpg,reference,63629-2796,RX694,False,qwen,G342,0,0,0.0,0,1.0,0,G342,RX694
D:/Data/ePillID_data/ePillID_data\classification_data\segmented_nih_pills_224/63629-2825_0_0.jpg,reference,63629-2825,AP;121,True,qwen,AP,0,1,0.5,0,0.6,0,AP,AP 121
D:/Data/ePillID_data/ePillID_data\classification_data\segmented_nih_pills_224/63629-2825_0_1.jpg,reference,63629-2825,AP;121,False,qwen,121,0,1,0.5,0,0.4,0,121,AP 121
D:/Data/ePillID_data/ePillID_data\classification_data\segmented_nih_pills_224/63629-3309_0_0.jpg,reference,63629-3309,I;G;213,True,qwen,I 0,0,0,0.3333333333333333,0,0.8,0,I 0,I G 213
D:/Data/ePillID_data/ePillID_data\classification_data\segmented_nih_pills_224/63629-3309_0_1.jpg,reference,63629-3309,I;G;213,False,qwen,213,0,1,0.3333333333333333,0,0.4,0,213,I G 213
D:/Data/ePillID_data/ePillID_data\classification_data\segmented_nih_pills_224/63629-3375_0_0.jpg,reference,63629-3375,204,True,qwen,204,1,1,1.0,1,0.0,1,204,204
D:/Data/ePillID_data/ePillID_data\classification_data\segmented_nih_pills_224/63629-3375_0_1.jpg,reference,63629-3375,204,False,qwen,N,0,0,0.0,0,1.0,0,N,204
D:/Data/ePillID_data/ePillID_data\classification_data\segmented_nih_pills_224/63629-3610_0_0.jpg,reference,63629-3610,VALTREX;500;mg,True,qwen,VALTREX 500 MG,1,1,1.0,1,0.0,1,VALTREX 500 MG,VALTREX 500 MG
D:/Data/ePillID_data/ePillID_data\classification_data\segmented_nih_pills_224/63629-3610_0_1.jpg,reference,63629-3610,VALTREX;500;mg,False,qwen,N,0,0,0.0,0,1.0,0,N,VALTREX 500 MG
D:/Data/ePillID_data/ePillID_data\classification_data\segmented_nih_pills_224/63629-3768_0_0.jpg,reference,63629-3768,1;0;dp,True,qwen,DP,0,1,0.3333333333333333,0,0.5,0,DP,1 0 DP
D:/Data/ePillID_data/ePillID_data\classification_data\segmented_nih_pills_224/63629-3768_0_1.jpg,reference,63629-3768,1;0;dp,False,qwen,10,0,0,0.0,0,0.5,0,10,1 0 DP
D:/Data/ePillID_data/ePillID_data\classification_data\segmented_nih_pills_224/63629-3786_0_0.jpg,reference,63629-3786,S191,True,qwen,S191,1,1,1.0,1,0.0,1,S191,S191
D:/Data/ePillID_data/ePillID_data\classification_data\segmented_nih_pills_224/63629-3786_0_1.jpg,reference,63629-3786,S191,False,qwen,M,0,0,0.0,0,1.0,0,M,S191
D:/Data/ePillID_data/ePillID_data\classification_data\segmented_nih_pills_224/63629-4034_0_0.jpg,reference,63629-4034,N8,True,qwen,N8,1,1,1.0,1,0.0,1,N8,N8
D:/Data/ePillID_data/ePillID_data\classification_data\segmented_nih_pills_224/63629-4034_0_1.jpg,reference,63629-4034,N8,False,qwen,T,0,0,0.0,0,1.0,0,T,N8
D:/Data/ePillID_data/ePillID_data\classification_data\segmented_nih_pills_224/63629-4338_0_0.jpg,reference,63629-4338,360,True,qwen,360 360,0,0,1.0,1,1.0,1,360 360,360
D:/Data/ePillID_data/ePillID_data\classification_data\segmented_nih_pills_224/63629-4338_0_1.jpg,reference,63629-4338,360,False,qwen,TEVA,0,0,0.0,0,1.3333333333333333,0,TEVA,360
D:/Data/ePillID_data/ePillID_data\classification_data\segmented_nih_pills_224/63629-4358_0_0.jpg,reference,63629-4358,Omepraole;20mg;R158,True,qwen,OMEPRAZOLE 20 MG R158,0,0,0.3333333333333333,0,0.058823529411764705,0,OMEPRAZOLE 20 MG R158,OMEPRAOLE 20MG R158
D:/Data/ePillID_data/ePillID_data\classification_data\segmented_nih_pills_224/63629-4358_0_1.jpg,reference,63629-4358,Omepraole;20mg;R158,False,qwen,O,0,0,0.0,0,0.9411764705882353,0,O,OMEPRAOLE 20MG R158
D:/Data/ePillID_data/ePillID_data\classification_data\segmented_nih_pills_224/63629-4417_0_0.jpg,reference,63629-4417,WAR;7;1;2,True,qwen,WAR 7 1 2,1,1,1.0,1,0.0,1,WAR 7 1 2,WAR 7 1 2
D:/Data/ePillID_data/ePillID_data\classification_data\segmented_nih_pills_224/63629-4417_0_1.jpg,reference,63629-4417,WAR;7;1;2,False,qwen,OVAL,0,0,0.0,0,1.0,0,OVAL,WAR 7 1 2
D:/Data/ePillID_data/ePillID_data\classification_data\segmented_nih_pills_224/63629-4593_0_0.jpg,reference,63629-4593,10;2662,True,qwen,TEVA,0,0,0.0,0,1.0,0,TEVA,10 2662
D:/Data/ePillID_data/ePillID_data\classification_data\segmented_nih_pills_224/63629-4593_0_1.jpg,reference,63629-4593,10;2662,False,qwen,2662,0,1,0.5,0,0.3333333333333333,0,2662,10 2662
D:/Data/ePillID_data/ePillID_data\classification_data\segmented_nih_pills_224/63629-4805_0_0.jpg,reference,63629-4805,I;65,True,qwen,I,0,1,0.5,0,0.6666666666666666,0,I,I 65
D:/Data/ePillID_data/ePillID_data\classification_data\segmented_nih_pills_224/63629-4805_0_1.jpg,reference,63629-4805,I;65,False,qwen,65,0,1,0.5,0,0.3333333333333333,0,65,I 65
D:/Data/ePillID_data/ePillID_data\classification_data\segmented_nih_pills_224/63629-4994_0_0.jpg,reference,63629-4994,T400,True,qwen,T400,1,1,1.0,1,0.0,1,T400,T400
D:/Data/ePillID_data/ePillID_data\classification_data\segmented_nih_pills_224/63629-4994_0_1.jpg,reference,63629-4994,T400,False,qwen,RED,0,0,0.0,0,1.0,0,RED,T400
D:/Data/ePillID_data/ePillID_data\classification_data\segmented_nih_pills_224/63629-5032_0_0.jpg,reference,63629-5032,ZD18,True,qwen,ZD18,1,1,1.0,1,0.0,1,ZD18,ZD18
D:/Data/ePillID_data/ePillID_data\classification_data\segmented_nih_pills_224/63629-5032_0_1.jpg,reference,63629-5032,ZD18,False,qwen,E 1,0,0,0.0,0,0.75,0,E 1,ZD18
D:/Data/ePillID_data/ePillID_data\classification_data\segmented_nih_pills_224/63629-5034_0_0.jpg,reference,63629-5034,P;3,True,qwen,P 3,1,1,1.0,1,0.0,1,P 3,P 3
D:/Data/ePillID_data/ePillID_data\classification_data\segmented_nih_pills_224/63629-5034_0_1.jpg,reference,63629-5034,P;3,False,qwen,LAVENDER,0,0,0.0,0,4.0,0,LAVENDER,P 3
D:/Data/ePillID_data/ePillID_data\classification_data\segmented_nih_pills_224/63629-5042_0_0.jpg,reference,63629-5042,91,True,qwen,91,1,1,1.0,1,0.0,1,91,91
D:/Data/ePillID_data/ePillID_data\classification_data\segmented_nih_pills_224/63629-5042_0_1.jpg,reference,63629-5042,91,False,qwen,G3,0,0,0.0,0,1.0,0,G3,91
D:/Data/ePillID_data/ePillID_data\classification_data\segmented_nih_pills_224/63629-5223_0_0.jpg,reference,63629-5223,AN;522,True,qwen,AN 522,1,1,1.0,1,0.0,1,AN 522,AN 522
D:/Data/ePillID_data/ePillID_data\classification_data\segmented_nih_pills_224/63629-5223_0_1.jpg,reference,63629-5223,AN;522,False,qwen,T,0,0,0.0,0,1.0,0,T,AN 522
D:/Data/ePillID_data/ePillID_data\classification_data\segmented_nih_pills_224/63629-5268_0_0.jpg,reference,63629-5268,WATSON;606,True,qwen,WATSON 606,1,1,1.0,1,0.0,1,WATSON 606,WATSON 606
D:/Data/ePillID_data/ePillID_data\classification_data\segmented_nih_pills_224/63629-5268_0_1.jpg,reference,63629-5268,WATSON;606,False,qwen,G342,0,0,0.0,0,1.0,0,G342,WATSON 606
D:/Data/ePillID_data/ePillID_data\classification_data\segmented_nih_pills_224/63629-5366_0_0.jpg,reference,63629-5366,TEVA;7670;TEVA;7670,True,qwen,TEVA 7670,0,0,1.0,1,0.5,0,TEVA 7670,TEVA 7670 TEVA 7670
D:/Data/ePillID_data/ePillID_data\classification_data\segmented_nih_pills_224/63629-5366_0_1.jpg,reference,63629-5366,TEVA;7670;TEVA;7670,False,qwen,T,0,0,0.0,0,0.9375,0,T,TEVA 7670 TEVA 7670
D:/Data/ePillID_data/ePillID_data\classification_data\segmented_nih_pills_224/63629-5424_0_0.jpg,reference,63629-5424,H;38,True,qwen,H,0,1,0.5,0,0.6666666666666666,0,H,H 38
D:/Data/ePillID_data/ePillID_data\classification_data\segmented_nih_pills_224/63629-5424_0_1.jpg,reference,63629-5424,H;38,False,qwen,38,0,1,0.5,0,0.3333333333333333,0,38,H 38
D:/Data/ePillID_data/ePillID_data\classification_data\segmented_nih_pills_224/63739-103_0_0.jpg,reference,63739-103,WPI;2228,True,qwen,WPI,0,1,0.5,0,0.5714285714285714,0,WPI,WPI 2228
D:/Data/ePillID_data/ePillID_data\classification_data\segmented_nih_pills_224/63739-103_0_1.jpg,reference,63739-103,WPI;2228,False,qwen,2228,0,1,0.5,0,0.42857142857142855,0,2228,WPI 2228
D:/Data/ePillID_data/ePillID_data\classification_data\segmented_nih_pills_224/63739-165_0_0.jpg,reference,63739-165,Par;290,True,qwen,PAR 290,1,1,1.0,1,0.0,1,PAR 290,PAR 290
D:/Data/ePillID_data/ePillID_data\classification_data\segmented_nih_pills_224/63739-165_0_1.jpg,reference,63739-165,Par;290,False,qwen,T,0,0,0.0,0,1.0,0,T,PAR 290
D:/Data/ePillID_data/ePillID_data\classification_data\segmented_nih_pills_224/63739-489_0_0.jpg,reference,63739-489,IP253,True,qwen,IP 253,0,0,0.0,0,0.0,1,IP 253,IP253
D:/Data/ePillID_data/ePillID_data\classification_data\segmented_nih_pills_224/63739-489_0_1.jpg,reference,63739-489,IP253,False,qwen,T,0,0,0.0,0,1.0,0,T,IP253
D:/Data/ePillID_data/ePillID_data\classification_data\segmented_nih_pills_224/63739-508_0_0.jpg,reference,63739-508,RDY;259,True,qwen,RDY 259,1,1,1.0,1,0.0,1,RDY 259,RDY 259
D:/Data/ePillID_data/ePillID_data\classification_data\segmented_nih_pills_224/63739-508_0_1.jpg,reference,63739-508,RDY;259,False,qwen,G342,0,0,0.0,0,0.8333333333333334,0,G342,RDY 259
D:/Data/ePillID_data/ePillID_data\classification_data\segmented_nih_pills_224/63739-537_0_0.jpg,reference,63739-537,3162;V,True,qwen,V,0,1,0.5,0,0.8,0,V,3162 V
D:/Data/ePillID_data/ePillID_data\classification_data\segmented_nih_pills_224/63739-537_0_1.jpg,reference,63739-537,3162;V,False,qwen,3162,0,1,0.5,0,0.2,0,3162,3162 V
D:/Data/ePillID_data/ePillID_data\classification_data\segmented_nih_pills_224/63739-556_0_0.jpg,reference,63739-556,E;43,True,qwen,E 43,1,1,1.0,1,0.0,1,E 43,E 43
D:/Data/ePillID_data/ePillID_data\classification_data\segmented_nih_pills_224/63739-556_0_1.jpg,reference,63739-556,E;43,False,qwen,T,0,0,0.0,0,1.0,0,T,E 43
D:/Data/ePillID_data/ePillID_data\classification_data\segmented_nih_pills_224/63739-571_0_0.jpg,reference,63739-571,A;01,True,qwen,A,0,1,0.5,0,0.6666666666666666,0,A,A 01
D:/Data/ePillID_data/ePillID_data\classification_data\segmented_nih_pills_224/63739-571_0_1.jpg,reference,63739-571,A;01,False,qwen,01,0,1,0.5,0,0.3333333333333333,0,01,A 01
D:/Data/ePillID_data/ePillID_data\classification_data\segmented_nih_pills_224/63739-675_0_0.jpg,reference,63739-675,IP101,True,qwen,IP 101 101,0,0,0.0,0,0.6,1,IP 101 101,IP101
D:/Data/ePillID_data/ePillID_data\classification_data\segmented_nih_pills_224/63739-675_0_1.jpg,reference,63739-675,IP101,False,qwen,CAPSULE,0,0,0.0,0,1.2,0,CAPSULE,IP101
D:/Data/ePillID_data/ePillID_data\classification_data\segmented_nih_pills_224/64205-113_0_0.jpg,reference,64205-113,M;134,True,qwen,M 134,1,1,1.0,1,0.0,1,M 134,M 134
D:/Data/ePillID_data/ePillID_data\classification_data\segmented_nih_pills_224/64205-113_0_1.jpg,reference,64205-113,M;134,False,qwen,T,0,0,0.0,0,1.0,0,T,M 134
D:/Data/ePillID_data/ePillID_data\classification_data\segmented_nih_pills_224/64376-131_0_0.jpg,reference,64376-131,500;0140,True,qwen,0140,0,1,0.5,0,0.42857142857142855,0,0140,500 0140
D:/Data/ePillID_data/ePillID_data\classification_data\segmented_nih_pills_224/64376-131_0_1.jpg,reference,64376-131,500;0140,False,qwen,500,0,1,0.5,0,0.5714285714285714,0,500,500 0140
D:/Data/ePillID_data/ePillID_data\classification_data\segmented_nih_pills_224/64376-604_0_0.jpg,reference,64376-604,BOCA;604,True,qwen,BOCA,0,1,0.5,0,0.42857142857142855,0,BOCA,BOCA 604
D:/Data/ePillID_data/ePillID_data\classification_data\segmented_nih_pills_224/64376-604_0_1.jpg,reference,64376-604,BOCA;604,False,qwen,604,0,1,0.5,0,0.5714285714285714,0,604,BOCA 604
D:/Data/ePillID_data/ePillID_data\classification_data\segmented_nih_pills_224/64380-734_0_0.jpg,reference,64380-734,25,True,qwen,25,1,1,1.0,1,0.0,1,25,25
D:/Data/ePillID_data/ePillID_data\classification_data\segmented_nih_pills_224/64380-734_0_1.jpg,reference,64380-734,25,False,qwen,HIMALAYAN SALTS,0,0,0.0,0,7.0,0,HIMALAYAN SALTS,25
D:/Data/ePillID_data/ePillID_data\classification_data\segmented_nih_pills_224/64380-741_0_0.jpg,reference,64380-741,5,True,qwen,5,1,1,1.0,1,0.0,1,5,5
D:/Data/ePillID_data/ePillID_data\classification_data\segmented_nih_pills_224/64380-741_0_1.jpg,reference,64380-741,5,False,qwen,T 1,0,0,0.0,0,2.0,0,T 1,5
D:/Data/ePillID_data/ePillID_data\classification_data\segmented_nih_pills_224/64380-742_0_0.jpg,reference,64380-742,10,True,qwen,10,1,1,1.0,1,0.0,1,10,10
D:/Data/ePillID_data/ePillID_data\classification_data\segmented_nih_pills_224/64380-742_0_1.jpg,reference,64380-742,10,False,qwen,B 1,0,0,0.0,0,1.0,0,B 1,10
D:/Data/ePillID_data/ePillID_data\classification_data\segmented_nih_pills_224/64380-743_0_0.jpg,reference,64380-743,5;5;5,True,qwen,5 5 5,1,1,1.0,1,0.0,1,5 5 5,5 5 5
D:/Data/ePillID_data/ePillID_data\classification_data\segmented_nih_pills_224/64380-743_0_1.jpg,reference,64380-743,5;5;5,False,qwen,L,0,0,0.0,0,1.0,0,L,5 5 5
D:/Data/ePillID_data/ePillID_data\classification_data\segmented_nih_pills_224/64679-922_0_0.jpg,reference,64679-922,W;922,True,qwen,W 922,1,1,1.0,1,0.0,1,W 922,W 922
D:/Data/ePillID_data/ePillID_data\classification_data\segmented_nih_pills_224/64679-922_0_1.jpg,reference,64679-922,W;922,False,qwen,T,0,0,0.0,0,1.0,0,T,W 922
D:/Data/ePillID_data/ePillID_data\classification_data\segmented_nih_pills_224/64679-928_0_0.jpg,reference,64679-928,W;928,True,qwen,W 928,1,1,1.0,1,0.0,1,W 928,W 928
D:/Data/ePillID_data/ePillID_data\classification_data\segmented_nih_pills_224/64679-928_0_1.jpg,reference,64679-928,W;928,False,qwen,M B,0,0,0.0,0,1.0,0,M B,W 928
D:/Data/ePillID_data/ePillID_data\classification_data\segmented_nih_pills_224/64679-954_0_0.jpg,reference,64679-954,W954,True,qwen,W954,1,1,1.0,1,0.0,1,W954,W954
D:/Data/ePillID_data/ePillID_data\classification_data\segmented_nih_pills_224/64679-954_0_1.jpg,reference,64679-954,W954,False,qwen,WATSON 50 MG,0,0,0.0,0,2.0,0,WATSON 50 MG,W954
D:/Data/ePillID_data/ePillID_data\classification_data\segmented_nih_pills_224/64720-126_0_0.jpg,reference,64720-126,cor;126,True,qwen,COR 126,1,1,1.0,1,0.0,1,COR 126,COR 126
D:/Data/ePillID_data/ePillID_data\classification_data\segmented_nih_pills_224/64720-126_0_1.jpg,reference,64720-126,cor;126,False,qwen,T,0,0,0.0,0,1.0,0,T,COR 126
D:/Data/ePillID_data/ePillID_data\classification_data\segmented_nih_pills_224/64725-0554_0_0.jpg,reference,64725-554,10,True,qwen,554,0,0,0.0,0,1.5,0,554,10
D:/Data/ePillID_data/ePillID_data\classification_data\segmented_nih_pills_224/64725-0554_0_1.jpg,reference,64725-554,10,False,qwen,E 1,0,0,0.0,0,1.0,0,E 1,10
D:/Data/ePillID_data/ePillID_data\classification_data\segmented_nih_pills_224/64725-0801_0_0.jpg,reference,64725-801,WATSON;801;50;mg,True,qwen,WATSON 801 50 MG,1,1,1.0,1,0.0,1,WATSON 801 50 MG,WATSON 801 50 MG
D:/Data/ePillID_data/ePillID_data\classification_data\segmented_nih_pills_224/64725-0801_0_1.jpg,reference,64725-801,WATSON;801;50;mg,False,qwen,G342,0,0,0.0,0,1.0,0,G342,WATSON 801 50 MG
D:/Data/ePillID_data/ePillID_data\classification_data\segmented_nih_pills_224/64725-0833_0_0.jpg,reference,64725-833,833;5;barr,True,qwen,BARR,0,1,0.3333333333333333,0,0.5,0,BARR,833 5 BARR
D:/Data/ePillID_data/ePillID_data\classification_data\segmented_nih_pills_224/64725-0833_0_1.jpg,reference,64725-833,833;5;barr,False,qwen,833 5,0,0,0.6666666666666666,0,0.5,0,833 5,833 5 BARR
D:/Data/ePillID_data/ePillID_data\classification_data\segmented_nih_pills_224/64725-0981_0_0.jpg,reference,64725-981,L,True,qwen,L,1,1,1.0,1,0.0,1,L,L
D:/Data/ePillID_data/ePillID_data\classification_data\segmented_nih_pills_224/64725-0981_0_1.jpg,reference,64725-981,L,False,qwen,E,0,0,0.0,0,1.0,0,E,L
D:/Data/ePillID_data/ePillID_data\classification_data\segmented_nih_pills_224/64725-1473_0_0.jpg,reference,64725-1473,WEST;WARD;473,True,qwen,WEST WARD 473,1,1,1.0,1,0.0,1,WEST WARD 473,WEST WARD 473
D:/Data/ePillID_data/ePillID_data\classification_data\segmented_nih_pills_224/64725-1473_0_1.jpg,reference,64725-1473,WEST;WARD;473,False,qwen,B 1,0,0,0.0,0,1.0,0,B 1,WEST WARD 473
D:/Data/ePillID_data/ePillID_data\classification_data\segmented_nih_pills_224/64725-5375_0_0.jpg,reference,64725-5375,MYLAN;5375,True,qwen,MYLAN 5375,1,1,1.0,1,0.0,1,MYLAN 5375,MYLAN 5375
D:/Data/ePillID_data/ePillID_data\classification_data\segmented_nih_pills_224/64725-5375_0_1.jpg,reference,64725-5375,MYLAN;5375,False,qwen,GLO W,0,0,0.0,0,0.8888888888888888,0,GLO W,MYLAN 5375
D:/Data/ePillID_data/ePillID_data\classification_data\segmented_nih_pills_224/64764-560_0_0.jpg,reference,64764-560,10;TL,True,qwen,TL,0,1,0.5,0,0.5,0,TL,10 TL
D:/Data/ePillID_data/ePillID_data\classification_data\segmented_nih_pills_224/64764-560_0_1.jpg,reference,64764-560,10;TL,False,qwen,10,0,1,0.5,0,0.5,0,10,10 TL
D:/Data/ePillID_data/ePillID_data\classification_data\segmented_nih_pills_224/64980-133_0_0.jpg,reference,64980-133,SL;81,True,qwen,SL,0,1,0.5,0,0.5,0,SL,SL 81
D:/Data/ePillID_data/ePillID_data\classification_data\segmented_nih_pills_224/64980-133_0_1.jpg,reference,64980-133,SL;81,False,qwen,81,0,1,0.5,0,0.5,0,81,SL 81
D:/Data/ePillID_data/ePillID_data\classification_data\segmented_nih_pills_224/64980-182_0_0.jpg,reference,64980-182,CL;206,True,qwen,CL 206,1,1,1.0,1,0.0,1,CL 206,CL 206
D:/Data/ePillID_data/ePillID_data\classification_data\segmented_nih_pills_224/64980-182_0_1.jpg,reference,64980-182,CL;206,False,qwen,T,0,0,0.0,0,1.0,0,T,CL 206
D:/Data/ePillID_data/ePillID_data\classification_data\segmented_nih_pills_224/64980-186_0_0.jpg,reference,64980-186,12,True,qwen,12,1,1,1.0,1,0.0,1,12,12
D:/Data/ePillID_data/ePillID_data\classification_data\segmented_nih_pills_224/64980-186_0_1.jpg,reference,64980-186,12,False,qwen,G34,0,0,0.0,0,1.5,0,G34,12
D:/Data/ePillID_data/ePillID_data\classification_data\segmented_nih_pills_224/65084-123_0_0.jpg,reference,65084-123,D;Donnatal,True,qwen,D,0,1,0.5,0,0.8888888888888888,0,D,D DONNATAL
D:/Data/ePillID_data/ePillID_data\classification_data\segmented_nih_pills_224/65084-123_0_1.jpg,reference,65084-123,D;Donnatal,False,qwen,D DONNATAL,1,1,1.0,1,0.0,1,D DONNATAL,D DONNATAL
D:/Data/ePillID_data/ePillID_data\classification_data\segmented_nih_pills_224/65162-007_0_0.jpg,reference,65162-7,IP;7,True,qwen,IP 7,1,1,1.0,1,0.0,1,IP 7,IP 7
D:/Data/ePillID_data/ePillID_data\classification_data\segmented_nih_pills_224/65162-007_0_1.jpg,reference,65162-7,IP;7,False,qwen,G3,0,0,0.0,0,1.0,0,G3,IP 7
D:/Data/ePillID_data/ePillID_data\classification_data\segmented_nih_pills_224/65162-537_0_0.jpg,reference,65162-537,A2,True,qwen,A2,1,1,1.0,1,0.0,1,A2,A2
D:/Data/ePillID_data/ePillID_data\classification_data\segmented_nih_pills_224/65162-537_0_1.jpg,reference,65162-537,A2,False,qwen,L,0,0,0.0,0,1.0,0,L,A2
D:/Data/ePillID_data/ePillID_data\classification_data\segmented_nih_pills_224/65162-769_0_0.jpg,reference,65162-769,769;10;AN,True,qwen,AN,0,1,0.3333333333333333,0,0.7142857142857143,0,AN,769 10 AN
D:/Data/ePillID_data/ePillID_data\classification_data\segmented_nih_pills_224/65162-769_0_1.jpg,reference,65162-769,769;10;AN,False,qwen,769 10,0,0,0.6666666666666666,0,0.2857142857142857,0,769 10,769 10 AN
D:/Data/ePillID_data/ePillID_data\classification_data\segmented_nih_pills_224/65597-107_0_0.jpg,reference,65597-107,Sankyo;C25,True,qwen,SANKYO,0,1,0.5,0,0.3333333333333333,0,SANKYO,SANKYO C25
D:/Data/ePillID_data/ePillID_data\classification_data\segmented_nih_pills_224/65597-107_0_1.jpg,reference,65597-107,Sankyo;C25,False,qwen,C25,0,1,0.5,0,0.6666666666666666,0,C25,SANKYO C25
D:/Data/ePillID_data/ePillID_data\classification_data\segmented_nih_pills_224/65597-116_0_0.jpg,reference,65597-116,C54,True,qwen,C54,1,1,1.0,1,0.0,1,C54,C54
D:/Data/ePillID_data/ePillID_data\classification_data\segmented_nih_pills_224/65597-116_0_1.jpg,reference,65597-116,C54,False,qwen,N,0,0,0.0,0,1.0,0,N,C54
D:/Data/ePillID_data/ePillID_data\classification_data\segmented_nih_pills_224/65862-098_0_0.jpg,reference,65862-98,C;80,True,qwen,C,0,1,0.5,0,0.6666666666666666,0,C,C 80
D:/Data/ePillID_data/ePillID_data\classification_data\segmented_nih_pills_224/65862-098_0_1.jpg,reference,65862-98,C;80,False,qwen,80,0,1,0.5,0,0.3333333333333333,0,80,C 80
D:/Data/ePillID_data/ePillID_data\classification_data\segmented_nih_pills_224/65862-133_0_0.jpg,reference,65862-133,D;27,True,qwen,D 27,1,1,1.0,1,0.0,1,D 27,D 27
D:/Data/ePillID_data/ePillID_data\classification_data\segmented_nih_pills_224/65862-133_0_1.jpg,reference,65862-133,D;27,False,qwen,T,0,0,0.0,0,1.0,0,T,D 27
D:/Data/ePillID_data/ePillID_data\classification_data\segmented_nih_pills_224/65862-143_0_0.jpg,reference,65862-143,E;02,True,qwen,E,0,1,0.5,0,0.6666666666666666,0,E,E 02
D:/Data/ePillID_data/ePillID_data\classification_data\segmented_nih_pills_224/65862-143_0_1.jpg,reference,65862-143,E;02,False,qwen,02,0,1,0.5,0,0.3333333333333333,0,02,E 02
D:/Data/ePillID_data/ePillID_data\classification_data\segmented_nih_pills_224/65862-154_0_0.jpg,reference,65862-154,C;55,True,qwen,C55,0,0,0.0,0,0.0,1,C55,C 55
D:/Data/ePillID_data/ePillID_data\classification_data\segmented_nih_pills_224/65862-154_0_1.jpg,reference,65862-154,C;55,False,qwen,B 1,0,0,0.0,0,1.0,0,B 1,C 55
D:/Data/ePillID_data/ePillID_data\classification_data\segmented_nih_pills_224/65862-210_0_0.jpg,reference,65862-210,C;77,True,qwen,C 77,1,1,1.0,1,0.0,1,C 77,C 77
D:/Data/ePillID_data/ePillID_data\classification_data\segmented_nih_pills_224/65862-210_0_1.jpg,reference,65862-210,C;77,False,qwen,CAPSULE,0,0,0.0,0,2.0,0,CAPSULE,C 77
D:/Data/ePillID_data/ePillID_data\classification_data\segmented_nih_pills_224/65862-586_0_0.jpg,reference,65862-586,J;02,True,qwen,J 02,1,1,1.0,1,0.0,1,J 02,J 02
D:/Data/ePillID_data/ePillID_data\classification_data\segmented_nih_pills_224/65862-586_0_1.jpg,reference,65862-586,J;02,False,qwen,G342,0,0,0.0,0,1.0,0,G342,J 02
D:/Data/ePillID_data/ePillID_data\classification_data\segmented_nih_pills_224/65862-587_0_0.jpg,reference,65862-587,J;03,True,qwen,J 03,1,1,1.0,1,0.0,1,J 03,J 03
D:/Data/ePillID_data/ePillID_data\classification_data\segmented_nih_pills_224/65862-587_0_1.jpg,reference,65862-587,J;03,False,qwen,G34,0,0,0.0,0,1.0,0,G34,J 03
D:/Data/ePillID_data/ePillID_data\classification_data\segmented_nih_pills_224/65862-663_0_0.jpg,reference,65862-663,63;H,True,qwen,H,0,1,0.5,0,0.6666666666666666,0,H,63 H
D:/Data/ePillID_data/ePillID_data\classification_data\segmented_nih_pills_224/65862-663_0_1.jpg,reference,65862-663,63;H,False,qwen,63,0,1,0.5,0,0.3333333333333333,0,63,63 H
D:/Data/ePillID_data/ePillID_data\classification_data\segmented_nih_pills_224/66116-417_0_0.jpg,reference,66116-417,S;521,True,qwen,S 521,1,1,1.0,1,0.0,1,S 521,S 521
D:/Data/ePillID_data/ePillID_data\classification_data\segmented_nih_pills_224/66116-417_0_1.jpg,reference,66116-417,S;521,False,qwen,G3,0,0,0.0,0,1.0,0,G3,S 521
D:/Data/ePillID_data/ePillID_data\classification_data\segmented_nih_pills_224/66116-432_0_0.jpg,reference,66116-432,9;3;72;55,True,qwen,9 3,0,0,0.5,0,0.6666666666666666,0,9 3,9 3 72 55
D:/Data/ePillID_data/ePillID_data\classification_data\segmented_nih_pills_224/66116-432_0_1.jpg,reference,66116-432,9;3;72;55,False,qwen,72 55,0,0,0.5,0,0.3333333333333333,0,72 55,9 3 72 55
D:/Data/ePillID_data/ePillID_data\classification_data\segmented_nih_pills_224/66116-518_0_0.jpg,reference,66116-518,4357;150,True,qwen,5,0,0,0.0,0,0.8571428571428571,0,5,4357 150
D:/Data/ePillID_data/ePillID_data\classification_data\segmented_nih_pills_224/66116-518_0_1.jpg,reference,66116-518,4357;150,False,qwen,150,0,1,0.5,0,0.5714285714285714,0,150,4357 150
D:/Data/ePillID_data/ePillID_data\classification_data\segmented_nih_pills_224/66267-078_0_0.jpg,reference,66267-78,LANOXIN;X3A,True,qwen,LANOXIN 3A,0,0,0.5,0,0.1,0,LANOXIN 3A,LANOXIN X3A
D:/Data/ePillID_data/ePillID_data\classification_data\segmented_nih_pills_224/66267-078_0_1.jpg,reference,66267-78,LANOXIN;X3A,False,qwen,T,0,0,0.0,0,1.0,0,T,LANOXIN X3A
D:/Data/ePillID_data/ePillID_data\classification_data\segmented_nih_pills_224/66267-080_0_0.jpg,reference,66267-80,PH014,True,qwen,PH014,1,1,1.0,1,0.0,1,PH014,PH014
D:/Data/ePillID_data/ePillID_data\classification_data\segmented_nih_pills_224/66267-080_0_1.jpg,reference,66267-80,PH014,False,qwen,G34,0,0,0.0,0,0.8,0,G34,PH014
D:/Data/ePillID_data/ePillID_data\classification_data\segmented_nih_pills_224/66267-093_0_0.jpg,reference,66267-93,887;2;b,True,qwen,B,0,1,0.3333333333333333,0,0.8,0,B,887 2 B
D:/Data/ePillID_data/ePillID_data\classification_data\segmented_nih_pills_224/66267-093_0_1.jpg,reference,66267-93,887;2;b,False,qwen,887 2,0,0,0.6666666666666666,0,0.2,0,887 2,887 2 B
D:/Data/ePillID_data/ePillID_data\classification_data\segmented_nih_pills_224/66336-537_0_0.jpg,reference,66336-537,SYNTHROID;100,True,qwen,SYNTHROID,0,1,0.5,0,0.25,0,SYNTHROID,SYNTHROID 100
D:/Data/ePillID_data/ePillID_data\classification_data\segmented_nih_pills_224/66336-537_0_1.jpg,reference,66336-537,SYNTHROID;100,False,qwen,100,0,1,0.5,0,0.75,0,100,SYNTHROID 100
D:/Data/ePillID_data/ePillID_data\classification_data\segmented_nih_pills_224/66336-560_0_0.jpg,reference,66336-560,93;7252,True,qwen,93,0,1,0.5,0,0.6666666666666666,0,93,93 7252
D:/Data/ePillID_data/ePillID_data\classification_data\segmented_nih_pills_224/66336-560_0_1.jpg,reference,66336-560,93;7252,False,qwen,1252,0,0,0.0,0,0.5,0,1252,93 7252
D:/Data/ePillID_data/ePillID_data\classification_data\segmented_nih_pills_224/66336-774_0_0.jpg,reference,66336-774,100,True,qwen,100,1,1,1.0,1,0.0,1,100,100
D:/Data/ePillID_data/ePillID_data\classification_data\segmented_nih_pills_224/66336-774_0_1.jpg,reference,66336-774,100,False,qwen,L1,0,0,0.0,0,1.0,0,L1,100
D:/Data/ePillID_data/ePillID_data\classification_data\segmented_nih_pills_224/66424-021_0_0.jpg,reference,66424-21,PH013,True,qwen,PH013,1,1,1.0,1,0.0,1,PH013,PH013
D:/Data/ePillID_data/ePillID_data\classification_data\segmented_nih_pills_224/66424-021_0_1.jpg,reference,66424-21,PH013,False,qwen,G3,0,0,0.0,0,0.8,0,G3,PH013
D:/Data/ePillID_data/ePillID_data\classification_data\segmented_nih_pills_224/66869-104_0_0.jpg,reference,66869-104,1;KC,True,qwen,KC,0,1,0.5,0,0.3333333333333333,0,KC,1 KC
D:/Data/ePillID_data/ePillID_data\classification_data\segmented_nih_pills_224/66869-104_0_1.jpg,reference,66869-104,1;KC,False,qwen,1,0,1,0.5,0,0.6666666666666666,0,1,1 KC
D:/Data/ePillID_data/ePillID_data\classification_data\segmented_nih_pills_224/66869-204_0_0.jpg,reference,66869-204,2;KC,True,qwen,KC,0,1,0.5,0,0.3333333333333333,0,KC,2 KC
D:/Data/ePillID_data/ePillID_data\classification_data\segmented_nih_pills_224/66869-204_0_1.jpg,reference,66869-204,2;KC,False,qwen,2,0,1,0.5,0,0.6666666666666666,0,2,2 KC
D:/Data/ePillID_data/ePillID_data\classification_data\segmented_nih_pills_224/66869-404_0_0.jpg,reference,66869-404,4;KC,True,qwen,KC,0,1,0.5,0,0.3333333333333333,0,KC,4 KC
D:/Data/ePillID_data/ePillID_data\classification_data\segmented_nih_pills_224/66869-404_0_1.jpg,reference,66869-404,4;KC,False,qwen,4,0,1,0.5,0,0.6666666666666666,0,4,4 KC
D:/Data/ePillID_data/ePillID_data\classification_data\segmented_nih_pills_224/66993-057_0_0.jpg,reference,66993-57,PLAQUENIL,True,qwen,PLAQUENIL,1,1,1.0,1,0.0,1,PLAQUENIL,PLAQUENIL
D:/Data/ePillID_data/ePillID_data\classification_data\segmented_nih_pills_224/66993-057_0_1.jpg,reference,66993-57,PLAQUENIL,False,qwen,G3,0,0,0.0,0,1.0,0,G3,PLAQUENIL
D:/Data/ePillID_data/ePillID_data\classification_data\segmented_nih_pills_224/67046-164_0_0.jpg,reference,67046-164,44;227,True,qwen,44 227,1,1,1.0,1,0.0,1,44 227,44 227
D:/Data/ePillID_data/ePillID_data\classification_data\segmented_nih_pills_224/67046-164_0_1.jpg,reference,67046-164,44;227,False,qwen,T,0,0,0.0,0,1.0,0,T,44 227
D:/Data/ePillID_data/ePillID_data\classification_data\segmented_nih_pills_224/67046-475_0_0.jpg,reference,67046-475,GG414,True,qwen,GG414,1,1,1.0,1,0.0,1,GG414,GG414
D:/Data/ePillID_data/ePillID_data\classification_data\segmented_nih_pills_224/67046-475_0_1.jpg,reference,67046-475,GG414,False,qwen,T,0,0,0.0,0,1.0,0,T,GG414
D:/Data/ePillID_data/ePillID_data\classification_data\segmented_nih_pills_224/67046-589_0_0.jpg,reference,67046-589,Andrexlogo;560,True,qwen,560,0,1,0.5,0,0.7692307692307693,0,560,ANDREXLOGO 560
D:/Data/ePillID_data/ePillID_data\classification_data\segmented_nih_pills_224/67046-589_0_1.jpg,reference,67046-589,Andrexlogo;560,False,qwen,G34,0,0,0.0,0,0.9230769230769231,0,G34,ANDREXLOGO 560
D:/Data/ePillID_data/ePillID_data\classification_data\segmented_nih_pills_224/67046-640_0_0.jpg,reference,67046-640,93;221,True,qwen,93,0,1,0.5,0,0.6,0,93,93 221
D:/Data/ePillID_data/ePillID_data\classification_data\segmented_nih_pills_224/67046-640_0_1.jpg,reference,67046-640,93;221,False,qwen,221,0,1,0.5,0,0.4,0,221,93 221
D:/Data/ePillID_data/ePillID_data\classification_data\segmented_nih_pills_224/67046-643_0_0.jpg,reference,67046-643,93;7241,True,qwen,93,0,1,0.5,0,0.6666666666666666,0,93,93 7241
D:/Data/ePillID_data/ePillID_data\classification_data\segmented_nih_pills_224/67046-643_0_1.jpg,reference,67046-643,93;7241,False,qwen,7241,0,1,0.5,0,0.3333333333333333,0,7241,93 7241
D:/Data/ePillID_data/ePillID_data\classification_data\segmented_nih_pills_224/67046-805_0_0.jpg,reference,67046-805,PA2120,True,qwen,PA2120,1,1,1.0,1,0.0,1,PA2120,PA2120
D:/Data/ePillID_data/ePillID_data\classification_data\segmented_nih_pills_224/67046-805_0_1.jpg,reference,67046-805,PA2120,False,qwen,G3,0,0,0.0,0,1.0,0,G3,PA2120
D:/Data/ePillID_data/ePillID_data\classification_data\segmented_nih_pills_224/67253-180_0_0.jpg,reference,67253-180,WC402,True,qwen,WC 402,0,0,0.0,0,0.0,1,WC 402,WC402
D:/Data/ePillID_data/ePillID_data\classification_data\segmented_nih_pills_224/67253-180_0_1.jpg,reference,67253-180,WC402,False,qwen,G34,0,0,0.0,0,0.8,0,G34,WC402
D:/Data/ePillID_data/ePillID_data\classification_data\segmented_nih_pills_224/67296-0140_0_0.jpg,reference,67296-140,DAN;DAN;5442,True,qwen,G342,0,0,0.0,0,0.8,0,G342,DAN DAN 5442
D:/Data/ePillID_data/ePillID_data\classification_data\segmented_nih_pills_224/67296-0140_0_1.jpg,reference,67296-140,DAN;DAN;5442,False,qwen,5052,0,0,0.0,0,0.8,0,5052,DAN DAN 5442
D:/Data/ePillID_data/ePillID_data\classification_data\segmented_nih_pills_224/67296-0505_0_0.jpg,reference,67296-505,M;15,True,qwen,M 15,1,1,1.0,1,0.0,1,M 15,M 15
D:/Data/ePillID_data/ePillID_data\classification_data\segmented_nih_pills_224/67296-0505_0_1.jpg,reference,67296-505,M;15,False,qwen,T,0,0,0.0,0,1.0,0,T,M 15
D:/Data/ePillID_data/ePillID_data\classification_data\segmented_nih_pills_224/67296-0543_0_0.jpg,reference,67296-543,TEVA;5312,True,qwen,TEVA,0,1,0.5,0,0.5,0,TEVA,TEVA 5312
D:/Data/ePillID_data/ePillID_data\classification_data\segmented_nih_pills_224/67296-0543_0_1.jpg,reference,67296-543,TEVA;5312,False,qwen,5312,0,1,0.5,0,0.5,0,5312,TEVA 5312
D:/Data/ePillID_data/ePillID_data\classification_data\segmented_nih_pills_224/67296-0658_0_0.jpg,reference,67296-658,2131;Z;100mg,True,qwen,2131 Z Z Z,0,0,0.6666666666666666,0,0.5,0,2131 Z Z Z,2131 Z 100MG
D:/Data/ePillID_data/ePillID_data\classification_data\segmented_nih_pills_224/67296-0658_0_1.jpg,reference,67296-658,2131;Z;100mg,False,qwen,ZENITH 100 MG,0,0,0.0,0,0.6,0,ZENITH 100 MG,2131 Z 100MG
D:/Data/ePillID_data/ePillID_data\classification_data\segmented_nih_pills_224/67296-0683_0_0.jpg,reference,67296-683,A;05,True,qwen,A,0,1,0.5,0,0.6666666666666666,0,A,A 05
D:/Data/ePillID_data/ePillID_data\classification_data\segmented_nih_pills_224/67296-0683_0_1.jpg,reference,67296-683,A;05,False,qwen,O 6,0,0,0.0,0,1.0,0,O 6,A 05
D:/Data/ePillID_data/ePillID_data\classification_data\segmented_nih_pills_224/67544-349_0_0.jpg,reference,67544-349,KC;M20,True,qwen,C 1020,0,0,0.0,0,0.6,0,C 1020,KC M20
D:/Data/ePillID_data/ePillID_data\classification_data\segmented_nih_pills_224/67544-349_0_1.jpg,reference,67544-349,KC;M20,False,qwen,G342,0,0,0.0,0,0.8,0,G342,KC M20
D:/Data/ePillID_data/ePillID_data\classification_data\segmented_nih_pills_224/67544-401_0_0.jpg,reference,67544-401,2;COUMADIN,True,qwen,2 COUMADIN,1,1,1.0,1,0.0,1,2 COUMADIN,2 COUMADIN
D:/Data/ePillID_data/ePillID_data\classification_data\segmented_nih_pills_224/67544-401_0_1.jpg,reference,67544-401,2;COUMADIN,False,qwen,T,0,0,0.0,0,1.0,0,T,2 COUMADIN
D:/Data/ePillID_data/ePillID_data\classification_data\segmented_nih_pills_224/67877-197_0_0.jpg,reference,67877-197,211,True,qwen,211,1,1,1.0,1,0.0,1,211,211
D:/Data/ePillID_data/ePillID_data\classification_data\segmented_nih_pills_224/67877-197_0_1.jpg,reference,67877-197,211,False,qwen,T,0,0,0.0,0,1.0,0,T,211
D:/Data/ePillID_data/ePillID_data\classification_data\segmented_nih_pills_224/67877-216_0_0.jpg,reference,67877-216,203,True,qwen,203,1,1,1.0,1,0.0,1,203,203
D:/Data/ePillID_data/ePillID_data\classification_data\segmented_nih_pills_224/67877-216_0_1.jpg,reference,67877-216,203,False,qwen,N,0,0,0.0,0,1.0,0,N,203
D:/Data/ePillID_data/ePillID_data\classification_data\segmented_nih_pills_224/67877-294_0_0.jpg,reference,67877-294,121,True,qwen,121,1,1,1.0,1,0.0,1,121,121
D:/Data/ePillID_data/ePillID_data\classification_data\segmented_nih_pills_224/67877-294_0_1.jpg,reference,67877-294,121,False,qwen,PHILADELPHIA,0,0,0.0,0,4.0,0,PHILADELPHIA,121
D:/Data/ePillID_data/ePillID_data\classification_data\segmented_nih_pills_224/68012-002_0_0.jpg,reference,68012-2,GMZ;500,True,qwen,GMZ,0,1,0.5,0,0.5,0,GMZ,GMZ 500
D:/Data/ePillID_data/ePillID_data\classification_data\segmented_nih_pills_224/68012-002_0_1.jpg,reference,68012-2,GMZ;500,False,qwen,500,0,1,0.5,0,0.5,0,500,GMZ 500
D:/Data/ePillID_data/ePillID_data\classification_data\segmented_nih_pills_224/68012-495_0_0.jpg,reference,68012-495,FHI,True,qwen,FXI,0,0,0.0,0,0.3333333333333333,0,FXI,FHI
D:/Data/ePillID_data/ePillID_data\classification_data\segmented_nih_pills_224/68012-495_0_1.jpg,reference,68012-495,FHI,False,qwen,G342,0,0,0.0,0,1.3333333333333333,0,G342,FHI
D:/Data/ePillID_data/ePillID_data\classification_data\segmented_nih_pills_224/68084-070_0_0.jpg,reference,68084-70,CR;500,True,qwen,K,0,0,0.0,0,1.0,0,K,CR 500
D:/Data/ePillID_data/ePillID_data\classification_data\segmented_nih_pills_224/68084-070_0_1.jpg,reference,68084-70,CR;500,False,qwen,CR 500,1,1,1.0,1,0.0,1,CR 500,CR 500
D:/Data/ePillID_data/ePillID_data\classification_data\segmented_nih_pills_224/68084-071_0_0.jpg,reference,68084-71,CR;750,True,qwen,V,0,0,0.0,0,1.0,0,V,CR 750
D:/Data/ePillID_data/ePillID_data\classification_data\segmented_nih_pills_224/68084-071_0_1.jpg,reference,68084-71,CR;750,False,qwen,CR 750,1,1,1.0,1,0.0,1,CR 750,CR 750
D:/Data/ePillID_data/ePillID_data\classification_data\segmented_nih_pills_224/68084-120_0_0.jpg,reference,68084-120,0;9;A,True,qwen,A,0,1,0.3333333333333333,0,0.6666666666666666,0,A,0 9 A
D:/Data/ePillID_data/ePillID_data\classification_data\segmented_nih_pills_224/68084-120_0_1.jpg,reference,68084-120,0;9;A,False,qwen,0 9,0,0,0.6666666666666666,0,0.3333333333333333,0,0 9,0 9 A
D:/Data/ePillID_data/ePillID_data\classification_data\segmented_nih_pills_224/68084-128_0_0.jpg,reference,68084-128,Omepraole;20mg;R158,True,qwen,OMEPRAZOLE 20 MG R158,0,0,0.3333333333333333,0,0.058823529411764705,0,OMEPRAZOLE 20 MG R158,OMEPRAOLE 20MG R158
D:/Data/ePillID_data/ePillID_data\classification_data\segmented_nih_pills_224/68084-128_0_1.jpg,reference,68084-128,Omepraole;20mg;R158,False,qwen,O,0,0,0.0,0,0.9411764705882353,0,O,OMEPRAOLE 20MG R158
D:/Data/ePillID_data/ePillID_data\classification_data\segmented_nih_pills_224/68084-217_0_0.jpg,reference,68084-217,159;H,True,qwen,H,0,1,0.5,0,0.75,0,H,159 H
D:/Data/ePillID_data/ePillID_data\classification_data\segmented_nih_pills_224/68084-217_0_1.jpg,reference,68084-217,159;H,False,qwen,159,0,1,0.5,0,0.25,0,159,159 H
D:/Data/ePillID_data/ePillID_data\classification_data\segmented_nih_pills_224/68084-229_0_0.jpg,reference,68084-229,ZC;59,True,qwen,ZC 59,1,1,1.0,1,0.0,1,ZC 59,ZC 59
D:/Data/ePillID_data/ePillID_data\classification_data\segmented_nih_pills_224/68084-229_0_1.jpg,reference,68084-229,ZC;59,False,qwen,E,0,0,0.0,0,1.0,0,E,ZC 59
D:/Data/ePillID_data/ePillID_data\classification_data\segmented_nih_pills_224/68084-284_0_0.jpg,reference,68084-284,724;par,True,qwen,724,0,1,0.5,0,0.5,0,724,724 PAR
D:/Data/ePillID_data/ePillID_data\classification_data\segmented_nih_pills_224/68084-284_0_1.jpg,reference,68084-284,724;par,False,qwen,PAR,0,1,0.5,0,0.5,0,PAR,724 PAR
D:/Data/ePillID_data/ePillID_data\classification_data\segmented_nih_pills_224/68084-295_0_0.jpg,reference,68084-295,WPI;900,True,qwen,WPI 900,1,1,1.0,1,0.0,1,WPI 900,WPI 900
D:/Data/ePillID_data/ePillID_data\classification_data\segmented_nih_pills_224/68084-295_0_1.jpg,reference,68084-295,WPI;900,False,qwen,T,0,0,0.0,0,1.0,0,T,WPI 900
D:/Data/ePillID_data/ePillID_data\classification_data\segmented_nih_pills_224/68084-499_0_0.jpg,reference,68084-499,K;400,True,qwen,K 400,1,1,1.0,1,0.0,1,K 400,K 400
D:/Data/ePillID_data/ePillID_data\classification_data\segmented_nih_pills_224/68084-499_0_1.jpg,reference,68084-499,K;400,False,qwen,T,0,0,0.0,0,1.0,0,T,K 400
D:/Data/ePillID_data/ePillID_data\classification_data\segmented_nih_pills_224/68084-531_0_0.jpg,reference,68084-531,R;2,True,qwen,R,0,1,0.5,0,0.5,0,R,R 2
D:/Data/ePillID_data/ePillID_data\classification_data\segmented_nih_pills_224/68084-531_0_1.jpg,reference,68084-531,R;2,False,qwen,Z 2,0,0,0.5,0,0.5,0,Z 2,R 2
D:/Data/ePillID_data/ePillID_data\classification_data\segmented_nih_pills_224/68084-535_0_0.jpg,reference,68084-535,R;7,True,qwen,R,0,1,0.5,0,0.5,0,R,R 7
D:/Data/ePillID_data/ePillID_data\classification_data\segmented_nih_pills_224/68084-535_0_1.jpg,reference,68084-535,R;7,False,qwen,L,0,0,0.0,0,1.0,0,L,R 7
D:/Data/ePillID_data/ePillID_data\classification_data\segmented_nih_pills_224/68084-758_0_0.jpg,reference,68084-758,161;H,True,qwen,H,0,1,0.5,0,0.75,0,H,161 H
D:/Data/ePillID_data/ePillID_data\classification_data\segmented_nih_pills_224/68084-758_0_1.jpg,reference,68084-758,161;H,False,qwen,161,0,1,0.5,0,0.25,0,161,161 H
D:/Data/ePillID_data/ePillID_data\classification_data\segmented_nih_pills_224/68084-820_0_0.jpg,reference,68084-820,G;2011,True,qwen,G,0,1,0.5,0,0.8,0,G,G 2011
D:/Data/ePillID_data/ePillID_data\classification_data\segmented_nih_pills_224/68084-820_0_1.jpg,reference,68084-820,G;2011,False,qwen,2011,0,1,0.5,0,0.2,0,2011,G 2011
D:/Data/ePillID_data/ePillID_data\classification_data\segmented_nih_pills_224/68084-935_0_0.jpg,reference,68084-935,2233;WPI,True,qwen,WPI,0,1,0.5,0,0.5714285714285714,0,WPI,2233 WPI
D:/Data/ePillID_data/ePillID_data\classification_data\segmented_nih_pills_224/68084-935_0_1.jpg,reference,68084-935,2233;WPI,False,qwen,2233,0,1,0.5,0,0.42857142857142855,0,2233,2233 WPI
D:/Data/ePillID_data/ePillID_data\classification_data\segmented_nih_pills_224/68151-0136_0_0.jpg,reference,68151-136,60274;180;mg,True,qwen,60274 180 MG,1,1,1.0,1,0.0,1,60274 180 MG,60274 180 MG
D:/Data/ePillID_data/ePillID_data\classification_data\segmented_nih_pills_224/68151-0136_0_1.jpg,reference,68151-136,60274;180;mg,False,qwen,G342,0,0,0.0,0,0.9,0,G342,60274 180 MG
D:/Data/ePillID_data/ePillID_data\classification_data\segmented_nih_pills_224/68151-1021_0_0.jpg,reference,68151-1021,G;019;10,True,qwen,G 019,0,0,0.6666666666666666,0,0.3333333333333333,0,G 019,G 019 10
D:/Data/ePillID_data/ePillID_data\classification_data\segmented_nih_pills_224/68151-1021_0_1.jpg,reference,68151-1021,G;019;10,False,qwen,10,0,1,0.3333333333333333,0,0.6666666666666666,0,10,G 019 10
D:/Data/ePillID_data/ePillID_data\classification_data\segmented_nih_pills_224/68151-1170_0_0.jpg,reference,68151-1170,A;EC,True,qwen,A,0,1,0.5,0,0.6666666666666666,0,A,A EC
D:/Data/ePillID_data/ePillID_data\classification_data\segmented_nih_pills_224/68151-1170_0_1.jpg,reference,68151-1170,A;EC,False,qwen,EC,0,1,0.5,0,0.3333333333333333,0,EC,A EC
D:/Data/ePillID_data/ePillID_data\classification_data\segmented_nih_pills_224/68151-1281_0_0.jpg,reference,68151-1281,9;3;7316,True,qwen,9 3,0,0,0.6666666666666666,0,0.6666666666666666,0,9 3,9 3 7316
D:/Data/ePillID_data/ePillID_data\classification_data\segmented_nih_pills_224/68151-1281_0_1.jpg,reference,68151-1281,9;3;7316,False,qwen,7316,0,1,0.3333333333333333,0,0.3333333333333333,0,7316,9 3 7316
D:/Data/ePillID_data/ePillID_data\classification_data\segmented_nih_pills_224/68151-1320_0_0.jpg,reference,68151-1320,M;52,True,qwen,M 52,1,1,1.0,1,0.0,1,M 52,M 52
D:/Data/ePillID_data/ePillID_data\classification_data\segmented_nih_pills_224/68151-1320_0_1.jpg,reference,68151-1320,M;52,False,qwen,E 1,0,0,0.0,0,1.0,0,E 1,M 52
D:/Data/ePillID_data/ePillID_data\classification_data\segmented_nih_pills_224/68151-1464_0_0.jpg,reference,68151-1464,54070,True,qwen,54 070,0,0,0.0,0,0.0,1,54 070,54070
D:/Data/ePillID_data/ePillID_data\classification_data\segmented_nih_pills_224/68151-1464_0_1.jpg,reference,68151-1464,54070,False,qwen,B 1,0,0,0.0,0,1.0,0,B 1,54070
D:/Data/ePillID_data/ePillID_data\classification_data\segmented_nih_pills_224/68151-1923_0_0.jpg,reference,68151-1923,AN;512,True,qwen,AN 512,1,1,1.0,1,0.0,1,AN 512,AN 512
D:/Data/ePillID_data/ePillID_data\classification_data\segmented_nih_pills_224/68151-1923_0_1.jpg,reference,68151-1923,AN;512,False,qwen,LIME,0,0,0.0,0,1.0,0,LIME,AN 512
D:/Data/ePillID_data/ePillID_data\classification_data\segmented_nih_pills_224/68151-2031_0_0.jpg,reference,68151-2031,2;5;MP;84,True,qwen,MP 84,0,0,0.5,0,0.3333333333333333,0,MP 84,2 5 MP 84
D:/Data/ePillID_data/ePillID_data\classification_data\segmented_nih_pills_224/68151-2031_0_1.jpg,reference,68151-2031,2;5;MP;84,False,qwen,2 5,0,0,0.5,0,0.6666666666666666,0,2 5,2 5 MP 84
D:/Data/ePillID_data/ePillID_data\classification_data\segmented_nih_pills_224/68151-2782_0_0.jpg,reference,68151-2782,DAN;DAN;5335,True,qwen,DAN DAN,0,0,0.6666666666666666,0,0.4,0,DAN DAN,DAN DAN 5335
D:/Data/ePillID_data/ePillID_data\classification_data\segmented_nih_pills_224/68151-2782_0_1.jpg,reference,68151-2782,DAN;DAN;5335,False,qwen,5335,0,1,0.3333333333333333,0,0.6,0,5335,DAN DAN 5335
D:/Data/ePillID_data/ePillID_data\classification_data\segmented_nih_pills_224/68151-2949_0_0.jpg,reference,68151-2949,60;H,True,qwen,H,0,1,0.5,0,0.6666666666666666,0,H,60 H
D:/Data/ePillID_data/ePillID_data\classification_data\segmented_nih_pills_224/68151-2949_0_1.jpg,reference,68151-2949,60;H,False,qwen,6 0,0,0,0.0,0,0.3333333333333333,0,6 0,60 H
D:/Data/ePillID_data/ePillID_data\classification_data\segmented_nih_pills_224/68151-4717_0_0.jpg,reference,68151-4717,FO,True,qwen,A,0,0,0.0,0,1.0,0,A,FO
D:/Data/ePillID_data/ePillID_data\classification_data\segmented_nih_pills_224/68151-4717_0_1.jpg,reference,68151-4717,FO,False,qwen,FO,1,1,1.0,1,0.0,1,FO,FO
D:/Data/ePillID_data/ePillID_data\classification_data\segmented_nih_pills_224/68151-5051_0_0.jpg,reference,68151-5051,GSK;COREG;CR;80;mg,True,qwen,GSK COREG CR 80 MG,1,1,1.0,1,0.0,1,GSK COREG CR 80 MG,GSK COREG CR 80 MG
D:/Data/ePillID_data/ePillID_data\classification_data\segmented_nih_pills_224/68151-5051_0_1.jpg,reference,68151-5051,GSK;COREG;CR;80;mg,False,qwen,G342,0,0,0.0,0,0.9285714285714286,0,G342,GSK COREG CR 80 MG
D:/Data/ePillID_data/ePillID_data\classification_data\segmented_nih_pills_224/68151-5652_0_0.jpg,reference,68151-5652,WC;400mg,True,qwen,WC,0,1,0.5,0,0.7142857142857143,0,WC,WC 400MG
D:/Data/ePillID_data/ePillID_data\classification_data\segmented_nih_pills_224/68151-5652_0_1.jpg,reference,68151-5652,WC;400mg,False,qwen,400 MG,0,0,0.0,0,0.2857142857142857,0,400 MG,WC 400MG
D:/Data/ePillID_data/ePillID_data\classification_data\segmented_nih_pills_224/68180-160_0_0.jpg,reference,68180-160,LU;L11,True,qwen,LU,0,1,0.5,0,0.6,0,LU,LU L11
D:/Data/ePillID_data/ePillID_data\classification_data\segmented_nih_pills_224/68180-160_0_1.jpg,reference,68180-160,LU;L11,False,qwen,L11,0,1,0.5,0,0.4,0,L11,LU L11
D:/Data/ePillID_data/ePillID_data\classification_data\segmented_nih_pills_224/68180-352_0_0.jpg,reference,68180-352,L;U;D02,True,qwen,L U,0,0,0.6666666666666666,0,0.6,0,L U,L U D02
D:/Data/ePillID_data/ePillID_data\classification_data\segmented_nih_pills_224/68180-352_0_1.jpg,reference,68180-352,L;U;D02,False,qwen,B02,0,0,0.0,0,0.6,0,B02,L U D02
D:/Data/ePillID_data/ePillID_data\classification_data\segmented_nih_pills_224/68180-353_0_0.jpg,reference,68180-353,L;U;D03,True,qwen,LU,0,0,0.0,0,0.6,0,LU,L U D03
D:/Data/ePillID_data/ePillID_data\classification_data\segmented_nih_pills_224/68180-353_0_1.jpg,reference,68180-353,L;U;D03,False,qwen,D03,0,1,0.3333333333333333,0,0.4,0,D03,L U D03
D:/Data/ePillID_data/ePillID_data\classification_data\segmented_nih_pills_224/68180-482_0_0.jpg,reference,68180-482,LL;C01,True,qwen,LL,0,1,0.5,0,0.6,0,LL,LL C01
D:/Data/ePillID_data/ePillID_data\classification_data\segmented_nih_pills_224/68180-482_0_1.jpg,reference,68180-482,LL;C01,False,qwen,C01,0,1,0.5,0,0.4,0,C01,LL C01
D:/Data/ePillID_data/ePillID_data\classification_data\segmented_nih_pills_224/68258-5973_0_0.jpg,reference,68258-5973,SYNTHROID;75,True,qwen,SYNTHROID,0,1,0.5,0,0.18181818181818182,0,SYNTHROID,SYNTHROID 75
D:/Data/ePillID_data/ePillID_data\classification_data\segmented_nih_pills_224/68258-5973_0_1.jpg,reference,68258-5973,SYNTHROID;75,False,qwen,75,0,1,0.5,0,0.8181818181818182,0,75,SYNTHROID 75
D:/Data/ePillID_data/ePillID_data\classification_data\segmented_nih_pills_224/68258-6043_0_0.jpg,reference,68258-6043,RX829,True,qwen,RX829,1,1,1.0,1,0.0,1,RX829,RX829
D:/Data/ePillID_data/ePillID_data\classification_data\segmented_nih_pills_224/68258-6043_0_1.jpg,reference,68258-6043,RX829,False,qwen,E 1,0,0,0.0,0,1.0,0,E 1,RX829
D:/Data/ePillID_data/ePillID_data\classification_data\segmented_nih_pills_224/68258-6100_0_0.jpg,reference,68258-6100,93;7327,True,qwen,93,0,1,0.5,0,0.6666666666666666,0,93,93 7327
D:/Data/ePillID_data/ePillID_data\classification_data\segmented_nih_pills_224/68258-6100_0_1.jpg,reference,68258-6100,93;7327,False,qwen,7327,0,1,0.5,0,0.3333333333333333,0,7327,93 7327
D:/Data/ePillID_data/ePillID_data\classification_data\segmented_nih_pills_224/68258-6106_0_0.jpg,reference,68258-6106,E42,True,qwen,E42,1,1,1.0,1,0.0,1,E42,E42
D:/Data/ePillID_data/ePillID_data\classification_data\segmented_nih_pills_224/68258-6106_0_1.jpg,reference,68258-6106,E42,False,qwen,G34,0,0,0.0,0,1.0,0,G34,E42
D:/Data/ePillID_data/ePillID_data\classification_data\segmented_nih_pills_224/68382-078_0_0.jpg,reference,68382-78,135;a,True,qwen,135,0,1,0.5,0,0.25,0,135,135 A
D:/Data/ePillID_data/ePillID_data\classification_data\segmented_nih_pills_224/68382-078_0_1.jpg,reference,68382-78,135;a,False,qwen,T,0,0,0.0,0,1.0,0,T,135 A
D:/Data/ePillID_data/ePillID_data\classification_data\segmented_nih_pills_224/68382-135_0_0.jpg,reference,68382-135,Z;2,True,qwen,Z,0,1,0.5,0,0.5,0,Z,Z 2
D:/Data/ePillID_data/ePillID_data\classification_data\segmented_nih_pills_224/68382-135_0_1.jpg,reference,68382-135,Z;2,False,qwen,2,0,1,0.5,0,0.5,0,2,Z 2
D:/Data/ePillID_data/ePillID_data\classification_data\segmented_nih_pills_224/68382-137_0_0.jpg,reference,68382-137,Z18,True,qwen,Z18,1,1,1.0,1,0.0,1,Z18,Z18
D:/Data/ePillID_data/ePillID_data\classification_data\segmented_nih_pills_224/68382-137_0_1.jpg,reference,68382-137,Z18,False,qwen,E 1,0,0,0.0,0,0.6666666666666666,0,E 1,Z18
D:/Data/ePillID_data/ePillID_data\classification_data\segmented_nih_pills_224/68382-142_0_0.jpg,reference,68382-142,ZD18,True,qwen,ZD18,1,1,1.0,1,0.0,1,ZD18,ZD18
D:/Data/ePillID_data/ePillID_data\classification_data\segmented_nih_pills_224/68382-142_0_1.jpg,reference,68382-142,ZD18,False,qwen,E 1,0,0,0.0,0,0.75,0,E 1,ZD18
D:/Data/ePillID_data/ePillID_data\classification_data\segmented_nih_pills_224/68382-144_0_0.jpg,reference,68382-144,ZA;43;1;25mg,True,qwen,ZA 43 125 MG,0,0,0.5,0,0.0,1,ZA 43 125 MG,ZA 43 1 25MG
D:/Data/ePillID_data/ePillID_data\classification_data\segmented_nih_pills_224/68382-144_0_1.jpg,reference,68382-144,ZA;43;1;25mg,False,qwen,G342,0,0,0.0,0,0.7777777777777778,0,G342,ZA 43 1 25MG
D:/Data/ePillID_data/ePillID_data\classification_data\segmented_nih_pills_224/68387-108_0_0.jpg,reference,68387-108,M;58;59,True,qwen,M,0,1,0.3333333333333333,0,0.8,0,M,M 58 59
D:/Data/ePillID_data/ePillID_data\classification_data\segmented_nih_pills_224/68387-108_0_1.jpg,reference,68387-108,M;58;59,False,qwen,58 59,0,0,0.6666666666666666,0,0.2,0,58 59,M 58 59
D:/Data/ePillID_data/ePillID_data\classification_data\segmented_nih_pills_224/68387-170_0_0.jpg,reference,68387-170,TL;001,True,qwen,TL001,0,0,0.0,0,0.0,1,TL001,TL 001
D:/Data/ePillID_data/ePillID_data\classification_data\segmented_nih_pills_224/68387-170_0_1.jpg,reference,68387-170,TL;001,False,qwen,4,0,0,0.0,0,1.0,0,4,TL 001
D:/Data/ePillID_data/ePillID_data\classification_data\segmented_nih_pills_224/68462-200_0_0.jpg,reference,68462-200,G;200,True,qwen,G,0,1,0.5,0,0.75,0,G,G 200
D:/Data/ePillID_data/ePillID_data\classification_data\segmented_nih_pills_224/68462-200_0_1.jpg,reference,68462-200,G;200,False,qwen,200,0,1,0.5,0,0.25,0,200,G 200
D:/Data/ePillID_data/ePillID_data\classification_data\segmented_nih_pills_224/68462-207_0_0.jpg,reference,68462-207,G;207,True,qwen,G 1,0,0,0.5,0,0.75,0,G 1,G 207
D:/Data/ePillID_data/ePillID_data\classification_data\segmented_nih_pills_224/68462-207_0_1.jpg,reference,68462-207,G;207,False,qwen,207,0,1,0.5,0,0.25,0,207,G 207
D:/Data/ePillID_data/ePillID_data\classification_data\segmented_nih_pills_224/68462-330_0_0.jpg,reference,68462-330,PX;plain,True,qwen,PX,0,1,0.5,0,0.7142857142857143,0,PX,PX PLAIN
D:/Data/ePillID_data/ePillID_data\classification_data\segmented_nih_pills_224/68462-330_0_1.jpg,reference,68462-330,PX;plain,False,qwen,E 1,0,0,0.0,0,1.0,0,E 1,PX PLAIN
D:/Data/ePillID_data/ePillID_data\classification_data\segmented_nih_pills_224/68462-499_0_0.jpg,reference,68462-499,F7,True,qwen,F7,1,1,1.0,1,0.0,1,F7,F7
D:/Data/ePillID_data/ePillID_data\classification_data\segmented_nih_pills_224/68462-499_0_1.jpg,reference,68462-499,F7,False,qwen,H,0,0,0.0,0,1.0,0,H,F7
D:/Data/ePillID_data/ePillID_data\classification_data\segmented_nih_pills_224/68462-500_0_0.jpg,reference,68462-500,F11,True,qwen,F11,1,1,1.0,1,0.0,1,F11,F11
D:/Data/ePillID_data/ePillID_data\classification_data\segmented_nih_pills_224/68462-500_0_1.jpg,reference,68462-500,F11,False,qwen,PH 3,0,0,0.0,0,1.0,0,PH 3,F11
D:/Data/ePillID_data/ePillID_data\classification_data\segmented_nih_pills_224/68462-694_0_0.jpg,reference,68462-694,72;G,True,qwen,G,0,1,0.5,0,0.6666666666666666,0,G,72 G
D:/Data/ePillID_data/ePillID_data\classification_data\segmented_nih_pills_224/68462-694_0_1.jpg,reference,68462-694,72;G,False,qwen,72,0,1,0.5,0,0.3333333333333333,0,72,72 G
D:/Data/ePillID_data/ePillID_data\classification_data\segmented_nih_pills_224/68645-020_0_0.jpg,reference,68645-20,Z;3626,True,qwen,Z 3626,1,1,1.0,1,0.0,1,Z 3626,Z 3626
D:/Data/ePillID_data/ePillID_data\classification_data\segmented_nih_pills_224/68645-020_0_1.jpg,reference,68645-20,Z;3626,False,qwen,TAP,0,0,0.0,0,1.0,0,TAP,Z 3626
D:/Data/ePillID_data/ePillID_data\classification_data\segmented_nih_pills_224/68645-282_0_0.jpg,reference,68645-282,RDY;343,True,qwen,RDY 344,0,0,0.5,0,0.16666666666666666,0,RDY 344,RDY 343
D:/Data/ePillID_data/ePillID_data\classification_data\segmented_nih_pills_224/68645-282_0_1.jpg,reference,68645-282,RDY;343,False,qwen,B 1,0,0,0.0,0,1.0,0,B 1,RDY 343
D:/Data/ePillID_data/ePillID_data\classification_data\segmented_nih_pills_224/68788-0881_0_0.jpg,reference,68788-881,M;5859,True,qwen,M,0,1,0.5,0,0.8,0,M,M 5859
D:/Data/ePillID_data/ePillID_data\classification_data\segmented_nih_pills_224/68788-0881_0_1.jpg,reference,68788-881,M;5859,False,qwen,58 59,0,0,0.0,0,0.2,0,58 59,M 5859
D:/Data/ePillID_data/ePillID_data\classification_data\segmented_nih_pills_224/68788-6359_0_0.jpg,reference,68788-6359,100;GG;335,True,qwen,GG335,0,0,0.0,0,0.375,0,GG335,100 GG 335
D:/Data/ePillID_data/ePillID_data\classification_data\segmented_nih_pills_224/68788-6359_0_1.jpg,reference,68788-6359,100;GG;335,False,qwen,100,0,1,0.3333333333333333,0,0.625,0,100,100 GG 335
D:/Data/ePillID_data/ePillID_data\classification_data\segmented_nih_pills_224/68788-6366_0_0.jpg,reference,68788-6366,G;50,True,qwen,G,0,1,0.5,0,0.6666666666666666,0,G,G 50
D:/Data/ePillID_data/ePillID_data\classification_data\segmented_nih_pills_224/68788-6366_0_1.jpg,reference,68788-6366,G;50,False,qwen,50,0,1,0.5,0,0.3333333333333333,0,50,G 50
D:/Data/ePillID_data/ePillID_data\classification_data\segmented_nih_pills_224/68788-6761_0_0.jpg,reference,68788-6761,P;40,True,qwen,P 40,1,1,1.0,1,0.0,1,P 40,P 40
D:/Data/ePillID_data/ePillID_data\classification_data\segmented_nih_pills_224/68788-6761_0_1.jpg,reference,68788-6761,P;40,False,qwen,MARTIN,0,0,0.0,0,2.0,0,MARTIN,P 40
D:/Data/ePillID_data/ePillID_data\classification_data\segmented_nih_pills_224/68788-7392_0_0.jpg,reference,68788-7392,KL,True,qwen,A,0,0,0.0,0,1.0,0,A,KL
D:/Data/ePillID_data/ePillID_data\classification_data\segmented_nih_pills_224/68788-7392_0_1.jpg,reference,68788-7392,KL,False,qwen,KL,1,1,1.0,1,0.0,1,KL,KL
D:/Data/ePillID_data/ePillID_data\classification_data\segmented_nih_pills_224/68788-8914_0_0.jpg,reference,68788-8914,E104,True,qwen,E 104,0,0,0.0,0,0.0,1,E 104,E104
D:/Data/ePillID_data/ePillID_data\classification_data\segmented_nih_pills_224/68788-8914_0_1.jpg,reference,68788-8914,E104,False,qwen,TACOS,0,0,0.0,0,1.25,0,TACOS,E104
D:/Data/ePillID_data/ePillID_data\classification_data\segmented_nih_pills_224/68788-8915_0_0.jpg,reference,68788-8915,GG638,True,qwen,GG638,1,1,1.0,1,0.0,1,GG638,GG638
D:/Data/ePillID_data/ePillID_data\classification_data\segmented_nih_pills_224/68788-8915_0_1.jpg,reference,68788-8915,GG638,False,qwen,G34,0,0,0.0,0,0.6,0,G34,GG638
D:/Data/ePillID_data/ePillID_data\classification_data\segmented_nih_pills_224/68788-8943_0_0.jpg,reference,68788-8943,E102,True,qwen,E 102,0,0,0.0,0,0.0,1,E 102,E102
D:/Data/ePillID_data/ePillID_data\classification_data\segmented_nih_pills_224/68788-8943_0_1.jpg,reference,68788-8943,E102,False,qwen,T,0,0,0.0,0,1.0,0,T,E102
D:/Data/ePillID_data/ePillID_data\classification_data\segmented_nih_pills_224/68788-9054_0_0.jpg,reference,68788-9054,133,True,qwen,133,1,1,1.0,1,0.0,1,133,133
D:/Data/ePillID_data/ePillID_data\classification_data\segmented_nih_pills_224/68788-9054_0_1.jpg,reference,68788-9054,133,False,qwen,G3,0,0,0.0,0,0.6666666666666666,0,G3,133
D:/Data/ePillID_data/ePillID_data\classification_data\segmented_nih_pills_224/68788-9181_0_0.jpg,reference,68788-9181,R;634,True,qwen,R,0,1,0.5,0,0.75,0,R,R 634
D:/Data/ePillID_data/ePillID_data\classification_data\segmented_nih_pills_224/68788-9181_0_1.jpg,reference,68788-9181,R;634,False,qwen,G34,0,0,0.0,0,0.5,0,G34,R 634
D:/Data/ePillID_data/ePillID_data\classification_data\segmented_nih_pills_224/68788-9227_0_0.jpg,reference,68788-9227,MP;542,True,qwen,MP 542,1,1,1.0,1,0.0,1,MP 542,MP 542
D:/Data/ePillID_data/ePillID_data\classification_data\segmented_nih_pills_224/68788-9227_0_1.jpg,reference,68788-9227,MP;542,False,qwen,B 1,0,0,0.0,0,1.0,0,B 1,MP 542
D:/Data/ePillID_data/ePillID_data\classification_data\segmented_nih_pills_224/68788-9235_0_0.jpg,reference,68788-9235,75;GG;333,True,qwen,GG333,0,0,0.0,0,0.2857142857142857,0,GG333,75 GG 333
D:/Data/ePillID_data/ePillID_data\classification_data\segmented_nih_pills_224/68788-9235_0_1.jpg,reference,68788-9235,75;GG;333,False,qwen,75,0,1,0.3333333333333333,0,0.7142857142857143,0,75,75 GG 333
D:/Data/ePillID_data/ePillID_data\classification_data\segmented_nih_pills_224/68788-9308_0_0.jpg,reference,68788-9308,RI62,True,qwen,RI 62,0,0,0.0,0,0.0,1,RI 62,RI62
D:/Data/ePillID_data/ePillID_data\classification_data\segmented_nih_pills_224/68788-9308_0_1.jpg,reference,68788-9308,RI62,False,qwen,T,0,0,0.0,0,1.0,0,T,RI62
D:/Data/ePillID_data/ePillID_data\classification_data\segmented_nih_pills_224/68788-9311_0_0.jpg,reference,68788-9311,PLIVA;788,True,qwen,PLIVA,0,1,0.5,0,0.375,0,PLIVA,PLIVA 788
D:/Data/ePillID_data/ePillID_data\classification_data\segmented_nih_pills_224/68788-9311_0_1.jpg,reference,68788-9311,PLIVA;788,False,qwen,788,0,1,0.5,0,0.625,0,788,PLIVA 788
D:/Data/ePillID_data/ePillID_data\classification_data\segmented_nih_pills_224/68788-9360_0_0.jpg,reference,68788-9360,93;1893,True,qwen,93,0,1,0.5,0,0.6666666666666666,0,93,93 1893
D:/Data/ePillID_data/ePillID_data\classification_data\segmented_nih_pills_224/68788-9360_0_1.jpg,reference,68788-9360,93;1893,False,qwen,1893,0,1,0.5,0,0.3333333333333333,0,1893,93 1893
D:/Data/ePillID_data/ePillID_data\classification_data\segmented_nih_pills_224/68788-9397_0_0.jpg,reference,68788-9397,HP65,True,qwen,HP 65,0,0,0.0,0,0.0,1,HP 65,HP65
D:/Data/ePillID_data/ePillID_data\classification_data\segmented_nih_pills_224/68788-9397_0_1.jpg,reference,68788-9397,HP65,False,qwen,N,0,0,0.0,0,1.0,0,N,HP65
D:/Data/ePillID_data/ePillID_data\classification_data\segmented_nih_pills_224/68788-9509_0_0.jpg,reference,68788-9509,214,True,qwen,214,1,1,1.0,1,0.0,1,214,214
D:/Data/ePillID_data/ePillID_data\classification_data\segmented_nih_pills_224/68788-9509_0_1.jpg,reference,68788-9509,214,False,qwen,T,0,0,0.0,0,1.0,0,T,214
D:/Data/ePillID_data/ePillID_data\classification_data\segmented_nih_pills_224/68788-9686_0_0.jpg,reference,68788-9686,RE;79,True,qwen,RE 79,1,1,1.0,1,0.0,1,RE 79,RE 79
D:/Data/ePillID_data/ePillID_data\classification_data\segmented_nih_pills_224/68788-9686_0_1.jpg,reference,68788-9686,RE;79,False,qwen,T,0,0,0.0,0,1.0,0,T,RE 79
D:/Data/ePillID_data/ePillID_data\classification_data\segmented_nih_pills_224/68788-9712_0_0.jpg,reference,68788-9712,E;4;6,True,qwen,E,0,1,0.3333333333333333,0,0.6666666666666666,0,E,E 4 6
D:/Data/ePillID_data/ePillID_data\classification_data\segmented_nih_pills_224/68788-9712_0_1.jpg,reference,68788-9712,E;4;6,False,qwen,4 6,0,0,0.6666666666666666,0,0.3333333333333333,0,4 6,E 4 6
D:/Data/ePillID_data/ePillID_data\classification_data\segmented_nih_pills_224/68788-9735_0_0.jpg,reference,68788-9735,2266;V,True,qwen,V 5,0,0,0.5,0,1.0,0,V 5,2266 V
D:/Data/ePillID_data/ePillID_data\classification_data\segmented_nih_pills_224/68788-9735_0_1.jpg,reference,68788-9735,2266;V,False,qwen,22 66,0,0,0.0,0,0.2,0,22 66,2266 V
D:/Data/ePillID_data/ePillID_data\classification_data\segmented_nih_pills_224/68788-9766_0_0.jpg,reference,68788-9766,5;ZE;38,True,qwen,ZE 38,0,0,0.6666666666666666,0,0.2,0,ZE 38,5 ZE 38
D:/Data/ePillID_data/ePillID_data\classification_data\segmented_nih_pills_224/68788-9766_0_1.jpg,reference,68788-9766,5;ZE;38,False,qwen,5 5 5,0,0,0.3333333333333333,0,0.8,0,5 5 5,5 ZE 38
D:/Data/ePillID_data/ePillID_data\classification_data\segmented_nih_pills_224/68788-9934_0_0.jpg,reference,68788-9934,WW;27,True,qwen,WW 27,1,1,1.0,1,0.0,1,WW 27,WW 27
D:/Data/ePillID_data/ePillID_data\classification_data\segmented_nih_pills_224/68788-9934_0_1.jpg,reference,68788-9934,WW;27,False,qwen,T,0,0,0.0,0,1.0,0,T,WW 27
D:/Data/ePillID_data/ePillID_data\classification_data\segmented_nih_pills_224/69076-475_0_0.jpg,reference,69076-475,0475,True,qwen,0475,1,1,1.0,1,0.0,1,0475,0475
D:/Data/ePillID_data/ePillID_data\classification_data\segmented_nih_pills_224/69076-475_0_1.jpg,reference,69076-475,0475,False,qwen,250,0,0,0.0,0,1.0,0,250,0475
D:/Data/ePillID_data/ePillID_data\classification_data\segmented_nih_pills_224/69097-125_0_0.jpg,reference,69097-125,125;Cipla,True,qwen,CIPLA,0,1,0.5,0,0.375,0,CIPLA,125 CIPLA
D:/Data/ePillID_data/ePillID_data\classification_data\segmented_nih_pills_224/69097-125_0_1.jpg,reference,69097-125,125;Cipla,False,qwen,125,0,1,0.5,0,0.625,0,125,125 CIPLA
D:/Data/ePillID_data/ePillID_data\classification_data\segmented_nih_pills_224/69097-857_0_0.jpg,reference,69097-857,IG;201,True,qwen,IG,0,1,0.5,0,0.6,0,IG,IG 201
D:/Data/ePillID_data/ePillID_data\classification_data\segmented_nih_pills_224/69097-857_0_1.jpg,reference,69097-857,IG;201,False,qwen,201,0,1,0.5,0,0.4,0,201,IG 201
D:/Data/ePillID_data/ePillID_data\classification_data\segmented_nih_pills_224/69189-0164_0_0.jpg,reference,69189-164,54;848,True,qwen,54 848,1,1,1.0,1,0.0,1,54 848,54 848
D:/Data/ePillID_data/ePillID_data\classification_data\segmented_nih_pills_224/69189-0164_0_1.jpg,reference,69189-164,54;848,False,qwen,G3,0,0,0.0,0,1.0,0,G3,54 848
D:/Data/ePillID_data/ePillID_data\classification_data\segmented_nih_pills_224/69189-0174_0_0.jpg,reference,69189-174,E145,True,qwen,E145,1,1,1.0,1,0.0,1,E145,E145
D:/Data/ePillID_data/ePillID_data\classification_data\segmented_nih_pills_224/69189-0174_0_1.jpg,reference,69189-174,E145,False,qwen,G342,0,0,0.0,0,0.75,0,G342,E145
D:/Data/ePillID_data/ePillID_data\classification_data\segmented_nih_pills_224/69189-0188_0_0.jpg,reference,69189-188,93;132,True,qwen,93,0,1,0.5,0,0.6,0,93,93 132
D:/Data/ePillID_data/ePillID_data\classification_data\segmented_nih_pills_224/69189-0188_0_1.jpg,reference,69189-188,93;132,False,qwen,132,0,1,0.5,0,0.4,0,132,93 132
D:/Data/ePillID_data/ePillID_data\classification_data\segmented_nih_pills_224/69189-0194_0_0.jpg,reference,69189-194,U;130,True,qwen,U 130,1,1,1.0,1,0.0,1,U 130,U 130
D:/Data/ePillID_data/ePillID_data\classification_data\segmented_nih_pills_224/69189-0194_0_1.jpg,reference,69189-194,U;130,False,qwen,G342,0,0,0.0,0,1.0,0,G342,U 130
D:/Data/ePillID_data/ePillID_data\classification_data\segmented_nih_pills_224/69189-0270_0_0.jpg,reference,69189-270,974;HH,True,qwen,HH,0,1,0.5,0,0.6,0,HH,974 HH
D:/Data/ePillID_data/ePillID_data\classification_data\segmented_nih_pills_224/69189-0270_0_1.jpg,reference,69189-270,974;HH,False,qwen,974,0,1,0.5,0,0.4,0,974,974 HH
D:/Data/ePillID_data/ePillID_data\classification_data\segmented_nih_pills_224/69189-0305_0_0.jpg,reference,69189-305,G;304,True,qwen,G 1,0,0,0.5,0,0.75,0,G 1,G 304
D:/Data/ePillID_data/ePillID_data\classification_data\segmented_nih_pills_224/69189-0305_0_1.jpg,reference,69189-305,G;304,False,qwen,304,0,1,0.5,0,0.25,0,304,G 304
D:/Data/ePillID_data/ePillID_data\classification_data\segmented_nih_pills_224/69189-0400_0_0.jpg,reference,69189-400,VP;25,True,qwen,VP 25,1,1,1.0,1,0.0,1,VP 25,VP 25
D:/Data/ePillID_data/ePillID_data\classification_data\segmented_nih_pills_224/69189-0400_0_1.jpg,reference,69189-400,VP;25,False,qwen,G3,0,0,0.0,0,1.0,0,G3,VP 25
D:/Data/ePillID_data/ePillID_data\classification_data\segmented_nih_pills_224/69189-0420_0_0.jpg,reference,69189-420,4;93;350,True,qwen,93 350,0,0,0.6666666666666666,0,0.16666666666666666,0,93 350,4 93 350
D:/Data/ePillID_data/ePillID_data\classification_data\segmented_nih_pills_224/69189-0420_0_1.jpg,reference,69189-420,4;93;350,False,qwen,4,0,1,0.3333333333333333,0,0.8333333333333334,0,4,4 93 350
D:/Data/ePillID_data/ePillID_data\classification_data\segmented_nih_pills_224/69189-1874_0_0.jpg,reference,69189-1874,GGN5,True,qwen,GC N5,0,0,0.0,0,0.25,0,GC N5,GGN5
D:/Data/ePillID_data/ePillID_data\classification_data\segmented_nih_pills_224/69189-1874_0_1.jpg,reference,69189-1874,GGN5,False,qwen,R 1,0,0,0.0,0,1.0,0,R 1,GGN5
D:/Data/ePillID_data/ePillID_data\classification_data\segmented_nih_pills_224/69189-2241_0_0.jpg,reference,69189-2241,FL;40,True,qwen,FL 40,1,1,1.0,1,0.0,1,FL 40,FL 40
D:/Data/ePillID_data/ePillID_data\classification_data\segmented_nih_pills_224/69189-2241_0_1.jpg,reference,69189-2241,FL;40,False,qwen,G342,0,0,0.0,0,0.75,0,G342,FL 40
D:/Data/ePillID_data/ePillID_data\classification_data\segmented_nih_pills_224/69189-3228_0_0.jpg,reference,69189-3228,LILLY;3228;25;mg,True,qwen,LILLY 3228 25 MG,1,1,1.0,1,0.0,1,LILLY 3228 25 MG,LILLY 3228 25 MG
D:/Data/ePillID_data/ePillID_data\classification_data\segmented_nih_pills_224/69189-3228_0_1.jpg,reference,69189-3228,LILLY;3228;25;mg,False,qwen,G342,0,0,0.0,0,0.8461538461538461,0,G342,LILLY 3228 25 MG
D:/Data/ePillID_data/ePillID_data\classification_data\segmented_nih_pills_224/69189-4124_0_0.jpg,reference,69189-4124,T26,True,qwen,T26,1,1,1.0,1,0.0,1,T26,T26
D:/Data/ePillID_data/ePillID_data\classification_data\segmented_nih_pills_224/69189-4124_0_1.jpg,reference,69189-4124,T26,False,qwen,POLYURETHANE,0,0,0.0,0,3.6666666666666665,0,POLYURETHANE,T26
D:/Data/ePillID_data/ePillID_data\classification_data\segmented_nih_pills_224/69189-4234_0_0.jpg,reference,69189-4234,2;Z;4234,True,qwen,Z 4234,0,0,0.6666666666666666,0,0.16666666666666666,0,Z 4234,2 Z 4234
D:/Data/ePillID_data/ePillID_data\classification_data\segmented_nih_pills_224/69189-4234_0_1.jpg,reference,69189-4234,2;Z;4234,False,qwen,2,0,1,0.3333333333333333,0,0.8333333333333334,0,2,2 Z 4234
D:/Data/ePillID_data/ePillID_data\classification_data\segmented_nih_pills_224/69189-5140_0_0.jpg,reference,69189-5140,93;5140,True,qwen,93,0,1,0.5,0,0.6666666666666666,0,93,93 5140
D:/Data/ePillID_data/ePillID_data\classification_data\segmented_nih_pills_224/69189-5140_0_1.jpg,reference,69189-5140,93;5140,False,qwen,5140,0,1,0.5,0,0.3333333333333333,0,5140,93 5140
D:/Data/ePillID_data/ePillID_data\classification_data\segmented_nih_pills_224/69189-5276_0_0.jpg,reference,69189-5276,93;5276,True,qwen,93,0,1,0.5,0,0.6666666666666666,0,93,93 5276
D:/Data/ePillID_data/ePillID_data\classification_data\segmented_nih_pills_224/69189-5276_0_1.jpg,reference,69189-5276,93;5276,False,qwen,5276,0,1,0.5,0,0.3333333333333333,0,5276,93 5276
D:/Data/ePillID_data/ePillID_data\classification_data\segmented_nih_pills_224/69189-5420_0_0.jpg,reference,69189-5420,0;5;5420,True,qwen,05,0,0,0.0,0,0.6666666666666666,0,05,0 5 5420
D:/Data/ePillID_data/ePillID_data\classification_data\segmented_nih_pills_224/69189-5420_0_1.jpg,reference,69189-5420,0;5;5420,False,qwen,5420,0,1,0.3333333333333333,0,0.3333333333333333,0,5420,0 5 5420
D:/Data/ePillID_data/ePillID_data\classification_data\segmented_nih_pills_224/69189-7772_0_0.jpg,reference,69189-7772,7772;100,True,qwen,7772,0,1,0.5,0,0.42857142857142855,0,7772,7772 100
D:/Data/ePillID_data/ePillID_data\classification_data\segmented_nih_pills_224/69189-7772_0_1.jpg,reference,69189-7772,7772;100,False,qwen,100,0,1,0.5,0,0.5714285714285714,0,100,7772 100
D:/Data/ePillID_data/ePillID_data\classification_data\segmented_nih_pills_224/69238-1251_0_0.jpg,reference,69238-1251,NOVO;288,True,qwen,773,0,0,0.0,0,1.0,0,773,NOVO 288
D:/Data/ePillID_data/ePillID_data\classification_data\segmented_nih_pills_224/69238-1251_0_1.jpg,reference,69238-1251,NOVO;288,False,qwen,NOVO 288,1,1,1.0,1,0.0,1,NOVO 288,NOVO 288
D:/Data/ePillID_data/ePillID_data\classification_data\segmented_nih_pills_224/70786-1496_0_0.jpg,reference,70786-1496,GGD6,True,qwen,GGD6,1,1,1.0,1,0.0,1,GGD6,GGD6
D:/Data/ePillID_data/ePillID_data\classification_data\segmented_nih_pills_224/70786-1496_0_1.jpg,reference,70786-1496,GGD6,False,qwen,E,0,0,0.0,0,1.0,0,E,GGD6
D:/Data/ePillID_data/ePillID_data\classification_data\segmented_nih_pills_224/70786-1716_0_0.jpg,reference,70786-1716,TV;4;1716,True,qwen,TV 4,0,0,0.6666666666666666,0,0.5714285714285714,0,TV 4,TV 4 1716
D:/Data/ePillID_data/ePillID_data\classification_data\segmented_nih_pills_224/70786-1716_0_1.jpg,reference,70786-1716,TV;4;1716,False,qwen,1716,0,1,0.3333333333333333,0,0.42857142857142855,0,1716,TV 4 1716
D:/Data/ePillID_data/ePillID_data\classification_data\segmented_nih_pills_224/70786-1718_0_0.jpg,reference,70786-1718,TV;6;1718,True,qwen,TV 6,0,0,0.6666666666666666,0,0.5714285714285714,0,TV 6,TV 6 1718
D:/Data/ePillID_data/ePillID_data\classification_data\segmented_nih_pills_224/70786-1718_0_1.jpg,reference,70786-1718,TV;6;1718,False,qwen,1718,0,1,0.3333333333333333,0,0.42857142857142855,0,1718,TV 6 1718
D:/Data/ePillID_data/ePillID_data\classification_data\segmented_nih_pills_224/76237-112_0_0.jpg,reference,76237-112,debossed;TCL;011;on;one;side;and;plain;on;the;other,True,qwen,TCL 011,0,0,0.18181818181818182,0,0.8536585365853658,0,TCL 011,DEBOSSED TCL 011 ON ONE SIDE AND PLAIN ON THE OTHER
D:/Data/ePillID_data/ePillID_data\classification_data\segmented_nih_pills_224/76237-112_0_1.jpg,reference,76237-112,debossed;TCL;011;on;one;side;and;plain;on;the;other,False,qwen,G3,0,0,0.0,0,1.0,0,G3,DEBOSSED TCL 011 ON ONE SIDE AND PLAIN ON THE OTHER
D:/Data/ePillID_data/ePillID_data\classification_data\segmented_nih_pills_224/76237-129_0_0.jpg,reference,76237-129,R;on;one;side;and;539;and;bisect;on;the;other,True,qwen,R,0,1,0.09090909090909091,0,0.9714285714285714,0,R,R ON ONE SIDE AND 539 AND BISECT ON THE OTHER
D:/Data/ePillID_data/ePillID_data\classification_data\segmented_nih_pills_224/76237-129_0_1.jpg,reference,76237-129,R;on;one;side;and;539;and;bisect;on;the;other,False,qwen,539,0,1,0.09090909090909091,0,0.9142857142857143,0,539,R ON ONE SIDE AND 539 AND BISECT ON THE OTHER
D:/Data/ePillID_data/ePillID_data\classification_data\segmented_nih_pills_224/76237-160_0_0.jpg,reference,76237-160,TL012,True,qwen,IG,0,0,0.0,0,1.0,0,IG,TL012
D:/Data/ePillID_data/ePillID_data\classification_data\segmented_nih_pills_224/76237-160_0_1.jpg,reference,76237-160,TL012,False,qwen,210,0,0,0.0,0,0.8,0,210,TL012
D:/Data/ePillID_data/ePillID_data\classification_data\segmented_nih_pills_224/76237-202_0_0.jpg,reference,76237-202,93;7234,True,qwen,93,0,1,0.5,0,0.6666666666666666,0,93,93 7234
D:/Data/ePillID_data/ePillID_data\classification_data\segmented_nih_pills_224/76237-202_0_1.jpg,reference,76237-202,93;7234,False,qwen,7234,0,1,0.5,0,0.3333333333333333,0,7234,93 7234
D:/Data/ePillID_data/ePillID_data\classification_data\segmented_nih_pills_224/76237-250_0_0.jpg,reference,76237-250,GG531,True,qwen,GG531,1,1,1.0,1,0.0,1,GG531,GG531
D:/Data/ePillID_data/ePillID_data\classification_data\segmented_nih_pills_224/76237-250_0_1.jpg,reference,76237-250,GG531,False,qwen,TEVA,0,0,0.0,0,1.0,0,TEVA,GG531
D:/Data/ePillID_data/ePillID_data\classification_data\segmented_nih_pills_224/76237-303_0_0.jpg,reference,76237-303,60;60;1105,True,qwen,1105,0,1,0.3333333333333333,0,0.5,0,1105,60 60 1105
D:/Data/ePillID_data/ePillID_data\classification_data\segmented_nih_pills_224/76237-303_0_1.jpg,reference,76237-303,60;60;1105,False,qwen,60 60,0,0,0.6666666666666666,0,0.5,0,60 60,60 60 1105
D:/Data/ePillID_data/ePillID_data\classification_data\segmented_nih_pills_224/76413-110_0_0.jpg,reference,76413-110,ML;64,True,qwen,ML 64,1,1,1.0,1,0.0,1,ML 64,ML 64
D:/Data/ePillID_data/ePillID_data\classification_data\segmented_nih_pills_224/76413-110_0_1.jpg,reference,76413-110,ML;64,False,qwen,M B,0,0,0.0,0,0.75,0,M B,ML 64
D:/Data/ePillID_data/ePillID_data\classification_data\segmented_nih_pills_224/76439-302_0_0.jpg,reference,76439-302,VP;302,True,qwen,VP302,0,0,0.0,0,0.0,1,VP302,VP 302
D:/Data/ePillID_data/ePillID_data\classification_data\segmented_nih_pills_224/76439-302_0_1.jpg,reference,76439-302,VP;302,False,qwen,T,0,0,0.0,0,1.0,0,T,VP 302
D:/Data/ePillID_data/ePillID_data\classification_data\segmented_nih_pills_224/76519-1004_0_0.jpg,reference,76519-1004,RDY;197,True,qwen,RDY,0,1,0.5,0,0.5,0,RDY,RDY 197
D:/Data/ePillID_data/ePillID_data\classification_data\segmented_nih_pills_224/76519-1004_0_1.jpg,reference,76519-1004,RDY;197,False,qwen,197,0,1,0.5,0,0.5,0,197,RDY 197
D:/Data/ePillID_data/ePillID_data\classification_data\fcn_mix_weight/dc_224/1006.jpg,consumer,93-7220,93;7220,True,qwen,93,0,1,0.5,0,0.6666666666666666,0,93,93 7220
D:/Data/ePillID_data/ePillID_data\classification_data\fcn_mix_weight/dc_224/1008.jpg,consumer,93-5256,TEVA;5256,False,qwen,G342,0,0,0.0,0,0.875,0,G342,TEVA 5256
D:/Data/ePillID_data/ePillID_data\classification_data\fcn_mix_weight/dc_224/1019.jpg,consumer,378-3632,M;C32,True,qwen,M V,0,0,0.5,0,0.75,0,M V,M C32
D:/Data/ePillID_data/ePillID_data\classification_data\fcn_mix_weight/dc_224/1024.jpg,consumer,59762-5024,G;22,False,qwen,N,0,0,0.0,0,1.0,0,N,G 22
D:/Data/ePillID_data/ePillID_data\classification_data\fcn_mix_weight/dc_224/1031.jpg,consumer,555-633,barr;633,True,qwen,BARR 633,1,1,1.0,1,0.0,1,BARR 633,BARR 633
D:/Data/ePillID_data/ePillID_data\classification_data\fcn_mix_weight/dc_224/1041.jpg,consumer,781-5185,112;GG;336,True,qwen,GG336,0,0,0.0,0,0.375,0,GG336,112 GG 336
D:/Data/ePillID_data/ePillID_data\classification_data\fcn_mix_weight/dc_224/1043.jpg,consumer,93-3195,TEVA;3195,True,qwen,TEVA 3195,1,1,1.0,1,0.0,1,TEVA 3195,TEVA 3195
D:/Data/ePillID_data/ePillID_data\classification_data\fcn_mix_weight/dc_224/1049.jpg,consumer,68180-479,LL;C03,True,qwen,LL,0,1,0.5,0,0.6,0,LL,LL C03
D:/Data/ePillID_data/ePillID_data\classification_data\fcn_mix_weight/dc_224/1056.jpg,consumer,51285-538,OP;718,False,qwen,T,0,0,0.0,0,1.0,0,T,OP 718
D:/Data/ePillID_data/ePillID_data\classification_data\fcn_mix_weight/dc_224/106.jpg,consumer,93-7242,93;7242,False,qwen,7242 Z,0,0,0.5,0,0.5,0,7242 Z,93 7242
D:/Data/ePillID_data/ePillID_data\classification_data\fcn_mix_weight/dc_224/1062.jpg,consumer,74-6594,SYNTHROID;88,False,qwen,88,0,1,0.5,0,0.8181818181818182,0,88,SYNTHROID 88
D:/Data/ePillID_data/ePillID_data\classification_data\fcn_mix_weight/dc_224/107.jpg,consumer,68180-479,LL;C03,True,qwen,77,0,0,0.0,0,1.0,0,77,LL C03
D:/Data/ePillID_data/ePillID_data\classification_data\fcn_mix_weight/dc_224/1080.jpg,consumer,93-8035,3;035;N,True,qwen,Z,0,0,0.0,0,1.0,0,Z,3 035 N
D:/Data/ePillID_data/ePillID_data\classification_data\fcn_mix_weight/dc_224/1086.jpg,consumer,832-1025,832;BC20,False,qwen,E 1,0,0,0.0,0,1.0,0,E 1,832 BC20
D:/Data/ePillID_data/ePillID_data\classification_data\fcn_mix_weight/dc_224/1099.jpg,consumer,93-7242,93;7242,True,qwen,M B,0,0,0.0,0,1.0,0,M B,93 7242
D:/Data/ePillID_data/ePillID_data\classification_data\fcn_mix_weight/dc_224/111.jpg,consumer,23-9350,SAN;60,True,qwen,SAN 60,1,1,1.0,1,0.0,1,SAN 60,SAN 60
D:/Data/ePillID_data/ePillID_data\classification_data\fcn_mix_weight/dc_224/1117.jpg,consumer,99207-461,DYN;090,True,qwen,DYN 090,1,1,1.0,1,0.0,1,DYN 090,DYN 090
D:/Data/ePillID_data/ePillID_data\classification_data\fcn_mix_weight/dc_224/1121.jpg,consumer,93-4405,4405;200,False,qwen,200,0,1,0.5,0,0.5714285714285714,0,200,4405 200
D:/Data/ePillID_data/ePillID_data\classification_data\fcn_mix_weight/dc_224/1134.jpg,consumer,29033-20,NC;200,True,qwen,NC 200,1,1,1.0,1,0.0,1,NC 200,NC 200
D:/Data/ePillID_data/ePillID_data\classification_data\fcn_mix_weight/dc_224/1144.jpg,consumer,555-1021,barr;16;mg;1021,True,qwen,BARR 16 MG 1021,1,1,1.0,1,0.0,1,BARR 16 MG 1021,BARR 16 MG 1021
D:/Data/ePillID_data/ePillID_data\classification_data\fcn_mix_weight/dc_224/1145.jpg,consumer,555-9010,b;944,False,qwen,446,0,0,0.0,0,0.75,0,446,B 944
D:/Data/ePillID_data/ePillID_data\classification_data\fcn_mix_weight/dc_224/1159.jpg,consumer,93-7304,93;7304,True,qwen,93,0,1,0.5,0,0.6666666666666666,0,93,93 7304
D:/Data/ePillID_data/ePillID_data\classification_data\fcn_mix_weight/dc_224/1161.jpg,consumer,378-232,MYLAN;232;80,False,qwen,80,0,1,0.3333333333333333,0,0.8,0,80,MYLAN 232 80
D:/Data/ePillID_data/ePillID_data\classification_data\fcn_mix_weight/dc_224/1164.jpg,consumer,93-7178,7178;93,False,qwen,7173,0,0,0.0,0,0.3333333333333333,0,7173,7178 93
D:/Data/ePillID_data/ePillID_data\classification_data\fcn_mix_weight/dc_224/1168.jpg,consumer,93-7338,93;7338;93;7338,True,qwen,93 7338 93 7338,1,1,1.0,1,0.0,1,93 7338 93 7338,93 7338 93 7338
D:/Data/ePillID_data/ePillID_data\classification_data\fcn_mix_weight/dc_224/1169.jpg,consumer,555-1021,barr;16;mg;1021,False,qwen,G342,0,0,0.0,0,0.8333333333333334,0,G342,BARR 16 MG 1021
D:/Data/ePillID_data/ePillID_data\classification_data\fcn_mix_weight/dc_224/1174.jpg,consumer,93-5171,93;5171,False,qwen,5171,0,1,0.5,0,0.3333333333333333,0,5171,93 5171
D:/Data/ePillID_data/ePillID_data\classification_data\fcn_mix_weight/dc_224/1176.jpg,consumer,54-4182,54;943,False,qwen,250,0,0,0.0,0,1.0,0,250,54 943
D:/Data/ePillID_data/ePillID_data\classification_data\fcn_mix_weight/dc_224/1180.jpg,consumer,777-3105,DISTA;3105;Prozac;20;mg,False,qwen,11,0,0,0.0,0,0.9473684210526315,0,11,DISTA 3105 PROZAC 20 MG
D:/Data/ePillID_data/ePillID_data\classification_data\fcn_mix_weight/dc_224/1183.jpg,consumer,13811-583,T583,False,qwen,E 1,0,0,0.0,0,1.0,0,E 1,T583
D:/Data/ePillID_data/ePillID_data\classification_data\fcn_mix_weight/dc_224/1185.jpg,consumer,597-46,54;193,True,qwen,54 193,1,1,1.0,1,0.0,1,54 193,54 193
D:/Data/ePillID_data/ePillID_data\classification_data\fcn_mix_weight/dc_224/1187.jpg,consumer,378-1105,MYLAN;G1,False,qwen,T,0,0,0.0,0,1.0,0,T,MYLAN G1
D:/Data/ePillID_data/ePillID_data\classification_data\fcn_mix_weight/dc_224/1191.jpg,consumer,93-5112,BVF;120;BVF;120,False,qwen,G342,0,0,0.0,0,0.9166666666666666,0,G342,BVF 120 BVF 120
D:/Data/ePillID_data/ePillID_data\classification_data\fcn_mix_weight/dc_224/1197.jpg,consumer,49884-401,P;401,False,qwen,401,0,1,0.5,0,0.25,0,401,P 401
D:/Data/ePillID_data/ePillID_data\classification_data\fcn_mix_weight/dc_224/12.jpg,consumer,93-7426,TV;7426,True,qwen,E 3,0,0,0.0,0,1.0,0,E 3,TV 7426
D:/Data/ePillID_data/ePillID_data\classification_data\fcn_mix_weight/dc_224/1200.jpg,consumer,93-3147,TEVA;3147,False,qwen,RED,0,0,0.0,0,0.875,0,RED,TEVA 3147
D:/Data/ePillID_data/ePillID_data\classification_data\fcn_mix_weight/dc_224/121.jpg,consumer,93-199,9;3;199,True,qwen,3 3,0,0,0.3333333333333333,0,0.8,0,3 3,9 3 199
D:/Data/ePillID_data/ePillID_data\classification_data\fcn_mix_weight/dc_224/1220.jpg,consumer,23-9350,SAN;60,True,qwen,SAN 60,1,1,1.0,1,0.0,1,SAN 60,SAN 60
D:/Data/ePillID_data/ePillID_data\classification_data\fcn_mix_weight/dc_224/123.jpg,consumer,186-520,500;20,True,qwen,500 20,1,1,1.0,1,0.0,1,500 20,500 20
D:/Data/ePillID_data/ePillID_data\classification_data\fcn_mix_weight/dc_224/1232.jpg,consumer,66582-313,313,True,qwen,318,0,0,0.0,0,0.3333333333333333,0,318,313
D:/Data/ePillID_data/ePillID_data\classification_data\fcn_mix_weight/dc_224/1237.jpg,consumer,555-969,b;969;100,False,qwen,969 100,0,0,0.6666666666666666,0,0.14285714285714285,0,969 100,B 969 100
D:/Data/ePillID_data/ePillID_data\classification_data\fcn_mix_weight/dc_224/1238.jpg,consumer,93-4237,80;Z;4237,False,qwen,80,0,1,0.3333333333333333,0,0.7142857142857143,0,80,80 Z 4237
D:/Data/ePillID_data/ePillID_data\classification_data\fcn_mix_weight/dc_224/124.jpg,consumer,93-5126,93;5126,True,qwen,93,0,1,0.5,0,0.6666666666666666,0,93,93 5126
D:/Data/ePillID_data/ePillID_data\classification_data\fcn_mix_weight/dc_224/1253.jpg,consumer,378-1105,MYLAN;G1,True,qwen,MYLAN G1,1,1,1.0,1,0.0,1,MYLAN G1,MYLAN G1
D:/Data/ePillID_data/ePillID_data\classification_data\fcn_mix_weight/dc_224/1257.jpg,consumer,51285-87,b;556,True,qwen,B 5,0,0,0.5,0,0.5,0,B 5,B 556
D:/Data/ePillID_data/ePillID_data\classification_data\fcn_mix_weight/dc_224/126.jpg,consumer,51285-697,OP;697,False,qwen,PLAIN,0,0,0.0,0,1.0,0,PLAIN,OP 697
D:/Data/ePillID_data/ePillID_data\classification_data\fcn_mix_weight/dc_224/1262.jpg,consumer,93-753,753;TEVA,True,qwen,TEVA,0,1,0.5,0,0.42857142857142855,0,TEVA,753 TEVA
D:/Data/ePillID_data/ePillID_data\classification_data\fcn_mix_weight/dc_224/1263.jpg,consumer,93-5710,5710;1;25;250,True,qwen,5710,0,1,0.25,0,0.6,0,5710,5710 1 25 250
D:/Data/ePillID_data/ePillID_data\classification_data\fcn_mix_weight/dc_224/127.jpg,consumer,93-7334,TEVA;7334,False,qwen,ZMK,0,0,0.0,0,1.0,0,ZMK,TEVA 7334
D:/Data/ePillID_data/ePillID_data\classification_data\fcn_mix_weight/dc_224/1273.jpg,consumer,555-9010,b;944,True,qwen,6,0,0,0.0,0,1.0,0,6,B 944
D:/Data/ePillID_data/ePillID_data\classification_data\fcn_mix_weight/dc_224/1288.jpg,consumer,99207-467,DYN;105,False,qwen,G342,0,0,0.0,0,1.0,0,G342,DYN 105
D:/Data/ePillID_data/ePillID_data\classification_data\fcn_mix_weight/dc_224/1305.jpg,consumer,93-5852,5852;20,False,qwen,585,0,0,0.0,0,0.5,0,585,5852 20
D:/Data/ePillID_data/ePillID_data\classification_data\fcn_mix_weight/dc_224/1317.jpg,consumer,68968-3500,NVN2,False,qwen,MANS,0,0,0.0,0,0.75,0,MANS,NVN2
D:/Data/ePillID_data/ePillID_data\classification_data\fcn_mix_weight/dc_224/1325.jpg,consumer,93-7234,93;7234,False,qwen,7234,0,1,0.5,0,0.3333333333333333,0,7234,93 7234
D:/Data/ePillID_data/ePillID_data\classification_data\fcn_mix_weight/dc_224/1328.jpg,consumer,378-216,MYLAN;216;40,False,qwen,LL0,0,0,0.0,0,0.8,0,LL0,MYLAN 216 40
D:/Data/ePillID_data/ePillID_data\classification_data\fcn_mix_weight/dc_224/1330.jpg,consumer,62-2085,A,True,qwen,E 1,0,0,0.0,0,2.0,0,E 1,A
D:/Data/ePillID_data/ePillID_data\classification_data\fcn_mix_weight/dc_224/1333.jpg,consumer,93-7256,9;3;72;56,False,qwen,72 56,0,0,0.5,0,0.3333333333333333,0,72 56,9 3 72 56
D:/Data/ePillID_data/ePillID_data\classification_data\fcn_mix_weight/dc_224/1335.jpg,consumer,93-5852,5852;20,True,qwen,20,0,1,0.5,0,0.6666666666666666,0,20,5852 20
D:/Data/ePillID_data/ePillID_data\classification_data\fcn_mix_weight/dc_224/1337.jpg,consumer,68968-3500,NVN2,True,qwen,NVN2,1,1,1.0,1,0.0,1,NVN2,NVN2
D:/Data/ePillID_data/ePillID_data\classification_data\fcn_mix_weight/dc_224/1346.jpg,consumer,781-5186,125;GG;337,True,qwen,66397,0,0,0.0,0,0.75,0,66397,125 GG 337
D:/Data/ePillID_data/ePillID_data\classification_data\fcn_mix_weight/dc_224/1349.jpg,consumer,93-2272,93;2272,True,qwen,93,0,1,0.5,0,0.6666666666666666,0,93,93 2272
D:/Data/ePillID_data/ePillID_data\classification_data\fcn_mix_weight/dc_224/1356.jpg,consumer,93-7178,7178;93,True,qwen,93,0,1,0.5,0,0.6666666666666666,0,93,7178 93
D:/Data/ePillID_data/ePillID_data\classification_data\fcn_mix_weight/dc_224/1362.jpg,consumer,93-787,787;TEVA,False,qwen,737,0,0,0.0,0,0.7142857142857143,0,737,787 TEVA
D:/Data/ePillID_data/ePillID_data\classification_data\fcn_mix_weight/dc_224/1364.jpg,consumer,93-4236,40;Z;4236,False,qwen,40,0,1,0.3333333333333333,0,0.7142857142857143,0,40,40 Z 4236
D:/Data/ePillID_data/ePillID_data\classification_data\fcn_mix_weight/dc_224/137.jpg,consumer,555-633,barr;633,True,qwen,BARR 633,1,1,1.0,1,0.0,1,BARR 633,BARR 633
D:/Data/ePillID_data/ePillID_data\classification_data\fcn_mix_weight/dc_224/1372.jpg,consumer,555-9008,b;944,True,qwen,B,0,1,0.5,0,0.75,0,B,B 944
D:/Data/ePillID_data/ePillID_data\classification_data\fcn_mix_weight/dc_224/1376.jpg,consumer,53489-146,MP;85,True,qwen,385,0,0,0.0,0,0.5,0,385,MP 85
D:/Data/ePillID_data/ePillID_data\classification_data\fcn_mix_weight/dc_224/1378.jpg,consumer,93-536,93;536,False,qwen,536,0,1,0.5,0,0.4,0,536,93 536
D:/Data/ePillID_data/ePillID_data\classification_data\fcn_mix_weight/dc_224/1379.jpg,consumer,93-7426,TV;7426,True,qwen,Z 2,0,0,0.0,0,0.8333333333333334,0,Z 2,TV 7426
D:/Data/ePillID_data/ePillID_data\classification_data\fcn_mix_weight/dc_224/138.jpg,consumer,2-4463,C;10,True,qwen,C 30,0,0,0.5,0,0.3333333333333333,0,C 30,C 10
D:/Data/ePillID_data/ePillID_data\classification_data\fcn_mix_weight/dc_224/1385.jpg,consumer,555-607,555;607;barr,True,qwen,BARR,0,1,0.3333333333333333,0,0.6,0,BARR,555 607 BARR
D:/Data/ePillID_data/ePillID_data\classification_data\fcn_mix_weight/dc_224/139.jpg,consumer,93-784,93;784,True,qwen,93 784,1,1,1.0,1,0.0,1,93 784,93 784
D:/Data/ePillID_data/ePillID_data\classification_data\fcn_mix_weight/dc_224/1392.jpg,consumer,68382-24,Z;67,True,qwen,Z 67,1,1,1.0,1,0.0,1,Z 67,Z 67
D:/Data/ePillID_data/ePillID_data\classification_data\fcn_mix_weight/dc_224/1393.jpg,consumer,93-733,93;733,False,qwen,T,0,0,0.0,0,1.0,0,T,93 733
D:/Data/ePillID_data/ePillID_data\classification_data\fcn_mix_weight/dc_224/1396.jpg,consumer,603-3741,3171;V,True,qwen,3171 V,1,1,1.0,1,0.0,1,3171 V,3171 V
D:/Data/ePillID_data/ePillID_data\classification_data\fcn_mix_weight/dc_224/1400.jpg,consumer,378-1165,M;B3;5;5;5,True,qwen,M BE,0,0,0.2,0,0.6666666666666666,0,M BE,M B3 5 5 5
D:/Data/ePillID_data/ePillID_data\classification_data\fcn_mix_weight/dc_224/1401.jpg,consumer,93-4405,4405;200,True,qwen,Z4405,0,0,0.0,0,0.5714285714285714,0,Z4405,4405 200
D:/Data/ePillID_data/ePillID_data\classification_data\fcn_mix_weight/dc_224/1411.jpg,consumer,93-4741,4741;9;3,True,qwen,9 3,0,0,0.6666666666666666,0,0.6666666666666666,0,9 3,4741 9 3
D:/Data/ePillID_data/ePillID_data\classification_data\fcn_mix_weight/dc_224/1413.jpg,consumer,93-4237,80;Z;4237,False,qwen,80,0,1,0.3333333333333333,0,0.7142857142857143,0,80,80 Z 4237
D:/Data/ePillID_data/ePillID_data\classification_data\fcn_mix_weight/dc_224/1419.jpg,consumer,2-4463,C;10,False,qwen,T,0,0,0.0,0,1.0,0,T,C 10
D:/Data/ePillID_data/ePillID_data\classification_data\fcn_mix_weight/dc_224/142.jpg,consumer,78-521,NVR;LCI,False,qwen,LCI,0,1,0.5,0,0.5,0,LCI,NVR LCI
D:/Data/ePillID_data/ePillID_data\classification_data\fcn_mix_weight/dc_224/1424.jpg,consumer,52544-913,WATSON;913,False,qwen,913,0,1,0.5,0,0.6666666666666666,0,913,WATSON 913
D:/Data/ePillID_data/ePillID_data\classification_data\fcn_mix_weight/dc_224/1425.jpg,consumer,3-4222,2;5;1000;4222,False,qwen,2 5 1000,0,0,0.75,0,0.4,0,2 5 1000,2 5 1000 4222
D:/Data/ePillID_data/ePillID_data\classification_data\fcn_mix_weight/dc_224/1427.jpg,consumer,53489-146,MP;85,True,qwen,MP 85,1,1,1.0,1,0.0,1,MP 85,MP 85
D:/Data/ePillID_data/ePillID_data\classification_data\fcn_mix_weight/dc_224/1430.jpg,consumer,93-7380,9;3;7380,False,qwen,7380,0,1,0.3333333333333333,0,0.3333333333333333,0,7380,9 3 7380
D:/Data/ePillID_data/ePillID_data\classification_data\fcn_mix_weight/dc_224/1445.jpg,consumer,555-969,b;969;100,True,qwen,B,0,1,0.3333333333333333,0,0.8571428571428571,0,B,B 969 100
D:/Data/ePillID_data/ePillID_data\classification_data\fcn_mix_weight/dc_224/1446.jpg,consumer,93-7158,93;7158,True,qwen,93,0,1,0.5,0,0.6666666666666666,0,93,93 7158
D:/Data/ePillID_data/ePillID_data\classification_data\fcn_mix_weight/dc_224/1455.jpg,consumer,53489-648,Mutual;866,False,qwen,B 1,0,0,0.0,0,1.0,0,B 1,MUTUAL 866
D:/Data/ePillID_data/ePillID_data\classification_data\fcn_mix_weight/dc_224/1459.jpg,consumer,143-9920,H5,True,qwen,T,0,0,0.0,0,1.0,0,T,H5
D:/Data/ePillID_data/ePillID_data\classification_data\fcn_mix_weight/dc_224/1464.jpg,consumer,7-4892,SB;4892,False,qwen,4892,0,1,0.5,0,0.3333333333333333,0,4892,SB 4892
D:/Data/ePillID_data/ePillID_data\classification_data\fcn_mix_weight/dc_224/1468.jpg,consumer,68462-360,IG;275,False,qwen,TE,0,0,0.0,0,1.0,0,TE,IG 275
D:/Data/ePillID_data/ePillID_data\classification_data\fcn_mix_weight/dc_224/1478.jpg,consumer,597-46,54;193,True,qwen,54 193,1,1,1.0,1,0.0,1,54 193,54 193
D:/Data/ePillID_data/ePillID_data\classification_data\fcn_mix_weight/dc_224/1480.jpg,consumer,555-9026,b;247,True,qwen,G,0,0,0.0,0,1.0,0,G,B 247
D:/Data/ePillID_data/ePillID_data\classification_data\fcn_mix_weight/dc_224/1487.jpg,consumer,37-2250,SOMA;250,False,qwen,E,0,0,0.0,0,1.0,0,E,SOMA 250
D:/Data/ePillID_data/ePillID_data\classification_data\fcn_mix_weight/dc_224/1490.jpg,consumer,93-1172,93;1172,True,qwen,93,0,1,0.5,0,0.6666666666666666,0,93,93 1172
D:/Data/ePillID_data/ePillID_data\classification_data\fcn_mix_weight/dc_224/1491.jpg,consumer,93-5852,5852;20,False,qwen,859,0,0,0.0,0,0.6666666666666666,0,859,5852 20
D:/Data/ePillID_data/ePillID_data\classification_data\fcn_mix_weight/dc_224/1497.jpg,consumer,93-199,9;3;199,False,qwen,199,0,1,0.3333333333333333,0,0.4,0,199,9 3 199
D:/Data/ePillID_data/ePillID_data\classification_data\fcn_mix_weight/dc_224/1498.jpg,consumer,93-2929,2929;93,True,qwen,93 2929,0,0,1.0,1,0.6666666666666666,0,93 2929,2929 93
D:/Data/ePillID_data/ePillID_data\classification_data\fcn_mix_weight/dc_224/1510.jpg,consumer,378-7003,M;N3,False,qwen,MACARON,0,0,0.0,0,2.0,0,MACARON,M N3
D:/Data/ePillID_data/ePillID_data\classification_data\fcn_mix_weight/dc_224/1511.jpg,consumer,93-5247,TV;U7;15,False,qwen,15,0,1,0.3333333333333333,0,0.6666666666666666,0,15,TV U7 15
D:/Data/ePillID_data/ePillID_data\classification_data\fcn_mix_weight/dc_224/1533.jpg,consumer,93-3167,TEVA;3167,True,qwen,TEVA 3167,1,1,1.0,1,0.0,1,TEVA 3167,TEVA 3167
D:/Data/ePillID_data/ePillID_data\classification_data\fcn_mix_weight/dc_224/1534.jpg,consumer,93-3147,TEVA;3147,True,qwen,TEVA 247,0,0,0.5,0,0.25,0,TEVA 247,TEVA 3147
D:/Data/ePillID_data/ePillID_data\classification_data\fcn_mix_weight/dc_224/1535.jpg,consumer,51285-87,b;556,True,qwen,B 1,0,0,0.5,0,0.75,0,B 1,B 556
D:/Data/ePillID_data/ePillID_data\classification_data\fcn_mix_weight/dc_224/1543.jpg,consumer,172-7312,100;mg,True,qwen,100 MG,1,1,1.0,1,0.0,1,100 MG,100 MG
D:/Data/ePillID_data/ePillID_data\classification_data\fcn_mix_weight/dc_224/1545.jpg,consumer,93-5256,TEVA;5256,True,qwen,TEVA 5256,1,1,1.0,1,0.0,1,TEVA 5256,TEVA 5256
D:/Data/ePillID_data/ePillID_data\classification_data\fcn_mix_weight/dc_224/1549.jpg,consumer,310-282,XR;200,True,qwen,XR 200,1,1,1.0,1,0.0,1,XR 200,XR 200
D:/Data/ePillID_data/ePillID_data\classification_data\fcn_mix_weight/dc_224/1554.jpg,consumer,555-633,barr;633,False,qwen,G342,0,0,0.0,0,1.0,0,G342,BARR 633
D:/Data/ePillID_data/ePillID_data\classification_data\fcn_mix_weight/dc_224/1559.jpg,consumer,93-7465,TEVA;7465,False,qwen,7465,0,1,0.5,0,0.5,0,7465,TEVA 7465
D:/Data/ePillID_data/ePillID_data\classification_data\fcn_mix_weight/dc_224/1562.jpg,consumer,93-7436,93;7436;93;7436,False,qwen,H,0,0,0.0,0,1.0,0,H,93 7436 93 7436
D:/Data/ePillID_data/ePillID_data\classification_data\fcn_mix_weight/dc_224/157.jpg,consumer,50111-328,PLIVA;328,True,qwen,PLIVA 8232,0,0,0.5,0,0.375,0,PLIVA 8232,PLIVA 328
D:/Data/ePillID_data/ePillID_data\classification_data\fcn_mix_weight/dc_224/1571.jpg,consumer,93-199,9;3;199,True,qwen,9 3,0,0,0.6666666666666666,0,0.6,0,9 3,9 3 199
D:/Data/ePillID_data/ePillID_data\classification_data\fcn_mix_weight/dc_224/1577.jpg,consumer,781-5186,125;GG;337,False,qwen,125,0,1,0.3333333333333333,0,0.625,0,125,125 GG 337
D:/Data/ePillID_data/ePillID_data\classification_data\fcn_mix_weight/dc_224/1581.jpg,consumer,55111-268,RDY;268,True,qwen,RDY,0,1,0.5,0,0.5,0,RDY,RDY 268
D:/Data/ePillID_data/ePillID_data\classification_data\fcn_mix_weight/dc_224/1584.jpg,consumer,378-186,MYLAN;186,False,qwen,T,0,0,0.0,0,1.0,0,T,MYLAN 186
D:/Data/ePillID_data/ePillID_data\classification_data\fcn_mix_weight/dc_224/1586.jpg,consumer,65597-701,Sankyo;C01,True,qwen,SANKYO C01,1,1,1.0,1,0.0,1,SANKYO C01,SANKYO C01
D:/Data/ePillID_data/ePillID_data\classification_data\fcn_mix_weight/dc_224/159.jpg,consumer,93-308,93;308,True,qwen,93 308,1,1,1.0,1,0.0,1,93 308,93 308
D:/Data/ePillID_data/ePillID_data\classification_data\fcn_mix_weight/dc_224/1591.jpg,consumer,93-7167,93;7167,True,qwen,93,0,1,0.5,0,0.6666666666666666,0,93,93 7167
D:/Data/ePillID_data/ePillID_data\classification_data\fcn_mix_weight/dc_224/1593.jpg,consumer,555-9014,b;208,True,qwen,B 6,0,0,0.5,0,0.75,0,B 6,B 208
D:/Data/ePillID_data/ePillID_data\classification_data\fcn_mix_weight/dc_224/1595.jpg,consumer,777-3105,DISTA;3105;Prozac;20;mg,False,qwen,BIO 101,0,0,0.0,0,0.8421052631578947,0,BIO 101,DISTA 3105 PROZAC 20 MG
D:/Data/ePillID_data/ePillID_data\classification_data\fcn_mix_weight/dc_224/1615.jpg,consumer,93-5171,93;5171,False,qwen,5171,0,1,0.5,0,0.3333333333333333,0,5171,93 5171
D:/Data/ePillID_data/ePillID_data\classification_data\fcn_mix_weight/dc_224/162.jpg,consumer,378-7003,M;N3,True,qwen,M N3,1,1,1.0,1,0.0,1,M N3,M N3
D:/Data/ePillID_data/ePillID_data\classification_data\fcn_mix_weight/dc_224/1623.jpg,consumer,93-784,93;784,True,qwen,93 784,1,1,1.0,1,0.0,1,93 784,93 784
D:/Data/ePillID_data/ePillID_data\classification_data\fcn_mix_weight/dc_224/1626.jpg,consumer,2-3250,LILLY;3250;80;mg,True,qwen,SIDAY 3250 80 MG,0,0,0.75,0,0.23076923076923078,0,SIDAY 3250 80 MG,LILLY 3250 80 MG
D:/Data/ePillID_data/ePillID_data\classification_data\fcn_mix_weight/dc_224/1628.jpg,consumer,93-753,753;TEVA,False,qwen,ES3 753,0,0,0.5,0,0.8571428571428571,0,ES3 753,753 TEVA
D:/Data/ePillID_data/ePillID_data\classification_data\fcn_mix_weight/dc_224/1629.jpg,consumer,59762-2004,G;2004,True,qwen,2004,0,1,0.5,0,0.2,0,2004,G 2004
D:/Data/ePillID_data/ePillID_data\classification_data\fcn_mix_weight/dc_224/1638.jpg,consumer,78-358,NVR;DV,True,qwen,D V,0,0,0.0,0,0.6,0,D V,NVR DV
D:/Data/ePillID_data/ePillID_data\classification_data\fcn_mix_weight/dc_224/1649.jpg,consumer,93-733,93;733,True,qwen,T 6,0,0,0.0,0,1.0,0,T 6,93 733
D:/Data/ePillID_data/ePillID_data\classification_data\fcn_mix_weight/dc_224/1650.jpg,consumer,93-2268,9;3;2268,False,qwen,2258,0,0,0.0,0,0.5,0,2258,9 3 2268
D:/Data/ePillID_data/ePillID_data\classification_data\fcn_mix_weight/dc_224/1656.jpg,consumer,555-485,b;485,True,qwen,P 9,0,0,0.0,0,1.0,0,P 9,B 485
D:/Data/ePillID_data/ePillID_data\classification_data\fcn_mix_weight/dc_224/1657.jpg,consumer,50111-901,PA1000,False,qwen,G3,0,0,0.0,0,1.0,0,G3,PA1000
D:/Data/ePillID_data/ePillID_data\classification_data\fcn_mix_weight/dc_224/1666.jpg,consumer,93-2929,2929;93,True,qwen,93 2929,0,0,1.0,1,0.6666666666666666,0,93 2929,2929 93
D:/Data/ePillID_data/ePillID_data\classification_data\fcn_mix_weight/dc_224/1669.jpg,consumer,378-1813,M;L;10,False,qwen,L 10,0,0,0.6666666666666666,0,0.25,0,L 10,M L 10
D:/Data/ePillID_data/ePillID_data\classification_data\fcn_mix_weight/dc_224/168.jpg,consumer,555-9026,b;247,True,qwen,B 6,0,0,0.5,0,0.75,0,B 6,B 247
D:/Data/ePillID_data/ePillID_data\classification_data\fcn_mix_weight/dc_224/1686.jpg,consumer,23-9350,SAN;60,False,qwen,G341,0,0,0.0,0,1.0,0,G341,SAN 60
D:/Data/ePillID_data/ePillID_data\classification_data\fcn_mix_weight/dc_224/1688.jpg,consumer,781-5189,200;GG;340,False,qwen,200,0,1,0.3333333333333333,0,0.625,0,200,200 GG 340
D:/Data/ePillID_data/ePillID_data\classification_data\fcn_mix_weight/dc_224/169.jpg,consumer,93-7304,93;7304,True,qwen,93,0,1,0.5,0,0.6666666666666666,0,93,93 7304
D:/Data/ePillID_data/ePillID_data\classification_data\fcn_mix_weight/dc_224/1691.jpg,consumer,378-2076,L;26;M,True,qwen,M,0,1,0.3333333333333333,0,0.75,0,M,L 26 M
D:/Data/ePillID_data/ePillID_data\classification_data\fcn_mix_weight/dc_224/1693.jpg,consumer,93-7365,9;3;7365,True,qwen,9 3,0,0,0.6666666666666666,0,0.6666666666666666,0,9 3,9 3 7365
D:/Data/ePillID_data/ePillID_data\classification_data\fcn_mix_weight/dc_224/1705.jpg,consumer,172-5033,5033;10;12;5,True,qwen,5037,0,0,0.0,0,0.6666666666666666,0,5037,5033 10 12 5
D:/Data/ePillID_data/ePillID_data\classification_data\fcn_mix_weight/dc_224/171.jpg,consumer,55111-343,RDY;343,True,qwen,RDY 343,1,1,1.0,1,0.0,1,RDY 343,RDY 343
D:/Data/ePillID_data/ePillID_data\classification_data\fcn_mix_weight/dc_224/1712.jpg,consumer,2-4464,C;20,True,qwen,C 20,1,1,1.0,1,0.0,1,C 20,C 20
D:/Data/ePillID_data/ePillID_data\classification_data\fcn_mix_weight/dc_224/1719.jpg,consumer,93-4236,40;Z;4236,False,qwen,40,0,1,0.3333333333333333,0,0.7142857142857143,0,40,40 Z 4236
D:/Data/ePillID_data/ePillID_data\classification_data\fcn_mix_weight/dc_224/1728.jpg,consumer,456-457,A;TC,True,qwen,704 V,0,0,0.0,0,1.3333333333333333,0,704 V,A TC
D:/Data/ePillID_data/ePillID_data\classification_data\fcn_mix_weight/dc_224/174.jpg,consumer,54-17,54;899,True,qwen,54 899,1,1,1.0,1,0.0,1,54 899,54 899
D:/Data/ePillID_data/ePillID_data\classification_data\fcn_mix_weight/dc_224/1741.jpg,consumer,93-51,TV;51,True,qwen,TV,0,1,0.5,0,0.5,0,TV,TV 51
D:/Data/ePillID_data/ePillID_data\classification_data\fcn_mix_weight/dc_224/1742.jpg,consumer,51285-87,b;556,True,qwen,G342,0,0,0.0,0,1.0,0,G342,B 556
D:/Data/ePillID_data/ePillID_data\classification_data\fcn_mix_weight/dc_224/1743.jpg,consumer,172-4626,20;4626,False,qwen,4626,0,1,0.5,0,0.3333333333333333,0,4626,20 4626
D:/Data/ePillID_data/ePillID_data\classification_data\fcn_mix_weight/dc_224/1745.jpg,consumer,555-9008,b;944,True,qwen,B 6,0,0,0.5,0,0.75,0,B 6,B 944
D:/Data/ePillID_data/ePillID_data\classification_data\fcn_mix_weight/dc_224/175.jpg,consumer,93-1177,93;1177,False,qwen,1177,0,1,0.5,0,0.3333333333333333,0,1177,93 1177
D:/Data/ePillID_data/ePillID_data\classification_data\fcn_mix_weight/dc_224/1751.jpg,consumer,68382-24,Z;67,True,qwen,Z 67,1,1,1.0,1,0.0,1,Z 67,Z 67
D:/Data/ePillID_data/ePillID_data\classification_data\fcn_mix_weight/dc_224/1753.jpg,consumer,93-5126,93;5126,False,qwen,5126,0,1,0.5,0,0.3333333333333333,0,5126,93 5126
D:/Data/ePillID_data/ePillID_data\classification_data\fcn_mix_weight/dc_224/1757.jpg,consumer,555-9016,b;987,True,qwen,B,0,1,0.5,0,0.75,0,B,B 987
D:/Data/ePillID_data/ePillID_data\classification_data\fcn_mix_weight/dc_224/1759.jpg,consumer,93-7465,TEVA;7465,True,qwen,TEVA,0,1,0.5,0,0.5,0,TEVA,TEVA 7465
D:/Data/ePillID_data/ePillID_data\classification_data\fcn_mix_weight/dc_224/1761.jpg,consumer,93-1061,93;61,True,qwen,93 61,1,1,1.0,1,0.0,1,93 61,93 61
D:/Data/ePillID_data/ePillID_data\classification_data\fcn_mix_weight/dc_224/1762.jpg,consumer,93-5770,TEVA;5770,True,qwen,TEVA,0,1,0.5,0,0.5,0,TEVA,TEVA 5770
D:/Data/ePillID_data/ePillID_data\classification_data\fcn_mix_weight/dc_224/1769.jpg,consumer,93-1172,93;1172,True,qwen,83,0,0,0.0,0,0.8333333333333334,0,83,93 1172
D:/Data/ePillID_data/ePillID_data\classification_data\fcn_mix_weight/dc_224/1770.jpg,consumer,93-7436,93;7436;93;7436,True,qwen,7436 93 7436,0,0,1.0,1,0.16666666666666666,0,7436 93 7436,93 7436 93 7436
D:/Data/ePillID_data/ePillID_data\classification_data\fcn_mix_weight/dc_224/1782.jpg,consumer,93-5504,TEVA;5504,True,qwen,TEVA 5504,1,1,1.0,1,0.0,1,TEVA 5504,TEVA 5504
D:/Data/ePillID_data/ePillID_data\classification_data\fcn_mix_weight/dc_224/1786.jpg,consumer,93-926,926;TEVA,True,qwen,TEVA,0,1,0.5,0,0.42857142857142855,0,TEVA,926 TEVA
D:/Data/ePillID_data/ePillID_data\classification_data\fcn_mix_weight/dc_224/179.jpg,consumer,172-5411,5411;100,False,qwen,5411,0,1,0.5,0,0.42857142857142855,0,5411,5411 100
D:/Data/ePillID_data/ePillID_data\classification_data\fcn_mix_weight/dc_224/1790.jpg,consumer,555-9008,b;944,False,qwen,941,0,0,0.0,0,0.5,0,941,B 944
D:/Data/ePillID_data/ePillID_data\classification_data\fcn_mix_weight/dc_224/1795.jpg,consumer,78-359,NVR;DX,True,qwen,DX,0,1,0.5,0,0.6,0,DX,NVR DX
D:/Data/ePillID_data/ePillID_data\classification_data\fcn_mix_weight/dc_224/1796.jpg,consumer,832-1080,832;BM05,False,qwen,M,0,0,0.0,0,0.8571428571428571,0,M,832 BM05
D:/Data/ePillID_data/ePillID_data\classification_data\fcn_mix_weight/dc_224/1805.jpg,consumer,591-3210,WATSON;3210,True,qwen,WATSON 3210,1,1,1.0,1,0.0,1,WATSON 3210,WATSON 3210
D:/Data/ePillID_data/ePillID_data\classification_data\fcn_mix_weight/dc_224/1816.jpg,consumer,78-486,NVR;IU,True,qwen,NVR,0,1,0.5,0,0.4,0,NVR,NVR IU
D:/Data/ePillID_data/ePillID_data\classification_data\fcn_mix_weight/dc_224/1818.jpg,consumer,93-199,9;3;199,True,qwen,9 3,0,0,0.6666666666666666,0,0.6,0,9 3,9 3 199
D:/Data/ePillID_data/ePillID_data\classification_data\fcn_mix_weight/dc_224/1821.jpg,consumer,93-2268,9;3;2268,False,qwen,2268,0,1,0.3333333333333333,0,0.3333333333333333,0,2268,9 3 2268
D:/Data/ePillID_data/ePillID_data\classification_data\fcn_mix_weight/dc_224/1823.jpg,consumer,378-6233,MX33,False,qwen,AS,0,0,0.0,0,1.0,0,AS,MX33
D:/Data/ePillID_data/ePillID_data\classification_data\fcn_mix_weight/dc_224/1824.jpg,consumer,93-7385,93;7385;93;7385,True,qwen,93 7385 93 7385,1,1,1.0,1,0.0,1,93 7385 93 7385,93 7385 93 7385
D:/Data/ePillID_data/ePillID_data\classification_data\fcn_mix_weight/dc_224/183.jpg,consumer,63304-829,RX829,False,qwen,T,0,0,0.0,0,1.0,0,T,RX829
D:/Data/ePillID_data/ePillID_data\classification_data\fcn_mix_weight/dc_224/1849.jpg,consumer,93-7426,TV;7426,True,qwen,TV 72,0,0,0.5,0,0.3333333333333333,0,TV 72,TV 7426
D:/Data/ePillID_data/ePillID_data\classification_data\fcn_mix_weight/dc_224/1850.jpg,consumer,50111-433,PLIVA;433,True,qwen,PLIVA 433,1,1,1.0,1,0.0,1,PLIVA 433,PLIVA 433
D:/Data/ePillID_data/ePillID_data\classification_data\fcn_mix_weight/dc_224/1864.jpg,consumer,93-7212,93;7212,False,qwen,7212,0,1,0.5,0,0.3333333333333333,0,7212,93 7212
D:/Data/ePillID_data/ePillID_data\classification_data\fcn_mix_weight/dc_224/1866.jpg,consumer,51285-691,OP;704,True,qwen,OP 704,1,1,1.0,1,0.0,1,OP 704,OP 704
D:/Data/ePillID_data/ePillID_data\classification_data\fcn_mix_weight/dc_224/1868.jpg,consumer,54-4182,54;943,True,qwen,54 943,1,1,1.0,1,0.0,1,54 943,54 943
D:/Data/ePillID_data/ePillID_data\classification_data\fcn_mix_weight/dc_224/1870.jpg,consumer,93-3147,TEVA;3147,True,qwen,347 3147,0,0,0.5,0,0.5,0,347 3147,TEVA 3147
D:/Data/ePillID_data/ePillID_data\classification_data\fcn_mix_weight/dc_224/1872.jpg,consumer,172-4280,7300,True,qwen,B 375,0,0,0.0,0,0.75,0,B 375,7300
D:/Data/ePillID_data/ePillID_data\classification_data\fcn_mix_weight/dc_224/1874.jpg,consumer,93-5271,93;5271,False,qwen,E 1,0,0,0.0,0,0.8333333333333334,0,E 1,93 5271
D:/Data/ePillID_data/ePillID_data\classification_data\fcn_mix_weight/dc_224/1876.jpg,consumer,51672-4030,3;WARFARIN;TARO,False,qwen,PS,0,0,0.0,0,1.0,0,PS,3 WARFARIN TARO
D:/Data/ePillID_data/ePillID_data\classification_data\fcn_mix_weight/dc_224/1877.jpg,consumer,603-3856,3571;V,True,qwen,3571 V,1,1,1.0,1,0.0,1,3571 V,3571 V
D:/Data/ePillID_data/ePillID_data\classification_data\fcn_mix_weight/dc_224/1880.jpg,consumer,781-1507,GG264,False,qwen,T,0,0,0.0,0,1.0,0,T,GG264
D:/Data/ePillID_data/ePillID_data\classification_data\fcn_mix_weight/dc_224/1881.jpg,consumer,172-4626,20;4626,True,qwen,20,0,1,0.5,0,0.6666666666666666,0,20,20 4626
D:/Data/ePillID_data/ePillID_data\classification_data\fcn_mix_weight/dc_224/1885.jpg,consumer,51285-523,OP;706,True,qwen,706,0,1,0.5,0,0.4,0,706,OP 706
D:/Data/ePillID_data/ePillID_data\classification_data\fcn_mix_weight/dc_224/1899.jpg,consumer,378-1165,M;B3;5;5;5,True,qwen,M B3,0,0,0.4,0,0.5,0,M B3,M B3 5 5 5
D:/Data/ePillID_data/ePillID_data\classification_data\fcn_mix_weight/dc_224/191.jpg,consumer,93-4059,9;3;4059,True,qwen,93,0,0,0.0,0,0.6666666666666666,0,93,9 3 4059
D:/Data/ePillID_data/ePillID_data\classification_data\fcn_mix_weight/dc_224/1910.jpg,consumer,93-4236,40;Z;4236,False,qwen,40,0,1,0.3333333333333333,0,0.7142857142857143,0,40,40 Z 4236
D:/Data/ePillID_data/ePillID_data\classification_data\fcn_mix_weight/dc_224/1913.jpg,consumer,62-2085,A,True,qwen,A,1,1,1.0,1,0.0,1,A,A
D:/Data/ePillID_data/ePillID_data\classification_data\fcn_mix_weight/dc_224/1925.jpg,consumer,93-5050,4833M;15;850,True,qwen,4838M,0,0,0.0,0,0.6,0,4838M,4833M 15 850
D:/Data/ePillID_data/ePillID_data\classification_data\fcn_mix_weight/dc_224/1926.jpg,consumer,93-5852,5852;20,True,qwen,20,0,1,0.5,0,0.6666666666666666,0,20,5852 20
D:/Data/ePillID_data/ePillID_data\classification_data\fcn_mix_weight/dc_224/1930.jpg,consumer,93-7220,93;7220,True,qwen,E6,0,0,0.0,0,1.0,0,E6,93 7220
D:/Data/ePillID_data/ePillID_data\classification_data\fcn_mix_weight/dc_224/1939.jpg,consumer,63459-215,C;215,False,qwen,215,0,1,0.5,0,0.25,0,215,C 215
D:/Data/ePillID_data/ePillID_data\classification_data\fcn_mix_weight/dc_224/1961.jpg,consumer,50111-787,PLIVA;787,False,qwen,787,0,1,0.5,0,0.625,0,787,PLIVA 787
D:/Data/ePillID_data/ePillID_data\classification_data\fcn_mix_weight/dc_224/1964.jpg,consumer,378-2076,L;26;M,True,qwen,M,0,1,0.3333333333333333,0,0.75,0,M,L 26 M
D:/Data/ePillID_data/ePillID_data\classification_data\fcn_mix_weight/dc_224/1971.jpg,consumer,93-7234,93;7234,False,qwen,7234,0,1,0.5,0,0.3333333333333333,0,7234,93 7234
D:/Data/ePillID_data/ePillID_data\classification_data\fcn_mix_weight/dc_224/198.jpg,consumer,53489-146,MP;85,False,qwen,G3,0,0,0.0,0,1.0,0,G3,MP 85
D:/Data/ePillID_data/ePillID_data\classification_data\fcn_mix_weight/dc_224/1983.jpg,consumer,555-485,b;485,True,qwen,B 6,0,0,0.5,0,0.75,0,B 6,B 485
D:/Data/ePillID_data/ePillID_data\classification_data\fcn_mix_weight/dc_224/1987.jpg,consumer,51285-523,OP;706,False,qwen,T,0,0,0.0,0,1.0,0,T,OP 706
D:/Data/ePillID_data/ePillID_data\classification_data\fcn_mix_weight/dc_224/1997.jpg,consumer,93-2272,93;2272,False,qwen,2272,0,1,0.5,0,0.3333333333333333,0,2272,93 2272
D:/Data/ePillID_data/ePillID_data\classification_data\fcn_mix_weight/dc_224/1998.jpg,consumer,378-1821,M;L;14,True,qwen,M,0,1,0.3333333333333333,0,0.75,0,M,M L 14
D:/Data/ePillID_data/ePillID_data\classification_data\fcn_mix_weight/dc_224/1999.jpg,consumer,50458-551,PAL;6,True,qwen,PAL 6,1,1,1.0,1,0.0,1,PAL 6,PAL 6
D:/Data/ePillID_data/ePillID_data\classification_data\fcn_mix_weight/dc_224/200.jpg,consumer,93-733,93;733,True,qwen,93 323,0,0,0.5,0,0.4,0,93 323,93 733
D:/Data/ePillID_data/ePillID_data\classification_data\fcn_mix_weight/dc_224/2003.jpg,consumer,93-2263,93;2263,True,qwen,93,0,1,0.5,0,0.6666666666666666,0,93,93 2263
D:/Data/ePillID_data/ePillID_data\classification_data\fcn_mix_weight/dc_224/2006.jpg,consumer,228-2127,R127,True,qwen,2 12,0,0,0.0,0,0.5,0,2 12,R127
D:/Data/ePillID_data/ePillID_data\classification_data\fcn_mix_weight/dc_224/2014.jpg,consumer,93-5507,TEVA;5507,False,qwen,RED,0,0,0.0,0,0.875,0,RED,TEVA 5507
D:/Data/ePillID_data/ePillID_data\classification_data\fcn_mix_weight/dc_224/2018.jpg,consumer,55111-268,RDY;268,True,qwen,RDY,0,1,0.5,0,0.5,0,RDY,RDY 268
D:/Data/ePillID_data/ePillID_data\classification_data\fcn_mix_weight/dc_224/2019.jpg,consumer,93-2268,9;3;2268,False,qwen,2268,0,1,0.3333333333333333,0,0.3333333333333333,0,2268,9 3 2268
D:/Data/ePillID_data/ePillID_data\classification_data\fcn_mix_weight/dc_224/202.jpg,consumer,777-3105,DISTA;3105;Prozac;20;mg,True,qwen,DISTA 3105 PROZAC 20 MG,1,1,1.0,1,0.0,1,DISTA 3105 PROZAC 20 MG,DISTA 3105 PROZAC 20 MG
D:/Data/ePillID_data/ePillID_data\classification_data\fcn_mix_weight/dc_224/2023.jpg,consumer,93-4742,4742;9;3,False,qwen,G343,0,0,0.0,0,0.6666666666666666,0,G343,4742 9 3
D:/Data/ePillID_data/ePillID_data\classification_data\fcn_mix_weight/dc_224/203.jpg,consumer,781-1506,GG263,True,qwen,GG262,0,0,0.0,0,0.2,0,GG262,GG263
D:/Data/ePillID_data/ePillID_data\classification_data\fcn_mix_weight/dc_224/2033.jpg,consumer,555-969,b;969;100,True,qwen,B,0,1,0.3333333333333333,0,0.8571428571428571,0,B,B 969 100
D:/Data/ePillID_data/ePillID_data\classification_data\fcn_mix_weight/dc_224/2037.jpg,consumer,93-1118,93;1118,False,qwen,1118,0,1,0.5,0,0.3333333333333333,0,1118,93 1118
D:/Data/ePillID_data/ePillID_data\classification_data\fcn_mix_weight/dc_224/2041.jpg,consumer,378-3482,M;482,True,qwen,M 482,1,1,1.0,1,0.0,1,M 482,M 482
D:/Data/ePillID_data/ePillID_data\classification_data\fcn_mix_weight/dc_224/2042.jpg,consumer,603-3856,3571;V,True,qwen,3571 V,1,1,1.0,1,0.0,1,3571 V,3571 V
D:/Data/ePillID_data/ePillID_data\classification_data\fcn_mix_weight/dc_224/2047.jpg,consumer,54-17,54;899,True,qwen,54 899,1,1,1.0,1,0.0,1,54 899,54 899
D:/Data/ePillID_data/ePillID_data\classification_data\fcn_mix_weight/dc_224/2049.jpg,consumer,93-7167,93;7167,False,qwen,7167,0,1,0.5,0,0.3333333333333333,0,7167,93 7167
D:/Data/ePillID_data/ePillID_data\classification_data\fcn_mix_weight/dc_224/2055.jpg,consumer,93-5140,93;5140,False,qwen,5140,0,1,0.5,0,0.3333333333333333,0,5140,93 5140
D:/Data/ePillID_data/ePillID_data\classification_data\fcn_mix_weight/dc_224/206.jpg,consumer,93-463,9;3;463,False,qwen,463,0,1,0.3333333333333333,0,0.4,0,463,9 3 463
D:/Data/ePillID_data/ePillID_data\classification_data\fcn_mix_weight/dc_224/2067.jpg,consumer,93-4742,4742;9;3,True,qwen,E 6,0,0,0.0,0,1.0,0,E 6,4742 9 3
D:/Data/ePillID_data/ePillID_data\classification_data\fcn_mix_weight/dc_224/2070.jpg,consumer,68462-358,IG;257,False,qwen,257,0,1,0.5,0,0.4,0,257,IG 257
D:/Data/ePillID_data/ePillID_data\classification_data\fcn_mix_weight/dc_224/2075.jpg,consumer,378-2074,L;24;M,True,qwen,M,0,1,0.3333333333333333,0,0.75,0,M,L 24 M
D:/Data/ePillID_data/ePillID_data\classification_data\fcn_mix_weight/dc_224/2079.jpg,consumer,781-2053,GG623,True,qwen,GG623,1,1,1.0,1,0.0,1,GG623,GG623
D:/Data/ePillID_data/ePillID_data\classification_data\fcn_mix_weight/dc_224/2086.jpg,consumer,93-4237,80;Z;4237,True,qwen,4237 Z,0,0,0.6666666666666666,0,0.5714285714285714,0,4237 Z,80 Z 4237
D:/Data/ePillID_data/ePillID_data\classification_data\fcn_mix_weight/dc_224/2089.jpg,consumer,378-3482,M;482,True,qwen,M 482,1,1,1.0,1,0.0,1,M 482,M 482
D:/Data/ePillID_data/ePillID_data\classification_data\fcn_mix_weight/dc_224/209.jpg,consumer,93-7380,9;3;7380,True,qwen,9 3,0,0,0.6666666666666666,0,0.6666666666666666,0,9 3,9 3 7380
D:/Data/ePillID_data/ePillID_data\classification_data\fcn_mix_weight/dc_224/2091.jpg,consumer,93-7256,9;3;72;56,True,qwen,9 3,0,0,0.5,0,0.6666666666666666,0,9 3,9 3 72 56
D:/Data/ePillID_data/ePillID_data\classification_data\fcn_mix_weight/dc_224/2097.jpg,consumer,29033-20,NC;200,False,qwen,G3,0,0,0.0,0,1.0,0,G3,NC 200
D:/Data/ePillID_data/ePillID_data\classification_data\fcn_mix_weight/dc_224/2105.jpg,consumer,832-1025,832;BC20,True,qwen,BC20 832,0,0,1.0,1,0.8571428571428571,0,BC20 832,832 BC20
D:/Data/ePillID_data/ePillID_data\classification_data\fcn_mix_weight/dc_224/2111.jpg,consumer,50111-901,PA1000,False,qwen,B,0,0,0.0,0,1.0,0,B,PA1000
D:/Data/ePillID_data/ePillID_data\classification_data\fcn_mix_weight/dc_224/2116.jpg,consumer,172-3761,3761,False,qwen,3761,1,1,1.0,1,0.0,1,3761,3761
D:/Data/ePillID_data/ePillID_data\classification_data\fcn_mix_weight/dc_224/2120.jpg,consumer,777-3105,DISTA;3105;Prozac;20;mg,True,qwen,DISTA 3105 PROZAC 20 MG,1,1,1.0,1,0.0,1,DISTA 3105 PROZAC 20 MG,DISTA 3105 PROZAC 20 MG
D:/Data/ePillID_data/ePillID_data\classification_data\fcn_mix_weight/dc_224/2122.jpg,consumer,555-1057,barr;936,False,qwen,G342,0,0,0.0,0,1.0,0,G342,BARR 936
D:/Data/ePillID_data/ePillID_data\classification_data\fcn_mix_weight/dc_224/2123.jpg,consumer,93-7370,TEVA;7370,True,qwen,TEVA 7370,1,1,1.0,1,0.0,1,TEVA 7370,TEVA 7370
D:/Data/ePillID_data/ePillID_data\classification_data\fcn_mix_weight/dc_224/2125.jpg,consumer,53746-190,IP190;500,False,qwen,500,0,1,0.5,0,0.625,0,500,IP190 500
D:/Data/ePillID_data/ePillID_data\classification_data\fcn_mix_weight/dc_224/2131.jpg,consumer,93-1063,93;63,True,qwen,93 63,1,1,1.0,1,0.0,1,93 63,93 63
D:/Data/ePillID_data/ePillID_data\classification_data\fcn_mix_weight/dc_224/2135.jpg,consumer,93-753,753;TEVA,False,qwen,753,0,1,0.5,0,0.5714285714285714,0,753,753 TEVA
D:/Data/ePillID_data/ePillID_data\classification_data\fcn_mix_weight/dc_224/2136.jpg,consumer,53489-143,MP;35,False,qwen,T,0,0,0.0,0,1.0,0,T,MP 35
D:/Data/ePillID_data/ePillID_data\classification_data\fcn_mix_weight/dc_224/2145.jpg,consumer,378-2074,L;24;M,True,qwen,W,0,0,0.0,0,1.0,0,W,L 24 M
D:/Data/ePillID_data/ePillID_data\classification_data\fcn_mix_weight/dc_224/2149.jpg,consumer,378-1813,M;L;10,True,qwen,M,0,1,0.3333333333333333,0,0.75,0,M,M L 10
D:/Data/ePillID_data/ePillID_data\classification_data\fcn_mix_weight/dc_224/2150.jpg,consumer,378-1819,M;L;13,False,qwen,L 13,0,0,0.6666666666666666,0,0.25,0,L 13,M L 13
D:/Data/ePillID_data/ePillID_data\classification_data\fcn_mix_weight/dc_224/2157.jpg,consumer,63459-215,C;215,True,qwen,C,0,1,0.5,0,0.75,0,C,C 215
D:/Data/ePillID_data/ePillID_data\classification_data\fcn_mix_weight/dc_224/2158.jpg,consumer,93-3167,TEVA;3167,False,qwen,G342,0,0,0.0,0,0.875,0,G342,TEVA 3167
D:/Data/ePillID_data/ePillID_data\classification_data\fcn_mix_weight/dc_224/2159.jpg,consumer,78-359,NVR;DX,True,qwen,DX,0,1,0.5,0,0.6,0,DX,NVR DX
D:/Data/ePillID_data/ePillID_data\classification_data\fcn_mix_weight/dc_224/2161.jpg,consumer,172-4280,7300,False,qwen,7300,1,1,1.0,1,0.0,1,7300,7300
D:/Data/ePillID_data/ePillID_data\classification_data\fcn_mix_weight/dc_224/2162.jpg,consumer,93-657,93;657,True,qwen,5897,0,0,0.0,0,0.8,0,5897,93 657
D:/Data/ePillID_data/ePillID_data\classification_data\fcn_mix_weight/dc_224/2166.jpg,consumer,93-2929,2929;93,True,qwen,93 2929,0,0,1.0,1,0.6666666666666666,0,93 2929,2929 93
D:/Data/ePillID_data/ePillID_data\classification_data\fcn_mix_weight/dc_224/2170.jpg,consumer,93-7167,93;7167,True,qwen,93,0,1,0.5,0,0.6666666666666666,0,93,93 7167
D:/Data/ePillID_data/ePillID_data\classification_data\fcn_mix_weight/dc_224/2174.jpg,consumer,50111-648,PLIVA;648,True,qwen,PLIVA,0,1,0.5,0,0.375,0,PLIVA,PLIVA 648
D:/Data/ePillID_data/ePillID_data\classification_data\fcn_mix_weight/dc_224/2178.jpg,consumer,93-5050,4833M;15;850,False,qwen,15 850,0,0,0.6666666666666666,0,0.5,0,15 850,4833M 15 850
D:/Data/ePillID_data/ePillID_data\classification_data\fcn_mix_weight/dc_224/218.jpg,consumer,93-4059,9;3;4059,True,qwen,93,0,0,0.0,0,0.6666666666666666,0,93,9 3 4059
D:/Data/ePillID_data/ePillID_data\classification_data\fcn_mix_weight/dc_224/2189.jpg,consumer,93-2272,93;2272,False,qwen,2272,0,1,0.5,0,0.3333333333333333,0,2272,93 2272
D:/Data/ePillID_data/ePillID_data\classification_data\fcn_mix_weight/dc_224/219.jpg,consumer,68968-3500,NVN2,True,qwen,NVN2,1,1,1.0,1,0.0,1,NVN2,NVN2
D:/Data/ePillID_data/ePillID_data\classification_data\fcn_mix_weight/dc_224/2190.jpg,consumer,65597-701,Sankyo;C01,True,qwen,SANKYO C01,1,1,1.0,1,0.0,1,SANKYO C01,SANKYO C01
D:/Data/ePillID_data/ePillID_data\classification_data\fcn_mix_weight/dc_224/2206.jpg,consumer,378-2076,L;26;M,True,qwen,M,0,1,0.3333333333333333,0,0.75,0,M,L 26 M
D:/Data/ePillID_data/ePillID_data\classification_data\fcn_mix_weight/dc_224/221.jpg,consumer,50111-787,PLIVA;787,False,qwen,787,0,1,0.5,0,0.625,0,787,PLIVA 787
D:/Data/ePillID_data/ePillID_data\classification_data\fcn_mix_weight/dc_224/2211.jpg,consumer,93-7370,TEVA;7370,True,qwen,93 7370 93 7370,0,0,0.5,0,1.0,0,93 7370 93 7370,TEVA 7370
D:/Data/ePillID_data/ePillID_data\classification_data\fcn_mix_weight/dc_224/2221.jpg,consumer,93-4336,4336;1;mg,True,qwen,I4336 1 MG,0,0,0.6666666666666666,0,0.14285714285714285,1,I4336 1 MG,4336 1 MG
D:/Data/ePillID_data/ePillID_data\classification_data\fcn_mix_weight/dc_224/2223.jpg,consumer,378-1821,M;L;14,True,qwen,M,0,1,0.3333333333333333,0,0.75,0,M,M L 14
D:/Data/ePillID_data/ePillID_data\classification_data\fcn_mix_weight/dc_224/2224.jpg,consumer,93-5712,5712;5;500,True,qwen,75712,0,0,0.0,0,0.625,0,75712,5712 5 500
D:/Data/ePillID_data/ePillID_data\classification_data\fcn_mix_weight/dc_224/2225.jpg,consumer,50111-328,PLIVA;328,False,qwen,T,0,0,0.0,0,1.0,0,T,PLIVA 328
D:/Data/ePillID_data/ePillID_data\classification_data\fcn_mix_weight/dc_224/2226.jpg,consumer,185-124,E124,False,qwen,B 1,0,0,0.0,0,0.75,0,B 1,E124
D:/Data/ePillID_data/ePillID_data\classification_data\fcn_mix_weight/dc_224/2229.jpg,consumer,50111-327,PLIVA;327,False,qwen,H,0,0,0.0,0,1.0,0,H,PLIVA 327
D:/Data/ePillID_data/ePillID_data\classification_data\fcn_mix_weight/dc_224/223.jpg,consumer,93-7247,9;3;7247,False,qwen,7247,0,1,0.3333333333333333,0,0.3333333333333333,0,7247,9 3 7247
D:/Data/ePillID_data/ePillID_data\classification_data\fcn_mix_weight/dc_224/2244.jpg,consumer,555-71,b;071;300,False,qwen,071 300,0,0,0.6666666666666666,0,0.14285714285714285,0,071 300,B 071 300
D:/Data/ePillID_data/ePillID_data\classification_data\fcn_mix_weight/dc_224/2246.jpg,consumer,93-7220,93;7220,False,qwen,7220,0,1,0.5,0,0.3333333333333333,0,7220,93 7220
D:/Data/ePillID_data/ePillID_data\classification_data\fcn_mix_weight/dc_224/2255.jpg,consumer,93-463,9;3;463,True,qwen,9 3,0,0,0.6666666666666666,0,0.6,0,9 3,9 3 463
D:/Data/ePillID_data/ePillID_data\classification_data\fcn_mix_weight/dc_224/2270.jpg,consumer,172-5411,5411;100,True,qwen,3100,0,0,0.0,0,0.5714285714285714,0,3100,5411 100
D:/Data/ePillID_data/ePillID_data\classification_data\fcn_mix_weight/dc_224/2275.jpg,consumer,93-4237,80;Z;4237,True,qwen,Z 4237,0,0,0.6666666666666666,0,0.2857142857142857,0,Z 4237,80 Z 4237
D:/Data/ePillID_data/ePillID_data\classification_data\fcn_mix_weight/dc_224/2285.jpg,consumer,93-983,93;983,False,qwen,93 750,0,0,0.5,0,0.6,0,93 750,93 983
D:/Data/ePillID_data/ePillID_data\classification_data\fcn_mix_weight/dc_224/2287.jpg,consumer,93-5247,TV;U7;15,False,qwen,3,0,0,0.0,0,1.0,0,3,TV U7 15
D:/Data/ePillID_data/ePillID_data\classification_data\fcn_mix_weight/dc_224/2290.jpg,consumer,310-282,XR;200,True,qwen,XR 200,1,1,1.0,1,0.0,1,XR 200,XR 200
D:/Data/ePillID_data/ePillID_data\classification_data\fcn_mix_weight/dc_224/2293.jpg,consumer,228-2550,R;550,False,qwen,550,0,1,0.5,0,0.25,0,550,R 550
D:/Data/ePillID_data/ePillID_data\classification_data\fcn_mix_weight/dc_224/2297.jpg,consumer,172-5412,5412;150,True,qwen,150,0,1,0.5,0,0.5714285714285714,0,150,5412 150
D:/Data/ePillID_data/ePillID_data\classification_data\fcn_mix_weight/dc_224/23.jpg,consumer,93-7370,TEVA;7370,True,qwen,TEVA 7370,1,1,1.0,1,0.0,1,TEVA 7370,TEVA 7370
D:/Data/ePillID_data/ePillID_data\classification_data\fcn_mix_weight/dc_224/2301.jpg,consumer,93-7336,TEVA;7336,True,qwen,TEVA 7336,1,1,1.0,1,0.0,1,TEVA 7336,TEVA 7336
D:/Data/ePillID_data/ePillID_data\classification_data\fcn_mix_weight/dc_224/2307.jpg,consumer,93-1118,93;1118,False,qwen,1118,0,1,0.5,0,0.3333333333333333,0,1118,93 1118
D:/Data/ePillID_data/ePillID_data\classification_data\fcn_mix_weight/dc_224/231.jpg,consumer,93-5215,9;3;5215,False,qwen,5215,0,1,0.3333333333333333,0,0.3333333333333333,0,5215,9 3 5215
D:/Data/ePillID_data/ePillID_data\classification_data\fcn_mix_weight/dc_224/2317.jpg,consumer,51285-539,OP;719,True,qwen,OP 719,1,1,1.0,1,0.0,1,OP 719,OP 719
D:/Data/ePillID_data/ePillID_data\classification_data\fcn_mix_weight/dc_224/2320.jpg,consumer,49884-401,P;401,True,qwen,O,0,0,0.0,0,1.0,0,O,P 401
D:/Data/ePillID_data/ePillID_data\classification_data\fcn_mix_weight/dc_224/2327.jpg,consumer,378-3495,M;495,True,qwen,M 495,1,1,1.0,1,0.0,1,M 495,M 495
D:/Data/ePillID_data/ePillID_data\classification_data\fcn_mix_weight/dc_224/2328.jpg,consumer,93-7426,TV;7426,False,qwen,7425,0,0,0.0,0,0.5,0,7425,TV 7426
D:/Data/ePillID_data/ePillID_data\classification_data\fcn_mix_weight/dc_224/233.jpg,consumer,93-7380,9;3;7380,False,qwen,7380,0,1,0.3333333333333333,0,0.3333333333333333,0,7380,9 3 7380
D:/Data/ePillID_data/ePillID_data\classification_data\fcn_mix_weight/dc_224/2330.jpg,consumer,55111-180,R;180,False,qwen,4,0,0,0.0,0,1.0,0,4,R 180
D:/Data/ePillID_data/ePillID_data\classification_data\fcn_mix_weight/dc_224/2334.jpg,consumer,93-810,TEVA;10mg;0810,False,qwen,T,0,0,0.0,0,0.9166666666666666,0,T,TEVA 10MG 0810
D:/Data/ePillID_data/ePillID_data\classification_data\fcn_mix_weight/dc_224/2335.jpg,consumer,93-8036,6;036;N,True,qwen,Z,0,0,0.0,0,1.0,0,Z,6 036 N
D:/Data/ePillID_data/ePillID_data\classification_data\fcn_mix_weight/dc_224/2337.jpg,consumer,93-7247,9;3;7247,True,qwen,3 6,0,0,0.3333333333333333,0,0.8333333333333334,0,3 6,9 3 7247
D:/Data/ePillID_data/ePillID_data\classification_data\fcn_mix_weight/dc_224/234.jpg,consumer,781-5185,112;GG;336,False,qwen,N,0,0,0.0,0,1.0,0,N,112 GG 336
D:/Data/ePillID_data/ePillID_data\classification_data\fcn_mix_weight/dc_224/2340.jpg,consumer,93-7256,9;3;72;56,False,qwen,256,0,0,0.0,0,0.5,0,256,9 3 72 56
D:/Data/ePillID_data/ePillID_data\classification_data\fcn_mix_weight/dc_224/2350.jpg,consumer,93-7305,93;7305,True,qwen,93,0,1,0.5,0,0.6666666666666666,0,93,93 7305
D:/Data/ePillID_data/ePillID_data\classification_data\fcn_mix_weight/dc_224/2355.jpg,consumer,456-1550,FL;50,False,qwen,50,0,1,0.5,0,0.5,0,50,FL 50
D:/Data/ePillID_data/ePillID_data\classification_data\fcn_mix_weight/dc_224/2361.jpg,consumer,555-485,b;485,False,qwen,485,0,1,0.5,0,0.25,0,485,B 485
D:/Data/ePillID_data/ePillID_data\classification_data\fcn_mix_weight/dc_224/2367.jpg,consumer,93-3147,TEVA;3147,True,qwen,TEVA 3147,1,1,1.0,1,0.0,1,TEVA 3147,TEVA 3147
D:/Data/ePillID_data/ePillID_data\classification_data\fcn_mix_weight/dc_224/2369.jpg,consumer,93-657,93;657,False,qwen,93 657,1,1,1.0,1,0.0,1,93 657,93 657
D:/Data/ePillID_data/ePillID_data\classification_data\fcn_mix_weight/dc_224/2371.jpg,consumer,93-4336,4336;1;mg,False,qwen,G342,0,0,0.0,0,0.8571428571428571,0,G342,4336 1 MG
D:/Data/ePillID_data/ePillID_data\classification_data\fcn_mix_weight/dc_224/2372.jpg,consumer,93-7380,9;3;7380,False,qwen,7380,0,1,0.3333333333333333,0,0.3333333333333333,0,7380,9 3 7380
D:/Data/ePillID_data/ePillID_data\classification_data\fcn_mix_weight/dc_224/2375.jpg,consumer,93-4236,40;Z;4236,True,qwen,Z 4236,0,0,0.6666666666666666,0,0.2857142857142857,0,Z 4236,40 Z 4236
D:/Data/ePillID_data/ePillID_data\classification_data\fcn_mix_weight/dc_224/2396.jpg,consumer,93-7304,93;7304,True,qwen,93,0,1,0.5,0,0.6666666666666666,0,93,93 7304
D:/Data/ePillID_data/ePillID_data\classification_data\fcn_mix_weight/dc_224/2398.jpg,consumer,456-1550,FL;50,True,qwen,FL,0,1,0.5,0,0.5,0,FL,FL 50
D:/Data/ePillID_data/ePillID_data\classification_data\fcn_mix_weight/dc_224/2401.jpg,consumer,93-308,93;308,False,qwen,EPISTEMOL,0,0,0.0,0,1.8,0,EPISTEMOL,93 308
D:/Data/ePillID_data/ePillID_data\classification_data\fcn_mix_weight/dc_224/2409.jpg,consumer,59762-5019,G;022;5,True,qwen,G 022,0,0,0.6666666666666666,0,0.2,0,G 022,G 022 5
D:/Data/ePillID_data/ePillID_data\classification_data\fcn_mix_weight/dc_224/2430.jpg,consumer,378-4151,M;T7,False,qwen,17,0,0,0.0,0,0.6666666666666666,0,17,M T7
D:/Data/ePillID_data/ePillID_data\classification_data\fcn_mix_weight/dc_224/2436.jpg,consumer,93-983,93;983,False,qwen,933,0,0,0.0,0,0.4,0,933,93 983
D:/Data/ePillID_data/ePillID_data\classification_data\fcn_mix_weight/dc_224/2438.jpg,consumer,93-7167,93;7167,True,qwen,93,0,1,0.5,0,0.6666666666666666,0,93,93 7167
D:/Data/ePillID_data/ePillID_data\classification_data\fcn_mix_weight/dc_224/2447.jpg,consumer,68462-163,G;41,True,qwen,G,0,1,0.5,0,0.6666666666666666,0,G,G 41
D:/Data/ePillID_data/ePillID_data\classification_data\fcn_mix_weight/dc_224/2451.jpg,consumer,59762-5019,G;022;5,False,qwen,5,0,1,0.3333333333333333,0,0.8,0,5,G 022 5
D:/Data/ePillID_data/ePillID_data\classification_data\fcn_mix_weight/dc_224/2452.jpg,consumer,93-1061,93;61,True,qwen,93 610,0,0,0.5,0,0.25,1,93 610,93 61
D:/Data/ePillID_data/ePillID_data\classification_data\fcn_mix_weight/dc_224/2458.jpg,consumer,93-8035,3;035;N,False,qwen,3035,0,0,0.0,0,0.2,0,3035,3 035 N
D:/Data/ePillID_data/ePillID_data\classification_data\fcn_mix_weight/dc_224/2459.jpg,consumer,93-3127,93;3127;93;3127,True,qwen,93 3127 39 3127,0,0,1.0,1,0.16666666666666666,0,93 3127 39 3127,93 3127 93 3127
D:/Data/ePillID_data/ePillID_data\classification_data\fcn_mix_weight/dc_224/2467.jpg,consumer,93-308,93;308,True,qwen,93 308,1,1,1.0,1,0.0,1,93 308,93 308
D:/Data/ePillID_data/ePillID_data\classification_data\fcn_mix_weight/dc_224/2470.jpg,consumer,51285-691,OP;704,True,qwen,OP 704,1,1,1.0,1,0.0,1,OP 704,OP 704
D:/Data/ePillID_data/ePillID_data\classification_data\fcn_mix_weight/dc_224/2477.jpg,consumer,555-139,b8;139,False,qwen,139,0,1,0.5,0,0.4,0,139,B8 139
D:/Data/ePillID_data/ePillID_data\classification_data\fcn_mix_weight/dc_224/2485.jpg,consumer,93-5256,TEVA;5256,True,qwen,93 5256 93 5256,0,0,0.5,0,1.0,0,93 5256 93 5256,TEVA 5256
D:/Data/ePillID_data/ePillID_data\classification_data\fcn_mix_weight/dc_224/2489.jpg,consumer,50111-328,PLIVA;328,False,qwen,MACARON,0,0,0.0,0,0.875,0,MACARON,PLIVA 328
D:/Data/ePillID_data/ePillID_data\classification_data\fcn_mix_weight/dc_224/249.jpg,consumer,64764-918,TAP;40,False,qwen,40,0,1,0.5,0,0.6,0,40,TAP 40
D:/Data/ePillID_data/ePillID_data\classification_data\fcn_mix_weight/dc_224/2494.jpg,consumer,93-657,93;657,True,qwen,93 657,1,1,1.0,1,0.0,1,93 657,93 657
D:/Data/ePillID_data/ePillID_data\classification_data\fcn_mix_weight/dc_224/2499.jpg,consumer,68453-850,N;500,True,qwen,M,0,0,0.0,0,1.0,0,M,N 500
D:/Data/ePillID_data/ePillID_data\classification_data\fcn_mix_weight/dc_224/2517.jpg,consumer,93-7212,93;7212,True,qwen,93,0,1,0.5,0,0.6666666666666666,0,93,93 7212
D:/Data/ePillID_data/ePillID_data\classification_data\fcn_mix_weight/dc_224/2536.jpg,consumer,93-733,93;733,False,qwen,ROSE,0,0,0.0,0,1.0,0,ROSE,93 733
D:/Data/ePillID_data/ePillID_data\classification_data\fcn_mix_weight/dc_224/255.jpg,consumer,93-7365,9;3;7365,False,qwen,7365,0,1,0.3333333333333333,0,0.3333333333333333,0,7365,9 3 7365
D:/Data/ePillID_data/ePillID_data\classification_data\fcn_mix_weight/dc_224/2550.jpg,consumer,555-969,b;969;100,False,qwen,969 100,0,0,0.6666666666666666,0,0.14285714285714285,0,969 100,B 969 100
D:/Data/ePillID_data/ePillID_data\classification_data\fcn_mix_weight/dc_224/2587.jpg,consumer,781-1506,GG263,True,qwen,GG 263,0,0,0.0,0,0.0,1,GG 263,GG263
D:/Data/ePillID_data/ePillID_data\classification_data\fcn_mix_weight/dc_224/259.jpg,consumer,93-39,9;3;39,False,qwen,39,0,1,0.3333333333333333,0,0.5,0,39,9 3 39
D:/Data/ePillID_data/ePillID_data\classification_data\fcn_mix_weight/dc_224/2625.jpg,consumer,173-565,VALTREX;1;gram,False,qwen,N,0,0,0.0,0,1.0,0,N,VALTREX 1 GRAM
D:/Data/ePillID_data/ePillID_data\classification_data\fcn_mix_weight/dc_224/2627.jpg,consumer,93-7465,TEVA;7465,True,qwen,TEVA,0,1,0.5,0,0.5,0,TEVA,TEVA 7465
D:/Data/ePillID_data/ePillID_data\classification_data\fcn_mix_weight/dc_224/2628.jpg,consumer,68180-479,LL;C03,True,qwen,LL,0,1,0.5,0,0.6,0,LL,LL C03
D:/Data/ePillID_data/ePillID_data\classification_data\fcn_mix_weight/dc_224/2629.jpg,consumer,93-51,TV;51,True,qwen,93,0,0,0.0,0,1.0,0,93,TV 51
D:/Data/ePillID_data/ePillID_data\classification_data\fcn_mix_weight/dc_224/263.jpg,consumer,555-9016,b;987,True,qwen,B,0,1,0.5,0,0.75,0,B,B 987
D:/Data/ePillID_data/ePillID_data\classification_data\fcn_mix_weight/dc_224/2642.jpg,consumer,50111-787,PLIVA;787,True,qwen,PLIVA,0,1,0.5,0,0.375,0,PLIVA,PLIVA 787
D:/Data/ePillID_data/ePillID_data\classification_data\fcn_mix_weight/dc_224/2650.jpg,consumer,49884-401,P;401,False,qwen,401,0,1,0.5,0,0.25,0,401,P 401
D:/Data/ePillID_data/ePillID_data\classification_data\fcn_mix_weight/dc_224/2658.jpg,consumer,93-7443,TEVA;7443,True,qwen,TEVA 7443,1,1,1.0,1,0.0,1,TEVA 7443,TEVA 7443
D:/Data/ePillID_data/ePillID_data\classification_data\fcn_mix_weight/dc_224/2664.jpg,consumer,93-5247,TV;U7;15,False,qwen,15,0,1,0.3333333333333333,0,0.6666666666666666,0,15,TV U7 15
D:/Data/ePillID_data/ePillID_data\classification_data\fcn_mix_weight/dc_224/2667.jpg,consumer,172-5033,5033;10;12;5,True,qwen,5034,0,0,0.0,0,0.6666666666666666,0,5034,5033 10 12 5
D:/Data/ePillID_data/ePillID_data\classification_data\fcn_mix_weight/dc_224/2669.jpg,consumer,378-2077,L;27;M,True,qwen,LW,0,0,0.0,0,0.75,0,LW,L 27 M
D:/Data/ePillID_data/ePillID_data\classification_data\fcn_mix_weight/dc_224/2678.jpg,consumer,93-3167,TEVA;3167,True,qwen,93 3167,0,0,0.5,0,0.5,0,93 3167,TEVA 3167
D:/Data/ePillID_data/ePillID_data\classification_data\fcn_mix_weight/dc_224/2682.jpg,consumer,228-2550,R;550,True,qwen,R,0,1,0.5,0,0.75,0,R,R 550
D:/Data/ePillID_data/ePillID_data\classification_data\fcn_mix_weight/dc_224/2683.jpg,consumer,50111-328,PLIVA;328,True,qwen,PLIVA 328,1,1,1.0,1,0.0,1,PLIVA 328,PLIVA 328
D:/Data/ePillID_data/ePillID_data\classification_data\fcn_mix_weight/dc_224/2689.jpg,consumer,93-1061,93;61,True,qwen,93 61,1,1,1.0,1,0.0,1,93 61,93 61
D:/Data/ePillID_data/ePillID_data\classification_data\fcn_mix_weight/dc_224/2693.jpg,consumer,93-3010,A08,True,qwen,A08,1,1,1.0,1,0.0,1,A08,A08
D:/Data/ePillID_data/ePillID_data\classification_data\fcn_mix_weight/dc_224/2700.jpg,consumer,93-83,93;83,True,qwen,93,0,1,0.5,0,0.5,0,93,93 83
D:/Data/ePillID_data/ePillID_data\classification_data\fcn_mix_weight/dc_224/2708.jpg,consumer,93-7220,93;7220,True,qwen,93,0,1,0.5,0,0.6666666666666666,0,93,93 7220
D:/Data/ePillID_data/ePillID_data\classification_data\fcn_mix_weight/dc_224/271.jpg,consumer,51672-4030,3;WARFARIN;TARO,False,qwen,U U,0,0,0.0,0,1.0,0,U U,3 WARFARIN TARO
D:/Data/ePillID_data/ePillID_data\classification_data\fcn_mix_weight/dc_224/2710.jpg,consumer,93-39,9;3;39,False,qwen,39,0,1,0.3333333333333333,0,0.5,0,39,9 3 39
D:/Data/ePillID_data/ePillID_data\classification_data\fcn_mix_weight/dc_224/2716.jpg,consumer,63304-829,RX829,True,qwen,RX829,1,1,1.0,1,0.0,1,RX829,RX829
D:/Data/ePillID_data/ePillID_data\classification_data\fcn_mix_weight/dc_224/2718.jpg,consumer,75-7700,RPR;202,True,qwen,RFR 202,0,0,0.5,0,0.16666666666666666,0,RFR 202,RPR 202
D:/Data/ePillID_data/ePillID_data\classification_data\fcn_mix_weight/dc_224/272.jpg,consumer,378-1165,M;B3;5;5;5,True,qwen,M B3,0,0,0.4,0,0.5,0,M B3,M B3 5 5 5
D:/Data/ePillID_data/ePillID_data\classification_data\fcn_mix_weight/dc_224/2725.jpg,consumer,53746-190,IP190;500,False,qwen,500,0,1,0.5,0,0.625,0,500,IP190 500
D:/Data/ePillID_data/ePillID_data\classification_data\fcn_mix_weight/dc_224/2729.jpg,consumer,93-7212,93;7212,False,qwen,7212,0,1,0.5,0,0.3333333333333333,0,7212,93 7212
D:/Data/ePillID_data/ePillID_data\classification_data\fcn_mix_weight/dc_224/273.jpg,consumer,93-463,9;3;463,False,qwen,463,0,1,0.3333333333333333,0,0.4,0,463,9 3 463
D:/Data/ePillID_data/ePillID_data\classification_data\fcn_mix_weight/dc_224/2741.jpg,consumer,93-7334,TEVA;7334,True,qwen,TEVA 7334,1,1,1.0,1,0.0,1,TEVA 7334,TEVA 7334
D:/Data/ePillID_data/ePillID_data\classification_data\fcn_mix_weight/dc_224/2759.jpg,consumer,59762-5024,G;22,True,qwen,G 22,1,1,1.0,1,0.0,1,G 22,G 22
D:/Data/ePillID_data/ePillID_data\classification_data\fcn_mix_weight/dc_224/2775.jpg,consumer,93-7242,93;7242,False,qwen,724 2,0,0,0.0,0,0.3333333333333333,0,724 2,93 7242
D:/Data/ePillID_data/ePillID_data\classification_data\fcn_mix_weight/dc_224/2781.jpg,consumer,50111-393,b;1114,True,qwen,375,0,0,0.0,0,1.0,0,375,B 1114
D:/Data/ePillID_data/ePillID_data\classification_data\fcn_mix_weight/dc_224/2783.jpg,consumer,50111-433,PLIVA;433,True,qwen,PLIVA 433,1,1,1.0,1,0.0,1,PLIVA 433,PLIVA 433
D:/Data/ePillID_data/ePillID_data\classification_data\fcn_mix_weight/dc_224/2788.jpg,consumer,93-7370,TEVA;7370,False,qwen,G342,0,0,0.0,0,0.875,0,G342,TEVA 7370
D:/Data/ePillID_data/ePillID_data\classification_data\fcn_mix_weight/dc_224/279.jpg,consumer,93-787,787;TEVA,True,qwen,TEVA,0,1,0.5,0,0.42857142857142855,0,TEVA,787 TEVA
D:/Data/ePillID_data/ePillID_data\classification_data\fcn_mix_weight/dc_224/2797.jpg,consumer,555-139,b8;139,False,qwen,139,0,1,0.5,0,0.4,0,139,B8 139
D:/Data/ePillID_data/ePillID_data\classification_data\fcn_mix_weight/dc_224/2801.jpg,consumer,68453-850,N;500,False,qwen,500,0,1,0.5,0,0.25,0,500,N 500
D:/Data/ePillID_data/ePillID_data\classification_data\fcn_mix_weight/dc_224/2806.jpg,consumer,172-5033,5033;10;12;5,True,qwen,5033,0,1,0.25,0,0.5555555555555556,0,5033,5033 10 12 5
D:/Data/ePillID_data/ePillID_data\classification_data\fcn_mix_weight/dc_224/2809.jpg,consumer,555-808,barr;808,False,qwen,G342,0,0,0.0,0,1.0,0,G342,BARR 808
D:/Data/ePillID_data/ePillID_data\classification_data\fcn_mix_weight/dc_224/2811.jpg,consumer,93-7336,TEVA;7336,True,qwen,TEVA 7336,1,1,1.0,1,0.0,1,TEVA 7336,TEVA 7336
D:/Data/ePillID_data/ePillID_data\classification_data\fcn_mix_weight/dc_224/2815.jpg,consumer,93-4405,4405;200,True,qwen,R 405,0,0,0.0,0,0.5714285714285714,0,R 405,4405 200
D:/Data/ePillID_data/ePillID_data\classification_data\fcn_mix_weight/dc_224/2822.jpg,consumer,93-7256,9;3;72;56,True,qwen,9 3,0,0,0.5,0,0.6666666666666666,0,9 3,9 3 72 56
D:/Data/ePillID_data/ePillID_data\classification_data\fcn_mix_weight/dc_224/2831.jpg,consumer,93-7334,TEVA;7334,False,qwen,G342,0,0,0.0,0,0.875,0,G342,TEVA 7334
D:/Data/ePillID_data/ePillID_data\classification_data\fcn_mix_weight/dc_224/2835.jpg,consumer,93-5215,9;3;5215,True,qwen,9 3,0,0,0.6666666666666666,0,0.6666666666666666,0,9 3,9 3 5215
D:/Data/ePillID_data/ePillID_data\classification_data\fcn_mix_weight/dc_224/2836.jpg,consumer,378-7003,M;N3,False,qwen,MACARON,0,0,0.0,0,2.0,0,MACARON,M N3
D:/Data/ePillID_data/ePillID_data\classification_data\fcn_mix_weight/dc_224/2837.jpg,consumer,55111-343,RDY;343,True,qwen,RDY 343,1,1,1.0,1,0.0,1,RDY 343,RDY 343
D:/Data/ePillID_data/ePillID_data\classification_data\fcn_mix_weight/dc_224/2843.jpg,consumer,93-5246,TV;U2;10,True,qwen,TV U2,0,0,0.6666666666666666,0,0.3333333333333333,0,TV U2,TV U2 10
D:/Data/ePillID_data/ePillID_data\classification_data\fcn_mix_weight/dc_224/2844.jpg,consumer,93-658,93;658,True,qwen,888,0,0,0.0,0,0.8,0,888,93 658
D:/Data/ePillID_data/ePillID_data\classification_data\fcn_mix_weight/dc_224/2857.jpg,consumer,555-9027,b;978,True,qwen,B,0,1,0.5,0,0.75,0,B,B 978
D:/Data/ePillID_data/ePillID_data\classification_data\fcn_mix_weight/dc_224/2868.jpg,consumer,555-9016,b;987,True,qwen,B,0,1,0.5,0,0.75,0,B,B 987
D:/Data/ePillID_data/ePillID_data\classification_data\fcn_mix_weight/dc_224/2877.jpg,consumer,228-2127,R127,False,qwen,N,0,0,0.0,0,1.0,0,N,R127
D:/Data/ePillID_data/ePillID_data\classification_data\fcn_mix_weight/dc_224/2879.jpg,consumer,74-6594,SYNTHROID;88,True,qwen,SYNTHROID,0,1,0.5,0,0.18181818181818182,0,SYNTHROID,SYNTHROID 88
D:/Data/ePillID_data/ePillID_data\classification_data\fcn_mix_weight/dc_224/2888.jpg,consumer,50111-647,PLIVA;647;PLIVA;647,True,qwen,PLIVA,0,1,0.5,0,0.6875,0,PLIVA,PLIVA 647 PLIVA 647
D:/Data/ePillID_data/ePillID_data\classification_data\fcn_mix_weight/dc_224/2889.jpg,consumer,93-2272,93;2272,False,qwen,2272,0,1,0.5,0,0.3333333333333333,0,2272,93 2272
D:/Data/ePillID_data/ePillID_data\classification_data\fcn_mix_weight/dc_224/2900.jpg,consumer,93-1063,93;63,True,qwen,93 63,1,1,1.0,1,0.0,1,93 63,93 63
D:/Data/ePillID_data/ePillID_data\classification_data\fcn_mix_weight/dc_224/2908.jpg,consumer,378-2077,L;27;M,False,qwen,N F,0,0,0.0,0,1.0,0,N F,L 27 M
D:/Data/ePillID_data/ePillID_data\classification_data\fcn_mix_weight/dc_224/2917.jpg,consumer,781-5189,200;GG;340,False,qwen,200,0,1,0.3333333333333333,0,0.625,0,200,200 GG 340
D:/Data/ePillID_data/ePillID_data\classification_data\fcn_mix_weight/dc_224/2926.jpg,consumer,93-174,174;93,False,qwen,174,0,1,0.5,0,0.4,0,174,174 93
D:/Data/ePillID_data/ePillID_data\classification_data\fcn_mix_weight/dc_224/2927.jpg,consumer,50111-393,b;1114,False,qwen,B 1,0,0,0.5,0,0.6,0,B 1,B 1114
D:/Data/ePillID_data/ePillID_data\classification_data\fcn_mix_weight/dc_224/2938.jpg,consumer,93-926,926;TEVA,True,qwen,TEVA,0,1,0.5,0,0.42857142857142855,0,TEVA,926 TEVA
D:/Data/ePillID_data/ePillID_data\classification_data\fcn_mix_weight/dc_224/2940.jpg,consumer,378-232,MYLAN;232;80,True,qwen,MYLAN 232,0,0,0.6666666666666666,0,0.2,0,MYLAN 232,MYLAN 232 80
D:/Data/ePillID_data/ePillID_data\classification_data\fcn_mix_weight/dc_224/2949.jpg,consumer,37-2250,SOMA;250,True,qwen,SOMA 250,1,1,1.0,1,0.0,1,SOMA 250,SOMA 250
D:/Data/ePillID_data/ePillID_data\classification_data\fcn_mix_weight/dc_224/2951.jpg,consumer,781-2053,GG623,True,qwen,GG623,1,1,1.0,1,0.0,1,GG623,GG623
D:/Data/ePillID_data/ePillID_data\classification_data\fcn_mix_weight/dc_224/2958.jpg,consumer,93-2264,93;2264,True,qwen,93 2264,1,1,1.0,1,0.0,1,93 2264,93 2264
D:/Data/ePillID_data/ePillID_data\classification_data\fcn_mix_weight/dc_224/296.jpg,consumer,68968-3500,NVN2,True,qwen,NVN2,1,1,1.0,1,0.0,1,NVN2,NVN2
D:/Data/ePillID_data/ePillID_data\classification_data\fcn_mix_weight/dc_224/2963.jpg,consumer,93-7305,93;7305,True,qwen,93,0,1,0.5,0,0.6666666666666666,0,93,93 7305
D:/Data/ePillID_data/ePillID_data\classification_data\fcn_mix_weight/dc_224/2965.jpg,consumer,50111-787,PLIVA;787,False,qwen,L8L,0,0,0.0,0,0.75,0,L8L,PLIVA 787
D:/Data/ePillID_data/ePillID_data\classification_data\fcn_mix_weight/dc_224/2966.jpg,consumer,37-2250,SOMA;250,True,qwen,SOMA 250,1,1,1.0,1,0.0,1,SOMA 250,SOMA 250
D:/Data/ePillID_data/ePillID_data\classification_data\fcn_mix_weight/dc_224/297.jpg,consumer,55111-268,RDY;268,False,qwen,268,0,1,0.5,0,0.5,0,268,RDY 268
D:/Data/ePillID_data/ePillID_data\classification_data\fcn_mix_weight/dc_224/298.jpg,consumer,93-1061,93;61,False,qwen,G3,0,0,0.0,0,0.75,0,G3,93 61
D:/Data/ePillID_data/ePillID_data\classification_data\fcn_mix_weight/dc_224/2981.jpg,consumer,93-5271,93;5271,True,qwen,5271 93,0,0,1.0,1,0.6666666666666666,0,5271 93,93 5271
D:/Data/ePillID_data/ePillID_data\classification_data\fcn_mix_weight/dc_224/2984.jpg,consumer,93-5171,93;5171,False,qwen,5171,0,1,0.5,0,0.3333333333333333,0,5171,93 5171
D:/Data/ePillID_data/ePillID_data\classification_data\fcn_mix_weight/dc_224/2987.jpg,consumer,186-520,500;20,False,qwen,E 1,0,0,0.0,0,1.0,0,E 1,500 20
D:/Data/ePillID_data/ePillID_data\classification_data\fcn_mix_weight/dc_224/299.jpg,consumer,378-1165,M;B3;5;5;5,False,qwen,5 5 5,0,0,0.6,0,0.5,0,5 5 5,M B3 5 5 5
D:/Data/ePillID_data/ePillID_data\classification_data\fcn_mix_weight/dc_224/2997.jpg,consumer,50111-433,PLIVA;433,True,qwen,PLIVA 433,1,1,1.0,1,0.0,1,PLIVA 433,PLIVA 433
D:/Data/ePillID_data/ePillID_data\classification_data\fcn_mix_weight/dc_224/3008.jpg,consumer,93-5710,5710;1;25;250,False,qwen,1 25 250,0,0,0.75,0,0.4,0,1 25 250,5710 1 25 250
D:/Data/ePillID_data/ePillID_data\classification_data\fcn_mix_weight/dc_224/3022.jpg,consumer,93-5271,93;5271,True,qwen,5271 93,0,0,1.0,1,0.6666666666666666,0,5271 93,93 5271
D:/Data/ePillID_data/ePillID_data\classification_data\fcn_mix_weight/dc_224/3025.jpg,consumer,172-4280,7300,True,qwen,BOW TIE,0,0,0.0,0,1.5,0,BOW TIE,7300
D:/Data/ePillID_data/ePillID_data\classification_data\fcn_mix_weight/dc_224/3026.jpg,consumer,93-7305,93;7305,False,qwen,7305,0,1,0.5,0,0.3333333333333333,0,7305,93 7305
D:/Data/ePillID_data/ePillID_data\classification_data\fcn_mix_weight/dc_224/3027.jpg,consumer,93-5246,TV;U2;10,False,qwen,10,0,1,0.3333333333333333,0,0.6666666666666666,0,10,TV U2 10
D:/Data/ePillID_data/ePillID_data\classification_data\fcn_mix_weight/dc_224/3031.jpg,consumer,50111-395,b;1116,True,qwen,B 1116,1,1,1.0,1,0.0,1,B 1116,B 1116
D:/Data/ePillID_data/ePillID_data\classification_data\fcn_mix_weight/dc_224/3035.jpg,consumer,378-6233,MX33,False,qwen,T,0,0,0.0,0,1.0,0,T,MX33
D:/Data/ePillID_data/ePillID_data\classification_data\fcn_mix_weight/dc_224/3042.jpg,consumer,93-4336,4336;1;mg,True,qwen,I43361 1 MG,0,0,0.6666666666666666,0,0.2857142857142857,0,I43361 1 MG,4336 1 MG
D:/Data/ePillID_data/ePillID_data\classification_data\fcn_mix_weight/dc_224/3050.jpg,consumer,378-1819,M;L;13,False,qwen,F 0,0,0,0.0,0,1.0,0,F 0,M L 13
D:/Data/ePillID_data/ePillID_data\classification_data\fcn_mix_weight/dc_224/3052.jpg,consumer,51285-87,b;556,False,qwen,556,0,1,0.5,0,0.25,0,556,B 556
D:/Data/ePillID_data/ePillID_data\classification_data\fcn_mix_weight/dc_224/3053.jpg,consumer,781-1507,GG264,True,qwen,GG2674,0,0,0.0,0,0.2,0,GG2674,GG264
D:/Data/ePillID_data/ePillID_data\classification_data\fcn_mix_weight/dc_224/3057.jpg,consumer,59762-5019,G;022;5,False,qwen,5,0,1,0.3333333333333333,0,0.8,0,5,G 022 5
D:/Data/ePillID_data/ePillID_data\classification_data\fcn_mix_weight/dc_224/3058.jpg,consumer,62-2085,A,True,qwen,T,0,0,0.0,0,1.0,0,T,A
D:/Data/ePillID_data/ePillID_data\classification_data\fcn_mix_weight/dc_224/3062.jpg,consumer,555-9014,b;208,True,qwen,C 3,0,0,0.0,0,1.0,0,C 3,B 208
D:/Data/ePillID_data/ePillID_data\classification_data\fcn_mix_weight/dc_224/3063.jpg,consumer,59762-5024,G;22,True,qwen,G 22,1,1,1.0,1,0.0,1,G 22,G 22
D:/Data/ePillID_data/ePillID_data\classification_data\fcn_mix_weight/dc_224/3064.jpg,consumer,93-2080,TEVA;2080,True,qwen,TEVA 2080,1,1,1.0,1,0.0,1,TEVA 2080,TEVA 2080
D:/Data/ePillID_data/ePillID_data\classification_data\fcn_mix_weight/dc_224/3080.jpg,consumer,65597-701,Sankyo;C01,True,qwen,SANKYO C01,1,1,1.0,1,0.0,1,SANKYO C01,SANKYO C01
D:/Data/ePillID_data/ePillID_data\classification_data\fcn_mix_weight/dc_224/3081.jpg,consumer,555-9008,b;944,False,qwen,941,0,0,0.0,0,0.5,0,941,B 944
D:/Data/ePillID_data/ePillID_data\classification_data\fcn_mix_weight/dc_224/3092.jpg,consumer,51285-691,OP;704,True,qwen,OP 704,1,1,1.0,1,0.0,1,OP 704,OP 704
D:/Data/ePillID_data/ePillID_data\classification_data\fcn_mix_weight/dc_224/3098.jpg,consumer,51285-539,OP;719,False,qwen,G342,0,0,0.0,0,1.0,0,G342,OP 719
D:/Data/ePillID_data/ePillID_data\classification_data\fcn_mix_weight/dc_224/3099.jpg,consumer,74-5182,SYNTHROID;75,True,qwen,SYNTHROID,0,1,0.5,0,0.18181818181818182,0,SYNTHROID,SYNTHROID 75
D:/Data/ePillID_data/ePillID_data\classification_data\fcn_mix_weight/dc_224/3103.jpg,consumer,93-5420,0;5;5420,False,qwen,5420,0,1,0.3333333333333333,0,0.3333333333333333,0,5420,0 5 5420
D:/Data/ePillID_data/ePillID_data\classification_data\fcn_mix_weight/dc_224/311.jpg,consumer,93-7334,TEVA;7334,True,qwen,TEVA 7334,1,1,1.0,1,0.0,1,TEVA 7334,TEVA 7334
D:/Data/ePillID_data/ePillID_data\classification_data\fcn_mix_weight/dc_224/3111.jpg,consumer,50111-901,PA1000,False,qwen,H,0,0,0.0,0,1.0,0,H,PA1000
D:/Data/ePillID_data/ePillID_data\classification_data\fcn_mix_weight/dc_224/312.jpg,consumer,93-2929,2929;93,False,qwen,T,0,0,0.0,0,1.0,0,T,2929 93
D:/Data/ePillID_data/ePillID_data\classification_data\fcn_mix_weight/dc_224/3120.jpg,consumer,93-3127,93;3127;93;3127,True,qwen,93 3127,0,0,1.0,1,0.5,0,93 3127,93 3127 93 3127
D:/Data/ePillID_data/ePillID_data\classification_data\fcn_mix_weight/dc_224/3124.jpg,consumer,29033-20,NC;200,True,qwen,NC 200,1,1,1.0,1,0.0,1,NC 200,NC 200
D:/Data/ePillID_data/ePillID_data\classification_data\fcn_mix_weight/dc_224/313.jpg,consumer,93-983,93;983,False,qwen,983,0,1,0.5,0,0.4,0,983,93 983
D:/Data/ePillID_data/ePillID_data\classification_data\fcn_mix_weight/dc_224/3141.jpg,consumer,93-7443,TEVA;7443,False,qwen,T,0,0,0.0,0,0.875,0,T,TEVA 7443
D:/Data/ePillID_data/ePillID_data\classification_data\fcn_mix_weight/dc_224/3142.jpg,consumer,555-9027,b;978,False,qwen,846,0,0,0.0,0,1.0,0,846,B 978
D:/Data/ePillID_data/ePillID_data\classification_data\fcn_mix_weight/dc_224/3153.jpg,consumer,603-3741,3171;V,False,qwen,T,0,0,0.0,0,1.0,0,T,3171 V
D:/Data/ePillID_data/ePillID_data\classification_data\fcn_mix_weight/dc_224/3155.jpg,consumer,228-2127,R127,False,qwen,G342,0,0,0.0,0,1.0,0,G342,R127
D:/Data/ePillID_data/ePillID_data\classification_data\fcn_mix_weight/dc_224/3171.jpg,consumer,93-3127,93;3127;93;3127,False,qwen,G342,0,0,0.0,0,0.8333333333333334,0,G342,93 3127 93 3127
D:/Data/ePillID_data/ePillID_data\classification_data\fcn_mix_weight/dc_224/3177.jpg,consumer,93-7247,9;3;7247,True,qwen,9 3,0,0,0.6666666666666666,0,0.6666666666666666,0,9 3,9 3 7247
D:/Data/ePillID_data/ePillID_data\classification_data\fcn_mix_weight/dc_224/3179.jpg,consumer,93-753,753;TEVA,True,qwen,TEVA,0,1,0.5,0,0.42857142857142855,0,TEVA,753 TEVA
D:/Data/ePillID_data/ePillID_data\classification_data\fcn_mix_weight/dc_224/318.jpg,consumer,781-2053,GG623,True,qwen,GG623,1,1,1.0,1,0.0,1,GG623,GG623
D:/Data/ePillID_data/ePillID_data\classification_data\fcn_mix_weight/dc_224/3181.jpg,consumer,93-5126,93;5126,False,qwen,5126,0,1,0.5,0,0.3333333333333333,0,5126,93 5126
D:/Data/ePillID_data/ePillID_data\classification_data\fcn_mix_weight/dc_224/3184.jpg,consumer,93-1177,93;1177,False,qwen,1177,0,1,0.5,0,0.3333333333333333,0,1177,93 1177
D:/Data/ePillID_data/ePillID_data\classification_data\fcn_mix_weight/dc_224/3200.jpg,consumer,93-7234,93;7234,True,qwen,93,0,1,0.5,0,0.6666666666666666,0,93,93 7234
D:/Data/ePillID_data/ePillID_data\classification_data\fcn_mix_weight/dc_224/3201.jpg,consumer,7-4892,SB;4892,False,qwen,4892,0,1,0.5,0,0.3333333333333333,0,4892,SB 4892
D:/Data/ePillID_data/ePillID_data\classification_data\fcn_mix_weight/dc_224/3211.jpg,consumer,93-5140,93;5140,False,qwen,5140,0,1,0.5,0,0.3333333333333333,0,5140,93 5140
D:/Data/ePillID_data/ePillID_data\classification_data\fcn_mix_weight/dc_224/3212.jpg,consumer,93-5112,BVF;120;BVF;120,True,qwen,BVF 120 BVF 120,1,1,1.0,1,0.0,1,BVF 120 BVF 120,BVF 120 BVF 120
D:/Data/ePillID_data/ePillID_data\classification_data\fcn_mix_weight/dc_224/3217.jpg,consumer,74-5182,SYNTHROID;75,False,qwen,I 75,0,0,0.5,0,0.7272727272727273,0,I 75,SYNTHROID 75
D:/Data/ePillID_data/ePillID_data\classification_data\fcn_mix_weight/dc_224/3218.jpg,consumer,93-5171,93;5171,False,qwen,5171,0,1,0.5,0,0.3333333333333333,0,5171,93 5171
D:/Data/ePillID_data/ePillID_data\classification_data\fcn_mix_weight/dc_224/3227.jpg,consumer,53489-146,MP;85,True,qwen,MP 85,1,1,1.0,1,0.0,1,MP 85,MP 85
D:/Data/ePillID_data/ePillID_data\classification_data\fcn_mix_weight/dc_224/3230.jpg,consumer,65597-118,C57,True,qwen,C57,1,1,1.0,1,0.0,1,C57,C57
D:/Data/ePillID_data/ePillID_data\classification_data\fcn_mix_weight/dc_224/3233.jpg,consumer,93-1118,93;1118,True,qwen,93,0,1,0.5,0,0.6666666666666666,0,93,93 1118
D:/Data/ePillID_data/ePillID_data\classification_data\fcn_mix_weight/dc_224/3235.jpg,consumer,63459-215,C;215,False,qwen,215,0,1,0.5,0,0.25,0,215,C 215
D:/Data/ePillID_data/ePillID_data\classification_data\fcn_mix_weight/dc_224/3239.jpg,consumer,93-7247,9;3;7247,False,qwen,7247,0,1,0.3333333333333333,0,0.3333333333333333,0,7247,9 3 7247
D:/Data/ePillID_data/ePillID_data\classification_data\fcn_mix_weight/dc_224/3240.jpg,consumer,781-2053,GG623,True,qwen,GG623,1,1,1.0,1,0.0,1,GG623,GG623
D:/Data/ePillID_data/ePillID_data\classification_data\fcn_mix_weight/dc_224/3263.jpg,consumer,555-9016,b;987,True,qwen,B 10,0,0,0.5,0,0.75,0,B 10,B 987
D:/Data/ePillID_data/ePillID_data\classification_data\fcn_mix_weight/dc_224/3279.jpg,consumer,555-9014,b;208,True,qwen,B 5,0,0,0.5,0,0.75,0,B 5,B 208
D:/Data/ePillID_data/ePillID_data\classification_data\fcn_mix_weight/dc_224/3285.jpg,consumer,93-7234,93;7234,False,qwen,7234,0,1,0.5,0,0.3333333333333333,0,7234,93 7234
D:/Data/ePillID_data/ePillID_data\classification_data\fcn_mix_weight/dc_224/3298.jpg,consumer,50111-433,PLIVA;433,True,qwen,PLIVA 333,0,0,0.5,0,0.125,0,PLIVA 333,PLIVA 433
D:/Data/ePillID_data/ePillID_data\classification_data\fcn_mix_weight/dc_224/3305.jpg,consumer,93-7212,93;7212,True,qwen,93,0,1,0.5,0,0.6666666666666666,0,93,93 7212
D:/Data/ePillID_data/ePillID_data\classification_data\fcn_mix_weight/dc_224/3311.jpg,consumer,93-2046,ACTOS;45,False,qwen,45,0,1,0.5,0,0.7142857142857143,0,45,ACTOS 45
D:/Data/ePillID_data/ePillID_data\classification_data\fcn_mix_weight/dc_224/3313.jpg,consumer,99207-461,DYN;090,True,qwen,DYN 090,1,1,1.0,1,0.0,1,DYN 090,DYN 090
D:/Data/ePillID_data/ePillID_data\classification_data\fcn_mix_weight/dc_224/3325.jpg,consumer,93-3127,93;3127;93;3127,True,qwen,93 3127 93 3127,1,1,1.0,1,0.0,1,93 3127 93 3127,93 3127 93 3127
D:/Data/ePillID_data/ePillID_data\classification_data\fcn_mix_weight/dc_224/333.jpg,consumer,3-4222,2;5;1000;4222,True,qwen,4222,0,1,0.25,0,0.6,0,4222,2 5 1000 4222
D:/Data/ePillID_data/ePillID_data\classification_data\fcn_mix_weight/dc_224/3335.jpg,consumer,93-308,93;308,True,qwen,93 308,1,1,1.0,1,0.0,1,93 308,93 308
D:/Data/ePillID_data/ePillID_data\classification_data\fcn_mix_weight/dc_224/3341.jpg,consumer,74-6594,SYNTHROID;88,False,qwen,88,0,1,0.5,0,0.8181818181818182,0,88,SYNTHROID 88
D:/Data/ePillID_data/ePillID_data\classification_data\fcn_mix_weight/dc_224/3347.jpg,consumer,93-926,926;TEVA,True,qwen,TEVA,0,1,0.5,0,0.42857142857142855,0,TEVA,926 TEVA
D:/Data/ePillID_data/ePillID_data\classification_data\fcn_mix_weight/dc_224/3351.jpg,consumer,51285-538,OP;718,True,qwen,OP 718,1,1,1.0,1,0.0,1,OP 718,OP 718
D:/Data/ePillID_data/ePillID_data\classification_data\fcn_mix_weight/dc_224/3353.jpg,consumer,93-7338,93;7338;93;7338,True,qwen,93 7338 93 7338,1,1,1.0,1,0.0,1,93 7338 93 7338,93 7338 93 7338
D:/Data/ePillID_data/ePillID_data\classification_data\fcn_mix_weight/dc_224/3354.jpg,consumer,228-2550,R;550,True,qwen,R,0,1,0.5,0,0.75,0,R,R 550
D:/Data/ePillID_data/ePillID_data\classification_data\fcn_mix_weight/dc_224/3363.jpg,consumer,172-5410,5410;50,True,qwen,50,0,1,0.5,0,0.6666666666666666,0,50,5410 50
D:/Data/ePillID_data/ePillID_data\classification_data\fcn_mix_weight/dc_224/3368.jpg,consumer,378-3495,M;495,False,qwen,T,0,0,0.0,0,1.0,0,T,M 495
D:/Data/ePillID_data/ePillID_data\classification_data\fcn_mix_weight/dc_224/3370.jpg,consumer,93-1177,93;1177,True,qwen,93,0,1,0.5,0,0.6666666666666666,0,93,93 1177
D:/Data/ePillID_data/ePillID_data\classification_data\fcn_mix_weight/dc_224/3375.jpg,consumer,93-51,TV;51,True,qwen,R 5,0,0,0.0,0,0.75,0,R 5,TV 51
D:/Data/ePillID_data/ePillID_data\classification_data\fcn_mix_weight/dc_224/3381.jpg,consumer,93-4405,4405;200,True,qwen,44 05,0,0,0.0,0,0.42857142857142855,0,44 05,4405 200
D:/Data/ePillID_data/ePillID_data\classification_data\fcn_mix_weight/dc_224/3386.jpg,consumer,78-486,NVR;IU,False,qwen,U 1,0,0,0.0,0,1.0,0,U 1,NVR IU
D:/Data/ePillID_data/ePillID_data\classification_data\fcn_mix_weight/dc_224/3387.jpg,consumer,51285-539,OP;719,True,qwen,OP 719,1,1,1.0,1,0.0,1,OP 719,OP 719
D:/Data/ePillID_data/ePillID_data\classification_data\fcn_mix_weight/dc_224/3388.jpg,consumer,245-41,KC;10,True,qwen,R20,0,0,0.0,0,0.75,0,R20,KC 10
D:/Data/ePillID_data/ePillID_data\classification_data\fcn_mix_weight/dc_224/3399.jpg,consumer,93-39,9;3;39,False,qwen,39,0,1,0.3333333333333333,0,0.5,0,39,9 3 39
D:/Data/ePillID_data/ePillID_data\classification_data\fcn_mix_weight/dc_224/341.jpg,consumer,555-1021,barr;16;mg;1021,True,qwen,BARR 1021,0,0,0.5,0,0.3333333333333333,0,BARR 1021,BARR 16 MG 1021
D:/Data/ePillID_data/ePillID_data\classification_data\fcn_mix_weight/dc_224/3411.jpg,consumer,13811-583,T583,False,qwen,SHOGUN,0,0,0.0,0,1.5,0,SHOGUN,T583
D:/Data/ePillID_data/ePillID_data\classification_data\fcn_mix_weight/dc_224/3414.jpg,consumer,93-1063,93;63,True,qwen,93 53,0,0,0.5,0,0.25,0,93 53,93 63
D:/Data/ePillID_data/ePillID_data\classification_data\fcn_mix_weight/dc_224/3425.jpg,consumer,3-4222,2;5;1000;4222,False,qwen,2 5 1000,0,0,0.75,0,0.4,0,2 5 1000,2 5 1000 4222
D:/Data/ePillID_data/ePillID_data\classification_data\fcn_mix_weight/dc_224/3426.jpg,consumer,245-41,KC;10,False,qwen,Y,0,0,0.0,0,1.0,0,Y,KC 10
D:/Data/ePillID_data/ePillID_data\classification_data\fcn_mix_weight/dc_224/3427.jpg,consumer,23-9350,SAN;60,True,qwen,SAN 60,1,1,1.0,1,0.0,1,SAN 60,SAN 60
D:/Data/ePillID_data/ePillID_data\classification_data\fcn_mix_weight/dc_224/3432.jpg,consumer,63304-829,RX829,True,qwen,929,0,0,0.0,0,0.6,0,929,RX829
D:/Data/ePillID_data/ePillID_data\classification_data\fcn_mix_weight/dc_224/3438.jpg,consumer,93-8035,3;035;N,False,qwen,3035,0,0,0.0,0,0.2,0,3035,3 035 N
D:/Data/ePillID_data/ePillID_data\classification_data\fcn_mix_weight/dc_224/3441.jpg,consumer,93-1172,93;1172,False,qwen,1172,0,1,0.5,0,0.3333333333333333,0,1172,93 1172
D:/Data/ePillID_data/ePillID_data\classification_data\fcn_mix_weight/dc_224/345.jpg,consumer,93-2080,TEVA;2080,True,qwen,TEVA 2080,1,1,1.0,1,0.0,1,TEVA 2080,TEVA 2080
D:/Data/ePillID_data/ePillID_data\classification_data\fcn_mix_weight/dc_224/3452.jpg,consumer,50458-551,PAL;6,True,qwen,PAL 6,1,1,1.0,1,0.0,1,PAL 6,PAL 6
D:/Data/ePillID_data/ePillID_data\classification_data\fcn_mix_weight/dc_224/3461.jpg,consumer,49884-401,P;401,True,qwen,P,0,1,0.5,0,0.75,0,P,P 401
D:/Data/ePillID_data/ePillID_data\classification_data\fcn_mix_weight/dc_224/3462.jpg,consumer,832-1025,832;BC20,True,qwen,832 BC20,1,1,1.0,1,0.0,1,832 BC20,832 BC20
D:/Data/ePillID_data/ePillID_data\classification_data\fcn_mix_weight/dc_224/3463.jpg,consumer,172-3761,3761,True,qwen,3,0,0,0.0,0,0.75,0,3,3761
D:/Data/ePillID_data/ePillID_data\classification_data\fcn_mix_weight/dc_224/3470.jpg,consumer,93-1063,93;63,False,qwen,G3,0,0,0.0,0,0.75,0,G3,93 63
D:/Data/ePillID_data/ePillID_data\classification_data\fcn_mix_weight/dc_224/3480.jpg,consumer,51285-406,E;1,True,qwen,E 1,1,1,1.0,1,0.0,1,E 1,E 1
D:/Data/ePillID_data/ePillID_data\classification_data\fcn_mix_weight/dc_224/3481.jpg,consumer,378-2074,L;24;M,False,qwen,24 7,0,0,0.3333333333333333,0,0.5,0,24 7,L 24 M
D:/Data/ePillID_data/ePillID_data\classification_data\fcn_mix_weight/dc_224/3483.jpg,consumer,172-5412,5412;150,False,qwen,5412,0,1,0.5,0,0.42857142857142855,0,5412,5412 150
D:/Data/ePillID_data/ePillID_data\classification_data\fcn_mix_weight/dc_224/3484.jpg,consumer,93-2264,93;2264,True,qwen,93 2264,1,1,1.0,1,0.0,1,93 2264,93 2264
D:/Data/ePillID_data/ePillID_data\classification_data\fcn_mix_weight/dc_224/3488.jpg,consumer,93-7158,93;7158,True,qwen,93,0,1,0.5,0,0.6666666666666666,0,93,93 7158
D:/Data/ePillID_data/ePillID_data\classification_data\fcn_mix_weight/dc_224/349.jpg,consumer,93-5215,9;3;5215,False,qwen,5215,0,1,0.3333333333333333,0,0.3333333333333333,0,5215,9 3 5215
D:/Data/ePillID_data/ePillID_data\classification_data\fcn_mix_weight/dc_224/3497.jpg,consumer,597-46,54;193,True,qwen,54 193,1,1,1.0,1,0.0,1,54 193,54 193
D:/Data/ePillID_data/ePillID_data\classification_data\fcn_mix_weight/dc_224/3504.jpg,consumer,93-7465,TEVA;7465,True,qwen,TEVA,0,1,0.5,0,0.5,0,TEVA,TEVA 7465
D:/Data/ePillID_data/ePillID_data\classification_data\fcn_mix_weight/dc_224/351.jpg,consumer,51285-538,OP;718,True,qwen,OF 718,0,0,0.5,0,0.2,0,OF 718,OP 718
D:/Data/ePillID_data/ePillID_data\classification_data\fcn_mix_weight/dc_224/3519.jpg,consumer,172-3761,3761,False,qwen,3761,1,1,1.0,1,0.0,1,3761,3761
D:/Data/ePillID_data/ePillID_data\classification_data\fcn_mix_weight/dc_224/3526.jpg,consumer,172-5410,5410;50,True,qwen,50,0,1,0.5,0,0.6666666666666666,0,50,5410 50
D:/Data/ePillID_data/ePillID_data\classification_data\fcn_mix_weight/dc_224/3533.jpg,consumer,781-5189,200;GG;340,True,qwen,GG340,0,0,0.0,0,0.375,0,GG340,200 GG 340
D:/Data/ePillID_data/ePillID_data\classification_data\fcn_mix_weight/dc_224/3540.jpg,consumer,93-3012,A06,False,qwen,LUPIN,0,0,0.0,0,1.6666666666666667,0,LUPIN,A06
D:/Data/ePillID_data/ePillID_data\classification_data\fcn_mix_weight/dc_224/3552.jpg,consumer,51285-538,OP;718,True,qwen,DE 718,0,0,0.5,0,0.4,0,DE 718,OP 718
D:/Data/ePillID_data/ePillID_data\classification_data\fcn_mix_weight/dc_224/3556.jpg,consumer,93-3012,A06,False,qwen,LUNA,0,0,0.0,0,1.3333333333333333,0,LUNA,A06
D:/Data/ePillID_data/ePillID_data\classification_data\fcn_mix_weight/dc_224/3565.jpg,consumer,143-9920,H5,True,qwen,H 5,0,0,0.0,0,0.0,1,H 5,H5
D:/Data/ePillID_data/ePillID_data\classification_data\fcn_mix_weight/dc_224/3568.jpg,consumer,378-6233,MX33,True,qwen,MX33,1,1,1.0,1,0.0,1,MX33,MX33
D:/Data/ePillID_data/ePillID_data\classification_data\fcn_mix_weight/dc_224/3569.jpg,consumer,781-5186,125;GG;337,True,qwen,GG337,0,0,0.0,0,0.375,0,GG337,125 GG 337
D:/Data/ePillID_data/ePillID_data\classification_data\fcn_mix_weight/dc_224/3587.jpg,consumer,93-4059,9;3;4059,True,qwen,9 3,0,0,0.6666666666666666,0,0.6666666666666666,0,9 3,9 3 4059
D:/Data/ePillID_data/ePillID_data\classification_data\fcn_mix_weight/dc_224/359.jpg,consumer,93-2080,TEVA;2080,False,qwen,B 1,0,0,0.0,0,1.0,0,B 1,TEVA 2080
D:/Data/ePillID_data/ePillID_data\classification_data\fcn_mix_weight/dc_224/3591.jpg,consumer,62-2085,A,True,qwen,AS,0,0,0.0,0,1.0,1,AS,A
D:/Data/ePillID_data/ePillID_data\classification_data\fcn_mix_weight/dc_224/3597.jpg,consumer,172-4280,7300,False,qwen,73 100,0,0,0.0,0,0.25,0,73 100,7300
D:/Data/ePillID_data/ePillID_data\classification_data\fcn_mix_weight/dc_224/3599.jpg,consumer,93-5256,TEVA;5256,True,qwen,93 5256 93 5256,0,0,0.5,0,1.0,0,93 5256 93 5256,TEVA 5256
D:/Data/ePillID_data/ePillID_data\classification_data\fcn_mix_weight/dc_224/361.jpg,consumer,172-3761,3761,False,qwen,3761,1,1,1.0,1,0.0,1,3761,3761
D:/Data/ePillID_data/ePillID_data\classification_data\fcn_mix_weight/dc_224/3616.jpg,consumer,555-71,b;071;300,True,qwen,C 9,0,0,0.0,0,1.0,0,C 9,B 071 300
D:/Data/ePillID_data/ePillID_data\classification_data\fcn_mix_weight/dc_224/3619.jpg,consumer,93-2046,ACTOS;45,False,qwen,45,0,1,0.5,0,0.7142857142857143,0,45,ACTOS 45
D:/Data/ePillID_data/ePillID_data\classification_data\fcn_mix_weight/dc_224/3621.jpg,consumer,68180-478,LL;C02,True,qwen,LL,0,1,0.5,0,0.6,0,LL,LL C02
D:/Data/ePillID_data/ePillID_data\classification_data\fcn_mix_weight/dc_224/3623.jpg,consumer,555-9010,b;944,True,qwen,B,0,1,0.5,0,0.75,0,B,B 944
D:/Data/ePillID_data/ePillID_data\classification_data\fcn_mix_weight/dc_224/3632.jpg,consumer,143-9920,H5,True,qwen,H 5,0,0,0.0,0,0.0,1,H 5,H5
D:/Data/ePillID_data/ePillID_data\classification_data\fcn_mix_weight/dc_224/3634.jpg,consumer,64980-112,cor;144,False,qwen,T,0,0,0.0,0,1.0,0,T,COR 144
D:/Data/ePillID_data/ePillID_data\classification_data\fcn_mix_weight/dc_224/3638.jpg,consumer,93-5507,TEVA;5507,False,qwen,RED,0,0,0.0,0,0.875,0,RED,TEVA 5507
D:/Data/ePillID_data/ePillID_data\classification_data\fcn_mix_weight/dc_224/3642.jpg,consumer,555-980,b;980,False,qwen,JELLY BEAN,0,0,0.0,0,2.0,0,JELLY BEAN,B 980
D:/Data/ePillID_data/ePillID_data\classification_data\fcn_mix_weight/dc_224/3643.jpg,consumer,93-7158,93;7158,True,qwen,93,0,1,0.5,0,0.6666666666666666,0,93,93 7158
D:/Data/ePillID_data/ePillID_data\classification_data\fcn_mix_weight/dc_224/3644.jpg,consumer,2-4463,C;10,True,qwen,C 10,1,1,1.0,1,0.0,1,C 10,C 10
D:/Data/ePillID_data/ePillID_data\classification_data\fcn_mix_weight/dc_224/3646.jpg,consumer,781-5185,112;GG;336,True,qwen,GG338,0,0,0.0,0,0.5,0,GG338,112 GG 336
D:/Data/ePillID_data/ePillID_data\classification_data\fcn_mix_weight/dc_224/3650.jpg,consumer,555-9027,b;978,False,qwen,978,0,1,0.5,0,0.25,0,978,B 978
D:/Data/ePillID_data/ePillID_data\classification_data\fcn_mix_weight/dc_224/3652.jpg,consumer,93-39,9;3;39,True,qwen,9 3,0,0,0.6666666666666666,0,0.5,0,9 3,9 3 39
D:/Data/ePillID_data/ePillID_data\classification_data\fcn_mix_weight/dc_224/3655.jpg,consumer,378-3632,M;C32,True,qwen,M,0,1,0.5,0,0.75,0,M,M C32
D:/Data/ePillID_data/ePillID_data\classification_data\fcn_mix_weight/dc_224/3656.jpg,consumer,93-5246,TV;U2;10,False,qwen,10,0,1,0.3333333333333333,0,0.6666666666666666,0,10,TV U2 10
D:/Data/ePillID_data/ePillID_data\classification_data\fcn_mix_weight/dc_224/3659.jpg,consumer,93-7436,93;7436;93;7436,True,qwen,7436 7436,0,0,0.5,0,0.3333333333333333,0,7436 7436,93 7436 93 7436
D:/Data/ePillID_data/ePillID_data\classification_data\fcn_mix_weight/dc_224/3668.jpg,consumer,93-5504,TEVA;5504,False,qwen,B,0,0,0.0,0,1.0,0,B,TEVA 5504
D:/Data/ePillID_data/ePillID_data\classification_data\fcn_mix_weight/dc_224/3670.jpg,consumer,55111-268,RDY;268,True,qwen,RDY,0,1,0.5,0,0.5,0,RDY,RDY 268
D:/Data/ePillID_data/ePillID_data\classification_data\fcn_mix_weight/dc_224/3675.jpg,consumer,65597-118,C57,False,qwen,G342,0,0,0.0,0,1.3333333333333333,0,G342,C57
D:/Data/ePillID_data/ePillID_data\classification_data\fcn_mix_weight/dc_224/3686.jpg,consumer,93-787,787;TEVA,False,qwen,787,0,1,0.5,0,0.5714285714285714,0,787,787 TEVA
D:/Data/ePillID_data/ePillID_data\classification_data\fcn_mix_weight/dc_224/3687.jpg,consumer,65597-701,Sankyo;C01,True,qwen,SANKYO C01,1,1,1.0,1,0.0,1,SANKYO C01,SANKYO C01
D:/Data/ePillID_data/ePillID_data\classification_data\fcn_mix_weight/dc_224/369.jpg,consumer,172-5412,5412;150,True,qwen,150,0,1,0.5,0,0.5714285714285714,0,150,5412 150
D:/Data/ePillID_data/ePillID_data\classification_data\fcn_mix_weight/dc_224/3690.jpg,consumer,93-3195,TEVA;3195,True,qwen,TEVA 3195,1,1,1.0,1,0.0,1,TEVA 3195,TEVA 3195
D:/Data/ePillID_data/ePillID_data\classification_data\fcn_mix_weight/dc_224/3694.jpg,consumer,93-7242,93;7242,False,qwen,Z Z Z 726 Z,0,0,0.0,0,0.8333333333333334,0,Z Z Z 726 Z,93 7242
D:/Data/ePillID_data/ePillID_data\classification_data\fcn_mix_weight/dc_224/3695.jpg,consumer,378-7003,M;N3,True,qwen,M N 3,0,0,0.5,0,0.0,1,M N 3,M N3
D:/Data/ePillID_data/ePillID_data\classification_data\fcn_mix_weight/dc_224/370.jpg,consumer,93-8036,6;036;N,True,qwen,N,0,1,0.3333333333333333,0,0.8,0,N,6 036 N
D:/Data/ePillID_data/ePillID_data\classification_data\fcn_mix_weight/dc_224/3707.jpg,consumer,555-607,555;607;barr,False,qwen,555 607,0,0,0.6666666666666666,0,0.4,0,555 607,555 607 BARR
D:/Data/ePillID_data/ePillID_data\classification_data\fcn_mix_weight/dc_224/3717.jpg,consumer,93-7443,TEVA;7443,False,qwen,G342,0,0,0.0,0,0.875,0,G342,TEVA 7443
D:/Data/ePillID_data/ePillID_data\classification_data\fcn_mix_weight/dc_224/3719.jpg,consumer,93-4059,9;3;4059,False,qwen,4059,0,1,0.3333333333333333,0,0.3333333333333333,0,4059,9 3 4059
D:/Data/ePillID_data/ePillID_data\classification_data\fcn_mix_weight/dc_224/3727.jpg,consumer,93-4741,4741;9;3,False,qwen,L741,0,0,0.0,0,0.5,0,L741,4741 9 3
D:/Data/ePillID_data/ePillID_data\classification_data\fcn_mix_weight/dc_224/3734.jpg,consumer,63459-215,C;215,False,qwen,215,0,1,0.5,0,0.25,0,215,C 215
D:/Data/ePillID_data/ePillID_data\classification_data\fcn_mix_weight/dc_224/3738.jpg,consumer,603-3856,3571;V,False,qwen,T,0,0,0.0,0,1.0,0,T,3571 V
D:/Data/ePillID_data/ePillID_data\classification_data\fcn_mix_weight/dc_224/3744.jpg,consumer,378-216,MYLAN;216;40,False,qwen,40,0,1,0.3333333333333333,0,0.8,0,40,MYLAN 216 40
D:/Data/ePillID_data/ePillID_data\classification_data\fcn_mix_weight/dc_224/3752.jpg,consumer,93-787,787;TEVA,True,qwen,TEVA,0,1,0.5,0,0.42857142857142855,0,TEVA,787 TEVA
D:/Data/ePillID_data/ePillID_data\classification_data\fcn_mix_weight/dc_224/3758.jpg,consumer,781-1506,GG263,True,qwen,GG 263,0,0,0.0,0,0.0,1,GG 263,GG263
D:/Data/ePillID_data/ePillID_data\classification_data\fcn_mix_weight/dc_224/3760.jpg,consumer,555-607,555;607;barr,False,qwen,555 607,0,0,0.6666666666666666,0,0.4,0,555 607,555 607 BARR
D:/Data/ePillID_data/ePillID_data\classification_data\fcn_mix_weight/dc_224/3765.jpg,consumer,93-5126,93;5126,True,qwen,93,0,1,0.5,0,0.6666666666666666,0,93,93 5126
D:/Data/ePillID_data/ePillID_data\classification_data\fcn_mix_weight/dc_224/3766.jpg,consumer,2-4463,C;10,False,qwen,T 1,0,0,0.0,0,0.6666666666666666,0,T 1,C 10
D:/Data/ePillID_data/ePillID_data\classification_data\fcn_mix_weight/dc_224/3768.jpg,consumer,29033-20,NC;200,False,qwen,G342,0,0,0.0,0,1.0,0,G342,NC 200
D:/Data/ePillID_data/ePillID_data\classification_data\fcn_mix_weight/dc_224/377.jpg,consumer,172-4626,20;4626,False,qwen,4626,0,1,0.5,0,0.3333333333333333,0,4626,20 4626
D:/Data/ePillID_data/ePillID_data\classification_data\fcn_mix_weight/dc_224/3781.jpg,consumer,172-7312,100;mg,False,qwen,G3,0,0,0.0,0,1.0,0,G3,100 MG
D:/Data/ePillID_data/ePillID_data\classification_data\fcn_mix_weight/dc_224/3785.jpg,consumer,93-983,93;983,True,qwen,93,0,1,0.5,0,0.6,0,93,93 983
D:/Data/ePillID_data/ePillID_data\classification_data\fcn_mix_weight/dc_224/3792.jpg,consumer,50111-393,b;1114,True,qwen,B 1114,1,1,1.0,1,0.0,1,B 1114,B 1114
D:/Data/ePillID_data/ePillID_data\classification_data\fcn_mix_weight/dc_224/3793.jpg,consumer,93-1177,93;1177,True,qwen,93,0,1,0.5,0,0.6666666666666666,0,93,93 1177
D:/Data/ePillID_data/ePillID_data\classification_data\fcn_mix_weight/dc_224/3798.jpg,consumer,51285-523,OP;706,True,qwen,OP 706,1,1,1.0,1,0.0,1,OP 706,OP 706
D:/Data/ePillID_data/ePillID_data\classification_data\fcn_mix_weight/dc_224/3802.jpg,consumer,93-7336,TEVA;7336,False,qwen,PLAIN,0,0,0.0,0,0.875,0,PLAIN,TEVA 7336
D:/Data/ePillID_data/ePillID_data\classification_data\fcn_mix_weight/dc_224/3805.jpg,consumer,378-2077,L;27;M,False,qwen,L 27,0,0,0.6666666666666666,0,0.25,0,L 27,L 27 M
D:/Data/ePillID_data/ePillID_data\classification_data\fcn_mix_weight/dc_224/3807.jpg,consumer,555-1057,barr;936,False,qwen,G342,0,0,0.0,0,1.0,0,G342,BARR 936
D:/Data/ePillID_data/ePillID_data\classification_data\fcn_mix_weight/dc_224/3810.jpg,consumer,93-5214,9;3;5214,False,qwen,5214,0,1,0.3333333333333333,0,0.3333333333333333,0,5214,9 3 5214
D:/Data/ePillID_data/ePillID_data\classification_data\fcn_mix_weight/dc_224/3813.jpg,consumer,78-359,NVR;DX,True,qwen,XO,0,0,0.0,0,1.0,0,XO,NVR DX
D:/Data/ePillID_data/ePillID_data\classification_data\fcn_mix_weight/dc_224/3817.jpg,consumer,93-2130,Z;Zenith;50mg;2130,False,qwen,ZENITH 150 MG,0,0,0.25,0,0.4,0,ZENITH 150 MG,Z ZENITH 50MG 2130
D:/Data/ePillID_data/ePillID_data\classification_data\fcn_mix_weight/dc_224/3822.jpg,consumer,555-633,barr;633,False,qwen,P,0,0,0.0,0,1.0,0,P,BARR 633
D:/Data/ePillID_data/ePillID_data\classification_data\fcn_mix_weight/dc_224/3824.jpg,consumer,68382-24,Z;67,False,qwen,E,0,0,0.0,0,1.0,0,E,Z 67
D:/Data/ePillID_data/ePillID_data\classification_data\fcn_mix_weight/dc_224/3832.jpg,consumer,143-9920,H5,True,qwen,E 07,0,0,0.0,0,1.5,0,E 07,H5
D:/Data/ePillID_data/ePillID_data\classification_data\fcn_mix_weight/dc_224/3849.jpg,consumer,781-1506,GG263,False,qwen,T,0,0,0.0,0,1.0,0,T,GG263
D:/Data/ePillID_data/ePillID_data\classification_data\fcn_mix_weight/dc_224/3856.jpg,consumer,78-359,NVR;DX,False,qwen,MYR,0,0,0.0,0,0.8,0,MYR,NVR DX
D:/Data/ePillID_data/ePillID_data\classification_data\fcn_mix_weight/dc_224/3864.jpg,consumer,64764-918,TAP;40,False,qwen,40,0,1,0.5,0,0.6,0,40,TAP 40
D:/Data/ePillID_data/ePillID_data\classification_data\fcn_mix_weight/dc_224/3865.jpg,consumer,173-565,VALTREX;1;gram,True,qwen,VALTREX 1 GRAM,1,1,1.0,1,0.0,1,VALTREX 1 GRAM,VALTREX 1 GRAM
D:/Data/ePillID_data/ePillID_data\classification_data\fcn_mix_weight/dc_224/3873.jpg,consumer,51285-691,OP;704,True,qwen,OP 704,1,1,1.0,1,0.0,1,OP 704,OP 704
D:/Data/ePillID_data/ePillID_data\classification_data\fcn_mix_weight/dc_224/3875.jpg,consumer,3-4222,2;5;1000;4222,False,qwen,2 5 1000,0,0,0.75,0,0.4,0,2 5 1000,2 5 1000 4222
D:/Data/ePillID_data/ePillID_data\classification_data\fcn_mix_weight/dc_224/3876.jpg,consumer,93-7338,93;7338;93;7338,False,qwen,G342,0,0,0.0,0,0.9166666666666666,0,G342,93 7338 93 7338
D:/Data/ePillID_data/ePillID_data\classification_data\fcn_mix_weight/dc_224/3892.jpg,consumer,50111-393,b;1114,False,qwen,T,0,0,0.0,0,1.0,0,T,B 1114
D:/Data/ePillID_data/ePillID_data\classification_data\fcn_mix_weight/dc_224/3897.jpg,consumer,93-7304,93;7304,False,qwen,7304,0,1,0.5,0,0.3333333333333333,0,7304,93 7304
D:/Data/ePillID_data/ePillID_data\classification_data\fcn_mix_weight/dc_224/3906.jpg,consumer,93-5710,5710;1;25;250,False,qwen,1 25 250,0,0,0.75,0,0.4,0,1 25 250,5710 1 25 250
D:/Data/ePillID_data/ePillID_data\classification_data\fcn_mix_weight/dc_224/3909.jpg,consumer,59762-2004,G;2004,True,qwen,G 2004,1,1,1.0,1,0.0,1,G 2004,G 2004
D:/Data/ePillID_data/ePillID_data\classification_data\fcn_mix_weight/dc_224/3912.jpg,consumer,99207-467,DYN;105,False,qwen,N,0,0,0.0,0,0.8333333333333334,0,N,DYN 105
D:/Data/ePillID_data/ePillID_data\classification_data\fcn_mix_weight/dc_224/3916.jpg,consumer,93-7336,TEVA;7336,False,qwen,G342,0,0,0.0,0,0.875,0,G342,TEVA 7336
D:/Data/ePillID_data/ePillID_data\classification_data\fcn_mix_weight/dc_224/3919.jpg,consumer,93-7443,TEVA;7443,True,qwen,TEVA 7443,1,1,1.0,1,0.0,1,TEVA 7443,TEVA 7443
D:/Data/ePillID_data/ePillID_data\classification_data\fcn_mix_weight/dc_224/3920.jpg,consumer,37-2250,SOMA;250,False,qwen,T,0,0,0.0,0,1.0,0,T,SOMA 250
D:/Data/ePillID_data/ePillID_data\classification_data\fcn_mix_weight/dc_224/3942.jpg,consumer,78-521,NVR;LCI,False,qwen,LCI,0,1,0.5,0,0.5,0,LCI,NVR LCI
D:/Data/ePillID_data/ePillID_data\classification_data\fcn_mix_weight/dc_224/3944.jpg,consumer,378-1819,M;L;13,True,qwen,M,0,1,0.3333333333333333,0,0.75,0,M,M L 13
D:/Data/ePillID_data/ePillID_data\classification_data\fcn_mix_weight/dc_224/3946.jpg,consumer,93-5214,9;3;5214,True,qwen,9 3,0,0,0.6666666666666666,0,0.6666666666666666,0,9 3,9 3 5214
D:/Data/ePillID_data/ePillID_data\classification_data\fcn_mix_weight/dc_224/3949.jpg,consumer,54-166,54;135,True,qwen,54 135,1,1,1.0,1,0.0,1,54 135,54 135
D:/Data/ePillID_data/ePillID_data\classification_data\fcn_mix_weight/dc_224/3958.jpg,consumer,50111-327,PLIVA;327,True,qwen,PLIVA 327,1,1,1.0,1,0.0,1,PLIVA 327,PLIVA 327
D:/Data/ePillID_data/ePillID_data\classification_data\fcn_mix_weight/dc_224/396.jpg,consumer,68462-163,G;41,False,qwen,L 7,0,0,0.0,0,1.0,0,L 7,G 41
D:/Data/ePillID_data/ePillID_data\classification_data\fcn_mix_weight/dc_224/3963.jpg,consumer,93-3167,TEVA;3167,False,qwen,B 1,0,0,0.0,0,0.875,0,B 1,TEVA 3167
D:/Data/ePillID_data/ePillID_data\classification_data\fcn_mix_weight/dc_224/3964.jpg,consumer,456-457,A;TC,True,qwen,A TC,1,1,1.0,1,0.0,1,A TC,A TC
D:/Data/ePillID_data/ePillID_data\classification_data\fcn_mix_weight/dc_224/3968.jpg,consumer,68462-358,IG;257,False,qwen,257,0,1,0.5,0,0.4,0,257,IG 257
D:/Data/ePillID_data/ePillID_data\classification_data\fcn_mix_weight/dc_224/3971.jpg,consumer,75-7700,RPR;202,False,qwen,T 1,0,0,0.0,0,1.0,0,T 1,RPR 202
D:/Data/ePillID_data/ePillID_data\classification_data\fcn_mix_weight/dc_224/3973.jpg,consumer,93-7158,93;7158,True,qwen,93,0,1,0.5,0,0.6666666666666666,0,93,93 7158
D:/Data/ePillID_data/ePillID_data\classification_data\fcn_mix_weight/dc_224/3974.jpg,consumer,51672-4016,ETO;200;MG,False,qwen,G342,0,0,0.0,0,0.875,0,G342,ETO 200 MG
D:/Data/ePillID_data/ePillID_data\classification_data\fcn_mix_weight/dc_224/3976.jpg,consumer,555-9014,b;208,False,qwen,208,0,1,0.5,0,0.25,0,208,B 208
D:/Data/ePillID_data/ePillID_data\classification_data\fcn_mix_weight/dc_224/3983.jpg,consumer,186-520,500;20,True,qwen,500 20,1,1,1.0,1,0.0,1,500 20,500 20
D:/Data/ePillID_data/ePillID_data\classification_data\fcn_mix_weight/dc_224/3988.jpg,consumer,93-7385,93;7385;93;7385,True,qwen,93 7385 93 7385,1,1,1.0,1,0.0,1,93 7385 93 7385,93 7385 93 7385
D:/Data/ePillID_data/ePillID_data\classification_data\fcn_mix_weight/dc_224/3996.jpg,consumer,74-6594,SYNTHROID;88,False,qwen,88,0,1,0.5,0,0.8181818181818182,0,88,SYNTHROID 88
D:/Data/ePillID_data/ePillID_data\classification_data\fcn_mix_weight/dc_224/4042.jpg,consumer,93-5420,0;5;5420,False,qwen,B 20,0,0,0.0,0,0.6666666666666666,0,B 20,0 5 5420
D:/Data/ePillID_data/ePillID_data\classification_data\fcn_mix_weight/dc_224/4044.jpg,consumer,93-5710,5710;1;25;250,True,qwen,5710,0,1,0.25,0,0.6,0,5710,5710 1 25 250
D:/Data/ePillID_data/ePillID_data\classification_data\fcn_mix_weight/dc_224/4048.jpg,consumer,68462-163,G;41,True,qwen,G,0,1,0.5,0,0.6666666666666666,0,G,G 41
D:/Data/ePillID_data/ePillID_data\classification_data\fcn_mix_weight/dc_224/4050.jpg,consumer,93-5214,9;3;5214,False,qwen,5214,0,1,0.3333333333333333,0,0.3333333333333333,0,5214,9 3 5214
D:/Data/ePillID_data/ePillID_data\classification_data\fcn_mix_weight/dc_224/4068.jpg,consumer,74-7068,SYNTHROID;125,False,qwen,125,0,1,0.5,0,0.75,0,125,SYNTHROID 125
D:/Data/ePillID_data/ePillID_data\classification_data\fcn_mix_weight/dc_224/4074.jpg,consumer,93-5246,TV;U2;10,False,qwen,10,0,1,0.3333333333333333,0,0.6666666666666666,0,10,TV U2 10
D:/Data/ePillID_data/ePillID_data\classification_data\fcn_mix_weight/dc_224/4075.jpg,consumer,93-810,TEVA;10mg;0810,False,qwen,T,0,0,0.0,0,0.9166666666666666,0,T,TEVA 10MG 0810
D:/Data/ePillID_data/ePillID_data\classification_data\fcn_mix_weight/dc_224/4084.jpg,consumer,555-9027,b;978,False,qwen,978,0,1,0.5,0,0.25,0,978,B 978
D:/Data/ePillID_data/ePillID_data\classification_data\fcn_mix_weight/dc_224/409.jpg,consumer,93-4741,4741;9;3,False,qwen,L7U1,0,0,0.0,0,0.6666666666666666,0,L7U1,4741 9 3
D:/Data/ePillID_data/ePillID_data\classification_data\fcn_mix_weight/dc_224/4103.jpg,consumer,53489-143,MP;35,True,qwen,MP 35,1,1,1.0,1,0.0,1,MP 35,MP 35
D:/Data/ePillID_data/ePillID_data\classification_data\fcn_mix_weight/dc_224/4105.jpg,consumer,93-926,926;TEVA,False,qwen,926,0,1,0.5,0,0.5714285714285714,0,926,926 TEVA
D:/Data/ePillID_data/ePillID_data\classification_data\fcn_mix_weight/dc_224/411.jpg,consumer,68180-478,LL;C02,True,qwen,77,0,0,0.0,0,1.0,0,77,LL C02
D:/Data/ePillID_data/ePillID_data\classification_data\fcn_mix_weight/dc_224/4112.jpg,consumer,63304-829,RX829,False,qwen,E 1,0,0,0.0,0,1.0,0,E 1,RX829
D:/Data/ePillID_data/ePillID_data\classification_data\fcn_mix_weight/dc_224/4115.jpg,consumer,93-5214,9;3;5214,True,qwen,9 3,0,0,0.6666666666666666,0,0.6666666666666666,0,9 3,9 3 5214
D:/Data/ePillID_data/ePillID_data\classification_data\fcn_mix_weight/dc_224/4126.jpg,consumer,781-5185,112;GG;336,False,qwen,112,0,1,0.3333333333333333,0,0.625,0,112,112 GG 336
D:/Data/ePillID_data/ePillID_data\classification_data\fcn_mix_weight/dc_224/413.jpg,consumer,53489-648,Mutual;866,True,qwen,MUTUAL 866,1,1,1.0,1,0.0,1,MUTUAL 866,MUTUAL 866
D:/Data/ePillID_data/ePillID_data\classification_data\fcn_mix_weight/dc_224/4130.jpg,consumer,68453-850,N;500,False,qwen,500,0,1,0.5,0,0.25,0,500,N 500
D:/Data/ePillID_data/ePillID_data\classification_data\fcn_mix_weight/dc_224/4134.jpg,consumer,172-5411,5411;100,False,qwen,5 7,0,0,0.0,0,0.8571428571428571,0,5 7,5411 100
D:/Data/ePillID_data/ePillID_data\classification_data\fcn_mix_weight/dc_224/4164.jpg,consumer,93-5504,TEVA;5504,True,qwen,TEVA 5504,1,1,1.0,1,0.0,1,TEVA 5504,TEVA 5504
D:/Data/ePillID_data/ePillID_data\classification_data\fcn_mix_weight/dc_224/4168.jpg,consumer,93-784,93;784,False,qwen,T,0,0,0.0,0,1.0,0,T,93 784
D:/Data/ePillID_data/ePillID_data\classification_data\fcn_mix_weight/dc_224/4170.jpg,consumer,53489-648,Mutual;866,True,qwen,MUTUAL 866,1,1,1.0,1,0.0,1,MUTUAL 866,MUTUAL 866
D:/Data/ePillID_data/ePillID_data\classification_data\fcn_mix_weight/dc_224/4175.jpg,consumer,93-174,174;93,True,qwen,93 6,0,0,0.5,0,0.8,0,93 6,174 93
D:/Data/ePillID_data/ePillID_data\classification_data\fcn_mix_weight/dc_224/4178.jpg,consumer,74-7068,SYNTHROID;125,False,qwen,125,0,1,0.5,0,0.75,0,125,SYNTHROID 125
D:/Data/ePillID_data/ePillID_data\classification_data\fcn_mix_weight/dc_224/418.jpg,consumer,59762-5033,GLIPIZIDE;XL;10,True,qwen,GLIPIZIDE XL 10,1,1,1.0,1,0.0,1,GLIPIZIDE XL 10,GLIPIZIDE XL 10
D:/Data/ePillID_data/ePillID_data\classification_data\fcn_mix_weight/dc_224/4180.jpg,consumer,63304-827,RX12,False,qwen,B 1,0,0,0.0,0,0.75,0,B 1,RX12
D:/Data/ePillID_data/ePillID_data\classification_data\fcn_mix_weight/dc_224/4183.jpg,consumer,55111-343,RDY;343,False,qwen,B 1,0,0,0.0,0,1.0,0,B 1,RDY 343
D:/Data/ePillID_data/ePillID_data\classification_data\fcn_mix_weight/dc_224/4201.jpg,consumer,93-536,93;536,False,qwen,536,0,1,0.5,0,0.4,0,536,93 536
D:/Data/ePillID_data/ePillID_data\classification_data\fcn_mix_weight/dc_224/4210.jpg,consumer,93-1172,93;1172,True,qwen,93,0,1,0.5,0,0.6666666666666666,0,93,93 1172
D:/Data/ePillID_data/ePillID_data\classification_data\fcn_mix_weight/dc_224/4213.jpg,consumer,378-1819,M;L;13,False,qwen,L 13,0,0,0.6666666666666666,0,0.25,0,L 13,M L 13
D:/Data/ePillID_data/ePillID_data\classification_data\fcn_mix_weight/dc_224/4214.jpg,consumer,93-174,174;93,False,qwen,174,0,1,0.5,0,0.4,0,174,174 93
D:/Data/ePillID_data/ePillID_data\classification_data\fcn_mix_weight/dc_224/4225.jpg,consumer,93-5112,BVF;120;BVF;120,True,qwen,BVF 120 BVF 120,1,1,1.0,1,0.0,1,BVF 120 BVF 120,BVF 120 BVF 120
D:/Data/ePillID_data/ePillID_data\classification_data\fcn_mix_weight/dc_224/4228.jpg,consumer,56-176,2;1;2;COUMADIN,False,qwen,M,0,0,0.0,0,0.9090909090909091,0,M,2 1 2 COUMADIN
D:/Data/ePillID_data/ePillID_data\classification_data\fcn_mix_weight/dc_224/4232.jpg,consumer,245-41,KC;10,True,qwen,KC 10,1,1,1.0,1,0.0,1,KC 10,KC 10
D:/Data/ePillID_data/ePillID_data\classification_data\fcn_mix_weight/dc_224/4233.jpg,consumer,555-9026,b;247,True,qwen,B 6,0,0,0.5,0,0.75,0,B 6,B 247
D:/Data/ePillID_data/ePillID_data\classification_data\fcn_mix_weight/dc_224/4237.jpg,consumer,93-5770,TEVA;5770,True,qwen,TEVA,0,1,0.5,0,0.5,0,TEVA,TEVA 5770
D:/Data/ePillID_data/ePillID_data\classification_data\fcn_mix_weight/dc_224/4239.jpg,consumer,173-562,GX;CE5,False,qwen,G3,0,0,0.0,0,0.8,0,G3,GX CE5
D:/Data/ePillID_data/ePillID_data\classification_data\fcn_mix_weight/dc_224/4267.jpg,consumer,53489-143,MP;35,True,qwen,SC 35 MP,0,0,1.0,1,1.0,0,SC 35 MP,MP 35
D:/Data/ePillID_data/ePillID_data\classification_data\fcn_mix_weight/dc_224/4278.jpg,consumer,50111-395,b;1116,True,qwen,B 1116,1,1,1.0,1,0.0,1,B 1116,B 1116
D:/Data/ePillID_data/ePillID_data\classification_data\fcn_mix_weight/dc_224/4279.jpg,consumer,93-174,174;93,False,qwen,174,0,1,0.5,0,0.4,0,174,174 93
D:/Data/ePillID_data/ePillID_data\classification_data\fcn_mix_weight/dc_224/430.jpg,consumer,591-3210,WATSON;3210,False,qwen,N,0,0,0.0,0,0.9,0,N,WATSON 3210
D:/Data/ePillID_data/ePillID_data\classification_data\fcn_mix_weight/dc_224/4301.jpg,consumer,59148-6,A;006;2,False,qwen,G3,0,0,0.0,0,1.0,0,G3,A 006 2
D:/Data/ePillID_data/ePillID_data\classification_data\fcn_mix_weight/dc_224/4305.jpg,consumer,93-8035,3;035;N,False,qwen,3035,0,0,0.0,0,0.2,0,3035,3 035 N
D:/Data/ePillID_data/ePillID_data\classification_data\fcn_mix_weight/dc_224/4307.jpg,consumer,93-1118,93;1118,True,qwen,93,0,1,0.5,0,0.6666666666666666,0,93,93 1118
D:/Data/ePillID_data/ePillID_data\classification_data\fcn_mix_weight/dc_224/4310.jpg,consumer,555-9010,b;944,True,qwen,I,0,0,0.0,0,1.0,0,I,B 944
D:/Data/ePillID_data/ePillID_data\classification_data\fcn_mix_weight/dc_224/4315.jpg,consumer,93-7385,93;7385;93;7385,True,qwen,93 7385 93 7385,1,1,1.0,1,0.0,1,93 7385 93 7385,93 7385 93 7385
D:/Data/ePillID_data/ePillID_data\classification_data\fcn_mix_weight/dc_224/4320.jpg,consumer,93-2264,93;2264,False,qwen,T,0,0,0.0,0,1.0,0,T,93 2264
D:/Data/ePillID_data/ePillID_data\classification_data\fcn_mix_weight/dc_224/4321.jpg,consumer,93-3195,TEVA;3195,True,qwen,TEVA 3195,1,1,1.0,1,0.0,1,TEVA 3195,TEVA 3195
D:/Data/ePillID_data/ePillID_data\classification_data\fcn_mix_weight/dc_224/4331.jpg,consumer,59762-5024,G;22,True,qwen,G 72,0,0,0.5,0,0.3333333333333333,0,G 72,G 22
D:/Data/ePillID_data/ePillID_data\classification_data\fcn_mix_weight/dc_224/4345.jpg,consumer,2-3250,LILLY;3250;80;mg,False,qwen,G342,0,0,0.0,0,0.9230769230769231,0,G342,LILLY 3250 80 MG
D:/Data/ePillID_data/ePillID_data\classification_data\fcn_mix_weight/dc_224/4366.jpg,consumer,172-5034,5034;20;12;5,True,qwen,A B,0,0,0.0,0,1.0,0,A B,5034 20 12 5
D:/Data/ePillID_data/ePillID_data\classification_data\fcn_mix_weight/dc_224/4377.jpg,consumer,93-2263,93;2263,False,qwen,2263,0,1,0.5,0,0.3333333333333333,0,2263,93 2263
D:/Data/ePillID_data/ePillID_data\classification_data\fcn_mix_weight/dc_224/4379.jpg,consumer,781-1507,GG264,True,qwen,GG264,1,1,1.0,1,0.0,1,GG264,GG264
D:/Data/ePillID_data/ePillID_data\classification_data\fcn_mix_weight/dc_224/439.jpg,consumer,68462-163,G;41,False,qwen,41,0,1,0.5,0,0.3333333333333333,0,41,G 41
D:/Data/ePillID_data/ePillID_data\classification_data\fcn_mix_weight/dc_224/4392.jpg,consumer,78-521,NVR;LCI,True,qwen,NVR,0,1,0.5,0,0.5,0,NVR,NVR LCI
D:/Data/ePillID_data/ePillID_data\classification_data\fcn_mix_weight/dc_224/4394.jpg,consumer,378-232,MYLAN;232;80,True,qwen,MYLAN 232,0,0,0.6666666666666666,0,0.2,0,MYLAN 232,MYLAN 232 80
D:/Data/ePillID_data/ePillID_data\classification_data\fcn_mix_weight/dc_224/4396.jpg,consumer,93-7438,93;7438;93;7438,False,qwen,G344,0,0,0.0,0,0.75,0,G344,93 7438 93 7438
D:/Data/ePillID_data/ePillID_data\classification_data\fcn_mix_weight/dc_224/4412.jpg,consumer,51285-697,OP;697,True,qwen,OP 697,1,1,1.0,1,0.0,1,OP 697,OP 697
D:/Data/ePillID_data/ePillID_data\classification_data\fcn_mix_weight/dc_224/4416.jpg,consumer,51285-406,E;1,True,qwen,B 1,0,0,0.5,0,0.5,0,B 1,E 1
D:/Data/ePillID_data/ePillID_data\classification_data\fcn_mix_weight/dc_224/442.jpg,consumer,93-109,109;TEVA,True,qwen,G311,0,0,0.0,0,1.0,0,G311,109 TEVA
D:/Data/ePillID_data/ePillID_data\classification_data\fcn_mix_weight/dc_224/4424.jpg,consumer,93-5112,BVF;120;BVF;120,True,qwen,BVF 120 BVF 120,1,1,1.0,1,0.0,1,BVF 120 BVF 120,BVF 120 BVF 120
D:/Data/ePillID_data/ePillID_data\classification_data\fcn_mix_weight/dc_224/4433.jpg,consumer,51285-539,OP;719,False,qwen,G342,0,0,0.0,0,1.0,0,G342,OP 719
D:/Data/ePillID_data/ePillID_data\classification_data\fcn_mix_weight/dc_224/445.jpg,consumer,50111-647,PLIVA;647;PLIVA;647,True,qwen,PLIVA,0,1,0.5,0,0.6875,0,PLIVA,PLIVA 647 PLIVA 647
D:/Data/ePillID_data/ePillID_data\classification_data\fcn_mix_weight/dc_224/4461.jpg,consumer,93-7385,93;7385;93;7385,False,qwen,G342,0,0,0.0,0,0.9166666666666666,0,G342,93 7385 93 7385
D:/Data/ePillID_data/ePillID_data\classification_data\fcn_mix_weight/dc_224/4466.jpg,consumer,50111-395,b;1116,False,qwen,AS,0,0,0.0,0,1.0,0,AS,B 1116
D:/Data/ePillID_data/ePillID_data\classification_data\fcn_mix_weight/dc_224/4470.jpg,consumer,555-1057,barr;936,True,qwen,BARR 936,1,1,1.0,1,0.0,1,BARR 936,BARR 936
D:/Data/ePillID_data/ePillID_data\classification_data\fcn_mix_weight/dc_224/4479.jpg,consumer,93-536,93;536,True,qwen,93,0,1,0.5,0,0.6,0,93,93 536
D:/Data/ePillID_data/ePillID_data\classification_data\fcn_mix_weight/dc_224/4492.jpg,consumer,93-83,93;83,False,qwen,83,0,1,0.5,0,0.5,0,83,93 83
D:/Data/ePillID_data/ePillID_data\classification_data\fcn_mix_weight/dc_224/4500.jpg,consumer,93-7365,9;3;7365,False,qwen,7365,0,1,0.3333333333333333,0,0.3333333333333333,0,7365,9 3 7365
D:/Data/ePillID_data/ePillID_data\classification_data\fcn_mix_weight/dc_224/4508.jpg,consumer,555-1021,barr;16;mg;1021,True,qwen,BARR 16 MG 1021,1,1,1.0,1,0.0,1,BARR 16 MG 1021,BARR 16 MG 1021
D:/Data/ePillID_data/ePillID_data\classification_data\fcn_mix_weight/dc_224/451.jpg,consumer,74-5182,SYNTHROID;75,False,qwen,75 1,0,0,0.5,0,0.9090909090909091,0,75 1,SYNTHROID 75
D:/Data/ePillID_data/ePillID_data\classification_data\fcn_mix_weight/dc_224/4513.jpg,consumer,172-7312,100;mg,True,qwen,100 MG,1,1,1.0,1,0.0,1,100 MG,100 MG
D:/Data/ePillID_data/ePillID_data\classification_data\fcn_mix_weight/dc_224/4522.jpg,consumer,781-1507,GG264,True,qwen,GG264,1,1,1.0,1,0.0,1,GG264,GG264
D:/Data/ePillID_data/ePillID_data\classification_data\fcn_mix_weight/dc_224/453.jpg,consumer,93-83,93;83,True,qwen,36,0,0,0.0,0,0.75,0,36,93 83
D:/Data/ePillID_data/ePillID_data\classification_data\fcn_mix_weight/dc_224/4541.jpg,consumer,93-27,93;27,True,qwen,93 27,1,1,1.0,1,0.0,1,93 27,93 27
D:/Data/ePillID_data/ePillID_data\classification_data\fcn_mix_weight/dc_224/4558.jpg,consumer,172-4626,20;4626,True,qwen,20,0,1,0.5,0,0.6666666666666666,0,20,20 4626
D:/Data/ePillID_data/ePillID_data\classification_data\fcn_mix_weight/dc_224/4567.jpg,consumer,53489-143,MP;35,True,qwen,MP 35,1,1,1.0,1,0.0,1,MP 35,MP 35
D:/Data/ePillID_data/ePillID_data\classification_data\fcn_mix_weight/dc_224/4569.jpg,consumer,781-5186,125;GG;337,False,qwen,125,0,1,0.3333333333333333,0,0.625,0,125,125 GG 337
D:/Data/ePillID_data/ePillID_data\classification_data\fcn_mix_weight/dc_224/4570.jpg,consumer,378-232,MYLAN;232;80,True,qwen,MYLAN 2072,0,0,0.3333333333333333,0,0.4,0,MYLAN 2072,MYLAN 232 80
D:/Data/ePillID_data/ePillID_data\classification_data\fcn_mix_weight/dc_224/4590.jpg,consumer,55111-180,R;180,False,qwen,4,0,0,0.0,0,1.0,0,4,R 180
D:/Data/ePillID_data/ePillID_data\classification_data\fcn_mix_weight/dc_224/4592.jpg,consumer,50458-551,PAL;6,True,qwen,PAL 6,1,1,1.0,1,0.0,1,PAL 6,PAL 6
D:/Data/ePillID_data/ePillID_data\classification_data\fcn_mix_weight/dc_224/4596.jpg,consumer,66582-313,313,False,qwen,G3,0,0,0.0,0,0.6666666666666666,0,G3,313
D:/Data/ePillID_data/ePillID_data\classification_data\fcn_mix_weight/dc_224/4599.jpg,consumer,93-5140,93;5140,True,qwen,93,0,1,0.5,0,0.6666666666666666,0,93,93 5140
D:/Data/ePillID_data/ePillID_data\classification_data\fcn_mix_weight/dc_224/4602.jpg,consumer,555-71,b;071;300,False,qwen,071 300,0,0,0.6666666666666666,0,0.14285714285714285,0,071 300,B 071 300
D:/Data/ePillID_data/ePillID_data\classification_data\fcn_mix_weight/dc_224/4607.jpg,consumer,378-3495,M;495,True,qwen,495 M,0,0,1.0,1,0.5,0,495 M,M 495
D:/Data/ePillID_data/ePillID_data\classification_data\fcn_mix_weight/dc_224/4613.jpg,consumer,555-485,b;485,False,qwen,485,0,1,0.5,0,0.25,0,485,B 485
D:/Data/ePillID_data/ePillID_data\classification_data\fcn_mix_weight/dc_224/4617.jpg,consumer,93-658,93;658,True,qwen,83 658,0,0,0.5,0,0.2,0,83 658,93 658
D:/Data/ePillID_data/ePillID_data\classification_data\fcn_mix_weight/dc_224/4626.jpg,consumer,51285-406,E;1,True,qwen,E,0,1,0.5,0,0.5,0,E,E 1
D:/Data/ePillID_data/ePillID_data\classification_data\fcn_mix_weight/dc_224/4630.jpg,consumer,99207-467,DYN;105,False,qwen,N,0,0,0.0,0,0.8333333333333334,0,N,DYN 105
D:/Data/ePillID_data/ePillID_data\classification_data\fcn_mix_weight/dc_224/4642.jpg,consumer,54-4182,54;943,True,qwen,54 943,1,1,1.0,1,0.0,1,54 943,54 943
D:/Data/ePillID_data/ePillID_data\classification_data\fcn_mix_weight/dc_224/4650.jpg,consumer,51285-523,OP;706,False,qwen,E 1,0,0,0.0,0,1.0,0,E 1,OP 706
D:/Data/ePillID_data/ePillID_data\classification_data\fcn_mix_weight/dc_224/4657.jpg,consumer,378-3482,M;482,True,qwen,M 482,1,1,1.0,1,0.0,1,M 482,M 482
D:/Data/ePillID_data/ePillID_data\classification_data\fcn_mix_weight/dc_224/4661.jpg,consumer,186-520,500;20,True,qwen,500 20,1,1,1.0,1,0.0,1,500 20,500 20
D:/Data/ePillID_data/ePillID_data\classification_data\fcn_mix_weight/dc_224/4664.jpg,consumer,555-71,b;071;300,True,qwen,B,0,1,0.3333333333333333,0,0.8571428571428571,0,B,B 071 300
D:/Data/ePillID_data/ePillID_data\classification_data\fcn_mix_weight/dc_224/4668.jpg,consumer,93-658,93;658,True,qwen,93 668,0,0,0.5,0,0.2,0,93 668,93 658
D:/Data/ePillID_data/ePillID_data\classification_data\fcn_mix_weight/dc_224/4674.jpg,consumer,555-139,b8;139,False,qwen,139,0,1,0.5,0,0.4,0,139,B8 139
D:/Data/ePillID_data/ePillID_data\classification_data\fcn_mix_weight/dc_224/468.jpg,consumer,378-3482,M;482,True,qwen,M 482,1,1,1.0,1,0.0,1,M 482,M 482
D:/Data/ePillID_data/ePillID_data\classification_data\fcn_mix_weight/dc_224/4684.jpg,consumer,93-7436,93;7436;93;7436,True,qwen,93 7436 93 7436,1,1,1.0,1,0.0,1,93 7436 93 7436,93 7436 93 7436
D:/Data/ePillID_data/ePillID_data\classification_data\fcn_mix_weight/dc_224/4688.jpg,consumer,93-7305,93;7305,False,qwen,7305,0,1,0.5,0,0.3333333333333333,0,7305,93 7305
D:/Data/ePillID_data/ePillID_data\classification_data\fcn_mix_weight/dc_224/4697.jpg,consumer,59762-2004,G;2004,False,qwen,G342,0,0,0.0,0,0.8,0,G342,G 2004
D:/Data/ePillID_data/ePillID_data\classification_data\fcn_mix_weight/dc_224/4707.jpg,consumer,228-2550,R;550,False,qwen,550,0,1,0.5,0,0.25,0,550,R 550
D:/Data/ePillID_data/ePillID_data\classification_data\fcn_mix_weight/dc_224/4717.jpg,consumer,93-83,93;83,False,qwen,83,0,1,0.5,0,0.5,0,83,93 83
D:/Data/ePillID_data/ePillID_data\classification_data\fcn_mix_weight/dc_224/4719.jpg,consumer,93-4742,4742;9;3,False,qwen,4742,0,1,0.3333333333333333,0,0.3333333333333333,0,4742,4742 9 3
D:/Data/ePillID_data/ePillID_data\classification_data\fcn_mix_weight/dc_224/472.jpg,consumer,172-7312,100;mg,True,qwen,100 MG,1,1,1.0,1,0.0,1,100 MG,100 MG
D:/Data/ePillID_data/ePillID_data\classification_data\fcn_mix_weight/dc_224/4745.jpg,consumer,93-5712,5712;5;500,True,qwen,5712,0,1,0.3333333333333333,0,0.5,0,5712,5712 5 500
D:/Data/ePillID_data/ePillID_data\classification_data\fcn_mix_weight/dc_224/4758.jpg,consumer,378-1150,M;B2,False,qwen,E,0,0,0.0,0,1.0,0,E,M B2
D:/Data/ePillID_data/ePillID_data\classification_data\fcn_mix_weight/dc_224/476.jpg,consumer,78-486,NVR;IU,True,qwen,NVR,0,1,0.5,0,0.4,0,NVR,NVR IU
D:/Data/ePillID_data/ePillID_data\classification_data\fcn_mix_weight/dc_224/4764.jpg,consumer,52544-913,WATSON;913,False,qwen,913,0,1,0.5,0,0.6666666666666666,0,913,WATSON 913
D:/Data/ePillID_data/ePillID_data\classification_data\fcn_mix_weight/dc_224/4768.jpg,consumer,597-46,54;193,False,qwen,B 1,0,0,0.0,0,0.8,0,B 1,54 193
D:/Data/ePillID_data/ePillID_data\classification_data\fcn_mix_weight/dc_224/4781.jpg,consumer,93-536,93;536,True,qwen,93,0,1,0.5,0,0.6,0,93,93 536
D:/Data/ePillID_data/ePillID_data\classification_data\fcn_mix_weight/dc_224/4783.jpg,consumer,68453-850,N;500,False,qwen,500,0,1,0.5,0,0.25,0,500,N 500
D:/Data/ePillID_data/ePillID_data\classification_data\fcn_mix_weight/dc_224/4805.jpg,consumer,2-3238,LILLY;3238;18;mg,False,qwen,P,0,0,0.0,0,1.0,0,P,LILLY 3238 18 MG
D:/Data/ePillID_data/ePillID_data\classification_data\fcn_mix_weight/dc_224/4808.jpg,consumer,93-2046,ACTOS;45,False,qwen,45,0,1,0.5,0,0.7142857142857143,0,45,ACTOS 45
D:/Data/ePillID_data/ePillID_data\classification_data\fcn_mix_weight/dc_224/4820.jpg,consumer,93-657,93;657,True,qwen,657 83,0,0,0.5,0,0.8,0,657 83,93 657
D:/Data/ePillID_data/ePillID_data\classification_data\fcn_mix_weight/dc_224/4822.jpg,consumer,172-5412,5412;150,False,qwen,5412,0,1,0.5,0,0.42857142857142855,0,5412,5412 150
D:/Data/ePillID_data/ePillID_data\classification_data\fcn_mix_weight/dc_224/4825.jpg,consumer,378-2076,L;26;M,True,qwen,M V,0,0,0.3333333333333333,0,1.0,0,M V,L 26 M
D:/Data/ePillID_data/ePillID_data\classification_data\fcn_mix_weight/dc_224/483.jpg,consumer,173-565,VALTREX;1;gram,False,qwen,N,0,0,0.0,0,1.0,0,N,VALTREX 1 GRAM
D:/Data/ePillID_data/ePillID_data\classification_data\fcn_mix_weight/dc_224/4842.jpg,consumer,68382-24,Z;67,True,qwen,Z 67,1,1,1.0,1,0.0,1,Z 67,Z 67
D:/Data/ePillID_data/ePillID_data\classification_data\fcn_mix_weight/dc_224/4845.jpg,consumer,245-41,KC;10,False,qwen,MACARON,0,0,0.0,0,1.5,0,MACARON,KC 10
D:/Data/ePillID_data/ePillID_data\classification_data\fcn_mix_weight/dc_224/4848.jpg,consumer,832-1080,832;BM05,True,qwen,832 BM05,1,1,1.0,1,0.0,1,832 BM05,832 BM05
D:/Data/ePillID_data/ePillID_data\classification_data\fcn_mix_weight/dc_224/4849.jpg,consumer,93-5215,9;3;5215,True,qwen,93,0,0,0.0,0,0.6666666666666666,0,93,9 3 5215
D:/Data/ePillID_data/ePillID_data\classification_data\fcn_mix_weight/dc_224/4861.jpg,consumer,93-3010,A08,True,qwen,A08,1,1,1.0,1,0.0,1,A08,A08
D:/Data/ePillID_data/ePillID_data\classification_data\fcn_mix_weight/dc_224/487.jpg,consumer,59762-2004,G;2004,True,qwen,G 2004,1,1,1.0,1,0.0,1,G 2004,G 2004
D:/Data/ePillID_data/ePillID_data\classification_data\fcn_mix_weight/dc_224/4872.jpg,consumer,50111-395,b;1116,True,qwen,B 1116,1,1,1.0,1,0.0,1,B 1116,B 1116
D:/Data/ePillID_data/ePillID_data\classification_data\fcn_mix_weight/dc_224/4877.jpg,consumer,50458-551,PAL;6,False,qwen,T,0,0,0.0,0,1.0,0,T,PAL 6
D:/Data/ePillID_data/ePillID_data\classification_data\fcn_mix_weight/dc_224/4892.jpg,consumer,68462-358,IG;257,False,qwen,257,0,1,0.5,0,0.4,0,257,IG 257
D:/Data/ePillID_data/ePillID_data\classification_data\fcn_mix_weight/dc_224/4894.jpg,consumer,64764-918,TAP;40,True,qwen,TR,0,0,0.0,0,0.8,0,TR,TAP 40
D:/Data/ePillID_data/ePillID_data\classification_data\fcn_mix_weight/dc_224/4896.jpg,consumer,555-9026,b;247,False,qwen,977,0,0,0.0,0,0.75,0,977,B 247
D:/Data/ePillID_data/ePillID_data\classification_data\fcn_mix_weight/dc_224/4905.jpg,consumer,378-5123,M;S23,False,qwen,T,0,0,0.0,0,1.0,0,T,M S23
D:/Data/ePillID_data/ePillID_data\classification_data\fcn_mix_weight/dc_224/4907.jpg,consumer,172-3650,9200;TEVA,False,qwen,0200,0,0,0.0,0,0.625,0,0200,9200 TEVA
D:/Data/ePillID_data/ePillID_data\classification_data\fcn_mix_weight/dc_224/4913.jpg,consumer,13811-583,T583,True,qwen,T583,1,1,1.0,1,0.0,1,T583,T583
D:/Data/ePillID_data/ePillID_data\classification_data\fcn_mix_weight/dc_224/4923.jpg,consumer,378-3632,M;C32,True,qwen,M,0,1,0.5,0,0.75,0,M,M C32
D:/Data/ePillID_data/ePillID_data\classification_data\fcn_mix_weight/dc_224/4928.jpg,consumer,54-17,54;899,True,qwen,5 4 899,0,0,0.5,0,0.0,1,5 4 899,54 899
D:/Data/ePillID_data/ePillID_data\classification_data\fcn_mix_weight/dc_224/4948.jpg,consumer,832-1025,832;BC20,False,qwen,E 1,0,0,0.0,0,1.0,0,E 1,832 BC20
D:/Data/ePillID_data/ePillID_data\classification_data\fcn_mix_weight/dc_224/496.jpg,consumer,93-463,9;3;463,True,qwen,9 3,0,0,0.6666666666666666,0,0.6,0,9 3,9 3 463
D:/Data/ePillID_data/ePillID_data\classification_data\fcn_mix_weight/dc_224/4961.jpg,consumer,93-51,TV;51,False,qwen,51,0,1,0.5,0,0.5,0,51,TV 51
D:/Data/ePillID_data/ePillID_data\classification_data\fcn_mix_weight/dc_224/4965.jpg,consumer,50111-901,PA1000,True,qwen,0000,0,0,0.0,0,0.5,0,0000,PA1000
D:/Data/ePillID_data/ePillID_data\classification_data\fcn_mix_weight/dc_224/4974.jpg,consumer,378-3495,M;495,True,qwen,M 495,1,1,1.0,1,0.0,1,M 495,M 495
D:/Data/ePillID_data/ePillID_data\classification_data\fcn_mix_weight/dc_224/4988.jpg,consumer,172-5034,5034;20;12;5,False,qwen,20 12 5,0,0,0.75,0,0.4444444444444444,0,20 12 5,5034 20 12 5
D:/Data/ePillID_data/ePillID_data\classification_data\fcn_mix_weight/dc_224/4993.jpg,consumer,93-2055,DT,False,qwen,AS,0,0,0.0,0,1.0,0,AS,DT
D:/Data/ePillID_data/ePillID_data\classification_data\fcn_mix_weight/dc_224/502.jpg,consumer,93-4741,4741;9;3,True,qwen,93,0,0,0.0,0,0.6666666666666666,0,93,4741 9 3
D:/Data/ePillID_data/ePillID_data\classification_data\fcn_mix_weight/dc_224/505.jpg,consumer,93-5770,TEVA;5770,True,qwen,TEVA 131,0,0,0.5,0,0.5,0,TEVA 131,TEVA 5770
D:/Data/ePillID_data/ePillID_data\classification_data\fcn_mix_weight/dc_224/520.jpg,consumer,59148-6,A;006;2,False,qwen,G3,0,0,0.0,0,1.0,0,G3,A 006 2
D:/Data/ePillID_data/ePillID_data\classification_data\fcn_mix_weight/dc_224/524.jpg,consumer,51285-697,OP;697,False,qwen,T,0,0,0.0,0,1.0,0,T,OP 697
D:/Data/ePillID_data/ePillID_data\classification_data\fcn_mix_weight/dc_224/534.jpg,consumer,93-27,93;27,True,qwen,93 27,1,1,1.0,1,0.0,1,93 27,93 27
D:/Data/ePillID_data/ePillID_data\classification_data\fcn_mix_weight/dc_224/547.jpg,consumer,68462-360,IG;275,False,qwen,R 275,0,0,0.5,0,0.4,0,R 275,IG 275
D:/Data/ePillID_data/ePillID_data\classification_data\fcn_mix_weight/dc_224/57.jpg,consumer,74-5182,SYNTHROID;75,False,qwen,I 75,0,0,0.5,0,0.7272727272727273,0,I 75,SYNTHROID 75
D:/Data/ePillID_data/ePillID_data\classification_data\fcn_mix_weight/dc_224/575.jpg,consumer,93-7178,7178;93,False,qwen,7178,0,1,0.5,0,0.3333333333333333,0,7178,7178 93
D:/Data/ePillID_data/ePillID_data\classification_data\fcn_mix_weight/dc_224/583.jpg,consumer,93-2080,TEVA;2080,True,qwen,TEVA 2080,1,1,1.0,1,0.0,1,TEVA 2080,TEVA 2080
D:/Data/ePillID_data/ePillID_data\classification_data\fcn_mix_weight/dc_224/585.jpg,consumer,378-1813,M;L;10,False,qwen,L 10,0,0,0.6666666666666666,0,0.25,0,L 10,M L 10
D:/Data/ePillID_data/ePillID_data\classification_data\fcn_mix_weight/dc_224/599.jpg,consumer,53489-648,Mutual;866,True,qwen,MUTUAL 866 866,0,0,1.0,1,0.3333333333333333,1,MUTUAL 866 866,MUTUAL 866
D:/Data/ePillID_data/ePillID_data\classification_data\fcn_mix_weight/dc_224/609.jpg,consumer,456-1550,FL;50,False,qwen,50,0,1,0.5,0,0.5,0,50,FL 50
D:/Data/ePillID_data/ePillID_data\classification_data\fcn_mix_weight/dc_224/614.jpg,consumer,2-4464,C;20,False,qwen,T 1,0,0,0.0,0,1.0,0,T 1,C 20
D:/Data/ePillID_data/ePillID_data\classification_data\fcn_mix_weight/dc_224/62.jpg,consumer,378-2077,L;27;M,False,qwen,L 27,0,0,0.6666666666666666,0,0.25,0,L 27,L 27 M
D:/Data/ePillID_data/ePillID_data\classification_data\fcn_mix_weight/dc_224/63.jpg,consumer,54-166,54;135,False,qwen,T,0,0,0.0,0,1.0,0,T,54 135
D:/Data/ePillID_data/ePillID_data\classification_data\fcn_mix_weight/dc_224/631.jpg,consumer,93-5271,93;5271,True,qwen,5271 93,0,0,1.0,1,0.6666666666666666,0,5271 93,93 5271
D:/Data/ePillID_data/ePillID_data\classification_data\fcn_mix_weight/dc_224/639.jpg,consumer,555-607,555;607;barr,False,qwen,555 607,0,0,0.6666666666666666,0,0.4,0,555 607,555 607 BARR
D:/Data/ePillID_data/ePillID_data\classification_data\fcn_mix_weight/dc_224/658.jpg,consumer,93-7365,9;3;7365,True,qwen,9 3,0,0,0.6666666666666666,0,0.6666666666666666,0,9 3,9 3 7365
D:/Data/ePillID_data/ePillID_data\classification_data\fcn_mix_weight/dc_224/664.jpg,consumer,93-4742,4742;9;3,False,qwen,4742,0,1,0.3333333333333333,0,0.3333333333333333,0,4742,4742 9 3
D:/Data/ePillID_data/ePillID_data\classification_data\fcn_mix_weight/dc_224/677.jpg,consumer,781-5189,200;GG;340,True,qwen,GG340,0,0,0.0,0,0.375,0,GG340,200 GG 340
D:/Data/ePillID_data/ePillID_data\classification_data\fcn_mix_weight/dc_224/696.jpg,consumer,68462-360,IG;275,True,qwen,IG,0,1,0.5,0,0.6,0,IG,IG 275
D:/Data/ePillID_data/ePillID_data\classification_data\fcn_mix_weight/dc_224/697.jpg,consumer,59762-5019,G;022;5,False,qwen,5,0,1,0.3333333333333333,0,0.8,0,5,G 022 5
D:/Data/ePillID_data/ePillID_data\classification_data\fcn_mix_weight/dc_224/699.jpg,consumer,64764-918,TAP;40,True,qwen,FP,0,0,0.0,0,0.8,0,FP,TAP 40
D:/Data/ePillID_data/ePillID_data\classification_data\fcn_mix_weight/dc_224/712.jpg,consumer,93-2055,DT,False,qwen,T,0,0,0.0,0,0.5,0,T,DT
D:/Data/ePillID_data/ePillID_data\classification_data\fcn_mix_weight/dc_224/713.jpg,consumer,93-4336,4336;1;mg,False,qwen,G342,0,0,0.0,0,0.8571428571428571,0,G342,4336 1 MG
D:/Data/ePillID_data/ePillID_data\classification_data\fcn_mix_weight/dc_224/719.jpg,consumer,2-4464,C;20,False,qwen,T 1,0,0,0.0,0,1.0,0,T 1,C 20
D:/Data/ePillID_data/ePillID_data\classification_data\fcn_mix_weight/dc_224/735.jpg,consumer,378-4151,M;T7,False,qwen,T7,0,1,0.5,0,0.3333333333333333,0,T7,M T7
D:/Data/ePillID_data/ePillID_data\classification_data\fcn_mix_weight/dc_224/738.jpg,consumer,378-5123,M;S23,True,qwen,SZ3,0,0,0.0,0,0.5,0,SZ3,M S23
D:/Data/ePillID_data/ePillID_data\classification_data\fcn_mix_weight/dc_224/749.jpg,consumer,93-784,93;784,True,qwen,784,0,1,0.5,0,0.4,0,784,93 784
D:/Data/ePillID_data/ePillID_data\classification_data\fcn_mix_weight/dc_224/750.jpg,consumer,68462-360,IG;275,False,qwen,255,0,0,0.0,0,0.6,0,255,IG 275
D:/Data/ePillID_data/ePillID_data\classification_data\fcn_mix_weight/dc_224/767.jpg,consumer,378-2074,L;24;M,False,qwen,L 24,0,0,0.6666666666666666,0,0.25,0,L 24,L 24 M
D:/Data/ePillID_data/ePillID_data\classification_data\fcn_mix_weight/dc_224/781.jpg,consumer,93-5504,TEVA;5504,False,qwen,G34,0,0,0.0,0,0.875,0,G34,TEVA 5504
D:/Data/ePillID_data/ePillID_data\classification_data\fcn_mix_weight/dc_224/786.jpg,consumer,93-7438,93;7438;93;7438,True,qwen,7438 7438,0,0,0.5,0,0.3333333333333333,0,7438 7438,93 7438 93 7438
D:/Data/ePillID_data/ePillID_data\classification_data\fcn_mix_weight/dc_224/787.jpg,consumer,2-3238,LILLY;3238;18;mg,False,qwen,G342,0,0,0.0,0,0.9230769230769231,0,G342,LILLY 3238 18 MG
D:/Data/ePillID_data/ePillID_data\classification_data\fcn_mix_weight/dc_224/795.jpg,consumer,456-1550,FL;50,False,qwen,50,0,1,0.5,0,0.5,0,50,FL 50
D:/Data/ePillID_data/ePillID_data\classification_data\fcn_mix_weight/dc_224/802.jpg,consumer,378-1821,M;L;14,False,qwen,L 14,0,0,0.6666666666666666,0,0.25,0,L 14,M L 14
D:/Data/ePillID_data/ePillID_data\classification_data\fcn_mix_weight/dc_224/82.jpg,consumer,555-1057,barr;936,True,qwen,BARR 936,1,1,1.0,1,0.0,1,BARR 936,BARR 936
D:/Data/ePillID_data/ePillID_data\classification_data\fcn_mix_weight/dc_224/822.jpg,consumer,93-5770,TEVA;5770,False,qwen,5170,0,0,0.0,0,0.625,0,5170,TEVA 5770
D:/Data/ePillID_data/ePillID_data\classification_data\fcn_mix_weight/dc_224/825.jpg,consumer,93-5140,93;5140,True,qwen,93,0,1,0.5,0,0.6666666666666666,0,93,93 5140
D:/Data/ePillID_data/ePillID_data\classification_data\fcn_mix_weight/dc_224/845.jpg,consumer,53746-190,IP190;500,False,qwen,500,0,1,0.5,0,0.625,0,500,IP190 500
D:/Data/ePillID_data/ePillID_data\classification_data\fcn_mix_weight/dc_224/862.jpg,consumer,172-5032,5032;20;25,True,qwen,A 3087,0,0,0.0,0,0.75,0,A 3087,5032 20 25
D:/Data/ePillID_data/ePillID_data\classification_data\fcn_mix_weight/dc_224/872.jpg,consumer,591-3210,WATSON;3210,False,qwen,G342,0,0,0.0,0,0.9,0,G342,WATSON 3210
D:/Data/ePillID_data/ePillID_data\classification_data\fcn_mix_weight/dc_224/875.jpg,consumer,172-5032,5032;20;25,True,qwen,503V,0,0,0.0,0,0.625,0,503V,5032 20 25
D:/Data/ePillID_data/ePillID_data\classification_data\fcn_mix_weight/dc_224/876.jpg,consumer,378-1813,M;L;10,True,qwen,M,0,1,0.3333333333333333,0,0.75,0,M,M L 10
D:/Data/ePillID_data/ePillID_data\classification_data\fcn_mix_weight/dc_224/886.jpg,consumer,93-3195,TEVA;3195,True,qwen,TEVA 3195,1,1,1.0,1,0.0,1,TEVA 3195,TEVA 3195
D:/Data/ePillID_data/ePillID_data\classification_data\fcn_mix_weight/dc_224/898.jpg,consumer,173-565,VALTREX;1;gram,True,qwen,VALTREX 1 GRAM,1,1,1.0,1,0.0,1,VALTREX 1 GRAM,VALTREX 1 GRAM
D:/Data/ePillID_data/ePillID_data\classification_data\fcn_mix_weight/dc_224/90.jpg,consumer,64980-112,cor;144,False,qwen,T,0,0,0.0,0,1.0,0,T,COR 144
D:/Data/ePillID_data/ePillID_data\classification_data\fcn_mix_weight/dc_224/901.jpg,consumer,52544-913,WATSON;913,False,qwen,913,0,1,0.5,0,0.6666666666666666,0,913,WATSON 913
D:/Data/ePillID_data/ePillID_data\classification_data\fcn_mix_weight/dc_224/904.jpg,consumer,93-7178,7178;93,False,qwen,7178,0,1,0.5,0,0.3333333333333333,0,7178,7178 93
D:/Data/ePillID_data/ePillID_data\classification_data\fcn_mix_weight/dc_224/91.jpg,consumer,93-5507,TEVA;5507,False,qwen,RED,0,0,0.0,0,0.875,0,RED,TEVA 5507
D:/Data/ePillID_data/ePillID_data\classification_data\fcn_mix_weight/dc_224/916.jpg,consumer,378-6233,MX33,True,qwen,MX33,1,1,1.0,1,0.0,1,MX33,MX33
D:/Data/ePillID_data/ePillID_data\classification_data\fcn_mix_weight/dc_224/917.jpg,consumer,93-27,93;27,True,qwen,93 29,0,0,0.5,0,0.25,0,93 29,93 27
D:/Data/ePillID_data/ePillID_data\classification_data\fcn_mix_weight/dc_224/92.jpg,consumer,93-109,109;TEVA,False,qwen,AS,0,0,0.0,0,1.0,0,AS,109 TEVA
D:/Data/ePillID_data/ePillID_data\classification_data\fcn_mix_weight/dc_224/953.jpg,consumer,93-2268,9;3;2268,False,qwen,2268I,0,0,0.0,0,0.5,0,2268I,9 3 2268
D:/Data/ePillID_data/ePillID_data\classification_data\fcn_mix_weight/dc_224/968.jpg,consumer,172-5032,5032;20;25,False,qwen,20 25,0,0,0.6666666666666666,0,0.5,0,20 25,5032 20 25
D:/Data/ePillID_data/ePillID_data\classification_data\fcn_mix_weight/dc_224/969.jpg,consumer,172-3650,9200;TEVA,False,qwen,J200,0,0,0.0,0,0.625,0,J200,9200 TEVA
D:/Data/ePillID_data/ePillID_data\classification_data\fcn_mix_weight/dc_224/986.jpg,consumer,378-1821,M;L;14,True,qwen,M,0,1,0.3333333333333333,0,0.75,0,M,M L 14
D:/Data/ePillID_data/ePillID_data\classification_data\fcn_mix_weight/dc_224/997.jpg,consumer,456-457,A;TC,True,qwen,4,0,0,0.0,0,1.0,0,4,A TC
