D:\Project\AI Engineer\ePillID-benchmark-master\src\image_augmentators.py:7: FutureWarning: In the future `np.bool` will be defined as the corresponding NumPy scalar.
  if not hasattr(_np, _name):
D:\Project\AI Engineer\ePillID-benchmark-master\src\image_augmentators.py:7: FutureWarning: In the future `np.object` will be defined as the corresponding NumPy scalar.
  if not hasattr(_np, _name):
D:\Project\AI Engineer\ePillID-benchmark-master\src\image_augmentators.py:7: FutureWarning: In the future `np.str` will be defined as the corresponding NumPy scalar.
  if not hasattr(_np, _name):
[run_visual_train] data_root=D:\Data\ePillID_data\ePillID_data
[run_visual_train] net=convnext_tiny+CBP bs=16 epochs=100
[run_visual_train] results_dir=D:/Project/AI Engineer/ePillID-benchmark-master/src/visual_results_convnext
Namespace(data_root_dir='D:\\Data\\ePillID_data\\ePillID_data', img_dir='classification_data', supress_warnings=True, optimizer='adam', init_lr=0.0001, dropout=0.0, lr_patience=2, lr_factor=0.5, batch_size=16, max_epochs=100, add_persp_aug=1, appearance_network='convnext_tiny', pooling='CBP', metric_margin=1.0, metric_embedding_dim=2048, train_with_side_labels=1, metric_simul_sidepairs_eval=1, sidepairs_agg='post_mean', metric_evaluator_type='cosine', ce_w=1.0, arcface_w=0.1, contrastive_w=1.0, triplet_w=1.0, focal_w=0.0, focal_gamma=0.0, load_mod=None, results_dir='D:/Project/AI Engineer/ePillID-benchmark-master/src/visual_results_convnext', load_config=None, all_imgs_csv='D:\\Data\\ePillID_data\\ePillID_data\\folds/pilltypeid_nih_sidelbls0.01_metric_5folds/base/pilltypeid_nih_sidelbls0.01_metric_5folds_all.csv', val_imgs_csv='D:\\Data\\ePillID_data\\ePillID_data\\folds/pilltypeid_nih_sidelbls0.01_metric_5folds/base/pilltypeid_nih_sidelbls0.01_metric_5folds_3.csv', test_imgs_csv='D:\\Data\\ePillID_data\\ePillID_data\\folds/pilltypeid_nih_sidelbls0.01_metric_5folds/base/pilltypeid_nih_sidelbls0.01_metric_5folds_4.csv', label_encoder='D:\\Data\\ePillID_data\\ePillID_data\\folds/pilltypeid_nih_sidelbls0.01_metric_5folds/base/label_encoder_local.pickle')
save_path D:/Project/AI Engineer/ePillID-benchmark-master/src/visual_results_convnext\lr0.0001_dr0.0_lrpatience2_lrfactor0.5_convnext_tiny_202607120635
all_images 13532 train 12042 val 745 test 745
ref_only_df 9804 cons_train_df 2238 cons_val_df 745
Configuring data_dir D:\Data\ePillID_data\ePillID_data\classification_data
Adding perspective transform to augmentation
train_dataset 12042 val_dataset 10549
n_classes=4902
treat front/back as different classes (first half: front, second half: back), n_classes=9804
MultiheadModel(
  (embedding_model): EmbeddingModel(
    (base_model): Sequential(
      (0): Sequential(
        (0): Conv2dNormActivation(
          (0): Conv2d(3, 96, kernel_size=(4, 4), stride=(4, 4))
          (1): LayerNorm2d((96,), eps=1e-06, elementwise_affine=True)
        )
        (1): Sequential(
          (0): CNBlock(
            (block): Sequential(
              (0): Conv2d(96, 96, kernel_size=(7, 7), stride=(1, 1), padding=(3, 3), groups=96)
              (1): Permute()
              (2): LayerNorm((96,), eps=1e-06, elementwise_affine=True)
              (3): Linear(in_features=96, out_features=384, bias=True)
              (4): GELU(approximate='none')
              (5): Linear(in_features=384, out_features=96, bias=True)
              (6): Permute()
            )
            (stochastic_depth): StochasticDepth(p=0.0, mode=row)
          )
          (1): CNBlock(
            (block): Sequential(
              (0): Conv2d(96, 96, kernel_size=(7, 7), stride=(1, 1), padding=(3, 3), groups=96)
              (1): Permute()
              (2): LayerNorm((96,), eps=1e-06, elementwise_affine=True)
              (3): Linear(in_features=96, out_features=384, bias=True)
              (4): GELU(approximate='none')
              (5): Linear(in_features=384, out_features=96, bias=True)
              (6): Permute()
            )
            (stochastic_depth): StochasticDepth(p=0.0058823529411764705, mode=row)
          )
          (2): CNBlock(
            (block): Sequential(
              (0): Conv2d(96, 96, kernel_size=(7, 7), stride=(1, 1), padding=(3, 3), groups=96)
              (1): Permute()
              (2): LayerNorm((96,), eps=1e-06, elementwise_affine=True)
              (3): Linear(in_features=96, out_features=384, bias=True)
              (4): GELU(approximate='none')
              (5): Linear(in_features=384, out_features=96, bias=True)
              (6): Permute()
            )
            (stochastic_depth): StochasticDepth(p=0.011764705882352941, mode=row)
          )
        )
        (2): Sequential(
          (0): LayerNorm2d((96,), eps=1e-06, elementwise_affine=True)
          (1): Conv2d(96, 192, kernel_size=(2, 2), stride=(2, 2))
        )
        (3): Sequential(
          (0): CNBlock(
            (block): Sequential(
              (0): Conv2d(192, 192, kernel_size=(7, 7), stride=(1, 1), padding=(3, 3), groups=192)
              (1): Permute()
              (2): LayerNorm((192,), eps=1e-06, elementwise_affine=True)
              (3): Linear(in_features=192, out_features=768, bias=True)
              (4): GELU(approximate='none')
              (5): Linear(in_features=768, out_features=192, bias=True)
              (6): Permute()
            )
            (stochastic_depth): StochasticDepth(p=0.017647058823529415, mode=row)
          )
          (1): CNBlock(
            (block): Sequential(
              (0): Conv2d(192, 192, kernel_size=(7, 7), stride=(1, 1), padding=(3, 3), groups=192)
              (1): Permute()
              (2): LayerNorm((192,), eps=1e-06, elementwise_affine=True)
              (3): Linear(in_features=192, out_features=768, bias=True)
              (4): GELU(approximate='none')
              (5): Linear(in_features=768, out_features=192, bias=True)
              (6): Permute()
            )
            (stochastic_depth): StochasticDepth(p=0.023529411764705882, mode=row)
          )
          (2): CNBlock(
            (block): Sequential(
              (0): Conv2d(192, 192, kernel_size=(7, 7), stride=(1, 1), padding=(3, 3), groups=192)
              (1): Permute()
              (2): LayerNorm((192,), eps=1e-06, elementwise_affine=True)
              (3): Linear(in_features=192, out_features=768, bias=True)
              (4): GELU(approximate='none')
              (5): Linear(in_features=768, out_features=192, bias=True)
              (6): Permute()
            )
            (stochastic_depth): StochasticDepth(p=0.029411764705882353, mode=row)
          )
        )
        (4): Sequential(
          (0): LayerNorm2d((192,), eps=1e-06, elementwise_affine=True)
          (1): Conv2d(192, 384, kernel_size=(2, 2), stride=(2, 2))
        )
        (5): Sequential(
          (0): CNBlock(
            (block): Sequential(
              (0): Conv2d(384, 384, kernel_size=(7, 7), stride=(1, 1), padding=(3, 3), groups=384)
              (1): Permute()
              (2): LayerNorm((384,), eps=1e-06, elementwise_affine=True)
              (3): Linear(in_features=384, out_features=1536, bias=True)
              (4): GELU(approximate='none')
              (5): Linear(in_features=1536, out_features=384, bias=True)
              (6): Permute()
            )
            (stochastic_depth): StochasticDepth(p=0.03529411764705883, mode=row)
          )
          (1): CNBlock(
            (block): Sequential(
              (0): Conv2d(384, 384, kernel_size=(7, 7), stride=(1, 1), padding=(3, 3), groups=384)
              (1): Permute()
              (2): LayerNorm((384,), eps=1e-06, elementwise_affine=True)
              (3): Linear(in_features=384, out_features=1536, bias=True)
              (4): GELU(approximate='none')
              (5): Linear(in_features=1536, out_features=384, bias=True)
              (6): Permute()
            )
            (stochastic_depth): StochasticDepth(p=0.0411764705882353, mode=row)
          )
          (2): CNBlock(
            (block): Sequential(
              (0): Conv2d(384, 384, kernel_size=(7, 7), stride=(1, 1), padding=(3, 3), groups=384)
              (1): Permute()
              (2): LayerNorm((384,), eps=1e-06, elementwise_affine=True)
              (3): Linear(in_features=384, out_features=1536, bias=True)
              (4): GELU(approximate='none')
              (5): Linear(in_features=1536, out_features=384, bias=True)
              (6): Permute()
            )
            (stochastic_depth): StochasticDepth(p=0.047058823529411764, mode=row)
          )
          (3): CNBlock(
            (block): Sequential(
              (0): Conv2d(384, 384, kernel_size=(7, 7), stride=(1, 1), padding=(3, 3), groups=384)
              (1): Permute()
              (2): LayerNorm((384,), eps=1e-06, elementwise_affine=True)
              (3): Linear(in_features=384, out_features=1536, bias=True)
              (4): GELU(approximate='none')
              (5): Linear(in_features=1536, out_features=384, bias=True)
              (6): Permute()
            )
            (stochastic_depth): StochasticDepth(p=0.052941176470588235, mode=row)
          )
          (4): CNBlock(
            (block): Sequential(
              (0): Conv2d(384, 384, kernel_size=(7, 7), stride=(1, 1), padding=(3, 3), groups=384)
              (1): Permute()
              (2): LayerNorm((384,), eps=1e-06, elementwise_affine=True)
              (3): Linear(in_features=384, out_features=1536, bias=True)
              (4): GELU(approximate='none')
              (5): Linear(in_features=1536, out_features=384, bias=True)
              (6): Permute()
            )
            (stochastic_depth): StochasticDepth(p=0.058823529411764705, mode=row)
          )
          (5): CNBlock(
            (block): Sequential(
              (0): Conv2d(384, 384, kernel_size=(7, 7), stride=(1, 1), padding=(3, 3), groups=384)
              (1): Permute()
              (2): LayerNorm((384,), eps=1e-06, elementwise_affine=True)
              (3): Linear(in_features=384, out_features=1536, bias=True)
              (4): GELU(approximate='none')
              (5): Linear(in_features=1536, out_features=384, bias=True)
              (6): Permute()
            )
            (stochastic_depth): StochasticDepth(p=0.06470588235294118, mode=row)
          )
          (6): CNBlock(
            (block): Sequential(
              (0): Conv2d(384, 384, kernel_size=(7, 7), stride=(1, 1), padding=(3, 3), groups=384)
              (1): Permute()
              (2): LayerNorm((384,), eps=1e-06, elementwise_affine=True)
              (3): Linear(in_features=384, out_features=1536, bias=True)
              (4): GELU(approximate='none')
              (5): Linear(in_features=1536, out_features=384, bias=True)
              (6): Permute()
            )
            (stochastic_depth): StochasticDepth(p=0.07058823529411766, mode=row)
          )
          (7): CNBlock(
            (block): Sequential(
              (0): Conv2d(384, 384, kernel_size=(7, 7), stride=(1, 1), padding=(3, 3), groups=384)
              (1): Permute()
              (2): LayerNorm((384,), eps=1e-06, elementwise_affine=True)
              (3): Linear(in_features=384, out_features=1536, bias=True)
              (4): GELU(approximate='none')
              (5): Linear(in_features=1536, out_features=384, bias=True)
              (6): Permute()
            )
            (stochastic_depth): StochasticDepth(p=0.07647058823529412, mode=row)
          )
          (8): CNBlock(
            (block): Sequential(
              (0): Conv2d(384, 384, kernel_size=(7, 7), stride=(1, 1), padding=(3, 3), groups=384)
              (1): Permute()
              (2): LayerNorm((384,), eps=1e-06, elementwise_affine=True)
              (3): Linear(in_features=384, out_features=1536, bias=True)
              (4): GELU(approximate='none')
              (5): Linear(in_features=1536, out_features=384, bias=True)
              (6): Permute()
            )
            (stochastic_depth): StochasticDepth(p=0.0823529411764706, mode=row)
          )
        )
        (6): Sequential(
          (0): LayerNorm2d((384,), eps=1e-06, elementwise_affine=True)
          (1): Conv2d(384, 768, kernel_size=(2, 2), stride=(2, 2))
        )
        (7): Sequential(
          (0): CNBlock(
            (block): Sequential(
              (0): Conv2d(768, 768, kernel_size=(7, 7), stride=(1, 1), padding=(3, 3), groups=768)
              (1): Permute()
              (2): LayerNorm((768,), eps=1e-06, elementwise_affine=True)
              (3): Linear(in_features=768, out_features=3072, bias=True)
              (4): GELU(approximate='none')
              (5): Linear(in_features=3072, out_features=768, bias=True)
              (6): Permute()
            )
            (stochastic_depth): StochasticDepth(p=0.08823529411764706, mode=row)
          )
          (1): CNBlock(
            (block): Sequential(
              (0): Conv2d(768, 768, kernel_size=(7, 7), stride=(1, 1), padding=(3, 3), groups=768)
              (1): Permute()
              (2): LayerNorm((768,), eps=1e-06, elementwise_affine=True)
              (3): Linear(in_features=768, out_features=3072, bias=True)
              (4): GELU(approximate='none')
              (5): Linear(in_features=3072, out_features=768, bias=True)
              (6): Permute()
            )
            (stochastic_depth): StochasticDepth(p=0.09411764705882353, mode=row)
          )
          (2): CNBlock(
            (block): Sequential(
              (0): Conv2d(768, 768, kernel_size=(7, 7), stride=(1, 1), padding=(3, 3), groups=768)
              (1): Permute()
              (2): LayerNorm((768,), eps=1e-06, elementwise_affine=True)
              (3): Linear(in_features=768, out_features=3072, bias=True)
              (4): GELU(approximate='none')
              (5): Linear(in_features=3072, out_features=768, bias=True)
              (6): Permute()
            )
            (stochastic_depth): StochasticDepth(p=0.1, mode=row)
          )
        )
      )
      (1): AdaptiveAvgPool2d(output_size=1)
      (2): Flatten(start_dim=1, end_dim=-1)
      (3): Linear(in_features=768, out_features=2048, bias=True)
    )
    (dropout): Dropout(p=0.0, inplace=False)
    (emb): Sequential(
      (0): Linear(in_features=2048, out_features=1000, bias=True)
      (1): BatchNorm1d(1000, eps=1e-05, momentum=0.1, affine=True, track_running_stats=True)
      (2): ReLU(inplace=True)
      (3): Linear(in_features=1000, out_features=2048, bias=True)
      (4): Tanh()
    )
  )
  (binary_head): BinaryHead(
    (fc): Sequential(
      (0): Linear(in_features=2048, out_features=9804, bias=True)
    )
  )
  (margin_head): MarginHead(
    (fc): MarginLinear()
  )
)D:\Project\AI Engineer\ePillID-benchmark-master\src\image_augmentators.py:7: FutureWarning: In the future `np.bool` will be defined as the corresponding NumPy scalar.
  if not hasattr(_np, _name):
D:\Project\AI Engineer\ePillID-benchmark-master\src\image_augmentators.py:7: FutureWarning: In the future `np.object` will be defined as the corresponding NumPy scalar.
  if not hasattr(_np, _name):
D:\Project\AI Engineer\ePillID-benchmark-master\src\image_augmentators.py:7: FutureWarning: In the future `np.str` will be defined as the corresponding NumPy scalar.
  if not hasattr(_np, _name):
D:\Project\AI Engineer\ePillID-benchmark-master\src\image_augmentators.py:7: FutureWarning: In the future `np.bool` will be defined as the corresponding NumPy scalar.
  if not hasattr(_np, _name):
D:\Project\AI Engineer\ePillID-benchmark-master\src\image_augmentators.py:7: FutureWarning: In the future `np.object` will be defined as the corresponding NumPy scalar.
  if not hasattr(_np, _name):
D:\Project\AI Engineer\ePillID-benchmark-master\src\image_augmentators.py:7: FutureWarning: In the future `np.str` will be defined as the corresponding NumPy scalar.
  if not hasattr(_np, _name):
D:\Project\AI Engineer\ePillID-benchmark-master\src\image_augmentators.py:7: FutureWarning: In the future `np.bool` will be defined as the corresponding NumPy scalar.
  if not hasattr(_np, _name):
D:\Project\AI Engineer\ePillID-benchmark-master\src\image_augmentators.py:7: FutureWarning: In the future `np.object` will be defined as the corresponding NumPy scalar.
  if not hasattr(_np, _name):
D:\Project\AI Engineer\ePillID-benchmark-master\src\image_augmentators.py:7: FutureWarning: In the future `np.str` will be defined as the corresponding NumPy scalar.
  if not hasattr(_np, _name):
D:\Project\AI Engineer\ePillID-benchmark-master\src\image_augmentators.py:7: FutureWarning: In the future `np.bool` will be defined as the corresponding NumPy scalar.
  if not hasattr(_np, _name):
D:\Project\AI Engineer\ePillID-benchmark-master\src\image_augmentators.py:7: FutureWarning: In the future `np.object` will be defined as the corresponding NumPy scalar.
  if not hasattr(_np, _name):
D:\Project\AI Engineer\ePillID-benchmark-master\src\image_augmentators.py:7: FutureWarning: In the future `np.str` will be defined as the corresponding NumPy scalar.
  if not hasattr(_np, _name):
D:\Project\AI Engineer\ePillID-benchmark-master\src\image_augmentators.py:7: FutureWarning: In the future `np.bool` will be defined as the corresponding NumPy scalar.
  if not hasattr(_np, _name):
D:\Project\AI Engineer\ePillID-benchmark-master\src\image_augmentators.py:7: FutureWarning: In the future `np.object` will be defined as the corresponding NumPy scalar.
  if not hasattr(_np, _name):
D:\Project\AI Engineer\ePillID-benchmark-master\src\image_augmentators.py:7: FutureWarning: In the future `np.str` will be defined as the corresponding NumPy scalar.
  if not hasattr(_np, _name):
D:\Project\AI Engineer\ePillID-benchmark-master\src\image_augmentators.py:7: FutureWarning: In the future `np.bool` will be defined as the corresponding NumPy scalar.
  if not hasattr(_np, _name):
D:\Project\AI Engineer\ePillID-benchmark-master\src\image_augmentators.py:7: FutureWarning: In the future `np.object` will be defined as the corresponding NumPy scalar.
  if not hasattr(_np, _name):
D:\Project\AI Engineer\ePillID-benchmark-master\src\image_augmentators.py:7: FutureWarning: In the future `np.str` will be defined as the corresponding NumPy scalar.
  if not hasattr(_np, _name):
D:\Project\AI Engineer\ePillID-benchmark-master\src\image_augmentators.py:7: FutureWarning: In the future `np.bool` will be defined as the corresponding NumPy scalar.
  if not hasattr(_np, _name):
D:\Project\AI Engineer\ePillID-benchmark-master\src\image_augmentators.py:7: FutureWarning: In the future `np.object` will be defined as the corresponding NumPy scalar.
  if not hasattr(_np, _name):
D:\Project\AI Engineer\ePillID-benchmark-master\src\image_augmentators.py:7: FutureWarning: In the future `np.str` will be defined as the corresponding NumPy scalar.
  if not hasattr(_np, _name):
D:\Project\AI Engineer\ePillID-benchmark-master\src\image_augmentators.py:7: FutureWarning: In the future `np.bool` will be defined as the corresponding NumPy scalar.
  if not hasattr(_np, _name):
D:\Project\AI Engineer\ePillID-benchmark-master\src\image_augmentators.py:7: FutureWarning: In the future `np.object` will be defined as the corresponding NumPy scalar.
  if not hasattr(_np, _name):
D:\Project\AI Engineer\ePillID-benchmark-master\src\image_augmentators.py:7: FutureWarning: In the future `np.str` will be defined as the corresponding NumPy scalar.
  if not hasattr(_np, _name):
D:\Project\AI Engineer\ePillID-benchmark-master\src\image_augmentators.py:7: FutureWarning: In the future `np.bool` will be defined as the corresponding NumPy scalar.
  if not hasattr(_np, _name):
D:\Project\AI Engineer\ePillID-benchmark-master\src\image_augmentators.py:7: FutureWarning: In the future `np.object` will be defined as the corresponding NumPy scalar.
  if not hasattr(_np, _name):
D:\Project\AI Engineer\ePillID-benchmark-master\src\image_augmentators.py:7: FutureWarning: In the future `np.str` will be defined as the corresponding NumPy scalar.
  if not hasattr(_np, _name):
D:\Project\AI Engineer\ePillID-benchmark-master\src\image_augmentators.py:7: FutureWarning: In the future `np.bool` will be defined as the corresponding NumPy scalar.
  if not hasattr(_np, _name):
D:\Project\AI Engineer\ePillID-benchmark-master\src\image_augmentators.py:7: FutureWarning: In the future `np.object` will be defined as the corresponding NumPy scalar.
  if not hasattr(_np, _name):
D:\Project\AI Engineer\ePillID-benchmark-master\src\image_augmentators.py:7: FutureWarning: In the future `np.str` will be defined as the corresponding NumPy scalar.
  if not hasattr(_np, _name):
D:\Project\AI Engineer\ePillID-benchmark-master\src\image_augmentators.py:7: FutureWarning: In the future `np.bool` will be defined as the corresponding NumPy scalar.
  if not hasattr(_np, _name):
D:\Project\AI Engineer\ePillID-benchmark-master\src\image_augmentators.py:7: FutureWarning: In the future `np.object` will be defined as the corresponding NumPy scalar.
  if not hasattr(_np, _name):
D:\Project\AI Engineer\ePillID-benchmark-master\src\image_augmentators.py:7: FutureWarning: In the future `np.str` will be defined as the corresponding NumPy scalar.
  if not hasattr(_np, _name):
D:\Project\AI Engineer\ePillID-benchmark-master\src\image_augmentators.py:7: FutureWarning: In the future `np.bool` will be defined as the corresponding NumPy scalar.
  if not hasattr(_np, _name):
D:\Project\AI Engineer\ePillID-benchmark-master\src\image_augmentators.py:7: FutureWarning: In the future `np.object` will be defined as the corresponding NumPy scalar.
  if not hasattr(_np, _name):
D:\Project\AI Engineer\ePillID-benchmark-master\src\image_augmentators.py:7: FutureWarning: In the future `np.str` will be defined as the corresponding NumPy scalar.
  if not hasattr(_np, _name):
D:\Project\AI Engineer\ePillID-benchmark-master\src\image_augmentators.py:7: FutureWarning: In the future `np.bool` will be defined as the corresponding NumPy scalar.
  if not hasattr(_np, _name):
D:\Project\AI Engineer\ePillID-benchmark-master\src\image_augmentators.py:7: FutureWarning: In the future `np.object` will be defined as the corresponding NumPy scalar.
  if not hasattr(_np, _name):
D:\Project\AI Engineer\ePillID-benchmark-master\src\image_augmentators.py:7: FutureWarning: In the future `np.str` will be defined as the corresponding NumPy scalar.
  if not hasattr(_np, _name):
D:\Project\AI Engineer\ePillID-benchmark-master\src\image_augmentators.py:7: FutureWarning: In the future `np.bool` will be defined as the corresponding NumPy scalar.
  if not hasattr(_np, _name):
D:\Project\AI Engineer\ePillID-benchmark-master\src\image_augmentators.py:7: FutureWarning: In the future `np.object` will be defined as the corresponding NumPy scalar.
  if not hasattr(_np, _name):
D:\Project\AI Engineer\ePillID-benchmark-master\src\image_augmentators.py:7: FutureWarning: In the future `np.str` will be defined as the corresponding NumPy scalar.
  if not hasattr(_np, _name):
D:\Project\AI Engineer\ePillID-benchmark-master\src\image_augmentators.py:7: FutureWarning: In the future `np.bool` will be defined as the corresponding NumPy scalar.
  if not hasattr(_np, _name):
D:\Project\AI Engineer\ePillID-benchmark-master\src\image_augmentators.py:7: FutureWarning: In the future `np.object` will be defined as the corresponding NumPy scalar.
  if not hasattr(_np, _name):
D:\Project\AI Engineer\ePillID-benchmark-master\src\image_augmentators.py:7: FutureWarning: In the future `np.str` will be defined as the corresponding NumPy scalar.
  if not hasattr(_np, _name):
D:\Project\AI Engineer\ePillID-benchmark-master\src\image_augmentators.py:7: FutureWarning: In the future `np.bool` will be defined as the corresponding NumPy scalar.
  if not hasattr(_np, _name):
D:\Project\AI Engineer\ePillID-benchmark-master\src\image_augmentators.py:7: FutureWarning: In the future `np.object` will be defined as the corresponding NumPy scalar.
  if not hasattr(_np, _name):
D:\Project\AI Engineer\ePillID-benchmark-master\src\image_augmentators.py:7: FutureWarning: In the future `np.str` will be defined as the corresponding NumPy scalar.
  if not hasattr(_np, _name):
D:\Project\AI Engineer\ePillID-benchmark-master\src\image_augmentators.py:7: FutureWarning: In the future `np.bool` will be defined as the corresponding NumPy scalar.
  if not hasattr(_np, _name):
D:\Project\AI Engineer\ePillID-benchmark-master\src\image_augmentators.py:7: FutureWarning: In the future `np.object` will be defined as the corresponding NumPy scalar.
  if not hasattr(_np, _name):
D:\Project\AI Engineer\ePillID-benchmark-master\src\image_augmentators.py:7: FutureWarning: In the future `np.str` will be defined as the corresponding NumPy scalar.
  if not hasattr(_np, _name):
D:\Project\AI Engineer\ePillID-benchmark-master\src\image_augmentators.py:7: FutureWarning: In the future `np.bool` will be defined as the corresponding NumPy scalar.
  if not hasattr(_np, _name):
D:\Project\AI Engineer\ePillID-benchmark-master\src\image_augmentators.py:7: FutureWarning: In the future `np.object` will be defined as the corresponding NumPy scalar.
  if not hasattr(_np, _name):
D:\Project\AI Engineer\ePillID-benchmark-master\src\image_augmentators.py:7: FutureWarning: In the future `np.str` will be defined as the corresponding NumPy scalar.
  if not hasattr(_np, _name):
D:\Project\AI Engineer\ePillID-benchmark-master\src\image_augmentators.py:7: FutureWarning: In the future `np.bool` will be defined as the corresponding NumPy scalar.
  if not hasattr(_np, _name):
D:\Project\AI Engineer\ePillID-benchmark-master\src\image_augmentators.py:7: FutureWarning: In the future `np.object` will be defined as the corresponding NumPy scalar.
  if not hasattr(_np, _name):
D:\Project\AI Engineer\ePillID-benchmark-master\src\image_augmentators.py:7: FutureWarning: In the future `np.str` will be defined as the corresponding NumPy scalar.
  if not hasattr(_np, _name):
D:\Project\AI Engineer\ePillID-benchmark-master\src\image_augmentators.py:7: FutureWarning: In the future `np.bool` will be defined as the corresponding NumPy scalar.
  if not hasattr(_np, _name):
D:\Project\AI Engineer\ePillID-benchmark-master\src\image_augmentators.py:7: FutureWarning: In the future `np.object` will be defined as the corresponding NumPy scalar.
  if not hasattr(_np, _name):
D:\Project\AI Engineer\ePillID-benchmark-master\src\image_augmentators.py:7: FutureWarning: In the future `np.str` will be defined as the corresponding NumPy scalar.
  if not hasattr(_np, _name):
D:\Project\AI Engineer\ePillID-benchmark-master\src\image_augmentators.py:7: FutureWarning: In the future `np.bool` will be defined as the corresponding NumPy scalar.
  if not hasattr(_np, _name):
D:\Project\AI Engineer\ePillID-benchmark-master\src\image_augmentators.py:7: FutureWarning: In the future `np.object` will be defined as the corresponding NumPy scalar.
  if not hasattr(_np, _name):
D:\Project\AI Engineer\ePillID-benchmark-master\src\image_augmentators.py:7: FutureWarning: In the future `np.str` will be defined as the corresponding NumPy scalar.
  if not hasattr(_np, _name):
D:\Project\AI Engineer\ePillID-benchmark-master\src\image_augmentators.py:7: FutureWarning: In the future `np.bool` will be defined as the corresponding NumPy scalar.
  if not hasattr(_np, _name):
D:\Project\AI Engineer\ePillID-benchmark-master\src\image_augmentators.py:7: FutureWarning: In the future `np.object` will be defined as the corresponding NumPy scalar.
  if not hasattr(_np, _name):
D:\Project\AI Engineer\ePillID-benchmark-master\src\image_augmentators.py:7: FutureWarning: In the future `np.str` will be defined as the corresponding NumPy scalar.
  if not hasattr(_np, _name):
D:\Project\AI Engineer\ePillID-benchmark-master\src\image_augmentators.py:7: FutureWarning: In the future `np.bool` will be defined as the corresponding NumPy scalar.
  if not hasattr(_np, _name):
D:\Project\AI Engineer\ePillID-benchmark-master\src\image_augmentators.py:7: FutureWarning: In the future `np.object` will be defined as the corresponding NumPy scalar.
  if not hasattr(_np, _name):
D:\Project\AI Engineer\ePillID-benchmark-master\src\image_augmentators.py:7: FutureWarning: In the future `np.str` will be defined as the corresponding NumPy scalar.
  if not hasattr(_np, _name):
D:\Project\AI Engineer\ePillID-benchmark-master\src\image_augmentators.py:7: FutureWarning: In the future `np.bool` will be defined as the corresponding NumPy scalar.
  if not hasattr(_np, _name):
D:\Project\AI Engineer\ePillID-benchmark-master\src\image_augmentators.py:7: FutureWarning: In the future `np.object` will be defined as the corresponding NumPy scalar.
  if not hasattr(_np, _name):
D:\Project\AI Engineer\ePillID-benchmark-master\src\image_augmentators.py:7: FutureWarning: In the future `np.str` will be defined as the corresponding NumPy scalar.
  if not hasattr(_np, _name):
D:\Project\AI Engineer\ePillID-benchmark-master\src\image_augmentators.py:7: FutureWarning: In the future `np.bool` will be defined as the corresponding NumPy scalar.
  if not hasattr(_np, _name):
D:\Project\AI Engineer\ePillID-benchmark-master\src\image_augmentators.py:7: FutureWarning: In the future `np.object` will be defined as the corresponding NumPy scalar.
  if not hasattr(_np, _name):
D:\Project\AI Engineer\ePillID-benchmark-master\src\image_augmentators.py:7: FutureWarning: In the future `np.str` will be defined as the corresponding NumPy scalar.
  if not hasattr(_np, _name):
D:\Project\AI Engineer\ePillID-benchmark-master\src\image_augmentators.py:7: FutureWarning: In the future `np.bool` will be defined as the corresponding NumPy scalar.
  if not hasattr(_np, _name):
D:\Project\AI Engineer\ePillID-benchmark-master\src\image_augmentators.py:7: FutureWarning: In the future `np.object` will be defined as the corresponding NumPy scalar.
  if not hasattr(_np, _name):
D:\Project\AI Engineer\ePillID-benchmark-master\src\image_augmentators.py:7: FutureWarning: In the future `np.str` will be defined as the corresponding NumPy scalar.
  if not hasattr(_np, _name):
D:\Project\AI Engineer\ePillID-benchmark-master\src\image_augmentators.py:7: FutureWarning: In the future `np.bool` will be defined as the corresponding NumPy scalar.
  if not hasattr(_np, _name):
D:\Project\AI Engineer\ePillID-benchmark-master\src\image_augmentators.py:7: FutureWarning: In the future `np.object` will be defined as the corresponding NumPy scalar.
  if not hasattr(_np, _name):
D:\Project\AI Engineer\ePillID-benchmark-master\src\image_augmentators.py:7: FutureWarning: In the future `np.str` will be defined as the corresponding NumPy scalar.
  if not hasattr(_np, _name):
D:\Project\AI Engineer\ePillID-benchmark-master\src\image_augmentators.py:7: FutureWarning: In the future `np.bool` will be defined as the corresponding NumPy scalar.
  if not hasattr(_np, _name):
D:\Project\AI Engineer\ePillID-benchmark-master\src\image_augmentators.py:7: FutureWarning: In the future `np.object` will be defined as the corresponding NumPy scalar.
  if not hasattr(_np, _name):
D:\Project\AI Engineer\ePillID-benchmark-master\src\image_augmentators.py:7: FutureWarning: In the future `np.str` will be defined as the corresponding NumPy scalar.
  if not hasattr(_np, _name):
D:\Project\AI Engineer\ePillID-benchmark-master\src\image_augmentators.py:7: FutureWarning: In the future `np.bool` will be defined as the corresponding NumPy scalar.
  if not hasattr(_np, _name):
D:\Project\AI Engineer\ePillID-benchmark-master\src\image_augmentators.py:7: FutureWarning: In the future `np.object` will be defined as the corresponding NumPy scalar.
  if not hasattr(_np, _name):
D:\Project\AI Engineer\ePillID-benchmark-master\src\image_augmentators.py:7: FutureWarning: In the future `np.str` will be defined as the corresponding NumPy scalar.
  if not hasattr(_np, _name):
D:\Project\AI Engineer\ePillID-benchmark-master\src\image_augmentators.py:7: FutureWarning: In the future `np.bool` will be defined as the corresponding NumPy scalar.
  if not hasattr(_np, _name):
D:\Project\AI Engineer\ePillID-benchmark-master\src\image_augmentators.py:7: FutureWarning: In the future `np.object` will be defined as the corresponding NumPy scalar.
  if not hasattr(_np, _name):
D:\Project\AI Engineer\ePillID-benchmark-master\src\image_augmentators.py:7: FutureWarning: In the future `np.str` will be defined as the corresponding NumPy scalar.
  if not hasattr(_np, _name):
D:\Project\AI Engineer\ePillID-benchmark-master\src\image_augmentators.py:7: FutureWarning: In the future `np.bool` will be defined as the corresponding NumPy scalar.
  if not hasattr(_np, _name):
D:\Project\AI Engineer\ePillID-benchmark-master\src\image_augmentators.py:7: FutureWarning: In the future `np.object` will be defined as the corresponding NumPy scalar.
  if not hasattr(_np, _name):
D:\Project\AI Engineer\ePillID-benchmark-master\src\image_augmentators.py:7: FutureWarning: In the future `np.str` will be defined as the corresponding NumPy scalar.
  if not hasattr(_np, _name):
D:\Project\AI Engineer\ePillID-benchmark-master\src\image_augmentators.py:7: FutureWarning: In the future `np.bool` will be defined as the corresponding NumPy scalar.
  if not hasattr(_np, _name):
D:\Project\AI Engineer\ePillID-benchmark-master\src\image_augmentators.py:7: FutureWarning: In the future `np.object` will be defined as the corresponding NumPy scalar.
  if not hasattr(_np, _name):
D:\Project\AI Engineer\ePillID-benchmark-master\src\image_augmentators.py:7: FutureWarning: In the future `np.str` will be defined as the corresponding NumPy scalar.
  if not hasattr(_np, _name):
D:\Project\AI Engineer\ePillID-benchmark-master\src\image_augmentators.py:7: FutureWarning: In the future `np.bool` will be defined as the corresponding NumPy scalar.
  if not hasattr(_np, _name):
D:\Project\AI Engineer\ePillID-benchmark-master\src\image_augmentators.py:7: FutureWarning: In the future `np.object` will be defined as the corresponding NumPy scalar.
  if not hasattr(_np, _name):
D:\Project\AI Engineer\ePillID-benchmark-master\src\image_augmentators.py:7: FutureWarning: In the future `np.str` will be defined as the corresponding NumPy scalar.
  if not hasattr(_np, _name):
D:\Project\AI Engineer\ePillID-benchmark-master\src\image_augmentators.py:7: FutureWarning: In the future `np.bool` will be defined as the corresponding NumPy scalar.
  if not hasattr(_np, _name):
D:\Project\AI Engineer\ePillID-benchmark-master\src\image_augmentators.py:7: FutureWarning: In the future `np.object` will be defined as the corresponding NumPy scalar.
  if not hasattr(_np, _name):
D:\Project\AI Engineer\ePillID-benchmark-master\src\image_augmentators.py:7: FutureWarning: In the future `np.str` will be defined as the corresponding NumPy scalar.
  if not hasattr(_np, _name):
D:\Project\AI Engineer\ePillID-benchmark-master\src\image_augmentators.py:7: FutureWarning: In the future `np.bool` will be defined as the corresponding NumPy scalar.
  if not hasattr(_np, _name):
D:\Project\AI Engineer\ePillID-benchmark-master\src\image_augmentators.py:7: FutureWarning: In the future `np.object` will be defined as the corresponding NumPy scalar.
  if not hasattr(_np, _name):
D:\Project\AI Engineer\ePillID-benchmark-master\src\image_augmentators.py:7: FutureWarning: In the future `np.str` will be defined as the corresponding NumPy scalar.
  if not hasattr(_np, _name):
D:\Project\AI Engineer\ePillID-benchmark-master\src\image_augmentators.py:7: FutureWarning: In the future `np.bool` will be defined as the corresponding NumPy scalar.
  if not hasattr(_np, _name):
D:\Project\AI Engineer\ePillID-benchmark-master\src\image_augmentators.py:7: FutureWarning: In the future `np.object` will be defined as the corresponding NumPy scalar.
  if not hasattr(_np, _name):
D:\Project\AI Engineer\ePillID-benchmark-master\src\image_augmentators.py:7: FutureWarning: In the future `np.str` will be defined as the corresponding NumPy scalar.
  if not hasattr(_np, _name):
D:\Project\AI Engineer\ePillID-benchmark-master\src\image_augmentators.py:7: FutureWarning: In the future `np.bool` will be defined as the corresponding NumPy scalar.
  if not hasattr(_np, _name):
D:\Project\AI Engineer\ePillID-benchmark-master\src\image_augmentators.py:7: FutureWarning: In the future `np.object` will be defined as the corresponding NumPy scalar.
  if not hasattr(_np, _name):
D:\Project\AI Engineer\ePillID-benchmark-master\src\image_augmentators.py:7: FutureWarning: In the future `np.str` will be defined as the corresponding NumPy scalar.
  if not hasattr(_np, _name):
D:\Project\AI Engineer\ePillID-benchmark-master\src\image_augmentators.py:7: FutureWarning: In the future `np.bool` will be defined as the corresponding NumPy scalar.
  if not hasattr(_np, _name):
D:\Project\AI Engineer\ePillID-benchmark-master\src\image_augmentators.py:7: FutureWarning: In the future `np.object` will be defined as the corresponding NumPy scalar.
  if not hasattr(_np, _name):
D:\Project\AI Engineer\ePillID-benchmark-master\src\image_augmentators.py:7: FutureWarning: In the future `np.str` will be defined as the corresponding NumPy scalar.
  if not hasattr(_np, _name):
D:\Project\AI Engineer\ePillID-benchmark-master\src\image_augmentators.py:7: FutureWarning: In the future `np.bool` will be defined as the corresponding NumPy scalar.
  if not hasattr(_np, _name):
D:\Project\AI Engineer\ePillID-benchmark-master\src\image_augmentators.py:7: FutureWarning: In the future `np.object` will be defined as the corresponding NumPy scalar.
  if not hasattr(_np, _name):
D:\Project\AI Engineer\ePillID-benchmark-master\src\image_augmentators.py:7: FutureWarning: In the future `np.str` will be defined as the corresponding NumPy scalar.
  if not hasattr(_np, _name):
D:\Project\AI Engineer\ePillID-benchmark-master\src\image_augmentators.py:7: FutureWarning: In the future `np.bool` will be defined as the corresponding NumPy scalar.
  if not hasattr(_np, _name):
D:\Project\AI Engineer\ePillID-benchmark-master\src\image_augmentators.py:7: FutureWarning: In the future `np.object` will be defined as the corresponding NumPy scalar.
  if not hasattr(_np, _name):
D:\Project\AI Engineer\ePillID-benchmark-master\src\image_augmentators.py:7: FutureWarning: In the future `np.str` will be defined as the corresponding NumPy scalar.
  if not hasattr(_np, _name):
D:\Project\AI Engineer\ePillID-benchmark-master\src\image_augmentators.py:7: FutureWarning: In the future `np.bool` will be defined as the corresponding NumPy scalar.
  if not hasattr(_np, _name):
D:\Project\AI Engineer\ePillID-benchmark-master\src\image_augmentators.py:7: FutureWarning: In the future `np.object` will be defined as the corresponding NumPy scalar.
  if not hasattr(_np, _name):
D:\Project\AI Engineer\ePillID-benchmark-master\src\image_augmentators.py:7: FutureWarning: In the future `np.str` will be defined as the corresponding NumPy scalar.
  if not hasattr(_np, _name):
D:\Project\AI Engineer\ePillID-benchmark-master\src\image_augmentators.py:7: FutureWarning: In the future `np.bool` will be defined as the corresponding NumPy scalar.
  if not hasattr(_np, _name):
D:\Project\AI Engineer\ePillID-benchmark-master\src\image_augmentators.py:7: FutureWarning: In the future `np.object` will be defined as the corresponding NumPy scalar.
  if not hasattr(_np, _name):
D:\Project\AI Engineer\ePillID-benchmark-master\src\image_augmentators.py:7: FutureWarning: In the future `np.str` will be defined as the corresponding NumPy scalar.
  if not hasattr(_np, _name):
D:\Project\AI Engineer\ePillID-benchmark-master\src\image_augmentators.py:7: FutureWarning: In the future `np.bool` will be defined as the corresponding NumPy scalar.
  if not hasattr(_np, _name):
D:\Project\AI Engineer\ePillID-benchmark-master\src\image_augmentators.py:7: FutureWarning: In the future `np.object` will be defined as the corresponding NumPy scalar.
  if not hasattr(_np, _name):
D:\Project\AI Engineer\ePillID-benchmark-master\src\image_augmentators.py:7: FutureWarning: In the future `np.str` will be defined as the corresponding NumPy scalar.
  if not hasattr(_np, _name):
D:\Project\AI Engineer\ePillID-benchmark-master\src\image_augmentators.py:7: FutureWarning: In the future `np.bool` will be defined as the corresponding NumPy scalar.
  if not hasattr(_np, _name):
D:\Project\AI Engineer\ePillID-benchmark-master\src\image_augmentators.py:7: FutureWarning: In the future `np.object` will be defined as the corresponding NumPy scalar.
  if not hasattr(_np, _name):
D:\Project\AI Engineer\ePillID-benchmark-master\src\image_augmentators.py:7: FutureWarning: In the future `np.str` will be defined as the corresponding NumPy scalar.
  if not hasattr(_np, _name):
D:\Project\AI Engineer\ePillID-benchmark-master\src\image_augmentators.py:7: FutureWarning: In the future `np.bool` will be defined as the corresponding NumPy scalar.
  if not hasattr(_np, _name):
D:\Project\AI Engineer\ePillID-benchmark-master\src\image_augmentators.py:7: FutureWarning: In the future `np.object` will be defined as the corresponding NumPy scalar.
  if not hasattr(_np, _name):
D:\Project\AI Engineer\ePillID-benchmark-master\src\image_augmentators.py:7: FutureWarning: In the future `np.str` will be defined as the corresponding NumPy scalar.
  if not hasattr(_np, _name):
D:\Project\AI Engineer\ePillID-benchmark-master\src\image_augmentators.py:7: FutureWarning: In the future `np.bool` will be defined as the corresponding NumPy scalar.
  if not hasattr(_np, _name):
D:\Project\AI Engineer\ePillID-benchmark-master\src\image_augmentators.py:7: FutureWarning: In the future `np.object` will be defined as the corresponding NumPy scalar.
  if not hasattr(_np, _name):
D:\Project\AI Engineer\ePillID-benchmark-master\src\image_augmentators.py:7: FutureWarning: In the future `np.str` will be defined as the corresponding NumPy scalar.
  if not hasattr(_np, _name):
D:\Project\AI Engineer\ePillID-benchmark-master\src\image_augmentators.py:7: FutureWarning: In the future `np.bool` will be defined as the corresponding NumPy scalar.
  if not hasattr(_np, _name):
D:\Project\AI Engineer\ePillID-benchmark-master\src\image_augmentators.py:7: FutureWarning: In the future `np.object` will be defined as the corresponding NumPy scalar.
  if not hasattr(_np, _name):
D:\Project\AI Engineer\ePillID-benchmark-master\src\image_augmentators.py:7: FutureWarning: In the future `np.str` will be defined as the corresponding NumPy scalar.
  if not hasattr(_np, _name):
D:\Project\AI Engineer\ePillID-benchmark-master\src\image_augmentators.py:7: FutureWarning: In the future `np.bool` will be defined as the corresponding NumPy scalar.
  if not hasattr(_np, _name):
D:\Project\AI Engineer\ePillID-benchmark-master\src\image_augmentators.py:7: FutureWarning: In the future `np.object` will be defined as the corresponding NumPy scalar.
  if not hasattr(_np, _name):
D:\Project\AI Engineer\ePillID-benchmark-master\src\image_augmentators.py:7: FutureWarning: In the future `np.str` will be defined as the corresponding NumPy scalar.
  if not hasattr(_np, _name):
D:\Project\AI Engineer\ePillID-benchmark-master\src\image_augmentators.py:7: FutureWarning: In the future `np.bool` will be defined as the corresponding NumPy scalar.
  if not hasattr(_np, _name):
D:\Project\AI Engineer\ePillID-benchmark-master\src\image_augmentators.py:7: FutureWarning: In the future `np.object` will be defined as the corresponding NumPy scalar.
  if not hasattr(_np, _name):
D:\Project\AI Engineer\ePillID-benchmark-master\src\image_augmentators.py:7: FutureWarning: In the future `np.str` will be defined as the corresponding NumPy scalar.
  if not hasattr(_np, _name):
D:\Project\AI Engineer\ePillID-benchmark-master\src\image_augmentators.py:7: FutureWarning: In the future `np.bool` will be defined as the corresponding NumPy scalar.
  if not hasattr(_np, _name):
D:\Project\AI Engineer\ePillID-benchmark-master\src\image_augmentators.py:7: FutureWarning: In the future `np.object` will be defined as the corresponding NumPy scalar.
  if not hasattr(_np, _name):
D:\Project\AI Engineer\ePillID-benchmark-master\src\image_augmentators.py:7: FutureWarning: In the future `np.str` will be defined as the corresponding NumPy scalar.
  if not hasattr(_np, _name):
D:\Project\AI Engineer\ePillID-benchmark-master\src\image_augmentators.py:7: FutureWarning: In the future `np.bool` will be defined as the corresponding NumPy scalar.
  if not hasattr(_np, _name):
D:\Project\AI Engineer\ePillID-benchmark-master\src\image_augmentators.py:7: FutureWarning: In the future `np.object` will be defined as the corresponding NumPy scalar.
  if not hasattr(_np, _name):
D:\Project\AI Engineer\ePillID-benchmark-master\src\image_augmentators.py:7: FutureWarning: In the future `np.str` will be defined as the corresponding NumPy scalar.
  if not hasattr(_np, _name):
D:\Project\AI Engineer\ePillID-benchmark-master\src\image_augmentators.py:7: FutureWarning: In the future `np.bool` will be defined as the corresponding NumPy scalar.
  if not hasattr(_np, _name):
D:\Project\AI Engineer\ePillID-benchmark-master\src\image_augmentators.py:7: FutureWarning: In the future `np.object` will be defined as the corresponding NumPy scalar.
  if not hasattr(_np, _name):
D:\Project\AI Engineer\ePillID-benchmark-master\src\image_augmentators.py:7: FutureWarning: In the future `np.str` will be defined as the corresponding NumPy scalar.
  if not hasattr(_np, _name):
D:\Project\AI Engineer\ePillID-benchmark-master\src\image_augmentators.py:7: FutureWarning: In the future `np.bool` will be defined as the corresponding NumPy scalar.
  if not hasattr(_np, _name):
D:\Project\AI Engineer\ePillID-benchmark-master\src\image_augmentators.py:7: FutureWarning: In the future `np.object` will be defined as the corresponding NumPy scalar.
  if not hasattr(_np, _name):
D:\Project\AI Engineer\ePillID-benchmark-master\src\image_augmentators.py:7: FutureWarning: In the future `np.str` will be defined as the corresponding NumPy scalar.
  if not hasattr(_np, _name):
D:\Project\AI Engineer\ePillID-benchmark-master\src\image_augmentators.py:7: FutureWarning: In the future `np.bool` will be defined as the corresponding NumPy scalar.
  if not hasattr(_np, _name):
D:\Project\AI Engineer\ePillID-benchmark-master\src\image_augmentators.py:7: FutureWarning: In the future `np.object` will be defined as the corresponding NumPy scalar.
  if not hasattr(_np, _name):
D:\Project\AI Engineer\ePillID-benchmark-master\src\image_augmentators.py:7: FutureWarning: In the future `np.str` will be defined as the corresponding NumPy scalar.
  if not hasattr(_np, _name):
D:\Project\AI Engineer\ePillID-benchmark-master\src\image_augmentators.py:7: FutureWarning: In the future `np.bool` will be defined as the corresponding NumPy scalar.
  if not hasattr(_np, _name):
D:\Project\AI Engineer\ePillID-benchmark-master\src\image_augmentators.py:7: FutureWarning: In the future `np.object` will be defined as the corresponding NumPy scalar.
  if not hasattr(_np, _name):
D:\Project\AI Engineer\ePillID-benchmark-master\src\image_augmentators.py:7: FutureWarning: In the future `np.str` will be defined as the corresponding NumPy scalar.
  if not hasattr(_np, _name):
D:\Project\AI Engineer\ePillID-benchmark-master\src\image_augmentators.py:7: FutureWarning: In the future `np.bool` will be defined as the corresponding NumPy scalar.
  if not hasattr(_np, _name):
D:\Project\AI Engineer\ePillID-benchmark-master\src\image_augmentators.py:7: FutureWarning: In the future `np.object` will be defined as the corresponding NumPy scalar.
  if not hasattr(_np, _name):
D:\Project\AI Engineer\ePillID-benchmark-master\src\image_augmentators.py:7: FutureWarning: In the future `np.str` will be defined as the corresponding NumPy scalar.
  if not hasattr(_np, _name):
D:\Project\AI Engineer\ePillID-benchmark-master\src\image_augmentators.py:7: FutureWarning: In the future `np.bool` will be defined as the corresponding NumPy scalar.
  if not hasattr(_np, _name):
D:\Project\AI Engineer\ePillID-benchmark-master\src\image_augmentators.py:7: FutureWarning: In the future `np.object` will be defined as the corresponding NumPy scalar.
  if not hasattr(_np, _name):
D:\Project\AI Engineer\ePillID-benchmark-master\src\image_augmentators.py:7: FutureWarning: In the future `np.str` will be defined as the corresponding NumPy scalar.
  if not hasattr(_np, _name):
D:\Project\AI Engineer\ePillID-benchmark-master\src\image_augmentators.py:7: FutureWarning: In the future `np.bool` will be defined as the corresponding NumPy scalar.
  if not hasattr(_np, _name):
D:\Project\AI Engineer\ePillID-benchmark-master\src\image_augmentators.py:7: FutureWarning: In the future `np.object` will be defined as the corresponding NumPy scalar.
  if not hasattr(_np, _name):
D:\Project\AI Engineer\ePillID-benchmark-master\src\image_augmentators.py:7: FutureWarning: In the future `np.str` will be defined as the corresponding NumPy scalar.
  if not hasattr(_np, _name):
D:\Project\AI Engineer\ePillID-benchmark-master\src\image_augmentators.py:7: FutureWarning: In the future `np.bool` will be defined as the corresponding NumPy scalar.
  if not hasattr(_np, _name):
D:\Project\AI Engineer\ePillID-benchmark-master\src\image_augmentators.py:7: FutureWarning: In the future `np.object` will be defined as the corresponding NumPy scalar.
  if not hasattr(_np, _name):
D:\Project\AI Engineer\ePillID-benchmark-master\src\image_augmentators.py:7: FutureWarning: In the future `np.str` will be defined as the corresponding NumPy scalar.
  if not hasattr(_np, _name):
D:\Project\AI Engineer\ePillID-benchmark-master\src\image_augmentators.py:7: FutureWarning: In the future `np.bool` will be defined as the corresponding NumPy scalar.
  if not hasattr(_np, _name):
D:\Project\AI Engineer\ePillID-benchmark-master\src\image_augmentators.py:7: FutureWarning: In the future `np.object` will be defined as the corresponding NumPy scalar.
  if not hasattr(_np, _name):
D:\Project\AI Engineer\ePillID-benchmark-master\src\image_augmentators.py:7: FutureWarning: In the future `np.str` will be defined as the corresponding NumPy scalar.
  if not hasattr(_np, _name):
D:\Project\AI Engineer\ePillID-benchmark-master\src\image_augmentators.py:7: FutureWarning: In the future `np.bool` will be defined as the corresponding NumPy scalar.
  if not hasattr(_np, _name):
D:\Project\AI Engineer\ePillID-benchmark-master\src\image_augmentators.py:7: FutureWarning: In the future `np.object` will be defined as the corresponding NumPy scalar.
  if not hasattr(_np, _name):
D:\Project\AI Engineer\ePillID-benchmark-master\src\image_augmentators.py:7: FutureWarning: In the future `np.str` will be defined as the corresponding NumPy scalar.
  if not hasattr(_np, _name):
D:\Project\AI Engineer\ePillID-benchmark-master\src\image_augmentators.py:7: FutureWarning: In the future `np.bool` will be defined as the corresponding NumPy scalar.
  if not hasattr(_np, _name):
D:\Project\AI Engineer\ePillID-benchmark-master\src\image_augmentators.py:7: FutureWarning: In the future `np.object` will be defined as the corresponding NumPy scalar.
  if not hasattr(_np, _name):
D:\Project\AI Engineer\ePillID-benchmark-master\src\image_augmentators.py:7: FutureWarning: In the future `np.str` will be defined as the corresponding NumPy scalar.
  if not hasattr(_np, _name):
D:\Project\AI Engineer\ePillID-benchmark-master\src\image_augmentators.py:7: FutureWarning: In the future `np.bool` will be defined as the corresponding NumPy scalar.
  if not hasattr(_np, _name):
D:\Project\AI Engineer\ePillID-benchmark-master\src\image_augmentators.py:7: FutureWarning: In the future `np.object` will be defined as the corresponding NumPy scalar.
  if not hasattr(_np, _name):
D:\Project\AI Engineer\ePillID-benchmark-master\src\image_augmentators.py:7: FutureWarning: In the future `np.str` will be defined as the corresponding NumPy scalar.
  if not hasattr(_np, _name):
D:\Project\AI Engineer\ePillID-benchmark-master\src\image_augmentators.py:7: FutureWarning: In the future `np.bool` will be defined as the corresponding NumPy scalar.
  if not hasattr(_np, _name):
D:\Project\AI Engineer\ePillID-benchmark-master\src\image_augmentators.py:7: FutureWarning: In the future `np.object` will be defined as the corresponding NumPy scalar.
  if not hasattr(_np, _name):
D:\Project\AI Engineer\ePillID-benchmark-master\src\image_augmentators.py:7: FutureWarning: In the future `np.str` will be defined as the corresponding NumPy scalar.
  if not hasattr(_np, _name):
D:\Project\AI Engineer\ePillID-benchmark-master\src\image_augmentators.py:7: FutureWarning: In the future `np.bool` will be defined as the corresponding NumPy scalar.
  if not hasattr(_np, _name):
D:\Project\AI Engineer\ePillID-benchmark-master\src\image_augmentators.py:7: FutureWarning: In the future `np.object` will be defined as the corresponding NumPy scalar.
  if not hasattr(_np, _name):
D:\Project\AI Engineer\ePillID-benchmark-master\src\image_augmentators.py:7: FutureWarning: In the future `np.str` will be defined as the corresponding NumPy scalar.
  if not hasattr(_np, _name):
D:\Project\AI Engineer\ePillID-benchmark-master\src\image_augmentators.py:7: FutureWarning: In the future `np.bool` will be defined as the corresponding NumPy scalar.
  if not hasattr(_np, _name):
D:\Project\AI Engineer\ePillID-benchmark-master\src\image_augmentators.py:7: FutureWarning: In the future `np.object` will be defined as the corresponding NumPy scalar.
  if not hasattr(_np, _name):
D:\Project\AI Engineer\ePillID-benchmark-master\src\image_augmentators.py:7: FutureWarning: In the future `np.str` will be defined as the corresponding NumPy scalar.
  if not hasattr(_np, _name):
D:\Project\AI Engineer\ePillID-benchmark-master\src\image_augmentators.py:7: FutureWarning: In the future `np.bool` will be defined as the corresponding NumPy scalar.
  if not hasattr(_np, _name):
D:\Project\AI Engineer\ePillID-benchmark-master\src\image_augmentators.py:7: FutureWarning: In the future `np.object` will be defined as the corresponding NumPy scalar.
  if not hasattr(_np, _name):
D:\Project\AI Engineer\ePillID-benchmark-master\src\image_augmentators.py:7: FutureWarning: In the future `np.str` will be defined as the corresponding NumPy scalar.
  if not hasattr(_np, _name):
D:\Project\AI Engineer\ePillID-benchmark-master\src\image_augmentators.py:7: FutureWarning: In the future `np.bool` will be defined as the corresponding NumPy scalar.
  if not hasattr(_np, _name):
D:\Project\AI Engineer\ePillID-benchmark-master\src\image_augmentators.py:7: FutureWarning: In the future `np.object` will be defined as the corresponding NumPy scalar.
  if not hasattr(_np, _name):
D:\Project\AI Engineer\ePillID-benchmark-master\src\image_augmentators.py:7: FutureWarning: In the future `np.str` will be defined as the corresponding NumPy scalar.
  if not hasattr(_np, _name):
D:\Project\AI Engineer\ePillID-benchmark-master\src\image_augmentators.py:7: FutureWarning: In the future `np.bool` will be defined as the corresponding NumPy scalar.
  if not hasattr(_np, _name):
D:\Project\AI Engineer\ePillID-benchmark-master\src\image_augmentators.py:7: FutureWarning: In the future `np.object` will be defined as the corresponding NumPy scalar.
  if not hasattr(_np, _name):
D:\Project\AI Engineer\ePillID-benchmark-master\src\image_augmentators.py:7: FutureWarning: In the future `np.str` will be defined as the corresponding NumPy scalar.
  if not hasattr(_np, _name):
D:\Project\AI Engineer\ePillID-benchmark-master\src\image_augmentators.py:7: FutureWarning: In the future `np.bool` will be defined as the corresponding NumPy scalar.
  if not hasattr(_np, _name):
D:\Project\AI Engineer\ePillID-benchmark-master\src\image_augmentators.py:7: FutureWarning: In the future `np.object` will be defined as the corresponding NumPy scalar.
  if not hasattr(_np, _name):
D:\Project\AI Engineer\ePillID-benchmark-master\src\image_augmentators.py:7: FutureWarning: In the future `np.str` will be defined as the corresponding NumPy scalar.
  if not hasattr(_np, _name):
D:\Project\AI Engineer\ePillID-benchmark-master\src\image_augmentators.py:7: FutureWarning: In the future `np.bool` will be defined as the corresponding NumPy scalar.
  if not hasattr(_np, _name):
D:\Project\AI Engineer\ePillID-benchmark-master\src\image_augmentators.py:7: FutureWarning: In the future `np.object` will be defined as the corresponding NumPy scalar.
  if not hasattr(_np, _name):
D:\Project\AI Engineer\ePillID-benchmark-master\src\image_augmentators.py:7: FutureWarning: In the future `np.str` will be defined as the corresponding NumPy scalar.
  if not hasattr(_np, _name):
D:\Project\AI Engineer\ePillID-benchmark-master\src\image_augmentators.py:7: FutureWarning: In the future `np.bool` will be defined as the corresponding NumPy scalar.
  if not hasattr(_np, _name):
D:\Project\AI Engineer\ePillID-benchmark-master\src\image_augmentators.py:7: FutureWarning: In the future `np.object` will be defined as the corresponding NumPy scalar.
  if not hasattr(_np, _name):
D:\Project\AI Engineer\ePillID-benchmark-master\src\image_augmentators.py:7: FutureWarning: In the future `np.str` will be defined as the corresponding NumPy scalar.
  if not hasattr(_np, _name):
D:\Project\AI Engineer\ePillID-benchmark-master\src\image_augmentators.py:7: FutureWarning: In the future `np.bool` will be defined as the corresponding NumPy scalar.
  if not hasattr(_np, _name):
D:\Project\AI Engineer\ePillID-benchmark-master\src\image_augmentators.py:7: FutureWarning: In the future `np.object` will be defined as the corresponding NumPy scalar.
  if not hasattr(_np, _name):
D:\Project\AI Engineer\ePillID-benchmark-master\src\image_augmentators.py:7: FutureWarning: In the future `np.str` will be defined as the corresponding NumPy scalar.
  if not hasattr(_np, _name):
D:\Project\AI Engineer\ePillID-benchmark-master\src\image_augmentators.py:7: FutureWarning: In the future `np.bool` will be defined as the corresponding NumPy scalar.
  if not hasattr(_np, _name):
D:\Project\AI Engineer\ePillID-benchmark-master\src\image_augmentators.py:7: FutureWarning: In the future `np.object` will be defined as the corresponding NumPy scalar.
  if not hasattr(_np, _name):
D:\Project\AI Engineer\ePillID-benchmark-master\src\image_augmentators.py:7: FutureWarning: In the future `np.str` will be defined as the corresponding NumPy scalar.
  if not hasattr(_np, _name):
D:\Project\AI Engineer\ePillID-benchmark-master\src\image_augmentators.py:7: FutureWarning: In the future `np.bool` will be defined as the corresponding NumPy scalar.
  if not hasattr(_np, _name):
D:\Project\AI Engineer\ePillID-benchmark-master\src\image_augmentators.py:7: FutureWarning: In the future `np.object` will be defined as the corresponding NumPy scalar.
  if not hasattr(_np, _name):
D:\Project\AI Engineer\ePillID-benchmark-master\src\image_augmentators.py:7: FutureWarning: In the future `np.str` will be defined as the corresponding NumPy scalar.
  if not hasattr(_np, _name):
D:\Project\AI Engineer\ePillID-benchmark-master\src\image_augmentators.py:7: FutureWarning: In the future `np.bool` will be defined as the corresponding NumPy scalar.
  if not hasattr(_np, _name):
D:\Project\AI Engineer\ePillID-benchmark-master\src\image_augmentators.py:7: FutureWarning: In the future `np.object` will be defined as the corresponding NumPy scalar.
  if not hasattr(_np, _name):
D:\Project\AI Engineer\ePillID-benchmark-master\src\image_augmentators.py:7: FutureWarning: In the future `np.str` will be defined as the corresponding NumPy scalar.
  if not hasattr(_np, _name):
D:\Project\AI Engineer\ePillID-benchmark-master\src\image_augmentators.py:7: FutureWarning: In the future `np.bool` will be defined as the corresponding NumPy scalar.
  if not hasattr(_np, _name):
D:\Project\AI Engineer\ePillID-benchmark-master\src\image_augmentators.py:7: FutureWarning: In the future `np.object` will be defined as the corresponding NumPy scalar.
  if not hasattr(_np, _name):
D:\Project\AI Engineer\ePillID-benchmark-master\src\image_augmentators.py:7: FutureWarning: In the future `np.str` will be defined as the corresponding NumPy scalar.
  if not hasattr(_np, _name):
D:\Project\AI Engineer\ePillID-benchmark-master\src\image_augmentators.py:7: FutureWarning: In the future `np.bool` will be defined as the corresponding NumPy scalar.
  if not hasattr(_np, _name):
D:\Project\AI Engineer\ePillID-benchmark-master\src\image_augmentators.py:7: FutureWarning: In the future `np.object` will be defined as the corresponding NumPy scalar.
  if not hasattr(_np, _name):
D:\Project\AI Engineer\ePillID-benchmark-master\src\image_augmentators.py:7: FutureWarning: In the future `np.str` will be defined as the corresponding NumPy scalar.
  if not hasattr(_np, _name):
D:\Project\AI Engineer\ePillID-benchmark-master\src\image_augmentators.py:7: FutureWarning: In the future `np.bool` will be defined as the corresponding NumPy scalar.
  if not hasattr(_np, _name):
D:\Project\AI Engineer\ePillID-benchmark-master\src\image_augmentators.py:7: FutureWarning: In the future `np.object` will be defined as the corresponding NumPy scalar.
  if not hasattr(_np, _name):
D:\Project\AI Engineer\ePillID-benchmark-master\src\image_augmentators.py:7: FutureWarning: In the future `np.str` will be defined as the corresponding NumPy scalar.
  if not hasattr(_np, _name):
D:\Project\AI Engineer\ePillID-benchmark-master\src\image_augmentators.py:7: FutureWarning: In the future `np.bool` will be defined as the corresponding NumPy scalar.
  if not hasattr(_np, _name):
D:\Project\AI Engineer\ePillID-benchmark-master\src\image_augmentators.py:7: FutureWarning: In the future `np.object` will be defined as the corresponding NumPy scalar.
  if not hasattr(_np, _name):
D:\Project\AI Engineer\ePillID-benchmark-master\src\image_augmentators.py:7: FutureWarning: In the future `np.str` will be defined as the corresponding NumPy scalar.
  if not hasattr(_np, _name):
D:\Project\AI Engineer\ePillID-benchmark-master\src\image_augmentators.py:7: FutureWarning: In the future `np.bool` will be defined as the corresponding NumPy scalar.
  if not hasattr(_np, _name):
D:\Project\AI Engineer\ePillID-benchmark-master\src\image_augmentators.py:7: FutureWarning: In the future `np.object` will be defined as the corresponding NumPy scalar.
  if not hasattr(_np, _name):
D:\Project\AI Engineer\ePillID-benchmark-master\src\image_augmentators.py:7: FutureWarning: In the future `np.str` will be defined as the corresponding NumPy scalar.
  if not hasattr(_np, _name):
D:\Project\AI Engineer\ePillID-benchmark-master\src\image_augmentators.py:7: FutureWarning: In the future `np.bool` will be defined as the corresponding NumPy scalar.
  if not hasattr(_np, _name):
D:\Project\AI Engineer\ePillID-benchmark-master\src\image_augmentators.py:7: FutureWarning: In the future `np.object` will be defined as the corresponding NumPy scalar.
  if not hasattr(_np, _name):
D:\Project\AI Engineer\ePillID-benchmark-master\src\image_augmentators.py:7: FutureWarning: In the future `np.str` will be defined as the corresponding NumPy scalar.
  if not hasattr(_np, _name):
D:\Project\AI Engineer\ePillID-benchmark-master\src\image_augmentators.py:7: FutureWarning: In the future `np.bool` will be defined as the corresponding NumPy scalar.
  if not hasattr(_np, _name):
D:\Project\AI Engineer\ePillID-benchmark-master\src\image_augmentators.py:7: FutureWarning: In the future `np.object` will be defined as the corresponding NumPy scalar.
  if not hasattr(_np, _name):
D:\Project\AI Engineer\ePillID-benchmark-master\src\image_augmentators.py:7: FutureWarning: In the future `np.str` will be defined as the corresponding NumPy scalar.
  if not hasattr(_np, _name):
D:\Project\AI Engineer\ePillID-benchmark-master\src\image_augmentators.py:7: FutureWarning: In the future `np.bool` will be defined as the corresponding NumPy scalar.
  if not hasattr(_np, _name):
D:\Project\AI Engineer\ePillID-benchmark-master\src\image_augmentators.py:7: FutureWarning: In the future `np.object` will be defined as the corresponding NumPy scalar.
  if not hasattr(_np, _name):
D:\Project\AI Engineer\ePillID-benchmark-master\src\image_augmentators.py:7: FutureWarning: In the future `np.str` will be defined as the corresponding NumPy scalar.
  if not hasattr(_np, _name):
D:\Project\AI Engineer\ePillID-benchmark-master\src\image_augmentators.py:7: FutureWarning: In the future `np.bool` will be defined as the corresponding NumPy scalar.
  if not hasattr(_np, _name):
D:\Project\AI Engineer\ePillID-benchmark-master\src\image_augmentators.py:7: FutureWarning: In the future `np.object` will be defined as the corresponding NumPy scalar.
  if not hasattr(_np, _name):
D:\Project\AI Engineer\ePillID-benchmark-master\src\image_augmentators.py:7: FutureWarning: In the future `np.str` will be defined as the corresponding NumPy scalar.
  if not hasattr(_np, _name):
D:\Project\AI Engineer\ePillID-benchmark-master\src\image_augmentators.py:7: FutureWarning: In the future `np.bool` will be defined as the corresponding NumPy scalar.
  if not hasattr(_np, _name):
D:\Project\AI Engineer\ePillID-benchmark-master\src\image_augmentators.py:7: FutureWarning: In the future `np.object` will be defined as the corresponding NumPy scalar.
  if not hasattr(_np, _name):
D:\Project\AI Engineer\ePillID-benchmark-master\src\image_augmentators.py:7: FutureWarning: In the future `np.str` will be defined as the corresponding NumPy scalar.
  if not hasattr(_np, _name):
D:\Project\AI Engineer\ePillID-benchmark-master\src\image_augmentators.py:7: FutureWarning: In the future `np.bool` will be defined as the corresponding NumPy scalar.
  if not hasattr(_np, _name):
D:\Project\AI Engineer\ePillID-benchmark-master\src\image_augmentators.py:7: FutureWarning: In the future `np.object` will be defined as the corresponding NumPy scalar.
  if not hasattr(_np, _name):
D:\Project\AI Engineer\ePillID-benchmark-master\src\image_augmentators.py:7: FutureWarning: In the future `np.str` will be defined as the corresponding NumPy scalar.
  if not hasattr(_np, _name):
D:\Project\AI Engineer\ePillID-benchmark-master\src\image_augmentators.py:7: FutureWarning: In the future `np.bool` will be defined as the corresponding NumPy scalar.
  if not hasattr(_np, _name):
D:\Project\AI Engineer\ePillID-benchmark-master\src\image_augmentators.py:7: FutureWarning: In the future `np.object` will be defined as the corresponding NumPy scalar.
  if not hasattr(_np, _name):
D:\Project\AI Engineer\ePillID-benchmark-master\src\image_augmentators.py:7: FutureWarning: In the future `np.str` will be defined as the corresponding NumPy scalar.
  if not hasattr(_np, _name):
D:\Project\AI Engineer\ePillID-benchmark-master\src\image_augmentators.py:7: FutureWarning: In the future `np.bool` will be defined as the corresponding NumPy scalar.
  if not hasattr(_np, _name):
D:\Project\AI Engineer\ePillID-benchmark-master\src\image_augmentators.py:7: FutureWarning: In the future `np.object` will be defined as the corresponding NumPy scalar.
  if not hasattr(_np, _name):
D:\Project\AI Engineer\ePillID-benchmark-master\src\image_augmentators.py:7: FutureWarning: In the future `np.str` will be defined as the corresponding NumPy scalar.
  if not hasattr(_np, _name):
D:\Project\AI Engineer\ePillID-benchmark-master\src\image_augmentators.py:7: FutureWarning: In the future `np.bool` will be defined as the corresponding NumPy scalar.
  if not hasattr(_np, _name):
D:\Project\AI Engineer\ePillID-benchmark-master\src\image_augmentators.py:7: FutureWarning: In the future `np.object` will be defined as the corresponding NumPy scalar.
  if not hasattr(_np, _name):
D:\Project\AI Engineer\ePillID-benchmark-master\src\image_augmentators.py:7: FutureWarning: In the future `np.str` will be defined as the corresponding NumPy scalar.
  if not hasattr(_np, _name):
D:\Project\AI Engineer\ePillID-benchmark-master\src\image_augmentators.py:7: FutureWarning: In the future `np.bool` will be defined as the corresponding NumPy scalar.
  if not hasattr(_np, _name):
D:\Project\AI Engineer\ePillID-benchmark-master\src\image_augmentators.py:7: FutureWarning: In the future `np.object` will be defined as the corresponding NumPy scalar.
  if not hasattr(_np, _name):
D:\Project\AI Engineer\ePillID-benchmark-master\src\image_augmentators.py:7: FutureWarning: In the future `np.str` will be defined as the corresponding NumPy scalar.
  if not hasattr(_np, _name):
D:\Project\AI Engineer\ePillID-benchmark-master\src\image_augmentators.py:7: FutureWarning: In the future `np.bool` will be defined as the corresponding NumPy scalar.
  if not hasattr(_np, _name):
D:\Project\AI Engineer\ePillID-benchmark-master\src\image_augmentators.py:7: FutureWarning: In the future `np.object` will be defined as the corresponding NumPy scalar.
  if not hasattr(_np, _name):
D:\Project\AI Engineer\ePillID-benchmark-master\src\image_augmentators.py:7: FutureWarning: In the future `np.str` will be defined as the corresponding NumPy scalar.
  if not hasattr(_np, _name):
D:\Project\AI Engineer\ePillID-benchmark-master\src\image_augmentators.py:7: FutureWarning: In the future `np.bool` will be defined as the corresponding NumPy scalar.
  if not hasattr(_np, _name):
D:\Project\AI Engineer\ePillID-benchmark-master\src\image_augmentators.py:7: FutureWarning: In the future `np.object` will be defined as the corresponding NumPy scalar.
  if not hasattr(_np, _name):
D:\Project\AI Engineer\ePillID-benchmark-master\src\image_augmentators.py:7: FutureWarning: In the future `np.str` will be defined as the corresponding NumPy scalar.
  if not hasattr(_np, _name):
D:\Project\AI Engineer\ePillID-benchmark-master\src\image_augmentators.py:7: FutureWarning: In the future `np.bool` will be defined as the corresponding NumPy scalar.
  if not hasattr(_np, _name):
D:\Project\AI Engineer\ePillID-benchmark-master\src\image_augmentators.py:7: FutureWarning: In the future `np.object` will be defined as the corresponding NumPy scalar.
  if not hasattr(_np, _name):
D:\Project\AI Engineer\ePillID-benchmark-master\src\image_augmentators.py:7: FutureWarning: In the future `np.str` will be defined as the corresponding NumPy scalar.
  if not hasattr(_np, _name):
D:\Project\AI Engineer\ePillID-benchmark-master\src\image_augmentators.py:7: FutureWarning: In the future `np.bool` will be defined as the corresponding NumPy scalar.
  if not hasattr(_np, _name):
D:\Project\AI Engineer\ePillID-benchmark-master\src\image_augmentators.py:7: FutureWarning: In the future `np.object` will be defined as the corresponding NumPy scalar.
  if not hasattr(_np, _name):
D:\Project\AI Engineer\ePillID-benchmark-master\src\image_augmentators.py:7: FutureWarning: In the future `np.str` will be defined as the corresponding NumPy scalar.
  if not hasattr(_np, _name):
D:\Project\AI Engineer\ePillID-benchmark-master\src\image_augmentators.py:7: FutureWarning: In the future `np.bool` will be defined as the corresponding NumPy scalar.
  if not hasattr(_np, _name):
D:\Project\AI Engineer\ePillID-benchmark-master\src\image_augmentators.py:7: FutureWarning: In the future `np.object` will be defined as the corresponding NumPy scalar.
  if not hasattr(_np, _name):
D:\Project\AI Engineer\ePillID-benchmark-master\src\image_augmentators.py:7: FutureWarning: In the future `np.str` will be defined as the corresponding NumPy scalar.
  if not hasattr(_np, _name):
D:\Project\AI Engineer\ePillID-benchmark-master\src\image_augmentators.py:7: FutureWarning: In the future `np.bool` will be defined as the corresponding NumPy scalar.
  if not hasattr(_np, _name):
D:\Project\AI Engineer\ePillID-benchmark-master\src\image_augmentators.py:7: FutureWarning: In the future `np.object` will be defined as the corresponding NumPy scalar.
  if not hasattr(_np, _name):
D:\Project\AI Engineer\ePillID-benchmark-master\src\image_augmentators.py:7: FutureWarning: In the future `np.str` will be defined as the corresponding NumPy scalar.
  if not hasattr(_np, _name):
D:\Project\AI Engineer\ePillID-benchmark-master\src\image_augmentators.py:7: FutureWarning: In the future `np.bool` will be defined as the corresponding NumPy scalar.
  if not hasattr(_np, _name):
D:\Project\AI Engineer\ePillID-benchmark-master\src\image_augmentators.py:7: FutureWarning: In the future `np.object` will be defined as the corresponding NumPy scalar.
  if not hasattr(_np, _name):
D:\Project\AI Engineer\ePillID-benchmark-master\src\image_augmentators.py:7: FutureWarning: In the future `np.str` will be defined as the corresponding NumPy scalar.
  if not hasattr(_np, _name):
D:\Project\AI Engineer\ePillID-benchmark-master\src\image_augmentators.py:7: FutureWarning: In the future `np.bool` will be defined as the corresponding NumPy scalar.
  if not hasattr(_np, _name):
D:\Project\AI Engineer\ePillID-benchmark-master\src\image_augmentators.py:7: FutureWarning: In the future `np.object` will be defined as the corresponding NumPy scalar.
  if not hasattr(_np, _name):
D:\Project\AI Engineer\ePillID-benchmark-master\src\image_augmentators.py:7: FutureWarning: In the future `np.str` will be defined as the corresponding NumPy scalar.
  if not hasattr(_np, _name):
D:\Project\AI Engineer\ePillID-benchmark-master\src\image_augmentators.py:7: FutureWarning: In the future `np.bool` will be defined as the corresponding NumPy scalar.
  if not hasattr(_np, _name):
D:\Project\AI Engineer\ePillID-benchmark-master\src\image_augmentators.py:7: FutureWarning: In the future `np.object` will be defined as the corresponding NumPy scalar.
  if not hasattr(_np, _name):
D:\Project\AI Engineer\ePillID-benchmark-master\src\image_augmentators.py:7: FutureWarning: In the future `np.str` will be defined as the corresponding NumPy scalar.
  if not hasattr(_np, _name):
D:\Project\AI Engineer\ePillID-benchmark-master\src\image_augmentators.py:7: FutureWarning: In the future `np.bool` will be defined as the corresponding NumPy scalar.
  if not hasattr(_np, _name):
D:\Project\AI Engineer\ePillID-benchmark-master\src\image_augmentators.py:7: FutureWarning: In the future `np.object` will be defined as the corresponding NumPy scalar.
  if not hasattr(_np, _name):
D:\Project\AI Engineer\ePillID-benchmark-master\src\image_augmentators.py:7: FutureWarning: In the future `np.str` will be defined as the corresponding NumPy scalar.
  if not hasattr(_np, _name):
D:\Project\AI Engineer\ePillID-benchmark-master\src\image_augmentators.py:7: FutureWarning: In the future `np.bool` will be defined as the corresponding NumPy scalar.
  if not hasattr(_np, _name):
D:\Project\AI Engineer\ePillID-benchmark-master\src\image_augmentators.py:7: FutureWarning: In the future `np.object` will be defined as the corresponding NumPy scalar.
  if not hasattr(_np, _name):
D:\Project\AI Engineer\ePillID-benchmark-master\src\image_augmentators.py:7: FutureWarning: In the future `np.str` will be defined as the corresponding NumPy scalar.
  if not hasattr(_np, _name):
D:\Project\AI Engineer\ePillID-benchmark-master\src\image_augmentators.py:7: FutureWarning: In the future `np.bool` will be defined as the corresponding NumPy scalar.
  if not hasattr(_np, _name):
D:\Project\AI Engineer\ePillID-benchmark-master\src\image_augmentators.py:7: FutureWarning: In the future `np.object` will be defined as the corresponding NumPy scalar.
  if not hasattr(_np, _name):
D:\Project\AI Engineer\ePillID-benchmark-master\src\image_augmentators.py:7: FutureWarning: In the future `np.str` will be defined as the corresponding NumPy scalar.
  if not hasattr(_np, _name):
D:\Project\AI Engineer\ePillID-benchmark-master\src\image_augmentators.py:7: FutureWarning: In the future `np.bool` will be defined as the corresponding NumPy scalar.
  if not hasattr(_np, _name):
D:\Project\AI Engineer\ePillID-benchmark-master\src\image_augmentators.py:7: FutureWarning: In the future `np.object` will be defined as the corresponding NumPy scalar.
  if not hasattr(_np, _name):
D:\Project\AI Engineer\ePillID-benchmark-master\src\image_augmentators.py:7: FutureWarning: In the future `np.str` will be defined as the corresponding NumPy scalar.
  if not hasattr(_np, _name):
D:\Project\AI Engineer\ePillID-benchmark-master\src\image_augmentators.py:7: FutureWarning: In the future `np.bool` will be defined as the corresponding NumPy scalar.
  if not hasattr(_np, _name):
D:\Project\AI Engineer\ePillID-benchmark-master\src\image_augmentators.py:7: FutureWarning: In the future `np.object` will be defined as the corresponding NumPy scalar.
  if not hasattr(_np, _name):
D:\Project\AI Engineer\ePillID-benchmark-master\src\image_augmentators.py:7: FutureWarning: In the future `np.str` will be defined as the corresponding NumPy scalar.
  if not hasattr(_np, _name):
D:\Project\AI Engineer\ePillID-benchmark-master\src\image_augmentators.py:7: FutureWarning: In the future `np.bool` will be defined as the corresponding NumPy scalar.
  if not hasattr(_np, _name):
D:\Project\AI Engineer\ePillID-benchmark-master\src\image_augmentators.py:7: FutureWarning: In the future `np.object` will be defined as the corresponding NumPy scalar.
  if not hasattr(_np, _name):
D:\Project\AI Engineer\ePillID-benchmark-master\src\image_augmentators.py:7: FutureWarning: In the future `np.str` will be defined as the corresponding NumPy scalar.
  if not hasattr(_np, _name):
D:\Project\AI Engineer\ePillID-benchmark-master\src\image_augmentators.py:7: FutureWarning: In the future `np.bool` will be defined as the corresponding NumPy scalar.
  if not hasattr(_np, _name):
D:\Project\AI Engineer\ePillID-benchmark-master\src\image_augmentators.py:7: FutureWarning: In the future `np.object` will be defined as the corresponding NumPy scalar.
  if not hasattr(_np, _name):
D:\Project\AI Engineer\ePillID-benchmark-master\src\image_augmentators.py:7: FutureWarning: In the future `np.str` will be defined as the corresponding NumPy scalar.
  if not hasattr(_np, _name):
D:\Project\AI Engineer\ePillID-benchmark-master\src\image_augmentators.py:7: FutureWarning: In the future `np.bool` will be defined as the corresponding NumPy scalar.
  if not hasattr(_np, _name):
D:\Project\AI Engineer\ePillID-benchmark-master\src\image_augmentators.py:7: FutureWarning: In the future `np.object` will be defined as the corresponding NumPy scalar.
  if not hasattr(_np, _name):
D:\Project\AI Engineer\ePillID-benchmark-master\src\image_augmentators.py:7: FutureWarning: In the future `np.str` will be defined as the corresponding NumPy scalar.
  if not hasattr(_np, _name):
D:\Project\AI Engineer\ePillID-benchmark-master\src\image_augmentators.py:7: FutureWarning: In the future `np.bool` will be defined as the corresponding NumPy scalar.
  if not hasattr(_np, _name):
D:\Project\AI Engineer\ePillID-benchmark-master\src\image_augmentators.py:7: FutureWarning: In the future `np.object` will be defined as the corresponding NumPy scalar.
  if not hasattr(_np, _name):
D:\Project\AI Engineer\ePillID-benchmark-master\src\image_augmentators.py:7: FutureWarning: In the future `np.str` will be defined as the corresponding NumPy scalar.
  if not hasattr(_np, _name):
D:\Project\AI Engineer\ePillID-benchmark-master\src\image_augmentators.py:7: FutureWarning: In the future `np.bool` will be defined as the corresponding NumPy scalar.
  if not hasattr(_np, _name):
D:\Project\AI Engineer\ePillID-benchmark-master\src\image_augmentators.py:7: FutureWarning: In the future `np.object` will be defined as the corresponding NumPy scalar.
  if not hasattr(_np, _name):
D:\Project\AI Engineer\ePillID-benchmark-master\src\image_augmentators.py:7: FutureWarning: In the future `np.str` will be defined as the corresponding NumPy scalar.
  if not hasattr(_np, _name):
D:\Project\AI Engineer\ePillID-benchmark-master\src\image_augmentators.py:7: FutureWarning: In the future `np.bool` will be defined as the corresponding NumPy scalar.
  if not hasattr(_np, _name):
D:\Project\AI Engineer\ePillID-benchmark-master\src\image_augmentators.py:7: FutureWarning: In the future `np.object` will be defined as the corresponding NumPy scalar.
  if not hasattr(_np, _name):
D:\Project\AI Engineer\ePillID-benchmark-master\src\image_augmentators.py:7: FutureWarning: In the future `np.str` will be defined as the corresponding NumPy scalar.
  if not hasattr(_np, _name):
D:\Project\AI Engineer\ePillID-benchmark-master\src\image_augmentators.py:7: FutureWarning: In the future `np.bool` will be defined as the corresponding NumPy scalar.
  if not hasattr(_np, _name):
D:\Project\AI Engineer\ePillID-benchmark-master\src\image_augmentators.py:7: FutureWarning: In the future `np.object` will be defined as the corresponding NumPy scalar.
  if not hasattr(_np, _name):
D:\Project\AI Engineer\ePillID-benchmark-master\src\image_augmentators.py:7: FutureWarning: In the future `np.str` will be defined as the corresponding NumPy scalar.
  if not hasattr(_np, _name):
D:\Project\AI Engineer\ePillID-benchmark-master\src\image_augmentators.py:7: FutureWarning: In the future `np.bool` will be defined as the corresponding NumPy scalar.
  if not hasattr(_np, _name):
D:\Project\AI Engineer\ePillID-benchmark-master\src\image_augmentators.py:7: FutureWarning: In the future `np.object` will be defined as the corresponding NumPy scalar.
  if not hasattr(_np, _name):
D:\Project\AI Engineer\ePillID-benchmark-master\src\image_augmentators.py:7: FutureWarning: In the future `np.str` will be defined as the corresponding NumPy scalar.
  if not hasattr(_np, _name):
D:\Project\AI Engineer\ePillID-benchmark-master\src\image_augmentators.py:7: FutureWarning: In the future `np.bool` will be defined as the corresponding NumPy scalar.
  if not hasattr(_np, _name):
D:\Project\AI Engineer\ePillID-benchmark-master\src\image_augmentators.py:7: FutureWarning: In the future `np.object` will be defined as the corresponding NumPy scalar.
  if not hasattr(_np, _name):
D:\Project\AI Engineer\ePillID-benchmark-master\src\image_augmentators.py:7: FutureWarning: In the future `np.str` will be defined as the corresponding NumPy scalar.
  if not hasattr(_np, _name):
D:\Project\AI Engineer\ePillID-benchmark-master\src\image_augmentators.py:7: FutureWarning: In the future `np.bool` will be defined as the corresponding NumPy scalar.
  if not hasattr(_np, _name):
D:\Project\AI Engineer\ePillID-benchmark-master\src\image_augmentators.py:7: FutureWarning: In the future `np.object` will be defined as the corresponding NumPy scalar.
  if not hasattr(_np, _name):
D:\Project\AI Engineer\ePillID-benchmark-master\src\image_augmentators.py:7: FutureWarning: In the future `np.str` will be defined as the corresponding NumPy scalar.
  if not hasattr(_np, _name):
D:\Project\AI Engineer\ePillID-benchmark-master\src\image_augmentators.py:7: FutureWarning: In the future `np.bool` will be defined as the corresponding NumPy scalar.
  if not hasattr(_np, _name):
D:\Project\AI Engineer\ePillID-benchmark-master\src\image_augmentators.py:7: FutureWarning: In the future `np.object` will be defined as the corresponding NumPy scalar.
  if not hasattr(_np, _name):
D:\Project\AI Engineer\ePillID-benchmark-master\src\image_augmentators.py:7: FutureWarning: In the future `np.str` will be defined as the corresponding NumPy scalar.
  if not hasattr(_np, _name):
D:\Project\AI Engineer\ePillID-benchmark-master\src\image_augmentators.py:7: FutureWarning: In the future `np.bool` will be defined as the corresponding NumPy scalar.
  if not hasattr(_np, _name):
D:\Project\AI Engineer\ePillID-benchmark-master\src\image_augmentators.py:7: FutureWarning: In the future `np.object` will be defined as the corresponding NumPy scalar.
  if not hasattr(_np, _name):
D:\Project\AI Engineer\ePillID-benchmark-master\src\image_augmentators.py:7: FutureWarning: In the future `np.str` will be defined as the corresponding NumPy scalar.
  if not hasattr(_np, _name):
D:\Project\AI Engineer\ePillID-benchmark-master\src\image_augmentators.py:7: FutureWarning: In the future `np.bool` will be defined as the corresponding NumPy scalar.
  if not hasattr(_np, _name):
D:\Project\AI Engineer\ePillID-benchmark-master\src\image_augmentators.py:7: FutureWarning: In the future `np.object` will be defined as the corresponding NumPy scalar.
  if not hasattr(_np, _name):
D:\Project\AI Engineer\ePillID-benchmark-master\src\image_augmentators.py:7: FutureWarning: In the future `np.str` will be defined as the corresponding NumPy scalar.
  if not hasattr(_np, _name):
D:\Project\AI Engineer\ePillID-benchmark-master\src\image_augmentators.py:7: FutureWarning: In the future `np.bool` will be defined as the corresponding NumPy scalar.
  if not hasattr(_np, _name):
D:\Project\AI Engineer\ePillID-benchmark-master\src\image_augmentators.py:7: FutureWarning: In the future `np.object` will be defined as the corresponding NumPy scalar.
  if not hasattr(_np, _name):
D:\Project\AI Engineer\ePillID-benchmark-master\src\image_augmentators.py:7: FutureWarning: In the future `np.str` will be defined as the corresponding NumPy scalar.
  if not hasattr(_np, _name):
D:\Project\AI Engineer\ePillID-benchmark-master\src\image_augmentators.py:7: FutureWarning: In the future `np.bool` will be defined as the corresponding NumPy scalar.
  if not hasattr(_np, _name):
D:\Project\AI Engineer\ePillID-benchmark-master\src\image_augmentators.py:7: FutureWarning: In the future `np.object` will be defined as the corresponding NumPy scalar.
  if not hasattr(_np, _name):
D:\Project\AI Engineer\ePillID-benchmark-master\src\image_augmentators.py:7: FutureWarning: In the future `np.str` will be defined as the corresponding NumPy scalar.
  if not hasattr(_np, _name):
D:\Project\AI Engineer\ePillID-benchmark-master\src\image_augmentators.py:7: FutureWarning: In the future `np.bool` will be defined as the corresponding NumPy scalar.
  if not hasattr(_np, _name):
D:\Project\AI Engineer\ePillID-benchmark-master\src\image_augmentators.py:7: FutureWarning: In the future `np.object` will be defined as the corresponding NumPy scalar.
  if not hasattr(_np, _name):
D:\Project\AI Engineer\ePillID-benchmark-master\src\image_augmentators.py:7: FutureWarning: In the future `np.str` will be defined as the corresponding NumPy scalar.
  if not hasattr(_np, _name):
D:\Project\AI Engineer\ePillID-benchmark-master\src\image_augmentators.py:7: FutureWarning: In the future `np.bool` will be defined as the corresponding NumPy scalar.
  if not hasattr(_np, _name):
D:\Project\AI Engineer\ePillID-benchmark-master\src\image_augmentators.py:7: FutureWarning: In the future `np.object` will be defined as the corresponding NumPy scalar.
  if not hasattr(_np, _name):
D:\Project\AI Engineer\ePillID-benchmark-master\src\image_augmentators.py:7: FutureWarning: In the future `np.str` will be defined as the corresponding NumPy scalar.
  if not hasattr(_np, _name):
D:\Project\AI Engineer\ePillID-benchmark-master\src\image_augmentators.py:7: FutureWarning: In the future `np.bool` will be defined as the corresponding NumPy scalar.
  if not hasattr(_np, _name):
D:\Project\AI Engineer\ePillID-benchmark-master\src\image_augmentators.py:7: FutureWarning: In the future `np.object` will be defined as the corresponding NumPy scalar.
  if not hasattr(_np, _name):
D:\Project\AI Engineer\ePillID-benchmark-master\src\image_augmentators.py:7: FutureWarning: In the future `np.str` will be defined as the corresponding NumPy scalar.
  if not hasattr(_np, _name):
D:\Project\AI Engineer\ePillID-benchmark-master\src\image_augmentators.py:7: FutureWarning: In the future `np.bool` will be defined as the corresponding NumPy scalar.
  if not hasattr(_np, _name):
D:\Project\AI Engineer\ePillID-benchmark-master\src\image_augmentators.py:7: FutureWarning: In the future `np.object` will be defined as the corresponding NumPy scalar.
  if not hasattr(_np, _name):
D:\Project\AI Engineer\ePillID-benchmark-master\src\image_augmentators.py:7: FutureWarning: In the future `np.str` will be defined as the corresponding NumPy scalar.
  if not hasattr(_np, _name):
D:\Project\AI Engineer\ePillID-benchmark-master\src\image_augmentators.py:7: FutureWarning: In the future `np.bool` will be defined as the corresponding NumPy scalar.
  if not hasattr(_np, _name):
D:\Project\AI Engineer\ePillID-benchmark-master\src\image_augmentators.py:7: FutureWarning: In the future `np.object` will be defined as the corresponding NumPy scalar.
  if not hasattr(_np, _name):
D:\Project\AI Engineer\ePillID-benchmark-master\src\image_augmentators.py:7: FutureWarning: In the future `np.str` will be defined as the corresponding NumPy scalar.
  if not hasattr(_np, _name):
D:\Project\AI Engineer\ePillID-benchmark-master\src\image_augmentators.py:7: FutureWarning: In the future `np.bool` will be defined as the corresponding NumPy scalar.
  if not hasattr(_np, _name):
D:\Project\AI Engineer\ePillID-benchmark-master\src\image_augmentators.py:7: FutureWarning: In the future `np.object` will be defined as the corresponding NumPy scalar.
  if not hasattr(_np, _name):
D:\Project\AI Engineer\ePillID-benchmark-master\src\image_augmentators.py:7: FutureWarning: In the future `np.str` will be defined as the corresponding NumPy scalar.
  if not hasattr(_np, _name):
D:\Project\AI Engineer\ePillID-benchmark-master\src\image_augmentators.py:7: FutureWarning: In the future `np.bool` will be defined as the corresponding NumPy scalar.
  if not hasattr(_np, _name):
D:\Project\AI Engineer\ePillID-benchmark-master\src\image_augmentators.py:7: FutureWarning: In the future `np.object` will be defined as the corresponding NumPy scalar.
  if not hasattr(_np, _name):
D:\Project\AI Engineer\ePillID-benchmark-master\src\image_augmentators.py:7: FutureWarning: In the future `np.str` will be defined as the corresponding NumPy scalar.
  if not hasattr(_np, _name):
D:\Project\AI Engineer\ePillID-benchmark-master\src\image_augmentators.py:7: FutureWarning: In the future `np.bool` will be defined as the corresponding NumPy scalar.
  if not hasattr(_np, _name):
D:\Project\AI Engineer\ePillID-benchmark-master\src\image_augmentators.py:7: FutureWarning: In the future `np.object` will be defined as the corresponding NumPy scalar.
  if not hasattr(_np, _name):
D:\Project\AI Engineer\ePillID-benchmark-master\src\image_augmentators.py:7: FutureWarning: In the future `np.str` will be defined as the corresponding NumPy scalar.
  if not hasattr(_np, _name):
D:\Project\AI Engineer\ePillID-benchmark-master\src\image_augmentators.py:7: FutureWarning: In the future `np.bool` will be defined as the corresponding NumPy scalar.
  if not hasattr(_np, _name):
D:\Project\AI Engineer\ePillID-benchmark-master\src\image_augmentators.py:7: FutureWarning: In the future `np.object` will be defined as the corresponding NumPy scalar.
  if not hasattr(_np, _name):
D:\Project\AI Engineer\ePillID-benchmark-master\src\image_augmentators.py:7: FutureWarning: In the future `np.str` will be defined as the corresponding NumPy scalar.
  if not hasattr(_np, _name):
D:\Project\AI Engineer\ePillID-benchmark-master\src\image_augmentators.py:7: FutureWarning: In the future `np.bool` will be defined as the corresponding NumPy scalar.
  if not hasattr(_np, _name):
D:\Project\AI Engineer\ePillID-benchmark-master\src\image_augmentators.py:7: FutureWarning: In the future `np.object` will be defined as the corresponding NumPy scalar.
  if not hasattr(_np, _name):
D:\Project\AI Engineer\ePillID-benchmark-master\src\image_augmentators.py:7: FutureWarning: In the future `np.str` will be defined as the corresponding NumPy scalar.
  if not hasattr(_np, _name):
D:\Project\AI Engineer\ePillID-benchmark-master\src\image_augmentators.py:7: FutureWarning: In the future `np.bool` will be defined as the corresponding NumPy scalar.
  if not hasattr(_np, _name):
D:\Project\AI Engineer\ePillID-benchmark-master\src\image_augmentators.py:7: FutureWarning: In the future `np.object` will be defined as the corresponding NumPy scalar.
  if not hasattr(_np, _name):
D:\Project\AI Engineer\ePillID-benchmark-master\src\image_augmentators.py:7: FutureWarning: In the future `np.str` will be defined as the corresponding NumPy scalar.
  if not hasattr(_np, _name):
D:\Project\AI Engineer\ePillID-benchmark-master\src\image_augmentators.py:7: FutureWarning: In the future `np.bool` will be defined as the corresponding NumPy scalar.
  if not hasattr(_np, _name):
D:\Project\AI Engineer\ePillID-benchmark-master\src\image_augmentators.py:7: FutureWarning: In the future `np.object` will be defined as the corresponding NumPy scalar.
  if not hasattr(_np, _name):
D:\Project\AI Engineer\ePillID-benchmark-master\src\image_augmentators.py:7: FutureWarning: In the future `np.str` will be defined as the corresponding NumPy scalar.
  if not hasattr(_np, _name):
D:\Project\AI Engineer\ePillID-benchmark-master\src\image_augmentators.py:7: FutureWarning: In the future `np.bool` will be defined as the corresponding NumPy scalar.
  if not hasattr(_np, _name):
D:\Project\AI Engineer\ePillID-benchmark-master\src\image_augmentators.py:7: FutureWarning: In the future `np.object` will be defined as the corresponding NumPy scalar.
  if not hasattr(_np, _name):
D:\Project\AI Engineer\ePillID-benchmark-master\src\image_augmentators.py:7: FutureWarning: In the future `np.str` will be defined as the corresponding NumPy scalar.
  if not hasattr(_np, _name):
D:\Project\AI Engineer\ePillID-benchmark-master\src\image_augmentators.py:7: FutureWarning: In the future `np.bool` will be defined as the corresponding NumPy scalar.
  if not hasattr(_np, _name):
D:\Project\AI Engineer\ePillID-benchmark-master\src\image_augmentators.py:7: FutureWarning: In the future `np.object` will be defined as the corresponding NumPy scalar.
  if not hasattr(_np, _name):
D:\Project\AI Engineer\ePillID-benchmark-master\src\image_augmentators.py:7: FutureWarning: In the future `np.str` will be defined as the corresponding NumPy scalar.
  if not hasattr(_np, _name):
D:\Project\AI Engineer\ePillID-benchmark-master\src\image_augmentators.py:7: FutureWarning: In the future `np.bool` will be defined as the corresponding NumPy scalar.
  if not hasattr(_np, _name):
D:\Project\AI Engineer\ePillID-benchmark-master\src\image_augmentators.py:7: FutureWarning: In the future `np.object` will be defined as the corresponding NumPy scalar.
  if not hasattr(_np, _name):
D:\Project\AI Engineer\ePillID-benchmark-master\src\image_augmentators.py:7: FutureWarning: In the future `np.str` will be defined as the corresponding NumPy scalar.
  if not hasattr(_np, _name):
D:\Project\AI Engineer\ePillID-benchmark-master\src\image_augmentators.py:7: FutureWarning: In the future `np.bool` will be defined as the corresponding NumPy scalar.
  if not hasattr(_np, _name):
D:\Project\AI Engineer\ePillID-benchmark-master\src\image_augmentators.py:7: FutureWarning: In the future `np.object` will be defined as the corresponding NumPy scalar.
  if not hasattr(_np, _name):
D:\Project\AI Engineer\ePillID-benchmark-master\src\image_augmentators.py:7: FutureWarning: In the future `np.str` will be defined as the corresponding NumPy scalar.
  if not hasattr(_np, _name):
D:\Project\AI Engineer\ePillID-benchmark-master\src\image_augmentators.py:7: FutureWarning: In the future `np.bool` will be defined as the corresponding NumPy scalar.
  if not hasattr(_np, _name):
D:\Project\AI Engineer\ePillID-benchmark-master\src\image_augmentators.py:7: FutureWarning: In the future `np.object` will be defined as the corresponding NumPy scalar.
  if not hasattr(_np, _name):
D:\Project\AI Engineer\ePillID-benchmark-master\src\image_augmentators.py:7: FutureWarning: In the future `np.str` will be defined as the corresponding NumPy scalar.
  if not hasattr(_np, _name):
D:\Project\AI Engineer\ePillID-benchmark-master\src\image_augmentators.py:7: FutureWarning: In the future `np.bool` will be defined as the corresponding NumPy scalar.
  if not hasattr(_np, _name):
D:\Project\AI Engineer\ePillID-benchmark-master\src\image_augmentators.py:7: FutureWarning: In the future `np.object` will be defined as the corresponding NumPy scalar.
  if not hasattr(_np, _name):
D:\Project\AI Engineer\ePillID-benchmark-master\src\image_augmentators.py:7: FutureWarning: In the future `np.str` will be defined as the corresponding NumPy scalar.
  if not hasattr(_np, _name):
D:\Project\AI Engineer\ePillID-benchmark-master\src\image_augmentators.py:7: FutureWarning: In the future `np.bool` will be defined as the corresponding NumPy scalar.
  if not hasattr(_np, _name):
D:\Project\AI Engineer\ePillID-benchmark-master\src\image_augmentators.py:7: FutureWarning: In the future `np.object` will be defined as the corresponding NumPy scalar.
  if not hasattr(_np, _name):
D:\Project\AI Engineer\ePillID-benchmark-master\src\image_augmentators.py:7: FutureWarning: In the future `np.str` will be defined as the corresponding NumPy scalar.
  if not hasattr(_np, _name):
D:\Project\AI Engineer\ePillID-benchmark-master\src\image_augmentators.py:7: FutureWarning: In the future `np.bool` will be defined as the corresponding NumPy scalar.
  if not hasattr(_np, _name):
D:\Project\AI Engineer\ePillID-benchmark-master\src\image_augmentators.py:7: FutureWarning: In the future `np.object` will be defined as the corresponding NumPy scalar.
  if not hasattr(_np, _name):
D:\Project\AI Engineer\ePillID-benchmark-master\src\image_augmentators.py:7: FutureWarning: In the future `np.str` will be defined as the corresponding NumPy scalar.
  if not hasattr(_np, _name):
D:\Project\AI Engineer\ePillID-benchmark-master\src\image_augmentators.py:7: FutureWarning: In the future `np.bool` will be defined as the corresponding NumPy scalar.
  if not hasattr(_np, _name):
D:\Project\AI Engineer\ePillID-benchmark-master\src\image_augmentators.py:7: FutureWarning: In the future `np.object` will be defined as the corresponding NumPy scalar.
  if not hasattr(_np, _name):
D:\Project\AI Engineer\ePillID-benchmark-master\src\image_augmentators.py:7: FutureWarning: In the future `np.str` will be defined as the corresponding NumPy scalar.
  if not hasattr(_np, _name):
D:\Project\AI Engineer\ePillID-benchmark-master\src\image_augmentators.py:7: FutureWarning: In the future `np.bool` will be defined as the corresponding NumPy scalar.
  if not hasattr(_np, _name):
D:\Project\AI Engineer\ePillID-benchmark-master\src\image_augmentators.py:7: FutureWarning: In the future `np.object` will be defined as the corresponding NumPy scalar.
  if not hasattr(_np, _name):
D:\Project\AI Engineer\ePillID-benchmark-master\src\image_augmentators.py:7: FutureWarning: In the future `np.str` will be defined as the corresponding NumPy scalar.
  if not hasattr(_np, _name):
D:\Project\AI Engineer\ePillID-benchmark-master\src\image_augmentators.py:7: FutureWarning: In the future `np.bool` will be defined as the corresponding NumPy scalar.
  if not hasattr(_np, _name):
D:\Project\AI Engineer\ePillID-benchmark-master\src\image_augmentators.py:7: FutureWarning: In the future `np.object` will be defined as the corresponding NumPy scalar.
  if not hasattr(_np, _name):
D:\Project\AI Engineer\ePillID-benchmark-master\src\image_augmentators.py:7: FutureWarning: In the future `np.str` will be defined as the corresponding NumPy scalar.
  if not hasattr(_np, _name):
D:\Project\AI Engineer\ePillID-benchmark-master\src\image_augmentators.py:7: FutureWarning: In the future `np.bool` will be defined as the corresponding NumPy scalar.
  if not hasattr(_np, _name):
D:\Project\AI Engineer\ePillID-benchmark-master\src\image_augmentators.py:7: FutureWarning: In the future `np.object` will be defined as the corresponding NumPy scalar.
  if not hasattr(_np, _name):
D:\Project\AI Engineer\ePillID-benchmark-master\src\image_augmentators.py:7: FutureWarning: In the future `np.str` will be defined as the corresponding NumPy scalar.
  if not hasattr(_np, _name):
D:\Project\AI Engineer\ePillID-benchmark-master\src\image_augmentators.py:7: FutureWarning: In the future `np.bool` will be defined as the corresponding NumPy scalar.
  if not hasattr(_np, _name):
D:\Project\AI Engineer\ePillID-benchmark-master\src\image_augmentators.py:7: FutureWarning: In the future `np.object` will be defined as the corresponding NumPy scalar.
  if not hasattr(_np, _name):
D:\Project\AI Engineer\ePillID-benchmark-master\src\image_augmentators.py:7: FutureWarning: In the future `np.str` will be defined as the corresponding NumPy scalar.
  if not hasattr(_np, _name):
D:\Project\AI Engineer\ePillID-benchmark-master\src\image_augmentators.py:7: FutureWarning: In the future `np.bool` will be defined as the corresponding NumPy scalar.
  if not hasattr(_np, _name):
D:\Project\AI Engineer\ePillID-benchmark-master\src\image_augmentators.py:7: FutureWarning: In the future `np.object` will be defined as the corresponding NumPy scalar.
  if not hasattr(_np, _name):
D:\Project\AI Engineer\ePillID-benchmark-master\src\image_augmentators.py:7: FutureWarning: In the future `np.str` will be defined as the corresponding NumPy scalar.
  if not hasattr(_np, _name):
D:\Project\AI Engineer\ePillID-benchmark-master\src\image_augmentators.py:7: FutureWarning: In the future `np.bool` will be defined as the corresponding NumPy scalar.
  if not hasattr(_np, _name):
D:\Project\AI Engineer\ePillID-benchmark-master\src\image_augmentators.py:7: FutureWarning: In the future `np.object` will be defined as the corresponding NumPy scalar.
  if not hasattr(_np, _name):
D:\Project\AI Engineer\ePillID-benchmark-master\src\image_augmentators.py:7: FutureWarning: In the future `np.str` will be defined as the corresponding NumPy scalar.
  if not hasattr(_np, _name):
D:\Project\AI Engineer\ePillID-benchmark-master\src\image_augmentators.py:7: FutureWarning: In the future `np.bool` will be defined as the corresponding NumPy scalar.
  if not hasattr(_np, _name):
D:\Project\AI Engineer\ePillID-benchmark-master\src\image_augmentators.py:7: FutureWarning: In the future `np.object` will be defined as the corresponding NumPy scalar.
  if not hasattr(_np, _name):
D:\Project\AI Engineer\ePillID-benchmark-master\src\image_augmentators.py:7: FutureWarning: In the future `np.str` will be defined as the corresponding NumPy scalar.
  if not hasattr(_np, _name):
D:\Project\AI Engineer\ePillID-benchmark-master\src\image_augmentators.py:7: FutureWarning: In the future `np.bool` will be defined as the corresponding NumPy scalar.
  if not hasattr(_np, _name):
D:\Project\AI Engineer\ePillID-benchmark-master\src\image_augmentators.py:7: FutureWarning: In the future `np.object` will be defined as the corresponding NumPy scalar.
  if not hasattr(_np, _name):
D:\Project\AI Engineer\ePillID-benchmark-master\src\image_augmentators.py:7: FutureWarning: In the future `np.str` will be defined as the corresponding NumPy scalar.
  if not hasattr(_np, _name):
D:\Project\AI Engineer\ePillID-benchmark-master\src\image_augmentators.py:7: FutureWarning: In the future `np.bool` will be defined as the corresponding NumPy scalar.
  if not hasattr(_np, _name):
D:\Project\AI Engineer\ePillID-benchmark-master\src\image_augmentators.py:7: FutureWarning: In the future `np.object` will be defined as the corresponding NumPy scalar.
  if not hasattr(_np, _name):
D:\Project\AI Engineer\ePillID-benchmark-master\src\image_augmentators.py:7: FutureWarning: In the future `np.str` will be defined as the corresponding NumPy scalar.
  if not hasattr(_np, _name):
D:\Project\AI Engineer\ePillID-benchmark-master\src\image_augmentators.py:7: FutureWarning: In the future `np.bool` will be defined as the corresponding NumPy scalar.
  if not hasattr(_np, _name):
D:\Project\AI Engineer\ePillID-benchmark-master\src\image_augmentators.py:7: FutureWarning: In the future `np.object` will be defined as the corresponding NumPy scalar.
  if not hasattr(_np, _name):
D:\Project\AI Engineer\ePillID-benchmark-master\src\image_augmentators.py:7: FutureWarning: In the future `np.str` will be defined as the corresponding NumPy scalar.
  if not hasattr(_np, _name):
D:\Project\AI Engineer\ePillID-benchmark-master\src\image_augmentators.py:7: FutureWarning: In the future `np.bool` will be defined as the corresponding NumPy scalar.
  if not hasattr(_np, _name):
D:\Project\AI Engineer\ePillID-benchmark-master\src\image_augmentators.py:7: FutureWarning: In the future `np.object` will be defined as the corresponding NumPy scalar.
  if not hasattr(_np, _name):
D:\Project\AI Engineer\ePillID-benchmark-master\src\image_augmentators.py:7: FutureWarning: In the future `np.str` will be defined as the corresponding NumPy scalar.
  if not hasattr(_np, _name):
D:\Project\AI Engineer\ePillID-benchmark-master\src\image_augmentators.py:7: FutureWarning: In the future `np.bool` will be defined as the corresponding NumPy scalar.
  if not hasattr(_np, _name):
D:\Project\AI Engineer\ePillID-benchmark-master\src\image_augmentators.py:7: FutureWarning: In the future `np.object` will be defined as the corresponding NumPy scalar.
  if not hasattr(_np, _name):
D:\Project\AI Engineer\ePillID-benchmark-master\src\image_augmentators.py:7: FutureWarning: In the future `np.str` will be defined as the corresponding NumPy scalar.
  if not hasattr(_np, _name):
D:\Project\AI Engineer\ePillID-benchmark-master\src\image_augmentators.py:7: FutureWarning: In the future `np.bool` will be defined as the corresponding NumPy scalar.
  if not hasattr(_np, _name):
D:\Project\AI Engineer\ePillID-benchmark-master\src\image_augmentators.py:7: FutureWarning: In the future `np.object` will be defined as the corresponding NumPy scalar.
  if not hasattr(_np, _name):
D:\Project\AI Engineer\ePillID-benchmark-master\src\image_augmentators.py:7: FutureWarning: In the future `np.str` will be defined as the corresponding NumPy scalar.
  if not hasattr(_np, _name):
D:\Project\AI Engineer\ePillID-benchmark-master\src\image_augmentators.py:7: FutureWarning: In the future `np.bool` will be defined as the corresponding NumPy scalar.
  if not hasattr(_np, _name):
D:\Project\AI Engineer\ePillID-benchmark-master\src\image_augmentators.py:7: FutureWarning: In the future `np.object` will be defined as the corresponding NumPy scalar.
  if not hasattr(_np, _name):
D:\Project\AI Engineer\ePillID-benchmark-master\src\image_augmentators.py:7: FutureWarning: In the future `np.str` will be defined as the corresponding NumPy scalar.
  if not hasattr(_np, _name):
D:\Project\AI Engineer\ePillID-benchmark-master\src\image_augmentators.py:7: FutureWarning: In the future `np.bool` will be defined as the corresponding NumPy scalar.
  if not hasattr(_np, _name):
D:\Project\AI Engineer\ePillID-benchmark-master\src\image_augmentators.py:7: FutureWarning: In the future `np.object` will be defined as the corresponding NumPy scalar.
  if not hasattr(_np, _name):
D:\Project\AI Engineer\ePillID-benchmark-master\src\image_augmentators.py:7: FutureWarning: In the future `np.str` will be defined as the corresponding NumPy scalar.
  if not hasattr(_np, _name):
D:\Project\AI Engineer\ePillID-benchmark-master\src\image_augmentators.py:7: FutureWarning: In the future `np.bool` will be defined as the corresponding NumPy scalar.
  if not hasattr(_np, _name):
D:\Project\AI Engineer\ePillID-benchmark-master\src\image_augmentators.py:7: FutureWarning: In the future `np.object` will be defined as the corresponding NumPy scalar.
  if not hasattr(_np, _name):
D:\Project\AI Engineer\ePillID-benchmark-master\src\image_augmentators.py:7: FutureWarning: In the future `np.str` will be defined as the corresponding NumPy scalar.
  if not hasattr(_np, _name):
D:\Project\AI Engineer\ePillID-benchmark-master\src\image_augmentators.py:7: FutureWarning: In the future `np.bool` will be defined as the corresponding NumPy scalar.
  if not hasattr(_np, _name):
D:\Project\AI Engineer\ePillID-benchmark-master\src\image_augmentators.py:7: FutureWarning: In the future `np.object` will be defined as the corresponding NumPy scalar.
  if not hasattr(_np, _name):
D:\Project\AI Engineer\ePillID-benchmark-master\src\image_augmentators.py:7: FutureWarning: In the future `np.str` will be defined as the corresponding NumPy scalar.
  if not hasattr(_np, _name):
D:\Project\AI Engineer\ePillID-benchmark-master\src\image_augmentators.py:7: FutureWarning: In the future `np.bool` will be defined as the corresponding NumPy scalar.
  if not hasattr(_np, _name):
D:\Project\AI Engineer\ePillID-benchmark-master\src\image_augmentators.py:7: FutureWarning: In the future `np.object` will be defined as the corresponding NumPy scalar.
  if not hasattr(_np, _name):
D:\Project\AI Engineer\ePillID-benchmark-master\src\image_augmentators.py:7: FutureWarning: In the future `np.str` will be defined as the corresponding NumPy scalar.
  if not hasattr(_np, _name):
D:\Project\AI Engineer\ePillID-benchmark-master\src\image_augmentators.py:7: FutureWarning: In the future `np.bool` will be defined as the corresponding NumPy scalar.
  if not hasattr(_np, _name):
D:\Project\AI Engineer\ePillID-benchmark-master\src\image_augmentators.py:7: FutureWarning: In the future `np.object` will be defined as the corresponding NumPy scalar.
  if not hasattr(_np, _name):
D:\Project\AI Engineer\ePillID-benchmark-master\src\image_augmentators.py:7: FutureWarning: In the future `np.str` will be defined as the corresponding NumPy scalar.
  if not hasattr(_np, _name):
D:\Project\AI Engineer\ePillID-benchmark-master\src\image_augmentators.py:7: FutureWarning: In the future `np.bool` will be defined as the corresponding NumPy scalar.
  if not hasattr(_np, _name):
D:\Project\AI Engineer\ePillID-benchmark-master\src\image_augmentators.py:7: FutureWarning: In the future `np.object` will be defined as the corresponding NumPy scalar.
  if not hasattr(_np, _name):
D:\Project\AI Engineer\ePillID-benchmark-master\src\image_augmentators.py:7: FutureWarning: In the future `np.str` will be defined as the corresponding NumPy scalar.
  if not hasattr(_np, _name):
D:\Project\AI Engineer\ePillID-benchmark-master\src\image_augmentators.py:7: FutureWarning: In the future `np.bool` will be defined as the corresponding NumPy scalar.
  if not hasattr(_np, _name):
D:\Project\AI Engineer\ePillID-benchmark-master\src\image_augmentators.py:7: FutureWarning: In the future `np.object` will be defined as the corresponding NumPy scalar.
  if not hasattr(_np, _name):
D:\Project\AI Engineer\ePillID-benchmark-master\src\image_augmentators.py:7: FutureWarning: In the future `np.str` will be defined as the corresponding NumPy scalar.
  if not hasattr(_np, _name):
D:\Project\AI Engineer\ePillID-benchmark-master\src\image_augmentators.py:7: FutureWarning: In the future `np.bool` will be defined as the corresponding NumPy scalar.
  if not hasattr(_np, _name):
D:\Project\AI Engineer\ePillID-benchmark-master\src\image_augmentators.py:7: FutureWarning: In the future `np.object` will be defined as the corresponding NumPy scalar.
  if not hasattr(_np, _name):
D:\Project\AI Engineer\ePillID-benchmark-master\src\image_augmentators.py:7: FutureWarning: In the future `np.str` will be defined as the corresponding NumPy scalar.
  if not hasattr(_np, _name):
D:\Project\AI Engineer\ePillID-benchmark-master\src\image_augmentators.py:7: FutureWarning: In the future `np.bool` will be defined as the corresponding NumPy scalar.
  if not hasattr(_np, _name):
D:\Project\AI Engineer\ePillID-benchmark-master\src\image_augmentators.py:7: FutureWarning: In the future `np.object` will be defined as the corresponding NumPy scalar.
  if not hasattr(_np, _name):
D:\Project\AI Engineer\ePillID-benchmark-master\src\image_augmentators.py:7: FutureWarning: In the future `np.str` will be defined as the corresponding NumPy scalar.
  if not hasattr(_np, _name):
D:\Project\AI Engineer\ePillID-benchmark-master\src\image_augmentators.py:7: FutureWarning: In the future `np.bool` will be defined as the corresponding NumPy scalar.
  if not hasattr(_np, _name):
D:\Project\AI Engineer\ePillID-benchmark-master\src\image_augmentators.py:7: FutureWarning: In the future `np.object` will be defined as the corresponding NumPy scalar.
  if not hasattr(_np, _name):
D:\Project\AI Engineer\ePillID-benchmark-master\src\image_augmentators.py:7: FutureWarning: In the future `np.str` will be defined as the corresponding NumPy scalar.
  if not hasattr(_np, _name):
D:\Project\AI Engineer\ePillID-benchmark-master\src\image_augmentators.py:7: FutureWarning: In the future `np.bool` will be defined as the corresponding NumPy scalar.
  if not hasattr(_np, _name):
D:\Project\AI Engineer\ePillID-benchmark-master\src\image_augmentators.py:7: FutureWarning: In the future `np.object` will be defined as the corresponding NumPy scalar.
  if not hasattr(_np, _name):
D:\Project\AI Engineer\ePillID-benchmark-master\src\image_augmentators.py:7: FutureWarning: In the future `np.str` will be defined as the corresponding NumPy scalar.
  if not hasattr(_np, _name):
D:\Project\AI Engineer\ePillID-benchmark-master\src\image_augmentators.py:7: FutureWarning: In the future `np.bool` will be defined as the corresponding NumPy scalar.
  if not hasattr(_np, _name):
D:\Project\AI Engineer\ePillID-benchmark-master\src\image_augmentators.py:7: FutureWarning: In the future `np.object` will be defined as the corresponding NumPy scalar.
  if not hasattr(_np, _name):
D:\Project\AI Engineer\ePillID-benchmark-master\src\image_augmentators.py:7: FutureWarning: In the future `np.str` will be defined as the corresponding NumPy scalar.
  if not hasattr(_np, _name):
D:\Project\AI Engineer\ePillID-benchmark-master\src\image_augmentators.py:7: FutureWarning: In the future `np.bool` will be defined as the corresponding NumPy scalar.
  if not hasattr(_np, _name):
D:\Project\AI Engineer\ePillID-benchmark-master\src\image_augmentators.py:7: FutureWarning: In the future `np.object` will be defined as the corresponding NumPy scalar.
  if not hasattr(_np, _name):
D:\Project\AI Engineer\ePillID-benchmark-master\src\image_augmentators.py:7: FutureWarning: In the future `np.str` will be defined as the corresponding NumPy scalar.
  if not hasattr(_np, _name):
D:\Project\AI Engineer\ePillID-benchmark-master\src\image_augmentators.py:7: FutureWarning: In the future `np.bool` will be defined as the corresponding NumPy scalar.
  if not hasattr(_np, _name):
D:\Project\AI Engineer\ePillID-benchmark-master\src\image_augmentators.py:7: FutureWarning: In the future `np.object` will be defined as the corresponding NumPy scalar.
  if not hasattr(_np, _name):
D:\Project\AI Engineer\ePillID-benchmark-master\src\image_augmentators.py:7: FutureWarning: In the future `np.str` will be defined as the corresponding NumPy scalar.
  if not hasattr(_np, _name):
D:\Project\AI Engineer\ePillID-benchmark-master\src\image_augmentators.py:7: FutureWarning: In the future `np.bool` will be defined as the corresponding NumPy scalar.
  if not hasattr(_np, _name):
D:\Project\AI Engineer\ePillID-benchmark-master\src\image_augmentators.py:7: FutureWarning: In the future `np.object` will be defined as the corresponding NumPy scalar.
  if not hasattr(_np, _name):
D:\Project\AI Engineer\ePillID-benchmark-master\src\image_augmentators.py:7: FutureWarning: In the future `np.str` will be defined as the corresponding NumPy scalar.
  if not hasattr(_np, _name):
D:\Project\AI Engineer\ePillID-benchmark-master\src\image_augmentators.py:7: FutureWarning: In the future `np.bool` will be defined as the corresponding NumPy scalar.
  if not hasattr(_np, _name):
D:\Project\AI Engineer\ePillID-benchmark-master\src\image_augmentators.py:7: FutureWarning: In the future `np.object` will be defined as the corresponding NumPy scalar.
  if not hasattr(_np, _name):
D:\Project\AI Engineer\ePillID-benchmark-master\src\image_augmentators.py:7: FutureWarning: In the future `np.str` will be defined as the corresponding NumPy scalar.
  if not hasattr(_np, _name):
D:\Project\AI Engineer\ePillID-benchmark-master\src\image_augmentators.py:7: FutureWarning: In the future `np.bool` will be defined as the corresponding NumPy scalar.
  if not hasattr(_np, _name):
D:\Project\AI Engineer\ePillID-benchmark-master\src\image_augmentators.py:7: FutureWarning: In the future `np.object` will be defined as the corresponding NumPy scalar.
  if not hasattr(_np, _name):
D:\Project\AI Engineer\ePillID-benchmark-master\src\image_augmentators.py:7: FutureWarning: In the future `np.str` will be defined as the corresponding NumPy scalar.
  if not hasattr(_np, _name):
D:\Project\AI Engineer\ePillID-benchmark-master\src\image_augmentators.py:7: FutureWarning: In the future `np.bool` will be defined as the corresponding NumPy scalar.
  if not hasattr(_np, _name):
D:\Project\AI Engineer\ePillID-benchmark-master\src\image_augmentators.py:7: FutureWarning: In the future `np.object` will be defined as the corresponding NumPy scalar.
  if not hasattr(_np, _name):
D:\Project\AI Engineer\ePillID-benchmark-master\src\image_augmentators.py:7: FutureWarning: In the future `np.str` will be defined as the corresponding NumPy scalar.
  if not hasattr(_np, _name):
D:\Project\AI Engineer\ePillID-benchmark-master\src\image_augmentators.py:7: FutureWarning: In the future `np.bool` will be defined as the corresponding NumPy scalar.
  if not hasattr(_np, _name):
D:\Project\AI Engineer\ePillID-benchmark-master\src\image_augmentators.py:7: FutureWarning: In the future `np.object` will be defined as the corresponding NumPy scalar.
  if not hasattr(_np, _name):
D:\Project\AI Engineer\ePillID-benchmark-master\src\image_augmentators.py:7: FutureWarning: In the future `np.str` will be defined as the corresponding NumPy scalar.
  if not hasattr(_np, _name):
D:\Project\AI Engineer\ePillID-benchmark-master\src\image_augmentators.py:7: FutureWarning: In the future `np.bool` will be defined as the corresponding NumPy scalar.
  if not hasattr(_np, _name):
D:\Project\AI Engineer\ePillID-benchmark-master\src\image_augmentators.py:7: FutureWarning: In the future `np.object` will be defined as the corresponding NumPy scalar.
  if not hasattr(_np, _name):
D:\Project\AI Engineer\ePillID-benchmark-master\src\image_augmentators.py:7: FutureWarning: In the future `np.str` will be defined as the corresponding NumPy scalar.
  if not hasattr(_np, _name):
D:\Project\AI Engineer\ePillID-benchmark-master\src\image_augmentators.py:7: FutureWarning: In the future `np.bool` will be defined as the corresponding NumPy scalar.
  if not hasattr(_np, _name):
D:\Project\AI Engineer\ePillID-benchmark-master\src\image_augmentators.py:7: FutureWarning: In the future `np.object` will be defined as the corresponding NumPy scalar.
  if not hasattr(_np, _name):
D:\Project\AI Engineer\ePillID-benchmark-master\src\image_augmentators.py:7: FutureWarning: In the future `np.str` will be defined as the corresponding NumPy scalar.
  if not hasattr(_np, _name):
D:\Project\AI Engineer\ePillID-benchmark-master\src\image_augmentators.py:7: FutureWarning: In the future `np.bool` will be defined as the corresponding NumPy scalar.
  if not hasattr(_np, _name):
D:\Project\AI Engineer\ePillID-benchmark-master\src\image_augmentators.py:7: FutureWarning: In the future `np.object` will be defined as the corresponding NumPy scalar.
  if not hasattr(_np, _name):
D:\Project\AI Engineer\ePillID-benchmark-master\src\image_augmentators.py:7: FutureWarning: In the future `np.str` will be defined as the corresponding NumPy scalar.
  if not hasattr(_np, _name):
D:\Project\AI Engineer\ePillID-benchmark-master\src\image_augmentators.py:7: FutureWarning: In the future `np.bool` will be defined as the corresponding NumPy scalar.
  if not hasattr(_np, _name):
D:\Project\AI Engineer\ePillID-benchmark-master\src\image_augmentators.py:7: FutureWarning: In the future `np.object` will be defined as the corresponding NumPy scalar.
  if not hasattr(_np, _name):
D:\Project\AI Engineer\ePillID-benchmark-master\src\image_augmentators.py:7: FutureWarning: In the future `np.str` will be defined as the corresponding NumPy scalar.
  if not hasattr(_np, _name):
D:\Project\AI Engineer\ePillID-benchmark-master\src\image_augmentators.py:7: FutureWarning: In the future `np.bool` will be defined as the corresponding NumPy scalar.
  if not hasattr(_np, _name):
D:\Project\AI Engineer\ePillID-benchmark-master\src\image_augmentators.py:7: FutureWarning: In the future `np.object` will be defined as the corresponding NumPy scalar.
  if not hasattr(_np, _name):
D:\Project\AI Engineer\ePillID-benchmark-master\src\image_augmentators.py:7: FutureWarning: In the future `np.str` will be defined as the corresponding NumPy scalar.
  if not hasattr(_np, _name):
D:\Project\AI Engineer\ePillID-benchmark-master\src\image_augmentators.py:7: FutureWarning: In the future `np.bool` will be defined as the corresponding NumPy scalar.
  if not hasattr(_np, _name):
D:\Project\AI Engineer\ePillID-benchmark-master\src\image_augmentators.py:7: FutureWarning: In the future `np.object` will be defined as the corresponding NumPy scalar.
  if not hasattr(_np, _name):
D:\Project\AI Engineer\ePillID-benchmark-master\src\image_augmentators.py:7: FutureWarning: In the future `np.str` will be defined as the corresponding NumPy scalar.
  if not hasattr(_np, _name):
D:\Project\AI Engineer\ePillID-benchmark-master\src\image_augmentators.py:7: FutureWarning: In the future `np.bool` will be defined as the corresponding NumPy scalar.
  if not hasattr(_np, _name):
D:\Project\AI Engineer\ePillID-benchmark-master\src\image_augmentators.py:7: FutureWarning: In the future `np.object` will be defined as the corresponding NumPy scalar.
  if not hasattr(_np, _name):
D:\Project\AI Engineer\ePillID-benchmark-master\src\image_augmentators.py:7: FutureWarning: In the future `np.str` will be defined as the corresponding NumPy scalar.
  if not hasattr(_np, _name):
D:\Project\AI Engineer\ePillID-benchmark-master\src\image_augmentators.py:7: FutureWarning: In the future `np.bool` will be defined as the corresponding NumPy scalar.
  if not hasattr(_np, _name):
D:\Project\AI Engineer\ePillID-benchmark-master\src\image_augmentators.py:7: FutureWarning: In the future `np.object` will be defined as the corresponding NumPy scalar.
  if not hasattr(_np, _name):
D:\Project\AI Engineer\ePillID-benchmark-master\src\image_augmentators.py:7: FutureWarning: In the future `np.str` will be defined as the corresponding NumPy scalar.
  if not hasattr(_np, _name):
D:\Project\AI Engineer\ePillID-benchmark-master\src\image_augmentators.py:7: FutureWarning: In the future `np.bool` will be defined as the corresponding NumPy scalar.
  if not hasattr(_np, _name):
D:\Project\AI Engineer\ePillID-benchmark-master\src\image_augmentators.py:7: FutureWarning: In the future `np.object` will be defined as the corresponding NumPy scalar.
  if not hasattr(_np, _name):
D:\Project\AI Engineer\ePillID-benchmark-master\src\image_augmentators.py:7: FutureWarning: In the future `np.str` will be defined as the corresponding NumPy scalar.
  if not hasattr(_np, _name):
D:\Project\AI Engineer\ePillID-benchmark-master\src\image_augmentators.py:7: FutureWarning: In the future `np.bool` will be defined as the corresponding NumPy scalar.
  if not hasattr(_np, _name):
D:\Project\AI Engineer\ePillID-benchmark-master\src\image_augmentators.py:7: FutureWarning: In the future `np.object` will be defined as the corresponding NumPy scalar.
  if not hasattr(_np, _name):
D:\Project\AI Engineer\ePillID-benchmark-master\src\image_augmentators.py:7: FutureWarning: In the future `np.str` will be defined as the corresponding NumPy scalar.
  if not hasattr(_np, _name):
D:\Project\AI Engineer\ePillID-benchmark-master\src\image_augmentators.py:7: FutureWarning: In the future `np.bool` will be defined as the corresponding NumPy scalar.
  if not hasattr(_np, _name):
D:\Project\AI Engineer\ePillID-benchmark-master\src\image_augmentators.py:7: FutureWarning: In the future `np.object` will be defined as the corresponding NumPy scalar.
  if not hasattr(_np, _name):
D:\Project\AI Engineer\ePillID-benchmark-master\src\image_augmentators.py:7: FutureWarning: In the future `np.str` will be defined as the corresponding NumPy scalar.
  if not hasattr(_np, _name):
D:\Project\AI Engineer\ePillID-benchmark-master\src\image_augmentators.py:7: FutureWarning: In the future `np.bool` will be defined as the corresponding NumPy scalar.
  if not hasattr(_np, _name):
D:\Project\AI Engineer\ePillID-benchmark-master\src\image_augmentators.py:7: FutureWarning: In the future `np.object` will be defined as the corresponding NumPy scalar.
  if not hasattr(_np, _name):
D:\Project\AI Engineer\ePillID-benchmark-master\src\image_augmentators.py:7: FutureWarning: In the future `np.str` will be defined as the corresponding NumPy scalar.
  if not hasattr(_np, _name):
D:\Project\AI Engineer\ePillID-benchmark-master\src\image_augmentators.py:7: FutureWarning: In the future `np.bool` will be defined as the corresponding NumPy scalar.
  if not hasattr(_np, _name):
D:\Project\AI Engineer\ePillID-benchmark-master\src\image_augmentators.py:7: FutureWarning: In the future `np.object` will be defined as the corresponding NumPy scalar.
  if not hasattr(_np, _name):
D:\Project\AI Engineer\ePillID-benchmark-master\src\image_augmentators.py:7: FutureWarning: In the future `np.str` will be defined as the corresponding NumPy scalar.
  if not hasattr(_np, _name):
D:\Project\AI Engineer\ePillID-benchmark-master\src\image_augmentators.py:7: FutureWarning: In the future `np.bool` will be defined as the corresponding NumPy scalar.
  if not hasattr(_np, _name):
D:\Project\AI Engineer\ePillID-benchmark-master\src\image_augmentators.py:7: FutureWarning: In the future `np.object` will be defined as the corresponding NumPy scalar.
  if not hasattr(_np, _name):
D:\Project\AI Engineer\ePillID-benchmark-master\src\image_augmentators.py:7: FutureWarning: In the future `np.str` will be defined as the corresponding NumPy scalar.
  if not hasattr(_np, _name):
D:\Project\AI Engineer\ePillID-benchmark-master\src\image_augmentators.py:7: FutureWarning: In the future `np.bool` will be defined as the corresponding NumPy scalar.
  if not hasattr(_np, _name):
D:\Project\AI Engineer\ePillID-benchmark-master\src\image_augmentators.py:7: FutureWarning: In the future `np.object` will be defined as the corresponding NumPy scalar.
  if not hasattr(_np, _name):
D:\Project\AI Engineer\ePillID-benchmark-master\src\image_augmentators.py:7: FutureWarning: In the future `np.str` will be defined as the corresponding NumPy scalar.
  if not hasattr(_np, _name):
D:\Project\AI Engineer\ePillID-benchmark-master\src\image_augmentators.py:7: FutureWarning: In the future `np.bool` will be defined as the corresponding NumPy scalar.
  if not hasattr(_np, _name):
D:\Project\AI Engineer\ePillID-benchmark-master\src\image_augmentators.py:7: FutureWarning: In the future `np.object` will be defined as the corresponding NumPy scalar.
  if not hasattr(_np, _name):
D:\Project\AI Engineer\ePillID-benchmark-master\src\image_augmentators.py:7: FutureWarning: In the future `np.str` will be defined as the corresponding NumPy scalar.
  if not hasattr(_np, _name):
D:\Project\AI Engineer\ePillID-benchmark-master\src\image_augmentators.py:7: FutureWarning: In the future `np.bool` will be defined as the corresponding NumPy scalar.
  if not hasattr(_np, _name):
D:\Project\AI Engineer\ePillID-benchmark-master\src\image_augmentators.py:7: FutureWarning: In the future `np.object` will be defined as the corresponding NumPy scalar.
  if not hasattr(_np, _name):
D:\Project\AI Engineer\ePillID-benchmark-master\src\image_augmentators.py:7: FutureWarning: In the future `np.str` will be defined as the corresponding NumPy scalar.
  if not hasattr(_np, _name):
D:\Project\AI Engineer\ePillID-benchmark-master\src\image_augmentators.py:7: FutureWarning: In the future `np.bool` will be defined as the corresponding NumPy scalar.
  if not hasattr(_np, _name):
D:\Project\AI Engineer\ePillID-benchmark-master\src\image_augmentators.py:7: FutureWarning: In the future `np.object` will be defined as the corresponding NumPy scalar.
  if not hasattr(_np, _name):
D:\Project\AI Engineer\ePillID-benchmark-master\src\image_augmentators.py:7: FutureWarning: In the future `np.str` will be defined as the corresponding NumPy scalar.
  if not hasattr(_np, _name):
D:\Project\AI Engineer\ePillID-benchmark-master\src\image_augmentators.py:7: FutureWarning: In the future `np.bool` will be defined as the corresponding NumPy scalar.
  if not hasattr(_np, _name):
D:\Project\AI Engineer\ePillID-benchmark-master\src\image_augmentators.py:7: FutureWarning: In the future `np.object` will be defined as the corresponding NumPy scalar.
  if not hasattr(_np, _name):
D:\Project\AI Engineer\ePillID-benchmark-master\src\image_augmentators.py:7: FutureWarning: In the future `np.str` will be defined as the corresponding NumPy scalar.
  if not hasattr(_np, _name):
D:\Project\AI Engineer\ePillID-benchmark-master\src\image_augmentators.py:7: FutureWarning: In the future `np.bool` will be defined as the corresponding NumPy scalar.
  if not hasattr(_np, _name):
D:\Project\AI Engineer\ePillID-benchmark-master\src\image_augmentators.py:7: FutureWarning: In the future `np.object` will be defined as the corresponding NumPy scalar.
  if not hasattr(_np, _name):
D:\Project\AI Engineer\ePillID-benchmark-master\src\image_augmentators.py:7: FutureWarning: In the future `np.str` will be defined as the corresponding NumPy scalar.
  if not hasattr(_np, _name):
D:\Project\AI Engineer\ePillID-benchmark-master\src\image_augmentators.py:7: FutureWarning: In the future `np.bool` will be defined as the corresponding NumPy scalar.
  if not hasattr(_np, _name):
D:\Project\AI Engineer\ePillID-benchmark-master\src\image_augmentators.py:7: FutureWarning: In the future `np.object` will be defined as the corresponding NumPy scalar.
  if not hasattr(_np, _name):
D:\Project\AI Engineer\ePillID-benchmark-master\src\image_augmentators.py:7: FutureWarning: In the future `np.str` will be defined as the corresponding NumPy scalar.
  if not hasattr(_np, _name):
D:\Project\AI Engineer\ePillID-benchmark-master\src\image_augmentators.py:7: FutureWarning: In the future `np.bool` will be defined as the corresponding NumPy scalar.
  if not hasattr(_np, _name):
D:\Project\AI Engineer\ePillID-benchmark-master\src\image_augmentators.py:7: FutureWarning: In the future `np.object` will be defined as the corresponding NumPy scalar.
  if not hasattr(_np, _name):
D:\Project\AI Engineer\ePillID-benchmark-master\src\image_augmentators.py:7: FutureWarning: In the future `np.str` will be defined as the corresponding NumPy scalar.
  if not hasattr(_np, _name):
D:\Project\AI Engineer\ePillID-benchmark-master\src\image_augmentators.py:7: FutureWarning: In the future `np.bool` will be defined as the corresponding NumPy scalar.
  if not hasattr(_np, _name):
D:\Project\AI Engineer\ePillID-benchmark-master\src\image_augmentators.py:7: FutureWarning: In the future `np.object` will be defined as the corresponding NumPy scalar.
  if not hasattr(_np, _name):
D:\Project\AI Engineer\ePillID-benchmark-master\src\image_augmentators.py:7: FutureWarning: In the future `np.str` will be defined as the corresponding NumPy scalar.
  if not hasattr(_np, _name):
D:\Project\AI Engineer\ePillID-benchmark-master\src\image_augmentators.py:7: FutureWarning: In the future `np.bool` will be defined as the corresponding NumPy scalar.
  if not hasattr(_np, _name):
D:\Project\AI Engineer\ePillID-benchmark-master\src\image_augmentators.py:7: FutureWarning: In the future `np.object` will be defined as the corresponding NumPy scalar.
  if not hasattr(_np, _name):
D:\Project\AI Engineer\ePillID-benchmark-master\src\image_augmentators.py:7: FutureWarning: In the future `np.str` will be defined as the corresponding NumPy scalar.
  if not hasattr(_np, _name):
D:\Project\AI Engineer\ePillID-benchmark-master\src\image_augmentators.py:7: FutureWarning: In the future `np.bool` will be defined as the corresponding NumPy scalar.
  if not hasattr(_np, _name):
D:\Project\AI Engineer\ePillID-benchmark-master\src\image_augmentators.py:7: FutureWarning: In the future `np.object` will be defined as the corresponding NumPy scalar.
  if not hasattr(_np, _name):
D:\Project\AI Engineer\ePillID-benchmark-master\src\image_augmentators.py:7: FutureWarning: In the future `np.str` will be defined as the corresponding NumPy scalar.
  if not hasattr(_np, _name):
D:\Project\AI Engineer\ePillID-benchmark-master\src\image_augmentators.py:7: FutureWarning: In the future `np.bool` will be defined as the corresponding NumPy scalar.
  if not hasattr(_np, _name):
D:\Project\AI Engineer\ePillID-benchmark-master\src\image_augmentators.py:7: FutureWarning: In the future `np.object` will be defined as the corresponding NumPy scalar.
  if not hasattr(_np, _name):
D:\Project\AI Engineer\ePillID-benchmark-master\src\image_augmentators.py:7: FutureWarning: In the future `np.str` will be defined as the corresponding NumPy scalar.
  if not hasattr(_np, _name):
D:\Project\AI Engineer\ePillID-benchmark-master\src\image_augmentators.py:7: FutureWarning: In the future `np.bool` will be defined as the corresponding NumPy scalar.
  if not hasattr(_np, _name):
D:\Project\AI Engineer\ePillID-benchmark-master\src\image_augmentators.py:7: FutureWarning: In the future `np.object` will be defined as the corresponding NumPy scalar.
  if not hasattr(_np, _name):
D:\Project\AI Engineer\ePillID-benchmark-master\src\image_augmentators.py:7: FutureWarning: In the future `np.str` will be defined as the corresponding NumPy scalar.
  if not hasattr(_np, _name):
D:\Project\AI Engineer\ePillID-benchmark-master\src\image_augmentators.py:7: FutureWarning: In the future `np.bool` will be defined as the corresponding NumPy scalar.
  if not hasattr(_np, _name):
D:\Project\AI Engineer\ePillID-benchmark-master\src\image_augmentators.py:7: FutureWarning: In the future `np.object` will be defined as the corresponding NumPy scalar.
  if not hasattr(_np, _name):
D:\Project\AI Engineer\ePillID-benchmark-master\src\image_augmentators.py:7: FutureWarning: In the future `np.str` will be defined as the corresponding NumPy scalar.
  if not hasattr(_np, _name):
D:\Project\AI Engineer\ePillID-benchmark-master\src\image_augmentators.py:7: FutureWarning: In the future `np.bool` will be defined as the corresponding NumPy scalar.
  if not hasattr(_np, _name):
D:\Project\AI Engineer\ePillID-benchmark-master\src\image_augmentators.py:7: FutureWarning: In the future `np.object` will be defined as the corresponding NumPy scalar.
  if not hasattr(_np, _name):
D:\Project\AI Engineer\ePillID-benchmark-master\src\image_augmentators.py:7: FutureWarning: In the future `np.str` will be defined as the corresponding NumPy scalar.
  if not hasattr(_np, _name):
D:\Project\AI Engineer\ePillID-benchmark-master\src\image_augmentators.py:7: FutureWarning: In the future `np.bool` will be defined as the corresponding NumPy scalar.
  if not hasattr(_np, _name):
D:\Project\AI Engineer\ePillID-benchmark-master\src\image_augmentators.py:7: FutureWarning: In the future `np.object` will be defined as the corresponding NumPy scalar.
  if not hasattr(_np, _name):
D:\Project\AI Engineer\ePillID-benchmark-master\src\image_augmentators.py:7: FutureWarning: In the future `np.str` will be defined as the corresponding NumPy scalar.
  if not hasattr(_np, _name):
D:\Project\AI Engineer\ePillID-benchmark-master\src\image_augmentators.py:7: FutureWarning: In the future `np.bool` will be defined as the corresponding NumPy scalar.
  if not hasattr(_np, _name):
D:\Project\AI Engineer\ePillID-benchmark-master\src\image_augmentators.py:7: FutureWarning: In the future `np.object` will be defined as the corresponding NumPy scalar.
  if not hasattr(_np, _name):
D:\Project\AI Engineer\ePillID-benchmark-master\src\image_augmentators.py:7: FutureWarning: In the future `np.str` will be defined as the corresponding NumPy scalar.
  if not hasattr(_np, _name):
D:\Project\AI Engineer\ePillID-benchmark-master\src\image_augmentators.py:7: FutureWarning: In the future `np.bool` will be defined as the corresponding NumPy scalar.
  if not hasattr(_np, _name):
D:\Project\AI Engineer\ePillID-benchmark-master\src\image_augmentators.py:7: FutureWarning: In the future `np.object` will be defined as the corresponding NumPy scalar.
  if not hasattr(_np, _name):
D:\Project\AI Engineer\ePillID-benchmark-master\src\image_augmentators.py:7: FutureWarning: In the future `np.str` will be defined as the corresponding NumPy scalar.
  if not hasattr(_np, _name):
D:\Project\AI Engineer\ePillID-benchmark-master\src\image_augmentators.py:7: FutureWarning: In the future `np.bool` will be defined as the corresponding NumPy scalar.
  if not hasattr(_np, _name):
D:\Project\AI Engineer\ePillID-benchmark-master\src\image_augmentators.py:7: FutureWarning: In the future `np.object` will be defined as the corresponding NumPy scalar.
  if not hasattr(_np, _name):
D:\Project\AI Engineer\ePillID-benchmark-master\src\image_augmentators.py:7: FutureWarning: In the future `np.str` will be defined as the corresponding NumPy scalar.
  if not hasattr(_np, _name):
D:\Project\AI Engineer\ePillID-benchmark-master\src\image_augmentators.py:7: FutureWarning: In the future `np.bool` will be defined as the corresponding NumPy scalar.
  if not hasattr(_np, _name):
D:\Project\AI Engineer\ePillID-benchmark-master\src\image_augmentators.py:7: FutureWarning: In the future `np.object` will be defined as the corresponding NumPy scalar.
  if not hasattr(_np, _name):
D:\Project\AI Engineer\ePillID-benchmark-master\src\image_augmentators.py:7: FutureWarning: In the future `np.str` will be defined as the corresponding NumPy scalar.
  if not hasattr(_np, _name):
D:\Project\AI Engineer\ePillID-benchmark-master\src\image_augmentators.py:7: FutureWarning: In the future `np.bool` will be defined as the corresponding NumPy scalar.
  if not hasattr(_np, _name):
D:\Project\AI Engineer\ePillID-benchmark-master\src\image_augmentators.py:7: FutureWarning: In the future `np.object` will be defined as the corresponding NumPy scalar.
  if not hasattr(_np, _name):
D:\Project\AI Engineer\ePillID-benchmark-master\src\image_augmentators.py:7: FutureWarning: In the future `np.str` will be defined as the corresponding NumPy scalar.
  if not hasattr(_np, _name):
D:\Project\AI Engineer\ePillID-benchmark-master\src\image_augmentators.py:7: FutureWarning: In the future `np.bool` will be defined as the corresponding NumPy scalar.
  if not hasattr(_np, _name):
D:\Project\AI Engineer\ePillID-benchmark-master\src\image_augmentators.py:7: FutureWarning: In the future `np.object` will be defined as the corresponding NumPy scalar.
  if not hasattr(_np, _name):
D:\Project\AI Engineer\ePillID-benchmark-master\src\image_augmentators.py:7: FutureWarning: In the future `np.str` will be defined as the corresponding NumPy scalar.
  if not hasattr(_np, _name):
D:\Project\AI Engineer\ePillID-benchmark-master\src\image_augmentators.py:7: FutureWarning: In the future `np.bool` will be defined as the corresponding NumPy scalar.
  if not hasattr(_np, _name):
D:\Project\AI Engineer\ePillID-benchmark-master\src\image_augmentators.py:7: FutureWarning: In the future `np.object` will be defined as the corresponding NumPy scalar.
  if not hasattr(_np, _name):
D:\Project\AI Engineer\ePillID-benchmark-master\src\image_augmentators.py:7: FutureWarning: In the future `np.str` will be defined as the corresponding NumPy scalar.
  if not hasattr(_np, _name):
D:\Project\AI Engineer\ePillID-benchmark-master\src\image_augmentators.py:7: FutureWarning: In the future `np.bool` will be defined as the corresponding NumPy scalar.
  if not hasattr(_np, _name):
D:\Project\AI Engineer\ePillID-benchmark-master\src\image_augmentators.py:7: FutureWarning: In the future `np.object` will be defined as the corresponding NumPy scalar.
  if not hasattr(_np, _name):
D:\Project\AI Engineer\ePillID-benchmark-master\src\image_augmentators.py:7: FutureWarning: In the future `np.str` will be defined as the corresponding NumPy scalar.
  if not hasattr(_np, _name):
D:\Project\AI Engineer\ePillID-benchmark-master\src\image_augmentators.py:7: FutureWarning: In the future `np.bool` will be defined as the corresponding NumPy scalar.
  if not hasattr(_np, _name):
D:\Project\AI Engineer\ePillID-benchmark-master\src\image_augmentators.py:7: FutureWarning: In the future `np.object` will be defined as the corresponding NumPy scalar.
  if not hasattr(_np, _name):
D:\Project\AI Engineer\ePillID-benchmark-master\src\image_augmentators.py:7: FutureWarning: In the future `np.str` will be defined as the corresponding NumPy scalar.
  if not hasattr(_np, _name):
D:\Project\AI Engineer\ePillID-benchmark-master\src\image_augmentators.py:7: FutureWarning: In the future `np.bool` will be defined as the corresponding NumPy scalar.
  if not hasattr(_np, _name):
D:\Project\AI Engineer\ePillID-benchmark-master\src\image_augmentators.py:7: FutureWarning: In the future `np.object` will be defined as the corresponding NumPy scalar.
  if not hasattr(_np, _name):
D:\Project\AI Engineer\ePillID-benchmark-master\src\image_augmentators.py:7: FutureWarning: In the future `np.str` will be defined as the corresponding NumPy scalar.
  if not hasattr(_np, _name):
D:\Project\AI Engineer\ePillID-benchmark-master\src\image_augmentators.py:7: FutureWarning: In the future `np.bool` will be defined as the corresponding NumPy scalar.
  if not hasattr(_np, _name):
D:\Project\AI Engineer\ePillID-benchmark-master\src\image_augmentators.py:7: FutureWarning: In the future `np.object` will be defined as the corresponding NumPy scalar.
  if not hasattr(_np, _name):
D:\Project\AI Engineer\ePillID-benchmark-master\src\image_augmentators.py:7: FutureWarning: In the future `np.str` will be defined as the corresponding NumPy scalar.
  if not hasattr(_np, _name):
D:\Project\AI Engineer\ePillID-benchmark-master\src\image_augmentators.py:7: FutureWarning: In the future `np.bool` will be defined as the corresponding NumPy scalar.
  if not hasattr(_np, _name):
D:\Project\AI Engineer\ePillID-benchmark-master\src\image_augmentators.py:7: FutureWarning: In the future `np.object` will be defined as the corresponding NumPy scalar.
  if not hasattr(_np, _name):
D:\Project\AI Engineer\ePillID-benchmark-master\src\image_augmentators.py:7: FutureWarning: In the future `np.str` will be defined as the corresponding NumPy scalar.
  if not hasattr(_np, _name):
D:\Project\AI Engineer\ePillID-benchmark-master\src\image_augmentators.py:7: FutureWarning: In the future `np.bool` will be defined as the corresponding NumPy scalar.
  if not hasattr(_np, _name):
D:\Project\AI Engineer\ePillID-benchmark-master\src\image_augmentators.py:7: FutureWarning: In the future `np.object` will be defined as the corresponding NumPy scalar.
  if not hasattr(_np, _name):
D:\Project\AI Engineer\ePillID-benchmark-master\src\image_augmentators.py:7: FutureWarning: In the future `np.str` will be defined as the corresponding NumPy scalar.
  if not hasattr(_np, _name):
D:\Project\AI Engineer\ePillID-benchmark-master\src\image_augmentators.py:7: FutureWarning: In the future `np.bool` will be defined as the corresponding NumPy scalar.
  if not hasattr(_np, _name):
D:\Project\AI Engineer\ePillID-benchmark-master\src\image_augmentators.py:7: FutureWarning: In the future `np.object` will be defined as the corresponding NumPy scalar.
  if not hasattr(_np, _name):
D:\Project\AI Engineer\ePillID-benchmark-master\src\image_augmentators.py:7: FutureWarning: In the future `np.str` will be defined as the corresponding NumPy scalar.
  if not hasattr(_np, _name):
D:\Project\AI Engineer\ePillID-benchmark-master\src\image_augmentators.py:7: FutureWarning: In the future `np.bool` will be defined as the corresponding NumPy scalar.
  if not hasattr(_np, _name):
D:\Project\AI Engineer\ePillID-benchmark-master\src\image_augmentators.py:7: FutureWarning: In the future `np.object` will be defined as the corresponding NumPy scalar.
  if not hasattr(_np, _name):
D:\Project\AI Engineer\ePillID-benchmark-master\src\image_augmentators.py:7: FutureWarning: In the future `np.str` will be defined as the corresponding NumPy scalar.
  if not hasattr(_np, _name):
D:\Project\AI Engineer\ePillID-benchmark-master\src\image_augmentators.py:7: FutureWarning: In the future `np.bool` will be defined as the corresponding NumPy scalar.
  if not hasattr(_np, _name):
D:\Project\AI Engineer\ePillID-benchmark-master\src\image_augmentators.py:7: FutureWarning: In the future `np.object` will be defined as the corresponding NumPy scalar.
  if not hasattr(_np, _name):
D:\Project\AI Engineer\ePillID-benchmark-master\src\image_augmentators.py:7: FutureWarning: In the future `np.str` will be defined as the corresponding NumPy scalar.
  if not hasattr(_np, _name):
D:\Project\AI Engineer\ePillID-benchmark-master\src\image_augmentators.py:7: FutureWarning: In the future `np.bool` will be defined as the corresponding NumPy scalar.
  if not hasattr(_np, _name):
D:\Project\AI Engineer\ePillID-benchmark-master\src\image_augmentators.py:7: FutureWarning: In the future `np.object` will be defined as the corresponding NumPy scalar.
  if not hasattr(_np, _name):
D:\Project\AI Engineer\ePillID-benchmark-master\src\image_augmentators.py:7: FutureWarning: In the future `np.str` will be defined as the corresponding NumPy scalar.
  if not hasattr(_np, _name):
D:\Project\AI Engineer\ePillID-benchmark-master\src\image_augmentators.py:7: FutureWarning: In the future `np.bool` will be defined as the corresponding NumPy scalar.
  if not hasattr(_np, _name):
D:\Project\AI Engineer\ePillID-benchmark-master\src\image_augmentators.py:7: FutureWarning: In the future `np.object` will be defined as the corresponding NumPy scalar.
  if not hasattr(_np, _name):
D:\Project\AI Engineer\ePillID-benchmark-master\src\image_augmentators.py:7: FutureWarning: In the future `np.str` will be defined as the corresponding NumPy scalar.
  if not hasattr(_np, _name):
D:\Project\AI Engineer\ePillID-benchmark-master\src\image_augmentators.py:7: FutureWarning: In the future `np.bool` will be defined as the corresponding NumPy scalar.
  if not hasattr(_np, _name):
D:\Project\AI Engineer\ePillID-benchmark-master\src\image_augmentators.py:7: FutureWarning: In the future `np.object` will be defined as the corresponding NumPy scalar.
  if not hasattr(_np, _name):
D:\Project\AI Engineer\ePillID-benchmark-master\src\image_augmentators.py:7: FutureWarning: In the future `np.str` will be defined as the corresponding NumPy scalar.
  if not hasattr(_np, _name):
D:\Project\AI Engineer\ePillID-benchmark-master\src\image_augmentators.py:7: FutureWarning: In the future `np.bool` will be defined as the corresponding NumPy scalar.
  if not hasattr(_np, _name):
D:\Project\AI Engineer\ePillID-benchmark-master\src\image_augmentators.py:7: FutureWarning: In the future `np.object` will be defined as the corresponding NumPy scalar.
  if not hasattr(_np, _name):
D:\Project\AI Engineer\ePillID-benchmark-master\src\image_augmentators.py:7: FutureWarning: In the future `np.str` will be defined as the corresponding NumPy scalar.
  if not hasattr(_np, _name):
D:\Project\AI Engineer\ePillID-benchmark-master\src\image_augmentators.py:7: FutureWarning: In the future `np.bool` will be defined as the corresponding NumPy scalar.
  if not hasattr(_np, _name):
D:\Project\AI Engineer\ePillID-benchmark-master\src\image_augmentators.py:7: FutureWarning: In the future `np.object` will be defined as the corresponding NumPy scalar.
  if not hasattr(_np, _name):
D:\Project\AI Engineer\ePillID-benchmark-master\src\image_augmentators.py:7: FutureWarning: In the future `np.str` will be defined as the corresponding NumPy scalar.
  if not hasattr(_np, _name):
D:\Project\AI Engineer\ePillID-benchmark-master\src\image_augmentators.py:7: FutureWarning: In the future `np.bool` will be defined as the corresponding NumPy scalar.
  if not hasattr(_np, _name):
D:\Project\AI Engineer\ePillID-benchmark-master\src\image_augmentators.py:7: FutureWarning: In the future `np.object` will be defined as the corresponding NumPy scalar.
  if not hasattr(_np, _name):
D:\Project\AI Engineer\ePillID-benchmark-master\src\image_augmentators.py:7: FutureWarning: In the future `np.str` will be defined as the corresponding NumPy scalar.
  if not hasattr(_np, _name):
D:\Project\AI Engineer\ePillID-benchmark-master\src\image_augmentators.py:7: FutureWarning: In the future `np.bool` will be defined as the corresponding NumPy scalar.
  if not hasattr(_np, _name):
D:\Project\AI Engineer\ePillID-benchmark-master\src\image_augmentators.py:7: FutureWarning: In the future `np.object` will be defined as the corresponding NumPy scalar.
  if not hasattr(_np, _name):
D:\Project\AI Engineer\ePillID-benchmark-master\src\image_augmentators.py:7: FutureWarning: In the future `np.str` will be defined as the corresponding NumPy scalar.
  if not hasattr(_np, _name):
D:\Project\AI Engineer\ePillID-benchmark-master\src\image_augmentators.py:7: FutureWarning: In the future `np.bool` will be defined as the corresponding NumPy scalar.
  if not hasattr(_np, _name):
D:\Project\AI Engineer\ePillID-benchmark-master\src\image_augmentators.py:7: FutureWarning: In the future `np.object` will be defined as the corresponding NumPy scalar.
  if not hasattr(_np, _name):
D:\Project\AI Engineer\ePillID-benchmark-master\src\image_augmentators.py:7: FutureWarning: In the future `np.str` will be defined as the corresponding NumPy scalar.
  if not hasattr(_np, _name):
D:\Project\AI Engineer\ePillID-benchmark-master\src\image_augmentators.py:7: FutureWarning: In the future `np.bool` will be defined as the corresponding NumPy scalar.
  if not hasattr(_np, _name):
D:\Project\AI Engineer\ePillID-benchmark-master\src\image_augmentators.py:7: FutureWarning: In the future `np.object` will be defined as the corresponding NumPy scalar.
  if not hasattr(_np, _name):
D:\Project\AI Engineer\ePillID-benchmark-master\src\image_augmentators.py:7: FutureWarning: In the future `np.str` will be defined as the corresponding NumPy scalar.
  if not hasattr(_np, _name):
D:\Project\AI Engineer\ePillID-benchmark-master\src\image_augmentators.py:7: FutureWarning: In the future `np.bool` will be defined as the corresponding NumPy scalar.
  if not hasattr(_np, _name):
D:\Project\AI Engineer\ePillID-benchmark-master\src\image_augmentators.py:7: FutureWarning: In the future `np.object` will be defined as the corresponding NumPy scalar.
  if not hasattr(_np, _name):
D:\Project\AI Engineer\ePillID-benchmark-master\src\image_augmentators.py:7: FutureWarning: In the future `np.str` will be defined as the corresponding NumPy scalar.
  if not hasattr(_np, _name):
D:\Project\AI Engineer\ePillID-benchmark-master\src\image_augmentators.py:7: FutureWarning: In the future `np.bool` will be defined as the corresponding NumPy scalar.
  if not hasattr(_np, _name):
D:\Project\AI Engineer\ePillID-benchmark-master\src\image_augmentators.py:7: FutureWarning: In the future `np.object` will be defined as the corresponding NumPy scalar.
  if not hasattr(_np, _name):
D:\Project\AI Engineer\ePillID-benchmark-master\src\image_augmentators.py:7: FutureWarning: In the future `np.str` will be defined as the corresponding NumPy scalar.
  if not hasattr(_np, _name):
D:\Project\AI Engineer\ePillID-benchmark-master\src\image_augmentators.py:7: FutureWarning: In the future `np.bool` will be defined as the corresponding NumPy scalar.
  if not hasattr(_np, _name):
D:\Project\AI Engineer\ePillID-benchmark-master\src\image_augmentators.py:7: FutureWarning: In the future `np.object` will be defined as the corresponding NumPy scalar.
  if not hasattr(_np, _name):
D:\Project\AI Engineer\ePillID-benchmark-master\src\image_augmentators.py:7: FutureWarning: In the future `np.str` will be defined as the corresponding NumPy scalar.
  if not hasattr(_np, _name):
D:\Project\AI Engineer\ePillID-benchmark-master\src\image_augmentators.py:7: FutureWarning: In the future `np.bool` will be defined as the corresponding NumPy scalar.
  if not hasattr(_np, _name):
D:\Project\AI Engineer\ePillID-benchmark-master\src\image_augmentators.py:7: FutureWarning: In the future `np.object` will be defined as the corresponding NumPy scalar.
  if not hasattr(_np, _name):
D:\Project\AI Engineer\ePillID-benchmark-master\src\image_augmentators.py:7: FutureWarning: In the future `np.str` will be defined as the corresponding NumPy scalar.
  if not hasattr(_np, _name):
D:\Project\AI Engineer\ePillID-benchmark-master\src\image_augmentators.py:7: FutureWarning: In the future `np.bool` will be defined as the corresponding NumPy scalar.
  if not hasattr(_np, _name):
D:\Project\AI Engineer\ePillID-benchmark-master\src\image_augmentators.py:7: FutureWarning: In the future `np.object` will be defined as the corresponding NumPy scalar.
  if not hasattr(_np, _name):
D:\Project\AI Engineer\ePillID-benchmark-master\src\image_augmentators.py:7: FutureWarning: In the future `np.str` will be defined as the corresponding NumPy scalar.
  if not hasattr(_np, _name):
D:\Project\AI Engineer\ePillID-benchmark-master\src\image_augmentators.py:7: FutureWarning: In the future `np.bool` will be defined as the corresponding NumPy scalar.
  if not hasattr(_np, _name):
D:\Project\AI Engineer\ePillID-benchmark-master\src\image_augmentators.py:7: FutureWarning: In the future `np.object` will be defined as the corresponding NumPy scalar.
  if not hasattr(_np, _name):
D:\Project\AI Engineer\ePillID-benchmark-master\src\image_augmentators.py:7: FutureWarning: In the future `np.str` will be defined as the corresponding NumPy scalar.
  if not hasattr(_np, _name):
D:\Project\AI Engineer\ePillID-benchmark-master\src\image_augmentators.py:7: FutureWarning: In the future `np.bool` will be defined as the corresponding NumPy scalar.
  if not hasattr(_np, _name):
D:\Project\AI Engineer\ePillID-benchmark-master\src\image_augmentators.py:7: FutureWarning: In the future `np.object` will be defined as the corresponding NumPy scalar.
  if not hasattr(_np, _name):
D:\Project\AI Engineer\ePillID-benchmark-master\src\image_augmentators.py:7: FutureWarning: In the future `np.str` will be defined as the corresponding NumPy scalar.
  if not hasattr(_np, _name):
D:\Project\AI Engineer\ePillID-benchmark-master\src\image_augmentators.py:7: FutureWarning: In the future `np.bool` will be defined as the corresponding NumPy scalar.
  if not hasattr(_np, _name):
D:\Project\AI Engineer\ePillID-benchmark-master\src\image_augmentators.py:7: FutureWarning: In the future `np.object` will be defined as the corresponding NumPy scalar.
  if not hasattr(_np, _name):
D:\Project\AI Engineer\ePillID-benchmark-master\src\image_augmentators.py:7: FutureWarning: In the future `np.str` will be defined as the corresponding NumPy scalar.
  if not hasattr(_np, _name):
D:\Project\AI Engineer\ePillID-benchmark-master\src\image_augmentators.py:7: FutureWarning: In the future `np.bool` will be defined as the corresponding NumPy scalar.
  if not hasattr(_np, _name):
D:\Project\AI Engineer\ePillID-benchmark-master\src\image_augmentators.py:7: FutureWarning: In the future `np.object` will be defined as the corresponding NumPy scalar.
  if not hasattr(_np, _name):
D:\Project\AI Engineer\ePillID-benchmark-master\src\image_augmentators.py:7: FutureWarning: In the future `np.str` will be defined as the corresponding NumPy scalar.
  if not hasattr(_np, _name):
D:\Project\AI Engineer\ePillID-benchmark-master\src\image_augmentators.py:7: FutureWarning: In the future `np.bool` will be defined as the corresponding NumPy scalar.
  if not hasattr(_np, _name):
D:\Project\AI Engineer\ePillID-benchmark-master\src\image_augmentators.py:7: FutureWarning: In the future `np.object` will be defined as the corresponding NumPy scalar.
  if not hasattr(_np, _name):
D:\Project\AI Engineer\ePillID-benchmark-master\src\image_augmentators.py:7: FutureWarning: In the future `np.str` will be defined as the corresponding NumPy scalar.
  if not hasattr(_np, _name):
D:\Project\AI Engineer\ePillID-benchmark-master\src\image_augmentators.py:7: FutureWarning: In the future `np.bool` will be defined as the corresponding NumPy scalar.
  if not hasattr(_np, _name):
D:\Project\AI Engineer\ePillID-benchmark-master\src\image_augmentators.py:7: FutureWarning: In the future `np.object` will be defined as the corresponding NumPy scalar.
  if not hasattr(_np, _name):
D:\Project\AI Engineer\ePillID-benchmark-master\src\image_augmentators.py:7: FutureWarning: In the future `np.str` will be defined as the corresponding NumPy scalar.
  if not hasattr(_np, _name):
D:\Project\AI Engineer\ePillID-benchmark-master\src\image_augmentators.py:7: FutureWarning: In the future `np.bool` will be defined as the corresponding NumPy scalar.
  if not hasattr(_np, _name):
D:\Project\AI Engineer\ePillID-benchmark-master\src\image_augmentators.py:7: FutureWarning: In the future `np.object` will be defined as the corresponding NumPy scalar.
  if not hasattr(_np, _name):
D:\Project\AI Engineer\ePillID-benchmark-master\src\image_augmentators.py:7: FutureWarning: In the future `np.str` will be defined as the corresponding NumPy scalar.
  if not hasattr(_np, _name):
D:\Project\AI Engineer\ePillID-benchmark-master\src\image_augmentators.py:7: FutureWarning: In the future `np.bool` will be defined as the corresponding NumPy scalar.
  if not hasattr(_np, _name):
D:\Project\AI Engineer\ePillID-benchmark-master\src\image_augmentators.py:7: FutureWarning: In the future `np.object` will be defined as the corresponding NumPy scalar.
  if not hasattr(_np, _name):
D:\Project\AI Engineer\ePillID-benchmark-master\src\image_augmentators.py:7: FutureWarning: In the future `np.str` will be defined as the corresponding NumPy scalar.
  if not hasattr(_np, _name):
D:\Project\AI Engineer\ePillID-benchmark-master\src\image_augmentators.py:7: FutureWarning: In the future `np.bool` will be defined as the corresponding NumPy scalar.
  if not hasattr(_np, _name):
D:\Project\AI Engineer\ePillID-benchmark-master\src\image_augmentators.py:7: FutureWarning: In the future `np.object` will be defined as the corresponding NumPy scalar.
  if not hasattr(_np, _name):
D:\Project\AI Engineer\ePillID-benchmark-master\src\image_augmentators.py:7: FutureWarning: In the future `np.str` will be defined as the corresponding NumPy scalar.
  if not hasattr(_np, _name):
D:\Project\AI Engineer\ePillID-benchmark-master\src\image_augmentators.py:7: FutureWarning: In the future `np.bool` will be defined as the corresponding NumPy scalar.
  if not hasattr(_np, _name):
D:\Project\AI Engineer\ePillID-benchmark-master\src\image_augmentators.py:7: FutureWarning: In the future `np.object` will be defined as the corresponding NumPy scalar.
  if not hasattr(_np, _name):
D:\Project\AI Engineer\ePillID-benchmark-master\src\image_augmentators.py:7: FutureWarning: In the future `np.str` will be defined as the corresponding NumPy scalar.
  if not hasattr(_np, _name):
D:\Project\AI Engineer\ePillID-benchmark-master\src\image_augmentators.py:7: FutureWarning: In the future `np.bool` will be defined as the corresponding NumPy scalar.
  if not hasattr(_np, _name):
D:\Project\AI Engineer\ePillID-benchmark-master\src\image_augmentators.py:7: FutureWarning: In the future `np.object` will be defined as the corresponding NumPy scalar.
  if not hasattr(_np, _name):
D:\Project\AI Engineer\ePillID-benchmark-master\src\image_augmentators.py:7: FutureWarning: In the future `np.str` will be defined as the corresponding NumPy scalar.
  if not hasattr(_np, _name):
D:\Project\AI Engineer\ePillID-benchmark-master\src\image_augmentators.py:7: FutureWarning: In the future `np.bool` will be defined as the corresponding NumPy scalar.
  if not hasattr(_np, _name):
D:\Project\AI Engineer\ePillID-benchmark-master\src\image_augmentators.py:7: FutureWarning: In the future `np.object` will be defined as the corresponding NumPy scalar.
  if not hasattr(_np, _name):
D:\Project\AI Engineer\ePillID-benchmark-master\src\image_augmentators.py:7: FutureWarning: In the future `np.str` will be defined as the corresponding NumPy scalar.
  if not hasattr(_np, _name):
D:\Project\AI Engineer\ePillID-benchmark-master\src\image_augmentators.py:7: FutureWarning: In the future `np.bool` will be defined as the corresponding NumPy scalar.
  if not hasattr(_np, _name):
D:\Project\AI Engineer\ePillID-benchmark-master\src\image_augmentators.py:7: FutureWarning: In the future `np.object` will be defined as the corresponding NumPy scalar.
  if not hasattr(_np, _name):
D:\Project\AI Engineer\ePillID-benchmark-master\src\image_augmentators.py:7: FutureWarning: In the future `np.str` will be defined as the corresponding NumPy scalar.
  if not hasattr(_np, _name):
D:\Project\AI Engineer\ePillID-benchmark-master\src\image_augmentators.py:7: FutureWarning: In the future `np.bool` will be defined as the corresponding NumPy scalar.
  if not hasattr(_np, _name):
D:\Project\AI Engineer\ePillID-benchmark-master\src\image_augmentators.py:7: FutureWarning: In the future `np.object` will be defined as the corresponding NumPy scalar.
  if not hasattr(_np, _name):
D:\Project\AI Engineer\ePillID-benchmark-master\src\image_augmentators.py:7: FutureWarning: In the future `np.str` will be defined as the corresponding NumPy scalar.
  if not hasattr(_np, _name):
D:\Project\AI Engineer\ePillID-benchmark-master\src\image_augmentators.py:7: FutureWarning: In the future `np.bool` will be defined as the corresponding NumPy scalar.
  if not hasattr(_np, _name):
D:\Project\AI Engineer\ePillID-benchmark-master\src\image_augmentators.py:7: FutureWarning: In the future `np.object` will be defined as the corresponding NumPy scalar.
  if not hasattr(_np, _name):
D:\Project\AI Engineer\ePillID-benchmark-master\src\image_augmentators.py:7: FutureWarning: In the future `np.str` will be defined as the corresponding NumPy scalar.
  if not hasattr(_np, _name):
D:\Project\AI Engineer\ePillID-benchmark-master\src\image_augmentators.py:7: FutureWarning: In the future `np.bool` will be defined as the corresponding NumPy scalar.
  if not hasattr(_np, _name):
D:\Project\AI Engineer\ePillID-benchmark-master\src\image_augmentators.py:7: FutureWarning: In the future `np.object` will be defined as the corresponding NumPy scalar.
  if not hasattr(_np, _name):
D:\Project\AI Engineer\ePillID-benchmark-master\src\image_augmentators.py:7: FutureWarning: In the future `np.str` will be defined as the corresponding NumPy scalar.
  if not hasattr(_np, _name):
D:\Project\AI Engineer\ePillID-benchmark-master\src\image_augmentators.py:7: FutureWarning: In the future `np.bool` will be defined as the corresponding NumPy scalar.
  if not hasattr(_np, _name):
D:\Project\AI Engineer\ePillID-benchmark-master\src\image_augmentators.py:7: FutureWarning: In the future `np.object` will be defined as the corresponding NumPy scalar.
  if not hasattr(_np, _name):
D:\Project\AI Engineer\ePillID-benchmark-master\src\image_augmentators.py:7: FutureWarning: In the future `np.str` will be defined as the corresponding NumPy scalar.
  if not hasattr(_np, _name):
D:\Project\AI Engineer\ePillID-benchmark-master\src\image_augmentators.py:7: FutureWarning: In the future `np.bool` will be defined as the corresponding NumPy scalar.
  if not hasattr(_np, _name):
D:\Project\AI Engineer\ePillID-benchmark-master\src\image_augmentators.py:7: FutureWarning: In the future `np.object` will be defined as the corresponding NumPy scalar.
  if not hasattr(_np, _name):
D:\Project\AI Engineer\ePillID-benchmark-master\src\image_augmentators.py:7: FutureWarning: In the future `np.str` will be defined as the corresponding NumPy scalar.
  if not hasattr(_np, _name):
D:\Project\AI Engineer\ePillID-benchmark-master\src\image_augmentators.py:7: FutureWarning: In the future `np.bool` will be defined as the corresponding NumPy scalar.
  if not hasattr(_np, _name):
D:\Project\AI Engineer\ePillID-benchmark-master\src\image_augmentators.py:7: FutureWarning: In the future `np.object` will be defined as the corresponding NumPy scalar.
  if not hasattr(_np, _name):
D:\Project\AI Engineer\ePillID-benchmark-master\src\image_augmentators.py:7: FutureWarning: In the future `np.str` will be defined as the corresponding NumPy scalar.
  if not hasattr(_np, _name):
D:\Project\AI Engineer\ePillID-benchmark-master\src\image_augmentators.py:7: FutureWarning: In the future `np.bool` will be defined as the corresponding NumPy scalar.
  if not hasattr(_np, _name):
D:\Project\AI Engineer\ePillID-benchmark-master\src\image_augmentators.py:7: FutureWarning: In the future `np.object` will be defined as the corresponding NumPy scalar.
  if not hasattr(_np, _name):
D:\Project\AI Engineer\ePillID-benchmark-master\src\image_augmentators.py:7: FutureWarning: In the future `np.str` will be defined as the corresponding NumPy scalar.
  if not hasattr(_np, _name):
D:\Project\AI Engineer\ePillID-benchmark-master\src\image_augmentators.py:7: FutureWarning: In the future `np.bool` will be defined as the corresponding NumPy scalar.
  if not hasattr(_np, _name):
D:\Project\AI Engineer\ePillID-benchmark-master\src\image_augmentators.py:7: FutureWarning: In the future `np.object` will be defined as the corresponding NumPy scalar.
  if not hasattr(_np, _name):
D:\Project\AI Engineer\ePillID-benchmark-master\src\image_augmentators.py:7: FutureWarning: In the future `np.str` will be defined as the corresponding NumPy scalar.
  if not hasattr(_np, _name):
D:\Project\AI Engineer\ePillID-benchmark-master\src\image_augmentators.py:7: FutureWarning: In the future `np.bool` will be defined as the corresponding NumPy scalar.
  if not hasattr(_np, _name):
D:\Project\AI Engineer\ePillID-benchmark-master\src\image_augmentators.py:7: FutureWarning: In the future `np.object` will be defined as the corresponding NumPy scalar.
  if not hasattr(_np, _name):
D:\Project\AI Engineer\ePillID-benchmark-master\src\image_augmentators.py:7: FutureWarning: In the future `np.str` will be defined as the corresponding NumPy scalar.
  if not hasattr(_np, _name):
D:\Project\AI Engineer\ePillID-benchmark-master\src\image_augmentators.py:7: FutureWarning: In the future `np.bool` will be defined as the corresponding NumPy scalar.
  if not hasattr(_np, _name):
D:\Project\AI Engineer\ePillID-benchmark-master\src\image_augmentators.py:7: FutureWarning: In the future `np.object` will be defined as the corresponding NumPy scalar.
  if not hasattr(_np, _name):
D:\Project\AI Engineer\ePillID-benchmark-master\src\image_augmentators.py:7: FutureWarning: In the future `np.str` will be defined as the corresponding NumPy scalar.
  if not hasattr(_np, _name):
D:\Project\AI Engineer\ePillID-benchmark-master\src\image_augmentators.py:7: FutureWarning: In the future `np.bool` will be defined as the corresponding NumPy scalar.
  if not hasattr(_np, _name):
D:\Project\AI Engineer\ePillID-benchmark-master\src\image_augmentators.py:7: FutureWarning: In the future `np.object` will be defined as the corresponding NumPy scalar.
  if not hasattr(_np, _name):
D:\Project\AI Engineer\ePillID-benchmark-master\src\image_augmentators.py:7: FutureWarning: In the future `np.str` will be defined as the corresponding NumPy scalar.
  if not hasattr(_np, _name):
D:\Project\AI Engineer\ePillID-benchmark-master\src\image_augmentators.py:7: FutureWarning: In the future `np.bool` will be defined as the corresponding NumPy scalar.
  if not hasattr(_np, _name):
D:\Project\AI Engineer\ePillID-benchmark-master\src\image_augmentators.py:7: FutureWarning: In the future `np.object` will be defined as the corresponding NumPy scalar.
  if not hasattr(_np, _name):
D:\Project\AI Engineer\ePillID-benchmark-master\src\image_augmentators.py:7: FutureWarning: In the future `np.str` will be defined as the corresponding NumPy scalar.
  if not hasattr(_np, _name):
D:\Project\AI Engineer\ePillID-benchmark-master\src\image_augmentators.py:7: FutureWarning: In the future `np.bool` will be defined as the corresponding NumPy scalar.
  if not hasattr(_np, _name):
D:\Project\AI Engineer\ePillID-benchmark-master\src\image_augmentators.py:7: FutureWarning: In the future `np.object` will be defined as the corresponding NumPy scalar.
  if not hasattr(_np, _name):
D:\Project\AI Engineer\ePillID-benchmark-master\src\image_augmentators.py:7: FutureWarning: In the future `np.str` will be defined as the corresponding NumPy scalar.
  if not hasattr(_np, _name):
D:\Project\AI Engineer\ePillID-benchmark-master\src\image_augmentators.py:7: FutureWarning: In the future `np.bool` will be defined as the corresponding NumPy scalar.
  if not hasattr(_np, _name):
D:\Project\AI Engineer\ePillID-benchmark-master\src\image_augmentators.py:7: FutureWarning: In the future `np.object` will be defined as the corresponding NumPy scalar.
  if not hasattr(_np, _name):
D:\Project\AI Engineer\ePillID-benchmark-master\src\image_augmentators.py:7: FutureWarning: In the future `np.str` will be defined as the corresponding NumPy scalar.
  if not hasattr(_np, _name):
D:\Project\AI Engineer\ePillID-benchmark-master\src\image_augmentators.py:7: FutureWarning: In the future `np.bool` will be defined as the corresponding NumPy scalar.
  if not hasattr(_np, _name):
D:\Project\AI Engineer\ePillID-benchmark-master\src\image_augmentators.py:7: FutureWarning: In the future `np.object` will be defined as the corresponding NumPy scalar.
  if not hasattr(_np, _name):
D:\Project\AI Engineer\ePillID-benchmark-master\src\image_augmentators.py:7: FutureWarning: In the future `np.str` will be defined as the corresponding NumPy scalar.
  if not hasattr(_np, _name):
D:\Project\AI Engineer\ePillID-benchmark-master\src\image_augmentators.py:7: FutureWarning: In the future `np.bool` will be defined as the corresponding NumPy scalar.
  if not hasattr(_np, _name):
D:\Project\AI Engineer\ePillID-benchmark-master\src\image_augmentators.py:7: FutureWarning: In the future `np.object` will be defined as the corresponding NumPy scalar.
  if not hasattr(_np, _name):
D:\Project\AI Engineer\ePillID-benchmark-master\src\image_augmentators.py:7: FutureWarning: In the future `np.str` will be defined as the corresponding NumPy scalar.
  if not hasattr(_np, _name):
D:\Project\AI Engineer\ePillID-benchmark-master\src\image_augmentators.py:7: FutureWarning: In the future `np.bool` will be defined as the corresponding NumPy scalar.
  if not hasattr(_np, _name):
D:\Project\AI Engineer\ePillID-benchmark-master\src\image_augmentators.py:7: FutureWarning: In the future `np.object` will be defined as the corresponding NumPy scalar.
  if not hasattr(_np, _name):
D:\Project\AI Engineer\ePillID-benchmark-master\src\image_augmentators.py:7: FutureWarning: In the future `np.str` will be defined as the corresponding NumPy scalar.
  if not hasattr(_np, _name):
D:\Project\AI Engineer\ePillID-benchmark-master\src\image_augmentators.py:7: FutureWarning: In the future `np.bool` will be defined as the corresponding NumPy scalar.
  if not hasattr(_np, _name):
D:\Project\AI Engineer\ePillID-benchmark-master\src\image_augmentators.py:7: FutureWarning: In the future `np.object` will be defined as the corresponding NumPy scalar.
  if not hasattr(_np, _name):
D:\Project\AI Engineer\ePillID-benchmark-master\src\image_augmentators.py:7: FutureWarning: In the future `np.str` will be defined as the corresponding NumPy scalar.
  if not hasattr(_np, _name):
D:\Project\AI Engineer\ePillID-benchmark-master\src\image_augmentators.py:7: FutureWarning: In the future `np.bool` will be defined as the corresponding NumPy scalar.
  if not hasattr(_np, _name):
D:\Project\AI Engineer\ePillID-benchmark-master\src\image_augmentators.py:7: FutureWarning: In the future `np.object` will be defined as the corresponding NumPy scalar.
  if not hasattr(_np, _name):
D:\Project\AI Engineer\ePillID-benchmark-master\src\image_augmentators.py:7: FutureWarning: In the future `np.str` will be defined as the corresponding NumPy scalar.
  if not hasattr(_np, _name):
D:\Project\AI Engineer\ePillID-benchmark-master\src\image_augmentators.py:7: FutureWarning: In the future `np.bool` will be defined as the corresponding NumPy scalar.
  if not hasattr(_np, _name):
D:\Project\AI Engineer\ePillID-benchmark-master\src\image_augmentators.py:7: FutureWarning: In the future `np.object` will be defined as the corresponding NumPy scalar.
  if not hasattr(_np, _name):
D:\Project\AI Engineer\ePillID-benchmark-master\src\image_augmentators.py:7: FutureWarning: In the future `np.str` will be defined as the corresponding NumPy scalar.
  if not hasattr(_np, _name):
D:\Project\AI Engineer\ePillID-benchmark-master\src\image_augmentators.py:7: FutureWarning: In the future `np.bool` will be defined as the corresponding NumPy scalar.
  if not hasattr(_np, _name):
D:\Project\AI Engineer\ePillID-benchmark-master\src\image_augmentators.py:7: FutureWarning: In the future `np.object` will be defined as the corresponding NumPy scalar.
  if not hasattr(_np, _name):
D:\Project\AI Engineer\ePillID-benchmark-master\src\image_augmentators.py:7: FutureWarning: In the future `np.str` will be defined as the corresponding NumPy scalar.
  if not hasattr(_np, _name):
D:\Project\AI Engineer\ePillID-benchmark-master\src\image_augmentators.py:7: FutureWarning: In the future `np.bool` will be defined as the corresponding NumPy scalar.
  if not hasattr(_np, _name):
D:\Project\AI Engineer\ePillID-benchmark-master\src\image_augmentators.py:7: FutureWarning: In the future `np.object` will be defined as the corresponding NumPy scalar.
  if not hasattr(_np, _name):
D:\Project\AI Engineer\ePillID-benchmark-master\src\image_augmentators.py:7: FutureWarning: In the future `np.str` will be defined as the corresponding NumPy scalar.
  if not hasattr(_np, _name):
D:\Project\AI Engineer\ePillID-benchmark-master\src\image_augmentators.py:7: FutureWarning: In the future `np.bool` will be defined as the corresponding NumPy scalar.
  if not hasattr(_np, _name):
D:\Project\AI Engineer\ePillID-benchmark-master\src\image_augmentators.py:7: FutureWarning: In the future `np.object` will be defined as the corresponding NumPy scalar.
  if not hasattr(_np, _name):
D:\Project\AI Engineer\ePillID-benchmark-master\src\image_augmentators.py:7: FutureWarning: In the future `np.str` will be defined as the corresponding NumPy scalar.
  if not hasattr(_np, _name):
D:\Project\AI Engineer\ePillID-benchmark-master\src\image_augmentators.py:7: FutureWarning: In the future `np.bool` will be defined as the corresponding NumPy scalar.
  if not hasattr(_np, _name):
D:\Project\AI Engineer\ePillID-benchmark-master\src\image_augmentators.py:7: FutureWarning: In the future `np.object` will be defined as the corresponding NumPy scalar.
  if not hasattr(_np, _name):
D:\Project\AI Engineer\ePillID-benchmark-master\src\image_augmentators.py:7: FutureWarning: In the future `np.str` will be defined as the corresponding NumPy scalar.
  if not hasattr(_np, _name):
D:\Project\AI Engineer\ePillID-benchmark-master\src\image_augmentators.py:7: FutureWarning: In the future `np.bool` will be defined as the corresponding NumPy scalar.
  if not hasattr(_np, _name):
D:\Project\AI Engineer\ePillID-benchmark-master\src\image_augmentators.py:7: FutureWarning: In the future `np.object` will be defined as the corresponding NumPy scalar.
  if not hasattr(_np, _name):
D:\Project\AI Engineer\ePillID-benchmark-master\src\image_augmentators.py:7: FutureWarning: In the future `np.str` will be defined as the corresponding NumPy scalar.
  if not hasattr(_np, _name):
D:\Project\AI Engineer\ePillID-benchmark-master\src\image_augmentators.py:7: FutureWarning: In the future `np.bool` will be defined as the corresponding NumPy scalar.
  if not hasattr(_np, _name):
D:\Project\AI Engineer\ePillID-benchmark-master\src\image_augmentators.py:7: FutureWarning: In the future `np.object` will be defined as the corresponding NumPy scalar.
  if not hasattr(_np, _name):
D:\Project\AI Engineer\ePillID-benchmark-master\src\image_augmentators.py:7: FutureWarning: In the future `np.str` will be defined as the corresponding NumPy scalar.
  if not hasattr(_np, _name):
D:\Project\AI Engineer\ePillID-benchmark-master\src\image_augmentators.py:7: FutureWarning: In the future `np.bool` will be defined as the corresponding NumPy scalar.
  if not hasattr(_np, _name):
D:\Project\AI Engineer\ePillID-benchmark-master\src\image_augmentators.py:7: FutureWarning: In the future `np.object` will be defined as the corresponding NumPy scalar.
  if not hasattr(_np, _name):
D:\Project\AI Engineer\ePillID-benchmark-master\src\image_augmentators.py:7: FutureWarning: In the future `np.str` will be defined as the corresponding NumPy scalar.
  if not hasattr(_np, _name):
D:\Project\AI Engineer\ePillID-benchmark-master\src\image_augmentators.py:7: FutureWarning: In the future `np.bool` will be defined as the corresponding NumPy scalar.
  if not hasattr(_np, _name):
D:\Project\AI Engineer\ePillID-benchmark-master\src\image_augmentators.py:7: FutureWarning: In the future `np.object` will be defined as the corresponding NumPy scalar.
  if not hasattr(_np, _name):
D:\Project\AI Engineer\ePillID-benchmark-master\src\image_augmentators.py:7: FutureWarning: In the future `np.str` will be defined as the corresponding NumPy scalar.
  if not hasattr(_np, _name):
D:\Project\AI Engineer\ePillID-benchmark-master\src\image_augmentators.py:7: FutureWarning: In the future `np.bool` will be defined as the corresponding NumPy scalar.
  if not hasattr(_np, _name):
D:\Project\AI Engineer\ePillID-benchmark-master\src\image_augmentators.py:7: FutureWarning: In the future `np.object` will be defined as the corresponding NumPy scalar.
  if not hasattr(_np, _name):
D:\Project\AI Engineer\ePillID-benchmark-master\src\image_augmentators.py:7: FutureWarning: In the future `np.str` will be defined as the corresponding NumPy scalar.
  if not hasattr(_np, _name):
D:\Project\AI Engineer\ePillID-benchmark-master\src\image_augmentators.py:7: FutureWarning: In the future `np.bool` will be defined as the corresponding NumPy scalar.
  if not hasattr(_np, _name):
D:\Project\AI Engineer\ePillID-benchmark-master\src\image_augmentators.py:7: FutureWarning: In the future `np.object` will be defined as the corresponding NumPy scalar.
  if not hasattr(_np, _name):
D:\Project\AI Engineer\ePillID-benchmark-master\src\image_augmentators.py:7: FutureWarning: In the future `np.str` will be defined as the corresponding NumPy scalar.
  if not hasattr(_np, _name):
D:\Project\AI Engineer\ePillID-benchmark-master\src\image_augmentators.py:7: FutureWarning: In the future `np.bool` will be defined as the corresponding NumPy scalar.
  if not hasattr(_np, _name):
D:\Project\AI Engineer\ePillID-benchmark-master\src\image_augmentators.py:7: FutureWarning: In the future `np.object` will be defined as the corresponding NumPy scalar.
  if not hasattr(_np, _name):
D:\Project\AI Engineer\ePillID-benchmark-master\src\image_augmentators.py:7: FutureWarning: In the future `np.str` will be defined as the corresponding NumPy scalar.
  if not hasattr(_np, _name):
D:\Project\AI Engineer\ePillID-benchmark-master\src\image_augmentators.py:7: FutureWarning: In the future `np.bool` will be defined as the corresponding NumPy scalar.
  if not hasattr(_np, _name):
D:\Project\AI Engineer\ePillID-benchmark-master\src\image_augmentators.py:7: FutureWarning: In the future `np.object` will be defined as the corresponding NumPy scalar.
  if not hasattr(_np, _name):
D:\Project\AI Engineer\ePillID-benchmark-master\src\image_augmentators.py:7: FutureWarning: In the future `np.str` will be defined as the corresponding NumPy scalar.
  if not hasattr(_np, _name):
D:\Project\AI Engineer\ePillID-benchmark-master\src\image_augmentators.py:7: FutureWarning: In the future `np.bool` will be defined as the corresponding NumPy scalar.
  if not hasattr(_np, _name):
D:\Project\AI Engineer\ePillID-benchmark-master\src\image_augmentators.py:7: FutureWarning: In the future `np.object` will be defined as the corresponding NumPy scalar.
  if not hasattr(_np, _name):
D:\Project\AI Engineer\ePillID-benchmark-master\src\image_augmentators.py:7: FutureWarning: In the future `np.str` will be defined as the corresponding NumPy scalar.
  if not hasattr(_np, _name):
D:\Project\AI Engineer\ePillID-benchmark-master\src\image_augmentators.py:7: FutureWarning: In the future `np.bool` will be defined as the corresponding NumPy scalar.
  if not hasattr(_np, _name):
D:\Project\AI Engineer\ePillID-benchmark-master\src\image_augmentators.py:7: FutureWarning: In the future `np.object` will be defined as the corresponding NumPy scalar.
  if not hasattr(_np, _name):
D:\Project\AI Engineer\ePillID-benchmark-master\src\image_augmentators.py:7: FutureWarning: In the future `np.str` will be defined as the corresponding NumPy scalar.
  if not hasattr(_np, _name):
D:\Project\AI Engineer\ePillID-benchmark-master\src\image_augmentators.py:7: FutureWarning: In the future `np.bool` will be defined as the corresponding NumPy scalar.
  if not hasattr(_np, _name):
D:\Project\AI Engineer\ePillID-benchmark-master\src\image_augmentators.py:7: FutureWarning: In the future `np.object` will be defined as the corresponding NumPy scalar.
  if not hasattr(_np, _name):
D:\Project\AI Engineer\ePillID-benchmark-master\src\image_augmentators.py:7: FutureWarning: In the future `np.str` will be defined as the corresponding NumPy scalar.
  if not hasattr(_np, _name):
D:\Project\AI Engineer\ePillID-benchmark-master\src\image_augmentators.py:7: FutureWarning: In the future `np.bool` will be defined as the corresponding NumPy scalar.
  if not hasattr(_np, _name):
D:\Project\AI Engineer\ePillID-benchmark-master\src\image_augmentators.py:7: FutureWarning: In the future `np.object` will be defined as the corresponding NumPy scalar.
  if not hasattr(_np, _name):
D:\Project\AI Engineer\ePillID-benchmark-master\src\image_augmentators.py:7: FutureWarning: In the future `np.str` will be defined as the corresponding NumPy scalar.
  if not hasattr(_np, _name):
D:\Project\AI Engineer\ePillID-benchmark-master\src\image_augmentators.py:7: FutureWarning: In the future `np.bool` will be defined as the corresponding NumPy scalar.
  if not hasattr(_np, _name):
D:\Project\AI Engineer\ePillID-benchmark-master\src\image_augmentators.py:7: FutureWarning: In the future `np.object` will be defined as the corresponding NumPy scalar.
  if not hasattr(_np, _name):
D:\Project\AI Engineer\ePillID-benchmark-master\src\image_augmentators.py:7: FutureWarning: In the future `np.str` will be defined as the corresponding NumPy scalar.
  if not hasattr(_np, _name):
D:\Project\AI Engineer\ePillID-benchmark-master\src\image_augmentators.py:7: FutureWarning: In the future `np.bool` will be defined as the corresponding NumPy scalar.
  if not hasattr(_np, _name):
D:\Project\AI Engineer\ePillID-benchmark-master\src\image_augmentators.py:7: FutureWarning: In the future `np.object` will be defined as the corresponding NumPy scalar.
  if not hasattr(_np, _name):
D:\Project\AI Engineer\ePillID-benchmark-master\src\image_augmentators.py:7: FutureWarning: In the future `np.str` will be defined as the corresponding NumPy scalar.
  if not hasattr(_np, _name):
D:\Project\AI Engineer\ePillID-benchmark-master\src\image_augmentators.py:7: FutureWarning: In the future `np.bool` will be defined as the corresponding NumPy scalar.
  if not hasattr(_np, _name):
D:\Project\AI Engineer\ePillID-benchmark-master\src\image_augmentators.py:7: FutureWarning: In the future `np.object` will be defined as the corresponding NumPy scalar.
  if not hasattr(_np, _name):
D:\Project\AI Engineer\ePillID-benchmark-master\src\image_augmentators.py:7: FutureWarning: In the future `np.str` will be defined as the corresponding NumPy scalar.
  if not hasattr(_np, _name):
D:\Project\AI Engineer\ePillID-benchmark-master\src\image_augmentators.py:7: FutureWarning: In the future `np.bool` will be defined as the corresponding NumPy scalar.
  if not hasattr(_np, _name):
D:\Project\AI Engineer\ePillID-benchmark-master\src\image_augmentators.py:7: FutureWarning: In the future `np.object` will be defined as the corresponding NumPy scalar.
  if not hasattr(_np, _name):
D:\Project\AI Engineer\ePillID-benchmark-master\src\image_augmentators.py:7: FutureWarning: In the future `np.str` will be defined as the corresponding NumPy scalar.
  if not hasattr(_np, _name):
D:\Project\AI Engineer\ePillID-benchmark-master\src\image_augmentators.py:7: FutureWarning: In the future `np.bool` will be defined as the corresponding NumPy scalar.
  if not hasattr(_np, _name):
D:\Project\AI Engineer\ePillID-benchmark-master\src\image_augmentators.py:7: FutureWarning: In the future `np.object` will be defined as the corresponding NumPy scalar.
  if not hasattr(_np, _name):
D:\Project\AI Engineer\ePillID-benchmark-master\src\image_augmentators.py:7: FutureWarning: In the future `np.str` will be defined as the corresponding NumPy scalar.
  if not hasattr(_np, _name):
D:\Project\AI Engineer\ePillID-benchmark-master\src\image_augmentators.py:7: FutureWarning: In the future `np.bool` will be defined as the corresponding NumPy scalar.
  if not hasattr(_np, _name):
D:\Project\AI Engineer\ePillID-benchmark-master\src\image_augmentators.py:7: FutureWarning: In the future `np.object` will be defined as the corresponding NumPy scalar.
  if not hasattr(_np, _name):
D:\Project\AI Engineer\ePillID-benchmark-master\src\image_augmentators.py:7: FutureWarning: In the future `np.str` will be defined as the corresponding NumPy scalar.
  if not hasattr(_np, _name):
D:\Project\AI Engineer\ePillID-benchmark-master\src\image_augmentators.py:7: FutureWarning: In the future `np.bool` will be defined as the corresponding NumPy scalar.
  if not hasattr(_np, _name):
D:\Project\AI Engineer\ePillID-benchmark-master\src\image_augmentators.py:7: FutureWarning: In the future `np.object` will be defined as the corresponding NumPy scalar.
  if not hasattr(_np, _name):
D:\Project\AI Engineer\ePillID-benchmark-master\src\image_augmentators.py:7: FutureWarning: In the future `np.str` will be defined as the corresponding NumPy scalar.
  if not hasattr(_np, _name):
D:\Project\AI Engineer\ePillID-benchmark-master\src\image_augmentators.py:7: FutureWarning: In the future `np.bool` will be defined as the corresponding NumPy scalar.
  if not hasattr(_np, _name):
D:\Project\AI Engineer\ePillID-benchmark-master\src\image_augmentators.py:7: FutureWarning: In the future `np.object` will be defined as the corresponding NumPy scalar.
  if not hasattr(_np, _name):
D:\Project\AI Engineer\ePillID-benchmark-master\src\image_augmentators.py:7: FutureWarning: In the future `np.str` will be defined as the corresponding NumPy scalar.
  if not hasattr(_np, _name):
D:\Project\AI Engineer\ePillID-benchmark-master\src\image_augmentators.py:7: FutureWarning: In the future `np.bool` will be defined as the corresponding NumPy scalar.
  if not hasattr(_np, _name):
D:\Project\AI Engineer\ePillID-benchmark-master\src\image_augmentators.py:7: FutureWarning: In the future `np.object` will be defined as the corresponding NumPy scalar.
  if not hasattr(_np, _name):
D:\Project\AI Engineer\ePillID-benchmark-master\src\image_augmentators.py:7: FutureWarning: In the future `np.str` will be defined as the corresponding NumPy scalar.
  if not hasattr(_np, _name):
D:\Project\AI Engineer\ePillID-benchmark-master\src\image_augmentators.py:7: FutureWarning: In the future `np.bool` will be defined as the corresponding NumPy scalar.
  if not hasattr(_np, _name):
D:\Project\AI Engineer\ePillID-benchmark-master\src\image_augmentators.py:7: FutureWarning: In the future `np.object` will be defined as the corresponding NumPy scalar.
  if not hasattr(_np, _name):
D:\Project\AI Engineer\ePillID-benchmark-master\src\image_augmentators.py:7: FutureWarning: In the future `np.str` will be defined as the corresponding NumPy scalar.
  if not hasattr(_np, _name):
D:\Project\AI Engineer\ePillID-benchmark-master\src\image_augmentators.py:7: FutureWarning: In the future `np.bool` will be defined as the corresponding NumPy scalar.
  if not hasattr(_np, _name):
D:\Project\AI Engineer\ePillID-benchmark-master\src\image_augmentators.py:7: FutureWarning: In the future `np.object` will be defined as the corresponding NumPy scalar.
  if not hasattr(_np, _name):
D:\Project\AI Engineer\ePillID-benchmark-master\src\image_augmentators.py:7: FutureWarning: In the future `np.str` will be defined as the corresponding NumPy scalar.
  if not hasattr(_np, _name):
D:\Project\AI Engineer\ePillID-benchmark-master\src\image_augmentators.py:7: FutureWarning: In the future `np.bool` will be defined as the corresponding NumPy scalar.
  if not hasattr(_np, _name):
D:\Project\AI Engineer\ePillID-benchmark-master\src\image_augmentators.py:7: FutureWarning: In the future `np.object` will be defined as the corresponding NumPy scalar.
  if not hasattr(_np, _name):
D:\Project\AI Engineer\ePillID-benchmark-master\src\image_augmentators.py:7: FutureWarning: In the future `np.str` will be defined as the corresponding NumPy scalar.
  if not hasattr(_np, _name):
D:\Project\AI Engineer\ePillID-benchmark-master\src\image_augmentators.py:7: FutureWarning: In the future `np.bool` will be defined as the corresponding NumPy scalar.
  if not hasattr(_np, _name):
D:\Project\AI Engineer\ePillID-benchmark-master\src\image_augmentators.py:7: FutureWarning: In the future `np.object` will be defined as the corresponding NumPy scalar.
  if not hasattr(_np, _name):
D:\Project\AI Engineer\ePillID-benchmark-master\src\image_augmentators.py:7: FutureWarning: In the future `np.str` will be defined as the corresponding NumPy scalar.
  if not hasattr(_np, _name):
D:\Project\AI Engineer\ePillID-benchmark-master\src\image_augmentators.py:7: FutureWarning: In the future `np.bool` will be defined as the corresponding NumPy scalar.
  if not hasattr(_np, _name):
D:\Project\AI Engineer\ePillID-benchmark-master\src\image_augmentators.py:7: FutureWarning: In the future `np.object` will be defined as the corresponding NumPy scalar.
  if not hasattr(_np, _name):
D:\Project\AI Engineer\ePillID-benchmark-master\src\image_augmentators.py:7: FutureWarning: In the future `np.str` will be defined as the corresponding NumPy scalar.
  if not hasattr(_np, _name):
D:\Project\AI Engineer\ePillID-benchmark-master\src\image_augmentators.py:7: FutureWarning: In the future `np.bool` will be defined as the corresponding NumPy scalar.
  if not hasattr(_np, _name):
D:\Project\AI Engineer\ePillID-benchmark-master\src\image_augmentators.py:7: FutureWarning: In the future `np.object` will be defined as the corresponding NumPy scalar.
  if not hasattr(_np, _name):
D:\Project\AI Engineer\ePillID-benchmark-master\src\image_augmentators.py:7: FutureWarning: In the future `np.str` will be defined as the corresponding NumPy scalar.
  if not hasattr(_np, _name):
D:\Project\AI Engineer\ePillID-benchmark-master\src\image_augmentators.py:7: FutureWarning: In the future `np.bool` will be defined as the corresponding NumPy scalar.
  if not hasattr(_np, _name):
D:\Project\AI Engineer\ePillID-benchmark-master\src\image_augmentators.py:7: FutureWarning: In the future `np.object` will be defined as the corresponding NumPy scalar.
  if not hasattr(_np, _name):
D:\Project\AI Engineer\ePillID-benchmark-master\src\image_augmentators.py:7: FutureWarning: In the future `np.str` will be defined as the corresponding NumPy scalar.
  if not hasattr(_np, _name):
D:\Project\AI Engineer\ePillID-benchmark-master\src\image_augmentators.py:7: FutureWarning: In the future `np.bool` will be defined as the corresponding NumPy scalar.
  if not hasattr(_np, _name):
D:\Project\AI Engineer\ePillID-benchmark-master\src\image_augmentators.py:7: FutureWarning: In the future `np.object` will be defined as the corresponding NumPy scalar.
  if not hasattr(_np, _name):
D:\Project\AI Engineer\ePillID-benchmark-master\src\image_augmentators.py:7: FutureWarning: In the future `np.str` will be defined as the corresponding NumPy scalar.
  if not hasattr(_np, _name):
D:\Project\AI Engineer\ePillID-benchmark-master\src\image_augmentators.py:7: FutureWarning: In the future `np.bool` will be defined as the corresponding NumPy scalar.
  if not hasattr(_np, _name):
D:\Project\AI Engineer\ePillID-benchmark-master\src\image_augmentators.py:7: FutureWarning: In the future `np.object` will be defined as the corresponding NumPy scalar.
  if not hasattr(_np, _name):
D:\Project\AI Engineer\ePillID-benchmark-master\src\image_augmentators.py:7: FutureWarning: In the future `np.str` will be defined as the corresponding NumPy scalar.
  if not hasattr(_np, _name):
D:\Project\AI Engineer\ePillID-benchmark-master\src\image_augmentators.py:7: FutureWarning: In the future `np.bool` will be defined as the corresponding NumPy scalar.
  if not hasattr(_np, _name):
D:\Project\AI Engineer\ePillID-benchmark-master\src\image_augmentators.py:7: FutureWarning: In the future `np.object` will be defined as the corresponding NumPy scalar.
  if not hasattr(_np, _name):
D:\Project\AI Engineer\ePillID-benchmark-master\src\image_augmentators.py:7: FutureWarning: In the future `np.str` will be defined as the corresponding NumPy scalar.
  if not hasattr(_np, _name):
D:\Project\AI Engineer\ePillID-benchmark-master\src\image_augmentators.py:7: FutureWarning: In the future `np.bool` will be defined as the corresponding NumPy scalar.
  if not hasattr(_np, _name):
D:\Project\AI Engineer\ePillID-benchmark-master\src\image_augmentators.py:7: FutureWarning: In the future `np.object` will be defined as the corresponding NumPy scalar.
  if not hasattr(_np, _name):
D:\Project\AI Engineer\ePillID-benchmark-master\src\image_augmentators.py:7: FutureWarning: In the future `np.str` will be defined as the corresponding NumPy scalar.
  if not hasattr(_np, _name):
D:\Project\AI Engineer\ePillID-benchmark-master\src\image_augmentators.py:7: FutureWarning: In the future `np.bool` will be defined as the corresponding NumPy scalar.
  if not hasattr(_np, _name):
D:\Project\AI Engineer\ePillID-benchmark-master\src\image_augmentators.py:7: FutureWarning: In the future `np.object` will be defined as the corresponding NumPy scalar.
  if not hasattr(_np, _name):
D:\Project\AI Engineer\ePillID-benchmark-master\src\image_augmentators.py:7: FutureWarning: In the future `np.str` will be defined as the corresponding NumPy scalar.
  if not hasattr(_np, _name):
D:\Project\AI Engineer\ePillID-benchmark-master\src\image_augmentators.py:7: FutureWarning: In the future `np.bool` will be defined as the corresponding NumPy scalar.
  if not hasattr(_np, _name):
D:\Project\AI Engineer\ePillID-benchmark-master\src\image_augmentators.py:7: FutureWarning: In the future `np.object` will be defined as the corresponding NumPy scalar.
  if not hasattr(_np, _name):
D:\Project\AI Engineer\ePillID-benchmark-master\src\image_augmentators.py:7: FutureWarning: In the future `np.str` will be defined as the corresponding NumPy scalar.
  if not hasattr(_np, _name):
D:\Project\AI Engineer\ePillID-benchmark-master\src\image_augmentators.py:7: FutureWarning: In the future `np.bool` will be defined as the corresponding NumPy scalar.
  if not hasattr(_np, _name):
D:\Project\AI Engineer\ePillID-benchmark-master\src\image_augmentators.py:7: FutureWarning: In the future `np.object` will be defined as the corresponding NumPy scalar.
  if not hasattr(_np, _name):
D:\Project\AI Engineer\ePillID-benchmark-master\src\image_augmentators.py:7: FutureWarning: In the future `np.str` will be defined as the corresponding NumPy scalar.
  if not hasattr(_np, _name):
D:\Project\AI Engineer\ePillID-benchmark-master\src\image_augmentators.py:7: FutureWarning: In the future `np.bool` will be defined as the corresponding NumPy scalar.
  if not hasattr(_np, _name):
D:\Project\AI Engineer\ePillID-benchmark-master\src\image_augmentators.py:7: FutureWarning: In the future `np.object` will be defined as the corresponding NumPy scalar.
  if not hasattr(_np, _name):
D:\Project\AI Engineer\ePillID-benchmark-master\src\image_augmentators.py:7: FutureWarning: In the future `np.str` will be defined as the corresponding NumPy scalar.
  if not hasattr(_np, _name):
D:\Project\AI Engineer\ePillID-benchmark-master\src\image_augmentators.py:7: FutureWarning: In the future `np.bool` will be defined as the corresponding NumPy scalar.
  if not hasattr(_np, _name):
D:\Project\AI Engineer\ePillID-benchmark-master\src\image_augmentators.py:7: FutureWarning: In the future `np.object` will be defined as the corresponding NumPy scalar.
  if not hasattr(_np, _name):
D:\Project\AI Engineer\ePillID-benchmark-master\src\image_augmentators.py:7: FutureWarning: In the future `np.str` will be defined as the corresponding NumPy scalar.
  if not hasattr(_np, _name):
D:\Project\AI Engineer\ePillID-benchmark-master\src\image_augmentators.py:7: FutureWarning: In the future `np.bool` will be defined as the corresponding NumPy scalar.
  if not hasattr(_np, _name):
D:\Project\AI Engineer\ePillID-benchmark-master\src\image_augmentators.py:7: FutureWarning: In the future `np.object` will be defined as the corresponding NumPy scalar.
  if not hasattr(_np, _name):
D:\Project\AI Engineer\ePillID-benchmark-master\src\image_augmentators.py:7: FutureWarning: In the future `np.str` will be defined as the corresponding NumPy scalar.
  if not hasattr(_np, _name):
D:\Project\AI Engineer\ePillID-benchmark-master\src\image_augmentators.py:7: FutureWarning: In the future `np.bool` will be defined as the corresponding NumPy scalar.
  if not hasattr(_np, _name):
D:\Project\AI Engineer\ePillID-benchmark-master\src\image_augmentators.py:7: FutureWarning: In the future `np.object` will be defined as the corresponding NumPy scalar.
  if not hasattr(_np, _name):
D:\Project\AI Engineer\ePillID-benchmark-master\src\image_augmentators.py:7: FutureWarning: In the future `np.str` will be defined as the corresponding NumPy scalar.
  if not hasattr(_np, _name):
D:\Project\AI Engineer\ePillID-benchmark-master\src\image_augmentators.py:7: FutureWarning: In the future `np.bool` will be defined as the corresponding NumPy scalar.
  if not hasattr(_np, _name):
D:\Project\AI Engineer\ePillID-benchmark-master\src\image_augmentators.py:7: FutureWarning: In the future `np.object` will be defined as the corresponding NumPy scalar.
  if not hasattr(_np, _name):
D:\Project\AI Engineer\ePillID-benchmark-master\src\image_augmentators.py:7: FutureWarning: In the future `np.str` will be defined as the corresponding NumPy scalar.
  if not hasattr(_np, _name):
D:\Project\AI Engineer\ePillID-benchmark-master\src\image_augmentators.py:7: FutureWarning: In the future `np.bool` will be defined as the corresponding NumPy scalar.
  if not hasattr(_np, _name):
D:\Project\AI Engineer\ePillID-benchmark-master\src\image_augmentators.py:7: FutureWarning: In the future `np.object` will be defined as the corresponding NumPy scalar.
  if not hasattr(_np, _name):
D:\Project\AI Engineer\ePillID-benchmark-master\src\image_augmentators.py:7: FutureWarning: In the future `np.str` will be defined as the corresponding NumPy scalar.
  if not hasattr(_np, _name):
D:\Project\AI Engineer\ePillID-benchmark-master\src\image_augmentators.py:7: FutureWarning: In the future `np.bool` will be defined as the corresponding NumPy scalar.
  if not hasattr(_np, _name):
D:\Project\AI Engineer\ePillID-benchmark-master\src\image_augmentators.py:7: FutureWarning: In the future `np.object` will be defined as the corresponding NumPy scalar.
  if not hasattr(_np, _name):
D:\Project\AI Engineer\ePillID-benchmark-master\src\image_augmentators.py:7: FutureWarning: In the future `np.str` will be defined as the corresponding NumPy scalar.
  if not hasattr(_np, _name):
D:\Project\AI Engineer\ePillID-benchmark-master\src\image_augmentators.py:7: FutureWarning: In the future `np.bool` will be defined as the corresponding NumPy scalar.
  if not hasattr(_np, _name):
D:\Project\AI Engineer\ePillID-benchmark-master\src\image_augmentators.py:7: FutureWarning: In the future `np.object` will be defined as the corresponding NumPy scalar.
  if not hasattr(_np, _name):
D:\Project\AI Engineer\ePillID-benchmark-master\src\image_augmentators.py:7: FutureWarning: In the future `np.str` will be defined as the corresponding NumPy scalar.
  if not hasattr(_np, _name):
D:\Project\AI Engineer\ePillID-benchmark-master\src\image_augmentators.py:7: FutureWarning: In the future `np.bool` will be defined as the corresponding NumPy scalar.
  if not hasattr(_np, _name):
D:\Project\AI Engineer\ePillID-benchmark-master\src\image_augmentators.py:7: FutureWarning: In the future `np.object` will be defined as the corresponding NumPy scalar.
  if not hasattr(_np, _name):
D:\Project\AI Engineer\ePillID-benchmark-master\src\image_augmentators.py:7: FutureWarning: In the future `np.str` will be defined as the corresponding NumPy scalar.
  if not hasattr(_np, _name):
D:\Project\AI Engineer\ePillID-benchmark-master\src\image_augmentators.py:7: FutureWarning: In the future `np.bool` will be defined as the corresponding NumPy scalar.
  if not hasattr(_np, _name):
D:\Project\AI Engineer\ePillID-benchmark-master\src\image_augmentators.py:7: FutureWarning: In the future `np.object` will be defined as the corresponding NumPy scalar.
  if not hasattr(_np, _name):
D:\Project\AI Engineer\ePillID-benchmark-master\src\image_augmentators.py:7: FutureWarning: In the future `np.str` will be defined as the corresponding NumPy scalar.
  if not hasattr(_np, _name):
D:\Project\AI Engineer\ePillID-benchmark-master\src\image_augmentators.py:7: FutureWarning: In the future `np.bool` will be defined as the corresponding NumPy scalar.
  if not hasattr(_np, _name):
D:\Project\AI Engineer\ePillID-benchmark-master\src\image_augmentators.py:7: FutureWarning: In the future `np.object` will be defined as the corresponding NumPy scalar.
  if not hasattr(_np, _name):
D:\Project\AI Engineer\ePillID-benchmark-master\src\image_augmentators.py:7: FutureWarning: In the future `np.str` will be defined as the corresponding NumPy scalar.
  if not hasattr(_np, _name):
D:\Project\AI Engineer\ePillID-benchmark-master\src\image_augmentators.py:7: FutureWarning: In the future `np.bool` will be defined as the corresponding NumPy scalar.
  if not hasattr(_np, _name):
D:\Project\AI Engineer\ePillID-benchmark-master\src\image_augmentators.py:7: FutureWarning: In the future `np.object` will be defined as the corresponding NumPy scalar.
  if not hasattr(_np, _name):
D:\Project\AI Engineer\ePillID-benchmark-master\src\image_augmentators.py:7: FutureWarning: In the future `np.str` will be defined as the corresponding NumPy scalar.
  if not hasattr(_np, _name):
D:\Project\AI Engineer\ePillID-benchmark-master\src\image_augmentators.py:7: FutureWarning: In the future `np.bool` will be defined as the corresponding NumPy scalar.
  if not hasattr(_np, _name):
D:\Project\AI Engineer\ePillID-benchmark-master\src\image_augmentators.py:7: FutureWarning: In the future `np.object` will be defined as the corresponding NumPy scalar.
  if not hasattr(_np, _name):
D:\Project\AI Engineer\ePillID-benchmark-master\src\image_augmentators.py:7: FutureWarning: In the future `np.str` will be defined as the corresponding NumPy scalar.
  if not hasattr(_np, _name):
D:\Project\AI Engineer\ePillID-benchmark-master\src\image_augmentators.py:7: FutureWarning: In the future `np.bool` will be defined as the corresponding NumPy scalar.
  if not hasattr(_np, _name):
D:\Project\AI Engineer\ePillID-benchmark-master\src\image_augmentators.py:7: FutureWarning: In the future `np.object` will be defined as the corresponding NumPy scalar.
  if not hasattr(_np, _name):
D:\Project\AI Engineer\ePillID-benchmark-master\src\image_augmentators.py:7: FutureWarning: In the future `np.str` will be defined as the corresponding NumPy scalar.
  if not hasattr(_np, _name):
D:\Project\AI Engineer\ePillID-benchmark-master\src\image_augmentators.py:7: FutureWarning: In the future `np.bool` will be defined as the corresponding NumPy scalar.
  if not hasattr(_np, _name):
D:\Project\AI Engineer\ePillID-benchmark-master\src\image_augmentators.py:7: FutureWarning: In the future `np.object` will be defined as the corresponding NumPy scalar.
  if not hasattr(_np, _name):
D:\Project\AI Engineer\ePillID-benchmark-master\src\image_augmentators.py:7: FutureWarning: In the future `np.str` will be defined as the corresponding NumPy scalar.
  if not hasattr(_np, _name):
D:\Project\AI Engineer\ePillID-benchmark-master\src\image_augmentators.py:7: FutureWarning: In the future `np.bool` will be defined as the corresponding NumPy scalar.
  if not hasattr(_np, _name):
D:\Project\AI Engineer\ePillID-benchmark-master\src\image_augmentators.py:7: FutureWarning: In the future `np.object` will be defined as the corresponding NumPy scalar.
  if not hasattr(_np, _name):
D:\Project\AI Engineer\ePillID-benchmark-master\src\image_augmentators.py:7: FutureWarning: In the future `np.str` will be defined as the corresponding NumPy scalar.
  if not hasattr(_np, _name):
D:\Project\AI Engineer\ePillID-benchmark-master\src\image_augmentators.py:7: FutureWarning: In the future `np.bool` will be defined as the corresponding NumPy scalar.
  if not hasattr(_np, _name):
D:\Project\AI Engineer\ePillID-benchmark-master\src\image_augmentators.py:7: FutureWarning: In the future `np.object` will be defined as the corresponding NumPy scalar.
  if not hasattr(_np, _name):
D:\Project\AI Engineer\ePillID-benchmark-master\src\image_augmentators.py:7: FutureWarning: In the future `np.str` will be defined as the corresponding NumPy scalar.
  if not hasattr(_np, _name):
D:\Project\AI Engineer\ePillID-benchmark-master\src\image_augmentators.py:7: FutureWarning: In the future `np.bool` will be defined as the corresponding NumPy scalar.
  if not hasattr(_np, _name):
D:\Project\AI Engineer\ePillID-benchmark-master\src\image_augmentators.py:7: FutureWarning: In the future `np.object` will be defined as the corresponding NumPy scalar.
  if not hasattr(_np, _name):
D:\Project\AI Engineer\ePillID-benchmark-master\src\image_augmentators.py:7: FutureWarning: In the future `np.str` will be defined as the corresponding NumPy scalar.
  if not hasattr(_np, _name):
D:\Project\AI Engineer\ePillID-benchmark-master\src\image_augmentators.py:7: FutureWarning: In the future `np.bool` will be defined as the corresponding NumPy scalar.
  if not hasattr(_np, _name):
D:\Project\AI Engineer\ePillID-benchmark-master\src\image_augmentators.py:7: FutureWarning: In the future `np.object` will be defined as the corresponding NumPy scalar.
  if not hasattr(_np, _name):
D:\Project\AI Engineer\ePillID-benchmark-master\src\image_augmentators.py:7: FutureWarning: In the future `np.str` will be defined as the corresponding NumPy scalar.
  if not hasattr(_np, _name):
D:\Project\AI Engineer\ePillID-benchmark-master\src\image_augmentators.py:7: FutureWarning: In the future `np.bool` will be defined as the corresponding NumPy scalar.
  if not hasattr(_np, _name):
D:\Project\AI Engineer\ePillID-benchmark-master\src\image_augmentators.py:7: FutureWarning: In the future `np.object` will be defined as the corresponding NumPy scalar.
  if not hasattr(_np, _name):
D:\Project\AI Engineer\ePillID-benchmark-master\src\image_augmentators.py:7: FutureWarning: In the future `np.str` will be defined as the corresponding NumPy scalar.
  if not hasattr(_np, _name):
D:\Project\AI Engineer\ePillID-benchmark-master\src\image_augmentators.py:7: FutureWarning: In the future `np.bool` will be defined as the corresponding NumPy scalar.
  if not hasattr(_np, _name):
D:\Project\AI Engineer\ePillID-benchmark-master\src\image_augmentators.py:7: FutureWarning: In the future `np.object` will be defined as the corresponding NumPy scalar.
  if not hasattr(_np, _name):
D:\Project\AI Engineer\ePillID-benchmark-master\src\image_augmentators.py:7: FutureWarning: In the future `np.str` will be defined as the corresponding NumPy scalar.
  if not hasattr(_np, _name):
D:\Project\AI Engineer\ePillID-benchmark-master\src\image_augmentators.py:7: FutureWarning: In the future `np.bool` will be defined as the corresponding NumPy scalar.
  if not hasattr(_np, _name):
D:\Project\AI Engineer\ePillID-benchmark-master\src\image_augmentators.py:7: FutureWarning: In the future `np.object` will be defined as the corresponding NumPy scalar.
  if not hasattr(_np, _name):
D:\Project\AI Engineer\ePillID-benchmark-master\src\image_augmentators.py:7: FutureWarning: In the future `np.str` will be defined as the corresponding NumPy scalar.
  if not hasattr(_np, _name):
D:\Project\AI Engineer\ePillID-benchmark-master\src\image_augmentators.py:7: FutureWarning: In the future `np.bool` will be defined as the corresponding NumPy scalar.
  if not hasattr(_np, _name):
D:\Project\AI Engineer\ePillID-benchmark-master\src\image_augmentators.py:7: FutureWarning: In the future `np.object` will be defined as the corresponding NumPy scalar.
  if not hasattr(_np, _name):
D:\Project\AI Engineer\ePillID-benchmark-master\src\image_augmentators.py:7: FutureWarning: In the future `np.str` will be defined as the corresponding NumPy scalar.
  if not hasattr(_np, _name):
D:\Project\AI Engineer\ePillID-benchmark-master\src\image_augmentators.py:7: FutureWarning: In the future `np.bool` will be defined as the corresponding NumPy scalar.
  if not hasattr(_np, _name):
D:\Project\AI Engineer\ePillID-benchmark-master\src\image_augmentators.py:7: FutureWarning: In the future `np.object` will be defined as the corresponding NumPy scalar.
  if not hasattr(_np, _name):
D:\Project\AI Engineer\ePillID-benchmark-master\src\image_augmentators.py:7: FutureWarning: In the future `np.str` will be defined as the corresponding NumPy scalar.
  if not hasattr(_np, _name):
D:\Project\AI Engineer\ePillID-benchmark-master\src\image_augmentators.py:7: FutureWarning: In the future `np.bool` will be defined as the corresponding NumPy scalar.
  if not hasattr(_np, _name):
D:\Project\AI Engineer\ePillID-benchmark-master\src\image_augmentators.py:7: FutureWarning: In the future `np.object` will be defined as the corresponding NumPy scalar.
  if not hasattr(_np, _name):
D:\Project\AI Engineer\ePillID-benchmark-master\src\image_augmentators.py:7: FutureWarning: In the future `np.str` will be defined as the corresponding NumPy scalar.
  if not hasattr(_np, _name):
D:\Project\AI Engineer\ePillID-benchmark-master\src\image_augmentators.py:7: FutureWarning: In the future `np.bool` will be defined as the corresponding NumPy scalar.
  if not hasattr(_np, _name):
D:\Project\AI Engineer\ePillID-benchmark-master\src\image_augmentators.py:7: FutureWarning: In the future `np.object` will be defined as the corresponding NumPy scalar.
  if not hasattr(_np, _name):
D:\Project\AI Engineer\ePillID-benchmark-master\src\image_augmentators.py:7: FutureWarning: In the future `np.str` will be defined as the corresponding NumPy scalar.
  if not hasattr(_np, _name):
D:\Project\AI Engineer\ePillID-benchmark-master\src\image_augmentators.py:7: FutureWarning: In the future `np.bool` will be defined as the corresponding NumPy scalar.
  if not hasattr(_np, _name):
D:\Project\AI Engineer\ePillID-benchmark-master\src\image_augmentators.py:7: FutureWarning: In the future `np.object` will be defined as the corresponding NumPy scalar.
  if not hasattr(_np, _name):
D:\Project\AI Engineer\ePillID-benchmark-master\src\image_augmentators.py:7: FutureWarning: In the future `np.str` will be defined as the corresponding NumPy scalar.
  if not hasattr(_np, _name):
D:\Project\AI Engineer\ePillID-benchmark-master\src\image_augmentators.py:7: FutureWarning: In the future `np.bool` will be defined as the corresponding NumPy scalar.
  if not hasattr(_np, _name):
D:\Project\AI Engineer\ePillID-benchmark-master\src\image_augmentators.py:7: FutureWarning: In the future `np.object` will be defined as the corresponding NumPy scalar.
  if not hasattr(_np, _name):
D:\Project\AI Engineer\ePillID-benchmark-master\src\image_augmentators.py:7: FutureWarning: In the future `np.str` will be defined as the corresponding NumPy scalar.
  if not hasattr(_np, _name):
D:\Project\AI Engineer\ePillID-benchmark-master\src\image_augmentators.py:7: FutureWarning: In the future `np.bool` will be defined as the corresponding NumPy scalar.
  if not hasattr(_np, _name):
D:\Project\AI Engineer\ePillID-benchmark-master\src\image_augmentators.py:7: FutureWarning: In the future `np.object` will be defined as the corresponding NumPy scalar.
  if not hasattr(_np, _name):
D:\Project\AI Engineer\ePillID-benchmark-master\src\image_augmentators.py:7: FutureWarning: In the future `np.str` will be defined as the corresponding NumPy scalar.
  if not hasattr(_np, _name):
D:\Project\AI Engineer\ePillID-benchmark-master\src\image_augmentators.py:7: FutureWarning: In the future `np.bool` will be defined as the corresponding NumPy scalar.
  if not hasattr(_np, _name):
D:\Project\AI Engineer\ePillID-benchmark-master\src\image_augmentators.py:7: FutureWarning: In the future `np.object` will be defined as the corresponding NumPy scalar.
  if not hasattr(_np, _name):
D:\Project\AI Engineer\ePillID-benchmark-master\src\image_augmentators.py:7: FutureWarning: In the future `np.str` will be defined as the corresponding NumPy scalar.
  if not hasattr(_np, _name):
D:\Project\AI Engineer\ePillID-benchmark-master\src\image_augmentators.py:7: FutureWarning: In the future `np.bool` will be defined as the corresponding NumPy scalar.
  if not hasattr(_np, _name):
D:\Project\AI Engineer\ePillID-benchmark-master\src\image_augmentators.py:7: FutureWarning: In the future `np.object` will be defined as the corresponding NumPy scalar.
  if not hasattr(_np, _name):
D:\Project\AI Engineer\ePillID-benchmark-master\src\image_augmentators.py:7: FutureWarning: In the future `np.str` will be defined as the corresponding NumPy scalar.
  if not hasattr(_np, _name):
D:\Project\AI Engineer\ePillID-benchmark-master\src\image_augmentators.py:7: FutureWarning: In the future `np.bool` will be defined as the corresponding NumPy scalar.
  if not hasattr(_np, _name):
D:\Project\AI Engineer\ePillID-benchmark-master\src\image_augmentators.py:7: FutureWarning: In the future `np.object` will be defined as the corresponding NumPy scalar.
  if not hasattr(_np, _name):
D:\Project\AI Engineer\ePillID-benchmark-master\src\image_augmentators.py:7: FutureWarning: In the future `np.str` will be defined as the corresponding NumPy scalar.
  if not hasattr(_np, _name):
D:\Project\AI Engineer\ePillID-benchmark-master\src\image_augmentators.py:7: FutureWarning: In the future `np.bool` will be defined as the corresponding NumPy scalar.
  if not hasattr(_np, _name):
D:\Project\AI Engineer\ePillID-benchmark-master\src\image_augmentators.py:7: FutureWarning: In the future `np.object` will be defined as the corresponding NumPy scalar.
  if not hasattr(_np, _name):
D:\Project\AI Engineer\ePillID-benchmark-master\src\image_augmentators.py:7: FutureWarning: In the future `np.str` will be defined as the corresponding NumPy scalar.
  if not hasattr(_np, _name):
D:\Project\AI Engineer\ePillID-benchmark-master\src\image_augmentators.py:7: FutureWarning: In the future `np.bool` will be defined as the corresponding NumPy scalar.
  if not hasattr(_np, _name):
D:\Project\AI Engineer\ePillID-benchmark-master\src\image_augmentators.py:7: FutureWarning: In the future `np.object` will be defined as the corresponding NumPy scalar.
  if not hasattr(_np, _name):
D:\Project\AI Engineer\ePillID-benchmark-master\src\image_augmentators.py:7: FutureWarning: In the future `np.str` will be defined as the corresponding NumPy scalar.
  if not hasattr(_np, _name):
D:\Project\AI Engineer\ePillID-benchmark-master\src\image_augmentators.py:7: FutureWarning: In the future `np.bool` will be defined as the corresponding NumPy scalar.
  if not hasattr(_np, _name):
D:\Project\AI Engineer\ePillID-benchmark-master\src\image_augmentators.py:7: FutureWarning: In the future `np.object` will be defined as the corresponding NumPy scalar.
  if not hasattr(_np, _name):
D:\Project\AI Engineer\ePillID-benchmark-master\src\image_augmentators.py:7: FutureWarning: In the future `np.str` will be defined as the corresponding NumPy scalar.
  if not hasattr(_np, _name):
D:\Project\AI Engineer\ePillID-benchmark-master\src\image_augmentators.py:7: FutureWarning: In the future `np.bool` will be defined as the corresponding NumPy scalar.
  if not hasattr(_np, _name):
D:\Project\AI Engineer\ePillID-benchmark-master\src\image_augmentators.py:7: FutureWarning: In the future `np.object` will be defined as the corresponding NumPy scalar.
  if not hasattr(_np, _name):
D:\Project\AI Engineer\ePillID-benchmark-master\src\image_augmentators.py:7: FutureWarning: In the future `np.str` will be defined as the corresponding NumPy scalar.
  if not hasattr(_np, _name):
D:\Project\AI Engineer\ePillID-benchmark-master\src\image_augmentators.py:7: FutureWarning: In the future `np.bool` will be defined as the corresponding NumPy scalar.
  if not hasattr(_np, _name):
D:\Project\AI Engineer\ePillID-benchmark-master\src\image_augmentators.py:7: FutureWarning: In the future `np.object` will be defined as the corresponding NumPy scalar.
  if not hasattr(_np, _name):
D:\Project\AI Engineer\ePillID-benchmark-master\src\image_augmentators.py:7: FutureWarning: In the future `np.str` will be defined as the corresponding NumPy scalar.
  if not hasattr(_np, _name):
D:\Project\AI Engineer\ePillID-benchmark-master\src\image_augmentators.py:7: FutureWarning: In the future `np.bool` will be defined as the corresponding NumPy scalar.
  if not hasattr(_np, _name):
D:\Project\AI Engineer\ePillID-benchmark-master\src\image_augmentators.py:7: FutureWarning: In the future `np.object` will be defined as the corresponding NumPy scalar.
  if not hasattr(_np, _name):
D:\Project\AI Engineer\ePillID-benchmark-master\src\image_augmentators.py:7: FutureWarning: In the future `np.str` will be defined as the corresponding NumPy scalar.
  if not hasattr(_np, _name):
D:\Project\AI Engineer\ePillID-benchmark-master\src\image_augmentators.py:7: FutureWarning: In the future `np.bool` will be defined as the corresponding NumPy scalar.
  if not hasattr(_np, _name):
D:\Project\AI Engineer\ePillID-benchmark-master\src\image_augmentators.py:7: FutureWarning: In the future `np.object` will be defined as the corresponding NumPy scalar.
  if not hasattr(_np, _name):
D:\Project\AI Engineer\ePillID-benchmark-master\src\image_augmentators.py:7: FutureWarning: In the future `np.str` will be defined as the corresponding NumPy scalar.
  if not hasattr(_np, _name):
D:\Project\AI Engineer\ePillID-benchmark-master\src\image_augmentators.py:7: FutureWarning: In the future `np.bool` will be defined as the corresponding NumPy scalar.
  if not hasattr(_np, _name):
D:\Project\AI Engineer\ePillID-benchmark-master\src\image_augmentators.py:7: FutureWarning: In the future `np.object` will be defined as the corresponding NumPy scalar.
  if not hasattr(_np, _name):
D:\Project\AI Engineer\ePillID-benchmark-master\src\image_augmentators.py:7: FutureWarning: In the future `np.str` will be defined as the corresponding NumPy scalar.
  if not hasattr(_np, _name):
D:\Project\AI Engineer\ePillID-benchmark-master\src\image_augmentators.py:7: FutureWarning: In the future `np.bool` will be defined as the corresponding NumPy scalar.
  if not hasattr(_np, _name):
D:\Project\AI Engineer\ePillID-benchmark-master\src\image_augmentators.py:7: FutureWarning: In the future `np.object` will be defined as the corresponding NumPy scalar.
  if not hasattr(_np, _name):
D:\Project\AI Engineer\ePillID-benchmark-master\src\image_augmentators.py:7: FutureWarning: In the future `np.str` will be defined as the corresponding NumPy scalar.
  if not hasattr(_np, _name):
D:\Project\AI Engineer\ePillID-benchmark-master\src\image_augmentators.py:7: FutureWarning: In the future `np.bool` will be defined as the corresponding NumPy scalar.
  if not hasattr(_np, _name):
D:\Project\AI Engineer\ePillID-benchmark-master\src\image_augmentators.py:7: FutureWarning: In the future `np.object` will be defined as the corresponding NumPy scalar.
  if not hasattr(_np, _name):
D:\Project\AI Engineer\ePillID-benchmark-master\src\image_augmentators.py:7: FutureWarning: In the future `np.str` will be defined as the corresponding NumPy scalar.
  if not hasattr(_np, _name):
D:\Project\AI Engineer\ePillID-benchmark-master\src\image_augmentators.py:7: FutureWarning: In the future `np.bool` will be defined as the corresponding NumPy scalar.
  if not hasattr(_np, _name):
D:\Project\AI Engineer\ePillID-benchmark-master\src\image_augmentators.py:7: FutureWarning: In the future `np.object` will be defined as the corresponding NumPy scalar.
  if not hasattr(_np, _name):
D:\Project\AI Engineer\ePillID-benchmark-master\src\image_augmentators.py:7: FutureWarning: In the future `np.str` will be defined as the corresponding NumPy scalar.
  if not hasattr(_np, _name):
D:\Project\AI Engineer\ePillID-benchmark-master\src\image_augmentators.py:7: FutureWarning: In the future `np.bool` will be defined as the corresponding NumPy scalar.
  if not hasattr(_np, _name):
D:\Project\AI Engineer\ePillID-benchmark-master\src\image_augmentators.py:7: FutureWarning: In the future `np.object` will be defined as the corresponding NumPy scalar.
  if not hasattr(_np, _name):
D:\Project\AI Engineer\ePillID-benchmark-master\src\image_augmentators.py:7: FutureWarning: In the future `np.str` will be defined as the corresponding NumPy scalar.
  if not hasattr(_np, _name):
D:\Project\AI Engineer\ePillID-benchmark-master\src\image_augmentators.py:7: FutureWarning: In the future `np.bool` will be defined as the corresponding NumPy scalar.
  if not hasattr(_np, _name):
D:\Project\AI Engineer\ePillID-benchmark-master\src\image_augmentators.py:7: FutureWarning: In the future `np.object` will be defined as the corresponding NumPy scalar.
  if not hasattr(_np, _name):
D:\Project\AI Engineer\ePillID-benchmark-master\src\image_augmentators.py:7: FutureWarning: In the future `np.str` will be defined as the corresponding NumPy scalar.
  if not hasattr(_np, _name):
D:\Project\AI Engineer\ePillID-benchmark-master\src\image_augmentators.py:7: FutureWarning: In the future `np.bool` will be defined as the corresponding NumPy scalar.
  if not hasattr(_np, _name):
D:\Project\AI Engineer\ePillID-benchmark-master\src\image_augmentators.py:7: FutureWarning: In the future `np.object` will be defined as the corresponding NumPy scalar.
  if not hasattr(_np, _name):
D:\Project\AI Engineer\ePillID-benchmark-master\src\image_augmentators.py:7: FutureWarning: In the future `np.str` will be defined as the corresponding NumPy scalar.
  if not hasattr(_np, _name):
D:\Project\AI Engineer\ePillID-benchmark-master\src\image_augmentators.py:7: FutureWarning: In the future `np.bool` will be defined as the corresponding NumPy scalar.
  if not hasattr(_np, _name):
D:\Project\AI Engineer\ePillID-benchmark-master\src\image_augmentators.py:7: FutureWarning: In the future `np.object` will be defined as the corresponding NumPy scalar.
  if not hasattr(_np, _name):
D:\Project\AI Engineer\ePillID-benchmark-master\src\image_augmentators.py:7: FutureWarning: In the future `np.str` will be defined as the corresponding NumPy scalar.
  if not hasattr(_np, _name):
D:\Project\AI Engineer\ePillID-benchmark-master\src\image_augmentators.py:7: FutureWarning: In the future `np.bool` will be defined as the corresponding NumPy scalar.
  if not hasattr(_np, _name):
D:\Project\AI Engineer\ePillID-benchmark-master\src\image_augmentators.py:7: FutureWarning: In the future `np.object` will be defined as the corresponding NumPy scalar.
  if not hasattr(_np, _name):
D:\Project\AI Engineer\ePillID-benchmark-master\src\image_augmentators.py:7: FutureWarning: In the future `np.str` will be defined as the corresponding NumPy scalar.
  if not hasattr(_np, _name):
D:\Project\AI Engineer\ePillID-benchmark-master\src\image_augmentators.py:7: FutureWarning: In the future `np.bool` will be defined as the corresponding NumPy scalar.
  if not hasattr(_np, _name):
D:\Project\AI Engineer\ePillID-benchmark-master\src\image_augmentators.py:7: FutureWarning: In the future `np.object` will be defined as the corresponding NumPy scalar.
  if not hasattr(_np, _name):
D:\Project\AI Engineer\ePillID-benchmark-master\src\image_augmentators.py:7: FutureWarning: In the future `np.str` will be defined as the corresponding NumPy scalar.
  if not hasattr(_np, _name):
D:\Project\AI Engineer\ePillID-benchmark-master\src\image_augmentators.py:7: FutureWarning: In the future `np.bool` will be defined as the corresponding NumPy scalar.
  if not hasattr(_np, _name):
D:\Project\AI Engineer\ePillID-benchmark-master\src\image_augmentators.py:7: FutureWarning: In the future `np.object` will be defined as the corresponding NumPy scalar.
  if not hasattr(_np, _name):
D:\Project\AI Engineer\ePillID-benchmark-master\src\image_augmentators.py:7: FutureWarning: In the future `np.str` will be defined as the corresponding NumPy scalar.
  if not hasattr(_np, _name):
D:\Project\AI Engineer\ePillID-benchmark-master\src\image_augmentators.py:7: FutureWarning: In the future `np.bool` will be defined as the corresponding NumPy scalar.
  if not hasattr(_np, _name):
D:\Project\AI Engineer\ePillID-benchmark-master\src\image_augmentators.py:7: FutureWarning: In the future `np.object` will be defined as the corresponding NumPy scalar.
  if not hasattr(_np, _name):
D:\Project\AI Engineer\ePillID-benchmark-master\src\image_augmentators.py:7: FutureWarning: In the future `np.str` will be defined as the corresponding NumPy scalar.
  if not hasattr(_np, _name):
D:\Project\AI Engineer\ePillID-benchmark-master\src\image_augmentators.py:7: FutureWarning: In the future `np.bool` will be defined as the corresponding NumPy scalar.
  if not hasattr(_np, _name):
D:\Project\AI Engineer\ePillID-benchmark-master\src\image_augmentators.py:7: FutureWarning: In the future `np.object` will be defined as the corresponding NumPy scalar.
  if not hasattr(_np, _name):
D:\Project\AI Engineer\ePillID-benchmark-master\src\image_augmentators.py:7: FutureWarning: In the future `np.str` will be defined as the corresponding NumPy scalar.
  if not hasattr(_np, _name):
D:\Project\AI Engineer\ePillID-benchmark-master\src\image_augmentators.py:7: FutureWarning: In the future `np.bool` will be defined as the corresponding NumPy scalar.
  if not hasattr(_np, _name):
D:\Project\AI Engineer\ePillID-benchmark-master\src\image_augmentators.py:7: FutureWarning: In the future `np.object` will be defined as the corresponding NumPy scalar.
  if not hasattr(_np, _name):
D:\Project\AI Engineer\ePillID-benchmark-master\src\image_augmentators.py:7: FutureWarning: In the future `np.str` will be defined as the corresponding NumPy scalar.
  if not hasattr(_np, _name):
D:\Project\AI Engineer\ePillID-benchmark-master\src\image_augmentators.py:7: FutureWarning: In the future `np.bool` will be defined as the corresponding NumPy scalar.
  if not hasattr(_np, _name):
D:\Project\AI Engineer\ePillID-benchmark-master\src\image_augmentators.py:7: FutureWarning: In the future `np.object` will be defined as the corresponding NumPy scalar.
  if not hasattr(_np, _name):
D:\Project\AI Engineer\ePillID-benchmark-master\src\image_augmentators.py:7: FutureWarning: In the future `np.str` will be defined as the corresponding NumPy scalar.
  if not hasattr(_np, _name):
D:\Project\AI Engineer\ePillID-benchmark-master\src\image_augmentators.py:7: FutureWarning: In the future `np.bool` will be defined as the corresponding NumPy scalar.
  if not hasattr(_np, _name):
D:\Project\AI Engineer\ePillID-benchmark-master\src\image_augmentators.py:7: FutureWarning: In the future `np.object` will be defined as the corresponding NumPy scalar.
  if not hasattr(_np, _name):
D:\Project\AI Engineer\ePillID-benchmark-master\src\image_augmentators.py:7: FutureWarning: In the future `np.str` will be defined as the corresponding NumPy scalar.
  if not hasattr(_np, _name):
D:\Project\AI Engineer\ePillID-benchmark-master\src\image_augmentators.py:7: FutureWarning: In the future `np.bool` will be defined as the corresponding NumPy scalar.
  if not hasattr(_np, _name):
D:\Project\AI Engineer\ePillID-benchmark-master\src\image_augmentators.py:7: FutureWarning: In the future `np.object` will be defined as the corresponding NumPy scalar.
  if not hasattr(_np, _name):
D:\Project\AI Engineer\ePillID-benchmark-master\src\image_augmentators.py:7: FutureWarning: In the future `np.str` will be defined as the corresponding NumPy scalar.
  if not hasattr(_np, _name):
D:\Project\AI Engineer\ePillID-benchmark-master\src\image_augmentators.py:7: FutureWarning: In the future `np.bool` will be defined as the corresponding NumPy scalar.
  if not hasattr(_np, _name):
D:\Project\AI Engineer\ePillID-benchmark-master\src\image_augmentators.py:7: FutureWarning: In the future `np.object` will be defined as the corresponding NumPy scalar.
  if not hasattr(_np, _name):
D:\Project\AI Engineer\ePillID-benchmark-master\src\image_augmentators.py:7: FutureWarning: In the future `np.str` will be defined as the corresponding NumPy scalar.
  if not hasattr(_np, _name):
D:\Project\AI Engineer\ePillID-benchmark-master\src\image_augmentators.py:7: FutureWarning: In the future `np.bool` will be defined as the corresponding NumPy scalar.
  if not hasattr(_np, _name):
D:\Project\AI Engineer\ePillID-benchmark-master\src\image_augmentators.py:7: FutureWarning: In the future `np.object` will be defined as the corresponding NumPy scalar.
  if not hasattr(_np, _name):
D:\Project\AI Engineer\ePillID-benchmark-master\src\image_augmentators.py:7: FutureWarning: In the future `np.str` will be defined as the corresponding NumPy scalar.
  if not hasattr(_np, _name):
D:\Project\AI Engineer\ePillID-benchmark-master\src\image_augmentators.py:7: FutureWarning: In the future `np.bool` will be defined as the corresponding NumPy scalar.
  if not hasattr(_np, _name):
D:\Project\AI Engineer\ePillID-benchmark-master\src\image_augmentators.py:7: FutureWarning: In the future `np.object` will be defined as the corresponding NumPy scalar.
  if not hasattr(_np, _name):
D:\Project\AI Engineer\ePillID-benchmark-master\src\image_augmentators.py:7: FutureWarning: In the future `np.str` will be defined as the corresponding NumPy scalar.
  if not hasattr(_np, _name):
D:\Project\AI Engineer\ePillID-benchmark-master\src\image_augmentators.py:7: FutureWarning: In the future `np.bool` will be defined as the corresponding NumPy scalar.
  if not hasattr(_np, _name):
D:\Project\AI Engineer\ePillID-benchmark-master\src\image_augmentators.py:7: FutureWarning: In the future `np.object` will be defined as the corresponding NumPy scalar.
  if not hasattr(_np, _name):
D:\Project\AI Engineer\ePillID-benchmark-master\src\image_augmentators.py:7: FutureWarning: In the future `np.str` will be defined as the corresponding NumPy scalar.
  if not hasattr(_np, _name):
D:\Project\AI Engineer\ePillID-benchmark-master\src\image_augmentators.py:7: FutureWarning: In the future `np.bool` will be defined as the corresponding NumPy scalar.
  if not hasattr(_np, _name):
D:\Project\AI Engineer\ePillID-benchmark-master\src\image_augmentators.py:7: FutureWarning: In the future `np.object` will be defined as the corresponding NumPy scalar.
  if not hasattr(_np, _name):
D:\Project\AI Engineer\ePillID-benchmark-master\src\image_augmentators.py:7: FutureWarning: In the future `np.str` will be defined as the corresponding NumPy scalar.
  if not hasattr(_np, _name):
D:\Project\AI Engineer\ePillID-benchmark-master\src\image_augmentators.py:7: FutureWarning: In the future `np.bool` will be defined as the corresponding NumPy scalar.
  if not hasattr(_np, _name):
D:\Project\AI Engineer\ePillID-benchmark-master\src\image_augmentators.py:7: FutureWarning: In the future `np.object` will be defined as the corresponding NumPy scalar.
  if not hasattr(_np, _name):
D:\Project\AI Engineer\ePillID-benchmark-master\src\image_augmentators.py:7: FutureWarning: In the future `np.str` will be defined as the corresponding NumPy scalar.
  if not hasattr(_np, _name):
D:\Project\AI Engineer\ePillID-benchmark-master\src\image_augmentators.py:7: FutureWarning: In the future `np.bool` will be defined as the corresponding NumPy scalar.
  if not hasattr(_np, _name):
D:\Project\AI Engineer\ePillID-benchmark-master\src\image_augmentators.py:7: FutureWarning: In the future `np.object` will be defined as the corresponding NumPy scalar.
  if not hasattr(_np, _name):
D:\Project\AI Engineer\ePillID-benchmark-master\src\image_augmentators.py:7: FutureWarning: In the future `np.str` will be defined as the corresponding NumPy scalar.
  if not hasattr(_np, _name):
D:\Project\AI Engineer\ePillID-benchmark-master\src\image_augmentators.py:7: FutureWarning: In the future `np.bool` will be defined as the corresponding NumPy scalar.
  if not hasattr(_np, _name):
D:\Project\AI Engineer\ePillID-benchmark-master\src\image_augmentators.py:7: FutureWarning: In the future `np.object` will be defined as the corresponding NumPy scalar.
  if not hasattr(_np, _name):
D:\Project\AI Engineer\ePillID-benchmark-master\src\image_augmentators.py:7: FutureWarning: In the future `np.str` will be defined as the corresponding NumPy scalar.
  if not hasattr(_np, _name):
D:\Project\AI Engineer\ePillID-benchmark-master\src\image_augmentators.py:7: FutureWarning: In the future `np.bool` will be defined as the corresponding NumPy scalar.
  if not hasattr(_np, _name):
D:\Project\AI Engineer\ePillID-benchmark-master\src\image_augmentators.py:7: FutureWarning: In the future `np.object` will be defined as the corresponding NumPy scalar.
  if not hasattr(_np, _name):
D:\Project\AI Engineer\ePillID-benchmark-master\src\image_augmentators.py:7: FutureWarning: In the future `np.str` will be defined as the corresponding NumPy scalar.
  if not hasattr(_np, _name):
D:\Project\AI Engineer\ePillID-benchmark-master\src\image_augmentators.py:7: FutureWarning: In the future `np.bool` will be defined as the corresponding NumPy scalar.
  if not hasattr(_np, _name):
D:\Project\AI Engineer\ePillID-benchmark-master\src\image_augmentators.py:7: FutureWarning: In the future `np.object` will be defined as the corresponding NumPy scalar.
  if not hasattr(_np, _name):
D:\Project\AI Engineer\ePillID-benchmark-master\src\image_augmentators.py:7: FutureWarning: In the future `np.str` will be defined as the corresponding NumPy scalar.
  if not hasattr(_np, _name):
D:\Project\AI Engineer\ePillID-benchmark-master\src\image_augmentators.py:7: FutureWarning: In the future `np.bool` will be defined as the corresponding NumPy scalar.
  if not hasattr(_np, _name):
D:\Project\AI Engineer\ePillID-benchmark-master\src\image_augmentators.py:7: FutureWarning: In the future `np.object` will be defined as the corresponding NumPy scalar.
  if not hasattr(_np, _name):
D:\Project\AI Engineer\ePillID-benchmark-master\src\image_augmentators.py:7: FutureWarning: In the future `np.str` will be defined as the corresponding NumPy scalar.
  if not hasattr(_np, _name):
D:\Project\AI Engineer\ePillID-benchmark-master\src\image_augmentators.py:7: FutureWarning: In the future `np.bool` will be defined as the corresponding NumPy scalar.
  if not hasattr(_np, _name):
D:\Project\AI Engineer\ePillID-benchmark-master\src\image_augmentators.py:7: FutureWarning: In the future `np.object` will be defined as the corresponding NumPy scalar.
  if not hasattr(_np, _name):
D:\Project\AI Engineer\ePillID-benchmark-master\src\image_augmentators.py:7: FutureWarning: In the future `np.str` will be defined as the corresponding NumPy scalar.
  if not hasattr(_np, _name):
D:\Project\AI Engineer\ePillID-benchmark-master\src\image_augmentators.py:7: FutureWarning: In the future `np.bool` will be defined as the corresponding NumPy scalar.
  if not hasattr(_np, _name):
D:\Project\AI Engineer\ePillID-benchmark-master\src\image_augmentators.py:7: FutureWarning: In the future `np.object` will be defined as the corresponding NumPy scalar.
  if not hasattr(_np, _name):
D:\Project\AI Engineer\ePillID-benchmark-master\src\image_augmentators.py:7: FutureWarning: In the future `np.str` will be defined as the corresponding NumPy scalar.
  if not hasattr(_np, _name):
D:\Project\AI Engineer\ePillID-benchmark-master\src\image_augmentators.py:7: FutureWarning: In the future `np.bool` will be defined as the corresponding NumPy scalar.
  if not hasattr(_np, _name):
D:\Project\AI Engineer\ePillID-benchmark-master\src\image_augmentators.py:7: FutureWarning: In the future `np.object` will be defined as the corresponding NumPy scalar.
  if not hasattr(_np, _name):
D:\Project\AI Engineer\ePillID-benchmark-master\src\image_augmentators.py:7: FutureWarning: In the future `np.str` will be defined as the corresponding NumPy scalar.
  if not hasattr(_np, _name):
D:\Project\AI Engineer\ePillID-benchmark-master\src\image_augmentators.py:7: FutureWarning: In the future `np.bool` will be defined as the corresponding NumPy scalar.
  if not hasattr(_np, _name):
D:\Project\AI Engineer\ePillID-benchmark-master\src\image_augmentators.py:7: FutureWarning: In the future `np.object` will be defined as the corresponding NumPy scalar.
  if not hasattr(_np, _name):
D:\Project\AI Engineer\ePillID-benchmark-master\src\image_augmentators.py:7: FutureWarning: In the future `np.str` will be defined as the corresponding NumPy scalar.
  if not hasattr(_np, _name):
D:\Project\AI Engineer\ePillID-benchmark-master\src\image_augmentators.py:7: FutureWarning: In the future `np.bool` will be defined as the corresponding NumPy scalar.
  if not hasattr(_np, _name):
D:\Project\AI Engineer\ePillID-benchmark-master\src\image_augmentators.py:7: FutureWarning: In the future `np.object` will be defined as the corresponding NumPy scalar.
  if not hasattr(_np, _name):
D:\Project\AI Engineer\ePillID-benchmark-master\src\image_augmentators.py:7: FutureWarning: In the future `np.str` will be defined as the corresponding NumPy scalar.
  if not hasattr(_np, _name):
D:\Project\AI Engineer\ePillID-benchmark-master\src\image_augmentators.py:7: FutureWarning: In the future `np.bool` will be defined as the corresponding NumPy scalar.
  if not hasattr(_np, _name):
D:\Project\AI Engineer\ePillID-benchmark-master\src\image_augmentators.py:7: FutureWarning: In the future `np.object` will be defined as the corresponding NumPy scalar.
  if not hasattr(_np, _name):
D:\Project\AI Engineer\ePillID-benchmark-master\src\image_augmentators.py:7: FutureWarning: In the future `np.str` will be defined as the corresponding NumPy scalar.
  if not hasattr(_np, _name):
D:\Project\AI Engineer\ePillID-benchmark-master\src\image_augmentators.py:7: FutureWarning: In the future `np.bool` will be defined as the corresponding NumPy scalar.
  if not hasattr(_np, _name):
D:\Project\AI Engineer\ePillID-benchmark-master\src\image_augmentators.py:7: FutureWarning: In the future `np.object` will be defined as the corresponding NumPy scalar.
  if not hasattr(_np, _name):
D:\Project\AI Engineer\ePillID-benchmark-master\src\image_augmentators.py:7: FutureWarning: In the future `np.str` will be defined as the corresponding NumPy scalar.
  if not hasattr(_np, _name):
D:\Project\AI Engineer\ePillID-benchmark-master\src\image_augmentators.py:7: FutureWarning: In the future `np.bool` will be defined as the corresponding NumPy scalar.
  if not hasattr(_np, _name):
D:\Project\AI Engineer\ePillID-benchmark-master\src\image_augmentators.py:7: FutureWarning: In the future `np.object` will be defined as the corresponding NumPy scalar.
  if not hasattr(_np, _name):
D:\Project\AI Engineer\ePillID-benchmark-master\src\image_augmentators.py:7: FutureWarning: In the future `np.str` will be defined as the corresponding NumPy scalar.
  if not hasattr(_np, _name):
D:\Project\AI Engineer\ePillID-benchmark-master\src\image_augmentators.py:7: FutureWarning: In the future `np.bool` will be defined as the corresponding NumPy scalar.
  if not hasattr(_np, _name):
D:\Project\AI Engineer\ePillID-benchmark-master\src\image_augmentators.py:7: FutureWarning: In the future `np.object` will be defined as the corresponding NumPy scalar.
  if not hasattr(_np, _name):
D:\Project\AI Engineer\ePillID-benchmark-master\src\image_augmentators.py:7: FutureWarning: In the future `np.str` will be defined as the corresponding NumPy scalar.
  if not hasattr(_np, _name):
D:\Project\AI Engineer\ePillID-benchmark-master\src\image_augmentators.py:7: FutureWarning: In the future `np.bool` will be defined as the corresponding NumPy scalar.
  if not hasattr(_np, _name):
D:\Project\AI Engineer\ePillID-benchmark-master\src\image_augmentators.py:7: FutureWarning: In the future `np.object` will be defined as the corresponding NumPy scalar.
  if not hasattr(_np, _name):
D:\Project\AI Engineer\ePillID-benchmark-master\src\image_augmentators.py:7: FutureWarning: In the future `np.str` will be defined as the corresponding NumPy scalar.
  if not hasattr(_np, _name):
D:\Project\AI Engineer\ePillID-benchmark-master\src\image_augmentators.py:7: FutureWarning: In the future `np.bool` will be defined as the corresponding NumPy scalar.
  if not hasattr(_np, _name):
D:\Project\AI Engineer\ePillID-benchmark-master\src\image_augmentators.py:7: FutureWarning: In the future `np.object` will be defined as the corresponding NumPy scalar.
  if not hasattr(_np, _name):
D:\Project\AI Engineer\ePillID-benchmark-master\src\image_augmentators.py:7: FutureWarning: In the future `np.str` will be defined as the corresponding NumPy scalar.
  if not hasattr(_np, _name):
D:\Project\AI Engineer\ePillID-benchmark-master\src\image_augmentators.py:7: FutureWarning: In the future `np.bool` will be defined as the corresponding NumPy scalar.
  if not hasattr(_np, _name):
D:\Project\AI Engineer\ePillID-benchmark-master\src\image_augmentators.py:7: FutureWarning: In the future `np.object` will be defined as the corresponding NumPy scalar.
  if not hasattr(_np, _name):
D:\Project\AI Engineer\ePillID-benchmark-master\src\image_augmentators.py:7: FutureWarning: In the future `np.str` will be defined as the corresponding NumPy scalar.
  if not hasattr(_np, _name):
D:\Project\AI Engineer\ePillID-benchmark-master\src\image_augmentators.py:7: FutureWarning: In the future `np.bool` will be defined as the corresponding NumPy scalar.
  if not hasattr(_np, _name):
D:\Project\AI Engineer\ePillID-benchmark-master\src\image_augmentators.py:7: FutureWarning: In the future `np.object` will be defined as the corresponding NumPy scalar.
  if not hasattr(_np, _name):
D:\Project\AI Engineer\ePillID-benchmark-master\src\image_augmentators.py:7: FutureWarning: In the future `np.str` will be defined as the corresponding NumPy scalar.
  if not hasattr(_np, _name):
D:\Project\AI Engineer\ePillID-benchmark-master\src\image_augmentators.py:7: FutureWarning: In the future `np.bool` will be defined as the corresponding NumPy scalar.
  if not hasattr(_np, _name):
D:\Project\AI Engineer\ePillID-benchmark-master\src\image_augmentators.py:7: FutureWarning: In the future `np.object` will be defined as the corresponding NumPy scalar.
  if not hasattr(_np, _name):
D:\Project\AI Engineer\ePillID-benchmark-master\src\image_augmentators.py:7: FutureWarning: In the future `np.str` will be defined as the corresponding NumPy scalar.
  if not hasattr(_np, _name):
D:\Project\AI Engineer\ePillID-benchmark-master\src\image_augmentators.py:7: FutureWarning: In the future `np.bool` will be defined as the corresponding NumPy scalar.
  if not hasattr(_np, _name):
D:\Project\AI Engineer\ePillID-benchmark-master\src\image_augmentators.py:7: FutureWarning: In the future `np.object` will be defined as the corresponding NumPy scalar.
  if not hasattr(_np, _name):
D:\Project\AI Engineer\ePillID-benchmark-master\src\image_augmentators.py:7: FutureWarning: In the future `np.str` will be defined as the corresponding NumPy scalar.
  if not hasattr(_np, _name):
D:\Project\AI Engineer\ePillID-benchmark-master\src\image_augmentators.py:7: FutureWarning: In the future `np.bool` will be defined as the corresponding NumPy scalar.
  if not hasattr(_np, _name):
D:\Project\AI Engineer\ePillID-benchmark-master\src\image_augmentators.py:7: FutureWarning: In the future `np.object` will be defined as the corresponding NumPy scalar.
  if not hasattr(_np, _name):
D:\Project\AI Engineer\ePillID-benchmark-master\src\image_augmentators.py:7: FutureWarning: In the future `np.str` will be defined as the corresponding NumPy scalar.
  if not hasattr(_np, _name):
D:\Project\AI Engineer\ePillID-benchmark-master\src\image_augmentators.py:7: FutureWarning: In the future `np.bool` will be defined as the corresponding NumPy scalar.
  if not hasattr(_np, _name):
D:\Project\AI Engineer\ePillID-benchmark-master\src\image_augmentators.py:7: FutureWarning: In the future `np.object` will be defined as the corresponding NumPy scalar.
  if not hasattr(_np, _name):
D:\Project\AI Engineer\ePillID-benchmark-master\src\image_augmentators.py:7: FutureWarning: In the future `np.str` will be defined as the corresponding NumPy scalar.
  if not hasattr(_np, _name):
D:\Project\AI Engineer\ePillID-benchmark-master\src\image_augmentators.py:7: FutureWarning: In the future `np.bool` will be defined as the corresponding NumPy scalar.
  if not hasattr(_np, _name):
D:\Project\AI Engineer\ePillID-benchmark-master\src\image_augmentators.py:7: FutureWarning: In the future `np.object` will be defined as the corresponding NumPy scalar.
  if not hasattr(_np, _name):
D:\Project\AI Engineer\ePillID-benchmark-master\src\image_augmentators.py:7: FutureWarning: In the future `np.str` will be defined as the corresponding NumPy scalar.
  if not hasattr(_np, _name):
D:\Project\AI Engineer\ePillID-benchmark-master\src\image_augmentators.py:7: FutureWarning: In the future `np.bool` will be defined as the corresponding NumPy scalar.
  if not hasattr(_np, _name):
D:\Project\AI Engineer\ePillID-benchmark-master\src\image_augmentators.py:7: FutureWarning: In the future `np.object` will be defined as the corresponding NumPy scalar.
  if not hasattr(_np, _name):
D:\Project\AI Engineer\ePillID-benchmark-master\src\image_augmentators.py:7: FutureWarning: In the future `np.str` will be defined as the corresponding NumPy scalar.
  if not hasattr(_np, _name):
D:\Project\AI Engineer\ePillID-benchmark-master\src\image_augmentators.py:7: FutureWarning: In the future `np.bool` will be defined as the corresponding NumPy scalar.
  if not hasattr(_np, _name):
D:\Project\AI Engineer\ePillID-benchmark-master\src\image_augmentators.py:7: FutureWarning: In the future `np.object` will be defined as the corresponding NumPy scalar.
  if not hasattr(_np, _name):
D:\Project\AI Engineer\ePillID-benchmark-master\src\image_augmentators.py:7: FutureWarning: In the future `np.str` will be defined as the corresponding NumPy scalar.
  if not hasattr(_np, _name):
D:\Project\AI Engineer\ePillID-benchmark-master\src\image_augmentators.py:7: FutureWarning: In the future `np.bool` will be defined as the corresponding NumPy scalar.
  if not hasattr(_np, _name):
D:\Project\AI Engineer\ePillID-benchmark-master\src\image_augmentators.py:7: FutureWarning: In the future `np.object` will be defined as the corresponding NumPy scalar.
  if not hasattr(_np, _name):
D:\Project\AI Engineer\ePillID-benchmark-master\src\image_augmentators.py:7: FutureWarning: In the future `np.str` will be defined as the corresponding NumPy scalar.
  if not hasattr(_np, _name):
D:\Project\AI Engineer\ePillID-benchmark-master\src\image_augmentators.py:7: FutureWarning: In the future `np.bool` will be defined as the corresponding NumPy scalar.
  if not hasattr(_np, _name):
D:\Project\AI Engineer\ePillID-benchmark-master\src\image_augmentators.py:7: FutureWarning: In the future `np.object` will be defined as the corresponding NumPy scalar.
  if not hasattr(_np, _name):
D:\Project\AI Engineer\ePillID-benchmark-master\src\image_augmentators.py:7: FutureWarning: In the future `np.str` will be defined as the corresponding NumPy scalar.
  if not hasattr(_np, _name):
D:\Project\AI Engineer\ePillID-benchmark-master\src\image_augmentators.py:7: FutureWarning: In the future `np.bool` will be defined as the corresponding NumPy scalar.
  if not hasattr(_np, _name):
D:\Project\AI Engineer\ePillID-benchmark-master\src\image_augmentators.py:7: FutureWarning: In the future `np.object` will be defined as the corresponding NumPy scalar.
  if not hasattr(_np, _name):
D:\Project\AI Engineer\ePillID-benchmark-master\src\image_augmentators.py:7: FutureWarning: In the future `np.str` will be defined as the corresponding NumPy scalar.
  if not hasattr(_np, _name):
D:\Project\AI Engineer\ePillID-benchmark-master\src\image_augmentators.py:7: FutureWarning: In the future `np.bool` will be defined as the corresponding NumPy scalar.
  if not hasattr(_np, _name):
D:\Project\AI Engineer\ePillID-benchmark-master\src\image_augmentators.py:7: FutureWarning: In the future `np.object` will be defined as the corresponding NumPy scalar.
  if not hasattr(_np, _name):
D:\Project\AI Engineer\ePillID-benchmark-master\src\image_augmentators.py:7: FutureWarning: In the future `np.str` will be defined as the corresponding NumPy scalar.
  if not hasattr(_np, _name):
D:\Project\AI Engineer\ePillID-benchmark-master\src\image_augmentators.py:7: FutureWarning: In the future `np.bool` will be defined as the corresponding NumPy scalar.
  if not hasattr(_np, _name):
D:\Project\AI Engineer\ePillID-benchmark-master\src\image_augmentators.py:7: FutureWarning: In the future `np.object` will be defined as the corresponding NumPy scalar.
  if not hasattr(_np, _name):
D:\Project\AI Engineer\ePillID-benchmark-master\src\image_augmentators.py:7: FutureWarning: In the future `np.str` will be defined as the corresponding NumPy scalar.
  if not hasattr(_np, _name):
D:\Project\AI Engineer\ePillID-benchmark-master\src\image_augmentators.py:7: FutureWarning: In the future `np.bool` will be defined as the corresponding NumPy scalar.
  if not hasattr(_np, _name):
D:\Project\AI Engineer\ePillID-benchmark-master\src\image_augmentators.py:7: FutureWarning: In the future `np.object` will be defined as the corresponding NumPy scalar.
  if not hasattr(_np, _name):
D:\Project\AI Engineer\ePillID-benchmark-master\src\image_augmentators.py:7: FutureWarning: In the future `np.str` will be defined as the corresponding NumPy scalar.
  if not hasattr(_np, _name):
D:\Project\AI Engineer\ePillID-benchmark-master\src\image_augmentators.py:7: FutureWarning: In the future `np.bool` will be defined as the corresponding NumPy scalar.
  if not hasattr(_np, _name):
D:\Project\AI Engineer\ePillID-benchmark-master\src\image_augmentators.py:7: FutureWarning: In the future `np.object` will be defined as the corresponding NumPy scalar.
  if not hasattr(_np, _name):
D:\Project\AI Engineer\ePillID-benchmark-master\src\image_augmentators.py:7: FutureWarning: In the future `np.str` will be defined as the corresponding NumPy scalar.
  if not hasattr(_np, _name):
D:\Project\AI Engineer\ePillID-benchmark-master\src\image_augmentators.py:7: FutureWarning: In the future `np.bool` will be defined as the corresponding NumPy scalar.
  if not hasattr(_np, _name):
D:\Project\AI Engineer\ePillID-benchmark-master\src\image_augmentators.py:7: FutureWarning: In the future `np.object` will be defined as the corresponding NumPy scalar.
  if not hasattr(_np, _name):
D:\Project\AI Engineer\ePillID-benchmark-master\src\image_augmentators.py:7: FutureWarning: In the future `np.str` will be defined as the corresponding NumPy scalar.
  if not hasattr(_np, _name):
D:\Project\AI Engineer\ePillID-benchmark-master\src\image_augmentators.py:7: FutureWarning: In the future `np.bool` will be defined as the corresponding NumPy scalar.
  if not hasattr(_np, _name):
D:\Project\AI Engineer\ePillID-benchmark-master\src\image_augmentators.py:7: FutureWarning: In the future `np.object` will be defined as the corresponding NumPy scalar.
  if not hasattr(_np, _name):
D:\Project\AI Engineer\ePillID-benchmark-master\src\image_augmentators.py:7: FutureWarning: In the future `np.str` will be defined as the corresponding NumPy scalar.
  if not hasattr(_np, _name):
D:\Project\AI Engineer\ePillID-benchmark-master\src\image_augmentators.py:7: FutureWarning: In the future `np.bool` will be defined as the corresponding NumPy scalar.
  if not hasattr(_np, _name):
D:\Project\AI Engineer\ePillID-benchmark-master\src\image_augmentators.py:7: FutureWarning: In the future `np.object` will be defined as the corresponding NumPy scalar.
  if not hasattr(_np, _name):
D:\Project\AI Engineer\ePillID-benchmark-master\src\image_augmentators.py:7: FutureWarning: In the future `np.str` will be defined as the corresponding NumPy scalar.
  if not hasattr(_np, _name):
D:\Project\AI Engineer\ePillID-benchmark-master\src\image_augmentators.py:7: FutureWarning: In the future `np.bool` will be defined as the corresponding NumPy scalar.
  if not hasattr(_np, _name):
D:\Project\AI Engineer\ePillID-benchmark-master\src\image_augmentators.py:7: FutureWarning: In the future `np.object` will be defined as the corresponding NumPy scalar.
  if not hasattr(_np, _name):
D:\Project\AI Engineer\ePillID-benchmark-master\src\image_augmentators.py:7: FutureWarning: In the future `np.str` will be defined as the corresponding NumPy scalar.
  if not hasattr(_np, _name):
D:\Project\AI Engineer\ePillID-benchmark-master\src\image_augmentators.py:7: FutureWarning: In the future `np.bool` will be defined as the corresponding NumPy scalar.
  if not hasattr(_np, _name):
D:\Project\AI Engineer\ePillID-benchmark-master\src\image_augmentators.py:7: FutureWarning: In the future `np.object` will be defined as the corresponding NumPy scalar.
  if not hasattr(_np, _name):
D:\Project\AI Engineer\ePillID-benchmark-master\src\image_augmentators.py:7: FutureWarning: In the future `np.str` will be defined as the corresponding NumPy scalar.
  if not hasattr(_np, _name):
D:\Project\AI Engineer\ePillID-benchmark-master\src\image_augmentators.py:7: FutureWarning: In the future `np.bool` will be defined as the corresponding NumPy scalar.
  if not hasattr(_np, _name):
D:\Project\AI Engineer\ePillID-benchmark-master\src\image_augmentators.py:7: FutureWarning: In the future `np.object` will be defined as the corresponding NumPy scalar.
  if not hasattr(_np, _name):
D:\Project\AI Engineer\ePillID-benchmark-master\src\image_augmentators.py:7: FutureWarning: In the future `np.str` will be defined as the corresponding NumPy scalar.
  if not hasattr(_np, _name):
D:\Project\AI Engineer\ePillID-benchmark-master\src\image_augmentators.py:7: FutureWarning: In the future `np.bool` will be defined as the corresponding NumPy scalar.
  if not hasattr(_np, _name):
D:\Project\AI Engineer\ePillID-benchmark-master\src\image_augmentators.py:7: FutureWarning: In the future `np.object` will be defined as the corresponding NumPy scalar.
  if not hasattr(_np, _name):
D:\Project\AI Engineer\ePillID-benchmark-master\src\image_augmentators.py:7: FutureWarning: In the future `np.str` will be defined as the corresponding NumPy scalar.
  if not hasattr(_np, _name):
D:\Project\AI Engineer\ePillID-benchmark-master\src\image_augmentators.py:7: FutureWarning: In the future `np.bool` will be defined as the corresponding NumPy scalar.
  if not hasattr(_np, _name):
D:\Project\AI Engineer\ePillID-benchmark-master\src\image_augmentators.py:7: FutureWarning: In the future `np.object` will be defined as the corresponding NumPy scalar.
  if not hasattr(_np, _name):
D:\Project\AI Engineer\ePillID-benchmark-master\src\image_augmentators.py:7: FutureWarning: In the future `np.str` will be defined as the corresponding NumPy scalar.
  if not hasattr(_np, _name):
D:\Project\AI Engineer\ePillID-benchmark-master\src\image_augmentators.py:7: FutureWarning: In the future `np.bool` will be defined as the corresponding NumPy scalar.
  if not hasattr(_np, _name):
D:\Project\AI Engineer\ePillID-benchmark-master\src\image_augmentators.py:7: FutureWarning: In the future `np.object` will be defined as the corresponding NumPy scalar.
  if not hasattr(_np, _name):
D:\Project\AI Engineer\ePillID-benchmark-master\src\image_augmentators.py:7: FutureWarning: In the future `np.str` will be defined as the corresponding NumPy scalar.
  if not hasattr(_np, _name):
D:\Project\AI Engineer\ePillID-benchmark-master\src\image_augmentators.py:7: FutureWarning: In the future `np.bool` will be defined as the corresponding NumPy scalar.
  if not hasattr(_np, _name):
D:\Project\AI Engineer\ePillID-benchmark-master\src\image_augmentators.py:7: FutureWarning: In the future `np.object` will be defined as the corresponding NumPy scalar.
  if not hasattr(_np, _name):
D:\Project\AI Engineer\ePillID-benchmark-master\src\image_augmentators.py:7: FutureWarning: In the future `np.str` will be defined as the corresponding NumPy scalar.
  if not hasattr(_np, _name):
D:\Project\AI Engineer\ePillID-benchmark-master\src\image_augmentators.py:7: FutureWarning: In the future `np.bool` will be defined as the corresponding NumPy scalar.
  if not hasattr(_np, _name):
D:\Project\AI Engineer\ePillID-benchmark-master\src\image_augmentators.py:7: FutureWarning: In the future `np.object` will be defined as the corresponding NumPy scalar.
  if not hasattr(_np, _name):
D:\Project\AI Engineer\ePillID-benchmark-master\src\image_augmentators.py:7: FutureWarning: In the future `np.str` will be defined as the corresponding NumPy scalar.
  if not hasattr(_np, _name):
D:\Project\AI Engineer\ePillID-benchmark-master\src\image_augmentators.py:7: FutureWarning: In the future `np.bool` will be defined as the corresponding NumPy scalar.
  if not hasattr(_np, _name):
D:\Project\AI Engineer\ePillID-benchmark-master\src\image_augmentators.py:7: FutureWarning: In the future `np.object` will be defined as the corresponding NumPy scalar.
  if not hasattr(_np, _name):
D:\Project\AI Engineer\ePillID-benchmark-master\src\image_augmentators.py:7: FutureWarning: In the future `np.str` will be defined as the corresponding NumPy scalar.
  if not hasattr(_np, _name):
D:\Project\AI Engineer\ePillID-benchmark-master\src\image_augmentators.py:7: FutureWarning: In the future `np.bool` will be defined as the corresponding NumPy scalar.
  if not hasattr(_np, _name):
D:\Project\AI Engineer\ePillID-benchmark-master\src\image_augmentators.py:7: FutureWarning: In the future `np.object` will be defined as the corresponding NumPy scalar.
  if not hasattr(_np, _name):
D:\Project\AI Engineer\ePillID-benchmark-master\src\image_augmentators.py:7: FutureWarning: In the future `np.str` will be defined as the corresponding NumPy scalar.
  if not hasattr(_np, _name):
D:\Project\AI Engineer\ePillID-benchmark-master\src\image_augmentators.py:7: FutureWarning: In the future `np.bool` will be defined as the corresponding NumPy scalar.
  if not hasattr(_np, _name):
D:\Project\AI Engineer\ePillID-benchmark-master\src\image_augmentators.py:7: FutureWarning: In the future `np.object` will be defined as the corresponding NumPy scalar.
  if not hasattr(_np, _name):
D:\Project\AI Engineer\ePillID-benchmark-master\src\image_augmentators.py:7: FutureWarning: In the future `np.str` will be defined as the corresponding NumPy scalar.
  if not hasattr(_np, _name):
D:\Project\AI Engineer\ePillID-benchmark-master\src\image_augmentators.py:7: FutureWarning: In the future `np.bool` will be defined as the corresponding NumPy scalar.
  if not hasattr(_np, _name):
D:\Project\AI Engineer\ePillID-benchmark-master\src\image_augmentators.py:7: FutureWarning: In the future `np.object` will be defined as the corresponding NumPy scalar.
  if not hasattr(_np, _name):
D:\Project\AI Engineer\ePillID-benchmark-master\src\image_augmentators.py:7: FutureWarning: In the future `np.str` will be defined as the corresponding NumPy scalar.
  if not hasattr(_np, _name):
D:\Project\AI Engineer\ePillID-benchmark-master\src\image_augmentators.py:7: FutureWarning: In the future `np.bool` will be defined as the corresponding NumPy scalar.
  if not hasattr(_np, _name):
D:\Project\AI Engineer\ePillID-benchmark-master\src\image_augmentators.py:7: FutureWarning: In the future `np.object` will be defined as the corresponding NumPy scalar.
  if not hasattr(_np, _name):
D:\Project\AI Engineer\ePillID-benchmark-master\src\image_augmentators.py:7: FutureWarning: In the future `np.str` will be defined as the corresponding NumPy scalar.
  if not hasattr(_np, _name):
D:\Project\AI Engineer\ePillID-benchmark-master\src\image_augmentators.py:7: FutureWarning: In the future `np.bool` will be defined as the corresponding NumPy scalar.
  if not hasattr(_np, _name):
D:\Project\AI Engineer\ePillID-benchmark-master\src\image_augmentators.py:7: FutureWarning: In the future `np.object` will be defined as the corresponding NumPy scalar.
  if not hasattr(_np, _name):
D:\Project\AI Engineer\ePillID-benchmark-master\src\image_augmentators.py:7: FutureWarning: In the future `np.str` will be defined as the corresponding NumPy scalar.
  if not hasattr(_np, _name):
D:\Project\AI Engineer\ePillID-benchmark-master\src\image_augmentators.py:7: FutureWarning: In the future `np.bool` will be defined as the corresponding NumPy scalar.
  if not hasattr(_np, _name):
D:\Project\AI Engineer\ePillID-benchmark-master\src\image_augmentators.py:7: FutureWarning: In the future `np.object` will be defined as the corresponding NumPy scalar.
  if not hasattr(_np, _name):
D:\Project\AI Engineer\ePillID-benchmark-master\src\image_augmentators.py:7: FutureWarning: In the future `np.str` will be defined as the corresponding NumPy scalar.
  if not hasattr(_np, _name):
D:\Project\AI Engineer\ePillID-benchmark-master\src\image_augmentators.py:7: FutureWarning: In the future `np.bool` will be defined as the corresponding NumPy scalar.
  if not hasattr(_np, _name):
D:\Project\AI Engineer\ePillID-benchmark-master\src\image_augmentators.py:7: FutureWarning: In the future `np.object` will be defined as the corresponding NumPy scalar.
  if not hasattr(_np, _name):
D:\Project\AI Engineer\ePillID-benchmark-master\src\image_augmentators.py:7: FutureWarning: In the future `np.str` will be defined as the corresponding NumPy scalar.
  if not hasattr(_np, _name):
D:\Project\AI Engineer\ePillID-benchmark-master\src\image_augmentators.py:7: FutureWarning: In the future `np.bool` will be defined as the corresponding NumPy scalar.
  if not hasattr(_np, _name):
D:\Project\AI Engineer\ePillID-benchmark-master\src\image_augmentators.py:7: FutureWarning: In the future `np.object` will be defined as the corresponding NumPy scalar.
  if not hasattr(_np, _name):
D:\Project\AI Engineer\ePillID-benchmark-master\src\image_augmentators.py:7: FutureWarning: In the future `np.str` will be defined as the corresponding NumPy scalar.
  if not hasattr(_np, _name):
D:\Project\AI Engineer\ePillID-benchmark-master\src\image_augmentators.py:7: FutureWarning: In the future `np.bool` will be defined as the corresponding NumPy scalar.
  if not hasattr(_np, _name):
D:\Project\AI Engineer\ePillID-benchmark-master\src\image_augmentators.py:7: FutureWarning: In the future `np.object` will be defined as the corresponding NumPy scalar.
  if not hasattr(_np, _name):
D:\Project\AI Engineer\ePillID-benchmark-master\src\image_augmentators.py:7: FutureWarning: In the future `np.str` will be defined as the corresponding NumPy scalar.
  if not hasattr(_np, _name):
D:\Project\AI Engineer\ePillID-benchmark-master\src\image_augmentators.py:7: FutureWarning: In the future `np.bool` will be defined as the corresponding NumPy scalar.
  if not hasattr(_np, _name):
D:\Project\AI Engineer\ePillID-benchmark-master\src\image_augmentators.py:7: FutureWarning: In the future `np.object` will be defined as the corresponding NumPy scalar.
  if not hasattr(_np, _name):
D:\Project\AI Engineer\ePillID-benchmark-master\src\image_augmentators.py:7: FutureWarning: In the future `np.str` will be defined as the corresponding NumPy scalar.
  if not hasattr(_np, _name):
D:\Project\AI Engineer\ePillID-benchmark-master\src\image_augmentators.py:7: FutureWarning: In the future `np.bool` will be defined as the corresponding NumPy scalar.
  if not hasattr(_np, _name):
D:\Project\AI Engineer\ePillID-benchmark-master\src\image_augmentators.py:7: FutureWarning: In the future `np.object` will be defined as the corresponding NumPy scalar.
  if not hasattr(_np, _name):
D:\Project\AI Engineer\ePillID-benchmark-master\src\image_augmentators.py:7: FutureWarning: In the future `np.str` will be defined as the corresponding NumPy scalar.
  if not hasattr(_np, _name):
D:\Project\AI Engineer\ePillID-benchmark-master\src\image_augmentators.py:7: FutureWarning: In the future `np.bool` will be defined as the corresponding NumPy scalar.
  if not hasattr(_np, _name):
D:\Project\AI Engineer\ePillID-benchmark-master\src\image_augmentators.py:7: FutureWarning: In the future `np.object` will be defined as the corresponding NumPy scalar.
  if not hasattr(_np, _name):
D:\Project\AI Engineer\ePillID-benchmark-master\src\image_augmentators.py:7: FutureWarning: In the future `np.str` will be defined as the corresponding NumPy scalar.
  if not hasattr(_np, _name):
D:\Project\AI Engineer\ePillID-benchmark-master\src\image_augmentators.py:7: FutureWarning: In the future `np.bool` will be defined as the corresponding NumPy scalar.
  if not hasattr(_np, _name):
D:\Project\AI Engineer\ePillID-benchmark-master\src\image_augmentators.py:7: FutureWarning: In the future `np.object` will be defined as the corresponding NumPy scalar.
  if not hasattr(_np, _name):
D:\Project\AI Engineer\ePillID-benchmark-master\src\image_augmentators.py:7: FutureWarning: In the future `np.str` will be defined as the corresponding NumPy scalar.
  if not hasattr(_np, _name):
D:\Project\AI Engineer\ePillID-benchmark-master\src\image_augmentators.py:7: FutureWarning: In the future `np.bool` will be defined as the corresponding NumPy scalar.
  if not hasattr(_np, _name):
D:\Project\AI Engineer\ePillID-benchmark-master\src\image_augmentators.py:7: FutureWarning: In the future `np.object` will be defined as the corresponding NumPy scalar.
  if not hasattr(_np, _name):
D:\Project\AI Engineer\ePillID-benchmark-master\src\image_augmentators.py:7: FutureWarning: In the future `np.str` will be defined as the corresponding NumPy scalar.
  if not hasattr(_np, _name):
D:\Project\AI Engineer\ePillID-benchmark-master\src\image_augmentators.py:7: FutureWarning: In the future `np.bool` will be defined as the corresponding NumPy scalar.
  if not hasattr(_np, _name):
D:\Project\AI Engineer\ePillID-benchmark-master\src\image_augmentators.py:7: FutureWarning: In the future `np.object` will be defined as the corresponding NumPy scalar.
  if not hasattr(_np, _name):
D:\Project\AI Engineer\ePillID-benchmark-master\src\image_augmentators.py:7: FutureWarning: In the future `np.str` will be defined as the corresponding NumPy scalar.
  if not hasattr(_np, _name):
D:\Project\AI Engineer\ePillID-benchmark-master\src\image_augmentators.py:7: FutureWarning: In the future `np.bool` will be defined as the corresponding NumPy scalar.
  if not hasattr(_np, _name):
D:\Project\AI Engineer\ePillID-benchmark-master\src\image_augmentators.py:7: FutureWarning: In the future `np.object` will be defined as the corresponding NumPy scalar.
  if not hasattr(_np, _name):
D:\Project\AI Engineer\ePillID-benchmark-master\src\image_augmentators.py:7: FutureWarning: In the future `np.str` will be defined as the corresponding NumPy scalar.
  if not hasattr(_np, _name):
D:\Project\AI Engineer\ePillID-benchmark-master\src\image_augmentators.py:7: FutureWarning: In the future `np.bool` will be defined as the corresponding NumPy scalar.
  if not hasattr(_np, _name):
D:\Project\AI Engineer\ePillID-benchmark-master\src\image_augmentators.py:7: FutureWarning: In the future `np.object` will be defined as the corresponding NumPy scalar.
  if not hasattr(_np, _name):
D:\Project\AI Engineer\ePillID-benchmark-master\src\image_augmentators.py:7: FutureWarning: In the future `np.str` will be defined as the corresponding NumPy scalar.
  if not hasattr(_np, _name):
D:\Project\AI Engineer\ePillID-benchmark-master\src\image_augmentators.py:7: FutureWarning: In the future `np.bool` will be defined as the corresponding NumPy scalar.
  if not hasattr(_np, _name):
D:\Project\AI Engineer\ePillID-benchmark-master\src\image_augmentators.py:7: FutureWarning: In the future `np.object` will be defined as the corresponding NumPy scalar.
  if not hasattr(_np, _name):
D:\Project\AI Engineer\ePillID-benchmark-master\src\image_augmentators.py:7: FutureWarning: In the future `np.str` will be defined as the corresponding NumPy scalar.
  if not hasattr(_np, _name):
D:\Project\AI Engineer\ePillID-benchmark-master\src\image_augmentators.py:7: FutureWarning: In the future `np.bool` will be defined as the corresponding NumPy scalar.
  if not hasattr(_np, _name):
D:\Project\AI Engineer\ePillID-benchmark-master\src\image_augmentators.py:7: FutureWarning: In the future `np.object` will be defined as the corresponding NumPy scalar.
  if not hasattr(_np, _name):
D:\Project\AI Engineer\ePillID-benchmark-master\src\image_augmentators.py:7: FutureWarning: In the future `np.str` will be defined as the corresponding NumPy scalar.
  if not hasattr(_np, _name):
D:\Project\AI Engineer\ePillID-benchmark-master\src\image_augmentators.py:7: FutureWarning: In the future `np.bool` will be defined as the corresponding NumPy scalar.
  if not hasattr(_np, _name):
D:\Project\AI Engineer\ePillID-benchmark-master\src\image_augmentators.py:7: FutureWarning: In the future `np.object` will be defined as the corresponding NumPy scalar.
  if not hasattr(_np, _name):
D:\Project\AI Engineer\ePillID-benchmark-master\src\image_augmentators.py:7: FutureWarning: In the future `np.str` will be defined as the corresponding NumPy scalar.
  if not hasattr(_np, _name):
D:\Project\AI Engineer\ePillID-benchmark-master\src\image_augmentators.py:7: FutureWarning: In the future `np.bool` will be defined as the corresponding NumPy scalar.
  if not hasattr(_np, _name):
D:\Project\AI Engineer\ePillID-benchmark-master\src\image_augmentators.py:7: FutureWarning: In the future `np.object` will be defined as the corresponding NumPy scalar.
  if not hasattr(_np, _name):
D:\Project\AI Engineer\ePillID-benchmark-master\src\image_augmentators.py:7: FutureWarning: In the future `np.str` will be defined as the corresponding NumPy scalar.
  if not hasattr(_np, _name):
D:\Project\AI Engineer\ePillID-benchmark-master\src\image_augmentators.py:7: FutureWarning: In the future `np.bool` will be defined as the corresponding NumPy scalar.
  if not hasattr(_np, _name):
D:\Project\AI Engineer\ePillID-benchmark-master\src\image_augmentators.py:7: FutureWarning: In the future `np.object` will be defined as the corresponding NumPy scalar.
  if not hasattr(_np, _name):
D:\Project\AI Engineer\ePillID-benchmark-master\src\image_augmentators.py:7: FutureWarning: In the future `np.str` will be defined as the corresponding NumPy scalar.
  if not hasattr(_np, _name):
D:\Project\AI Engineer\ePillID-benchmark-master\src\image_augmentators.py:7: FutureWarning: In the future `np.bool` will be defined as the corresponding NumPy scalar.
  if not hasattr(_np, _name):
D:\Project\AI Engineer\ePillID-benchmark-master\src\image_augmentators.py:7: FutureWarning: In the future `np.object` will be defined as the corresponding NumPy scalar.
  if not hasattr(_np, _name):
D:\Project\AI Engineer\ePillID-benchmark-master\src\image_augmentators.py:7: FutureWarning: In the future `np.str` will be defined as the corresponding NumPy scalar.
  if not hasattr(_np, _name):
D:\Project\AI Engineer\ePillID-benchmark-master\src\image_augmentators.py:7: FutureWarning: In the future `np.bool` will be defined as the corresponding NumPy scalar.
  if not hasattr(_np, _name):
D:\Project\AI Engineer\ePillID-benchmark-master\src\image_augmentators.py:7: FutureWarning: In the future `np.object` will be defined as the corresponding NumPy scalar.
  if not hasattr(_np, _name):
D:\Project\AI Engineer\ePillID-benchmark-master\src\image_augmentators.py:7: FutureWarning: In the future `np.str` will be defined as the corresponding NumPy scalar.
  if not hasattr(_np, _name):
D:\Project\AI Engineer\ePillID-benchmark-master\src\image_augmentators.py:7: FutureWarning: In the future `np.bool` will be defined as the corresponding NumPy scalar.
  if not hasattr(_np, _name):
D:\Project\AI Engineer\ePillID-benchmark-master\src\image_augmentators.py:7: FutureWarning: In the future `np.object` will be defined as the corresponding NumPy scalar.
  if not hasattr(_np, _name):
D:\Project\AI Engineer\ePillID-benchmark-master\src\image_augmentators.py:7: FutureWarning: In the future `np.str` will be defined as the corresponding NumPy scalar.
  if not hasattr(_np, _name):
D:\Project\AI Engineer\ePillID-benchmark-master\src\image_augmentators.py:7: FutureWarning: In the future `np.bool` will be defined as the corresponding NumPy scalar.
  if not hasattr(_np, _name):
D:\Project\AI Engineer\ePillID-benchmark-master\src\image_augmentators.py:7: FutureWarning: In the future `np.object` will be defined as the corresponding NumPy scalar.
  if not hasattr(_np, _name):
D:\Project\AI Engineer\ePillID-benchmark-master\src\image_augmentators.py:7: FutureWarning: In the future `np.str` will be defined as the corresponding NumPy scalar.
  if not hasattr(_np, _name):
D:\Project\AI Engineer\ePillID-benchmark-master\src\image_augmentators.py:7: FutureWarning: In the future `np.bool` will be defined as the corresponding NumPy scalar.
  if not hasattr(_np, _name):
D:\Project\AI Engineer\ePillID-benchmark-master\src\image_augmentators.py:7: FutureWarning: In the future `np.object` will be defined as the corresponding NumPy scalar.
  if not hasattr(_np, _name):
D:\Project\AI Engineer\ePillID-benchmark-master\src\image_augmentators.py:7: FutureWarning: In the future `np.str` will be defined as the corresponding NumPy scalar.
  if not hasattr(_np, _name):
D:\Project\AI Engineer\ePillID-benchmark-master\src\image_augmentators.py:7: FutureWarning: In the future `np.bool` will be defined as the corresponding NumPy scalar.
  if not hasattr(_np, _name):
D:\Project\AI Engineer\ePillID-benchmark-master\src\image_augmentators.py:7: FutureWarning: In the future `np.object` will be defined as the corresponding NumPy scalar.
  if not hasattr(_np, _name):
D:\Project\AI Engineer\ePillID-benchmark-master\src\image_augmentators.py:7: FutureWarning: In the future `np.str` will be defined as the corresponding NumPy scalar.
  if not hasattr(_np, _name):
D:\Project\AI Engineer\ePillID-benchmark-master\src\image_augmentators.py:7: FutureWarning: In the future `np.bool` will be defined as the corresponding NumPy scalar.
  if not hasattr(_np, _name):
D:\Project\AI Engineer\ePillID-benchmark-master\src\image_augmentators.py:7: FutureWarning: In the future `np.object` will be defined as the corresponding NumPy scalar.
  if not hasattr(_np, _name):
D:\Project\AI Engineer\ePillID-benchmark-master\src\image_augmentators.py:7: FutureWarning: In the future `np.str` will be defined as the corresponding NumPy scalar.
  if not hasattr(_np, _name):
D:\Project\AI Engineer\ePillID-benchmark-master\src\image_augmentators.py:7: FutureWarning: In the future `np.bool` will be defined as the corresponding NumPy scalar.
  if not hasattr(_np, _name):
D:\Project\AI Engineer\ePillID-benchmark-master\src\image_augmentators.py:7: FutureWarning: In the future `np.object` will be defined as the corresponding NumPy scalar.
  if not hasattr(_np, _name):
D:\Project\AI Engineer\ePillID-benchmark-master\src\image_augmentators.py:7: FutureWarning: In the future `np.str` will be defined as the corresponding NumPy scalar.
  if not hasattr(_np, _name):
D:\Project\AI Engineer\ePillID-benchmark-master\src\image_augmentators.py:7: FutureWarning: In the future `np.bool` will be defined as the corresponding NumPy scalar.
  if not hasattr(_np, _name):
D:\Project\AI Engineer\ePillID-benchmark-master\src\image_augmentators.py:7: FutureWarning: In the future `np.object` will be defined as the corresponding NumPy scalar.
  if not hasattr(_np, _name):
D:\Project\AI Engineer\ePillID-benchmark-master\src\image_augmentators.py:7: FutureWarning: In the future `np.str` will be defined as the corresponding NumPy scalar.
  if not hasattr(_np, _name):
D:\Project\AI Engineer\ePillID-benchmark-master\src\image_augmentators.py:7: FutureWarning: In the future `np.bool` will be defined as the corresponding NumPy scalar.
  if not hasattr(_np, _name):
D:\Project\AI Engineer\ePillID-benchmark-master\src\image_augmentators.py:7: FutureWarning: In the future `np.object` will be defined as the corresponding NumPy scalar.
  if not hasattr(_np, _name):
D:\Project\AI Engineer\ePillID-benchmark-master\src\image_augmentators.py:7: FutureWarning: In the future `np.str` will be defined as the corresponding NumPy scalar.
  if not hasattr(_np, _name):
D:\Project\AI Engineer\ePillID-benchmark-master\src\image_augmentators.py:7: FutureWarning: In the future `np.bool` will be defined as the corresponding NumPy scalar.
  if not hasattr(_np, _name):
D:\Project\AI Engineer\ePillID-benchmark-master\src\image_augmentators.py:7: FutureWarning: In the future `np.object` will be defined as the corresponding NumPy scalar.
  if not hasattr(_np, _name):
D:\Project\AI Engineer\ePillID-benchmark-master\src\image_augmentators.py:7: FutureWarning: In the future `np.str` will be defined as the corresponding NumPy scalar.
  if not hasattr(_np, _name):
D:\Project\AI Engineer\ePillID-benchmark-master\src\image_augmentators.py:7: FutureWarning: In the future `np.bool` will be defined as the corresponding NumPy scalar.
  if not hasattr(_np, _name):
D:\Project\AI Engineer\ePillID-benchmark-master\src\image_augmentators.py:7: FutureWarning: In the future `np.object` will be defined as the corresponding NumPy scalar.
  if not hasattr(_np, _name):
D:\Project\AI Engineer\ePillID-benchmark-master\src\image_augmentators.py:7: FutureWarning: In the future `np.str` will be defined as the corresponding NumPy scalar.
  if not hasattr(_np, _name):
D:\Project\AI Engineer\ePillID-benchmark-master\src\image_augmentators.py:7: FutureWarning: In the future `np.bool` will be defined as the corresponding NumPy scalar.
  if not hasattr(_np, _name):
D:\Project\AI Engineer\ePillID-benchmark-master\src\image_augmentators.py:7: FutureWarning: In the future `np.object` will be defined as the corresponding NumPy scalar.
  if not hasattr(_np, _name):
D:\Project\AI Engineer\ePillID-benchmark-master\src\image_augmentators.py:7: FutureWarning: In the future `np.str` will be defined as the corresponding NumPy scalar.
  if not hasattr(_np, _name):
D:\Project\AI Engineer\ePillID-benchmark-master\src\image_augmentators.py:7: FutureWarning: In the future `np.bool` will be defined as the corresponding NumPy scalar.
  if not hasattr(_np, _name):
D:\Project\AI Engineer\ePillID-benchmark-master\src\image_augmentators.py:7: FutureWarning: In the future `np.object` will be defined as the corresponding NumPy scalar.
  if not hasattr(_np, _name):
D:\Project\AI Engineer\ePillID-benchmark-master\src\image_augmentators.py:7: FutureWarning: In the future `np.str` will be defined as the corresponding NumPy scalar.
  if not hasattr(_np, _name):
D:\Project\AI Engineer\ePillID-benchmark-master\src\image_augmentators.py:7: FutureWarning: In the future `np.bool` will be defined as the corresponding NumPy scalar.
  if not hasattr(_np, _name):
D:\Project\AI Engineer\ePillID-benchmark-master\src\image_augmentators.py:7: FutureWarning: In the future `np.object` will be defined as the corresponding NumPy scalar.
  if not hasattr(_np, _name):
D:\Project\AI Engineer\ePillID-benchmark-master\src\image_augmentators.py:7: FutureWarning: In the future `np.str` will be defined as the corresponding NumPy scalar.
  if not hasattr(_np, _name):
D:\Project\AI Engineer\ePillID-benchmark-master\src\image_augmentators.py:7: FutureWarning: In the future `np.bool` will be defined as the corresponding NumPy scalar.
  if not hasattr(_np, _name):
D:\Project\AI Engineer\ePillID-benchmark-master\src\image_augmentators.py:7: FutureWarning: In the future `np.object` will be defined as the corresponding NumPy scalar.
  if not hasattr(_np, _name):
D:\Project\AI Engineer\ePillID-benchmark-master\src\image_augmentators.py:7: FutureWarning: In the future `np.str` will be defined as the corresponding NumPy scalar.
  if not hasattr(_np, _name):
D:\Project\AI Engineer\ePillID-benchmark-master\src\image_augmentators.py:7: FutureWarning: In the future `np.bool` will be defined as the corresponding NumPy scalar.
  if not hasattr(_np, _name):
D:\Project\AI Engineer\ePillID-benchmark-master\src\image_augmentators.py:7: FutureWarning: In the future `np.object` will be defined as the corresponding NumPy scalar.
  if not hasattr(_np, _name):
D:\Project\AI Engineer\ePillID-benchmark-master\src\image_augmentators.py:7: FutureWarning: In the future `np.str` will be defined as the corresponding NumPy scalar.
  if not hasattr(_np, _name):
D:\Project\AI Engineer\ePillID-benchmark-master\src\image_augmentators.py:7: FutureWarning: In the future `np.bool` will be defined as the corresponding NumPy scalar.
  if not hasattr(_np, _name):
D:\Project\AI Engineer\ePillID-benchmark-master\src\image_augmentators.py:7: FutureWarning: In the future `np.object` will be defined as the corresponding NumPy scalar.
  if not hasattr(_np, _name):
D:\Project\AI Engineer\ePillID-benchmark-master\src\image_augmentators.py:7: FutureWarning: In the future `np.str` will be defined as the corresponding NumPy scalar.
  if not hasattr(_np, _name):
D:\Project\AI Engineer\ePillID-benchmark-master\src\image_augmentators.py:7: FutureWarning: In the future `np.bool` will be defined as the corresponding NumPy scalar.
  if not hasattr(_np, _name):
D:\Project\AI Engineer\ePillID-benchmark-master\src\image_augmentators.py:7: FutureWarning: In the future `np.object` will be defined as the corresponding NumPy scalar.
  if not hasattr(_np, _name):
D:\Project\AI Engineer\ePillID-benchmark-master\src\image_augmentators.py:7: FutureWarning: In the future `np.str` will be defined as the corresponding NumPy scalar.
  if not hasattr(_np, _name):
D:\Project\AI Engineer\ePillID-benchmark-master\src\image_augmentators.py:7: FutureWarning: In the future `np.bool` will be defined as the corresponding NumPy scalar.
  if not hasattr(_np, _name):
D:\Project\AI Engineer\ePillID-benchmark-master\src\image_augmentators.py:7: FutureWarning: In the future `np.object` will be defined as the corresponding NumPy scalar.
  if not hasattr(_np, _name):
D:\Project\AI Engineer\ePillID-benchmark-master\src\image_augmentators.py:7: FutureWarning: In the future `np.str` will be defined as the corresponding NumPy scalar.
  if not hasattr(_np, _name):
D:\Project\AI Engineer\ePillID-benchmark-master\src\image_augmentators.py:7: FutureWarning: In the future `np.bool` will be defined as the corresponding NumPy scalar.
  if not hasattr(_np, _name):
D:\Project\AI Engineer\ePillID-benchmark-master\src\image_augmentators.py:7: FutureWarning: In the future `np.object` will be defined as the corresponding NumPy scalar.
  if not hasattr(_np, _name):
D:\Project\AI Engineer\ePillID-benchmark-master\src\image_augmentators.py:7: FutureWarning: In the future `np.str` will be defined as the corresponding NumPy scalar.
  if not hasattr(_np, _name):
D:\Project\AI Engineer\ePillID-benchmark-master\src\image_augmentators.py:7: FutureWarning: In the future `np.bool` will be defined as the corresponding NumPy scalar.
  if not hasattr(_np, _name):
D:\Project\AI Engineer\ePillID-benchmark-master\src\image_augmentators.py:7: FutureWarning: In the future `np.object` will be defined as the corresponding NumPy scalar.
  if not hasattr(_np, _name):
D:\Project\AI Engineer\ePillID-benchmark-master\src\image_augmentators.py:7: FutureWarning: In the future `np.str` will be defined as the corresponding NumPy scalar.
  if not hasattr(_np, _name):
D:\Project\AI Engineer\ePillID-benchmark-master\src\image_augmentators.py:7: FutureWarning: In the future `np.bool` will be defined as the corresponding NumPy scalar.
  if not hasattr(_np, _name):
D:\Project\AI Engineer\ePillID-benchmark-master\src\image_augmentators.py:7: FutureWarning: In the future `np.object` will be defined as the corresponding NumPy scalar.
  if not hasattr(_np, _name):
D:\Project\AI Engineer\ePillID-benchmark-master\src\image_augmentators.py:7: FutureWarning: In the future `np.str` will be defined as the corresponding NumPy scalar.
  if not hasattr(_np, _name):
D:\Project\AI Engineer\ePillID-benchmark-master\src\image_augmentators.py:7: FutureWarning: In the future `np.bool` will be defined as the corresponding NumPy scalar.
  if not hasattr(_np, _name):
D:\Project\AI Engineer\ePillID-benchmark-master\src\image_augmentators.py:7: FutureWarning: In the future `np.object` will be defined as the corresponding NumPy scalar.
  if not hasattr(_np, _name):
D:\Project\AI Engineer\ePillID-benchmark-master\src\image_augmentators.py:7: FutureWarning: In the future `np.str` will be defined as the corresponding NumPy scalar.
  if not hasattr(_np, _name):
D:\Project\AI Engineer\ePillID-benchmark-master\src\image_augmentators.py:7: FutureWarning: In the future `np.bool` will be defined as the corresponding NumPy scalar.
  if not hasattr(_np, _name):
D:\Project\AI Engineer\ePillID-benchmark-master\src\image_augmentators.py:7: FutureWarning: In the future `np.object` will be defined as the corresponding NumPy scalar.
  if not hasattr(_np, _name):
D:\Project\AI Engineer\ePillID-benchmark-master\src\image_augmentators.py:7: FutureWarning: In the future `np.str` will be defined as the corresponding NumPy scalar.
  if not hasattr(_np, _name):
D:\Project\AI Engineer\ePillID-benchmark-master\src\image_augmentators.py:7: FutureWarning: In the future `np.bool` will be defined as the corresponding NumPy scalar.
  if not hasattr(_np, _name):
D:\Project\AI Engineer\ePillID-benchmark-master\src\image_augmentators.py:7: FutureWarning: In the future `np.object` will be defined as the corresponding NumPy scalar.
  if not hasattr(_np, _name):
D:\Project\AI Engineer\ePillID-benchmark-master\src\image_augmentators.py:7: FutureWarning: In the future `np.str` will be defined as the corresponding NumPy scalar.
  if not hasattr(_np, _name):
D:\Project\AI Engineer\ePillID-benchmark-master\src\image_augmentators.py:7: FutureWarning: In the future `np.bool` will be defined as the corresponding NumPy scalar.
  if not hasattr(_np, _name):
D:\Project\AI Engineer\ePillID-benchmark-master\src\image_augmentators.py:7: FutureWarning: In the future `np.object` will be defined as the corresponding NumPy scalar.
  if not hasattr(_np, _name):
D:\Project\AI Engineer\ePillID-benchmark-master\src\image_augmentators.py:7: FutureWarning: In the future `np.str` will be defined as the corresponding NumPy scalar.
  if not hasattr(_np, _name):
D:\Project\AI Engineer\ePillID-benchmark-master\src\image_augmentators.py:7: FutureWarning: In the future `np.bool` will be defined as the corresponding NumPy scalar.
  if not hasattr(_np, _name):
D:\Project\AI Engineer\ePillID-benchmark-master\src\image_augmentators.py:7: FutureWarning: In the future `np.object` will be defined as the corresponding NumPy scalar.
  if not hasattr(_np, _name):
D:\Project\AI Engineer\ePillID-benchmark-master\src\image_augmentators.py:7: FutureWarning: In the future `np.str` will be defined as the corresponding NumPy scalar.
  if not hasattr(_np, _name):
D:\Project\AI Engineer\ePillID-benchmark-master\src\image_augmentators.py:7: FutureWarning: In the future `np.bool` will be defined as the corresponding NumPy scalar.
  if not hasattr(_np, _name):
D:\Project\AI Engineer\ePillID-benchmark-master\src\image_augmentators.py:7: FutureWarning: In the future `np.object` will be defined as the corresponding NumPy scalar.
  if not hasattr(_np, _name):
D:\Project\AI Engineer\ePillID-benchmark-master\src\image_augmentators.py:7: FutureWarning: In the future `np.str` will be defined as the corresponding NumPy scalar.
  if not hasattr(_np, _name):
D:\Project\AI Engineer\ePillID-benchmark-master\src\image_augmentators.py:7: FutureWarning: In the future `np.bool` will be defined as the corresponding NumPy scalar.
  if not hasattr(_np, _name):
D:\Project\AI Engineer\ePillID-benchmark-master\src\image_augmentators.py:7: FutureWarning: In the future `np.object` will be defined as the corresponding NumPy scalar.
  if not hasattr(_np, _name):
D:\Project\AI Engineer\ePillID-benchmark-master\src\image_augmentators.py:7: FutureWarning: In the future `np.str` will be defined as the corresponding NumPy scalar.
  if not hasattr(_np, _name):
D:\Project\AI Engineer\ePillID-benchmark-master\src\image_augmentators.py:7: FutureWarning: In the future `np.bool` will be defined as the corresponding NumPy scalar.
  if not hasattr(_np, _name):
D:\Project\AI Engineer\ePillID-benchmark-master\src\image_augmentators.py:7: FutureWarning: In the future `np.object` will be defined as the corresponding NumPy scalar.
  if not hasattr(_np, _name):
D:\Project\AI Engineer\ePillID-benchmark-master\src\image_augmentators.py:7: FutureWarning: In the future `np.str` will be defined as the corresponding NumPy scalar.
  if not hasattr(_np, _name):
D:\Project\AI Engineer\ePillID-benchmark-master\src\image_augmentators.py:7: FutureWarning: In the future `np.bool` will be defined as the corresponding NumPy scalar.
  if not hasattr(_np, _name):
D:\Project\AI Engineer\ePillID-benchmark-master\src\image_augmentators.py:7: FutureWarning: In the future `np.object` will be defined as the corresponding NumPy scalar.
  if not hasattr(_np, _name):
D:\Project\AI Engineer\ePillID-benchmark-master\src\image_augmentators.py:7: FutureWarning: In the future `np.str` will be defined as the corresponding NumPy scalar.
  if not hasattr(_np, _name):
D:\Project\AI Engineer\ePillID-benchmark-master\src\image_augmentators.py:7: FutureWarning: In the future `np.bool` will be defined as the corresponding NumPy scalar.
  if not hasattr(_np, _name):
D:\Project\AI Engineer\ePillID-benchmark-master\src\image_augmentators.py:7: FutureWarning: In the future `np.object` will be defined as the corresponding NumPy scalar.
  if not hasattr(_np, _name):
D:\Project\AI Engineer\ePillID-benchmark-master\src\image_augmentators.py:7: FutureWarning: In the future `np.str` will be defined as the corresponding NumPy scalar.
  if not hasattr(_np, _name):
D:\Project\AI Engineer\ePillID-benchmark-master\src\image_augmentators.py:7: FutureWarning: In the future `np.bool` will be defined as the corresponding NumPy scalar.
  if not hasattr(_np, _name):
D:\Project\AI Engineer\ePillID-benchmark-master\src\image_augmentators.py:7: FutureWarning: In the future `np.object` will be defined as the corresponding NumPy scalar.
  if not hasattr(_np, _name):
D:\Project\AI Engineer\ePillID-benchmark-master\src\image_augmentators.py:7: FutureWarning: In the future `np.str` will be defined as the corresponding NumPy scalar.
  if not hasattr(_np, _name):
D:\Project\AI Engineer\ePillID-benchmark-master\src\image_augmentators.py:7: FutureWarning: In the future `np.bool` will be defined as the corresponding NumPy scalar.
  if not hasattr(_np, _name):
D:\Project\AI Engineer\ePillID-benchmark-master\src\image_augmentators.py:7: FutureWarning: In the future `np.object` will be defined as the corresponding NumPy scalar.
  if not hasattr(_np, _name):
D:\Project\AI Engineer\ePillID-benchmark-master\src\image_augmentators.py:7: FutureWarning: In the future `np.str` will be defined as the corresponding NumPy scalar.
  if not hasattr(_np, _name):
D:\Project\AI Engineer\ePillID-benchmark-master\src\image_augmentators.py:7: FutureWarning: In the future `np.bool` will be defined as the corresponding NumPy scalar.
  if not hasattr(_np, _name):
D:\Project\AI Engineer\ePillID-benchmark-master\src\image_augmentators.py:7: FutureWarning: In the future `np.object` will be defined as the corresponding NumPy scalar.
  if not hasattr(_np, _name):
D:\Project\AI Engineer\ePillID-benchmark-master\src\image_augmentators.py:7: FutureWarning: In the future `np.str` will be defined as the corresponding NumPy scalar.
  if not hasattr(_np, _name):
D:\Project\AI Engineer\ePillID-benchmark-master\src\image_augmentators.py:7: FutureWarning: In the future `np.bool` will be defined as the corresponding NumPy scalar.
  if not hasattr(_np, _name):
D:\Project\AI Engineer\ePillID-benchmark-master\src\image_augmentators.py:7: FutureWarning: In the future `np.object` will be defined as the corresponding NumPy scalar.
  if not hasattr(_np, _name):
D:\Project\AI Engineer\ePillID-benchmark-master\src\image_augmentators.py:7: FutureWarning: In the future `np.str` will be defined as the corresponding NumPy scalar.
  if not hasattr(_np, _name):
D:\Project\AI Engineer\ePillID-benchmark-master\src\image_augmentators.py:7: FutureWarning: In the future `np.bool` will be defined as the corresponding NumPy scalar.
  if not hasattr(_np, _name):
D:\Project\AI Engineer\ePillID-benchmark-master\src\image_augmentators.py:7: FutureWarning: In the future `np.object` will be defined as the corresponding NumPy scalar.
  if not hasattr(_np, _name):
D:\Project\AI Engineer\ePillID-benchmark-master\src\image_augmentators.py:7: FutureWarning: In the future `np.str` will be defined as the corresponding NumPy scalar.
  if not hasattr(_np, _name):
D:\Project\AI Engineer\ePillID-benchmark-master\src\image_augmentators.py:7: FutureWarning: In the future `np.bool` will be defined as the corresponding NumPy scalar.
  if not hasattr(_np, _name):
D:\Project\AI Engineer\ePillID-benchmark-master\src\image_augmentators.py:7: FutureWarning: In the future `np.object` will be defined as the corresponding NumPy scalar.
  if not hasattr(_np, _name):
D:\Project\AI Engineer\ePillID-benchmark-master\src\image_augmentators.py:7: FutureWarning: In the future `np.str` will be defined as the corresponding NumPy scalar.
  if not hasattr(_np, _name):
D:\Project\AI Engineer\ePillID-benchmark-master\src\image_augmentators.py:7: FutureWarning: In the future `np.bool` will be defined as the corresponding NumPy scalar.
  if not hasattr(_np, _name):
D:\Project\AI Engineer\ePillID-benchmark-master\src\image_augmentators.py:7: FutureWarning: In the future `np.object` will be defined as the corresponding NumPy scalar.
  if not hasattr(_np, _name):
D:\Project\AI Engineer\ePillID-benchmark-master\src\image_augmentators.py:7: FutureWarning: In the future `np.str` will be defined as the corresponding NumPy scalar.
  if not hasattr(_np, _name):
D:\Project\AI Engineer\ePillID-benchmark-master\src\image_augmentators.py:7: FutureWarning: In the future `np.bool` will be defined as the corresponding NumPy scalar.
  if not hasattr(_np, _name):
D:\Project\AI Engineer\ePillID-benchmark-master\src\image_augmentators.py:7: FutureWarning: In the future `np.object` will be defined as the corresponding NumPy scalar.
  if not hasattr(_np, _name):
D:\Project\AI Engineer\ePillID-benchmark-master\src\image_augmentators.py:7: FutureWarning: In the future `np.str` will be defined as the corresponding NumPy scalar.
  if not hasattr(_np, _name):
D:\Project\AI Engineer\ePillID-benchmark-master\src\image_augmentators.py:7: FutureWarning: In the future `np.bool` will be defined as the corresponding NumPy scalar.
  if not hasattr(_np, _name):
D:\Project\AI Engineer\ePillID-benchmark-master\src\image_augmentators.py:7: FutureWarning: In the future `np.object` will be defined as the corresponding NumPy scalar.
  if not hasattr(_np, _name):
D:\Project\AI Engineer\ePillID-benchmark-master\src\image_augmentators.py:7: FutureWarning: In the future `np.str` will be defined as the corresponding NumPy scalar.
  if not hasattr(_np, _name):
D:\Project\AI Engineer\ePillID-benchmark-master\src\image_augmentators.py:7: FutureWarning: In the future `np.bool` will be defined as the corresponding NumPy scalar.
  if not hasattr(_np, _name):
D:\Project\AI Engineer\ePillID-benchmark-master\src\image_augmentators.py:7: FutureWarning: In the future `np.object` will be defined as the corresponding NumPy scalar.
  if not hasattr(_np, _name):
D:\Project\AI Engineer\ePillID-benchmark-master\src\image_augmentators.py:7: FutureWarning: In the future `np.str` will be defined as the corresponding NumPy scalar.
  if not hasattr(_np, _name):
D:\Project\AI Engineer\ePillID-benchmark-master\src\image_augmentators.py:7: FutureWarning: In the future `np.bool` will be defined as the corresponding NumPy scalar.
  if not hasattr(_np, _name):
D:\Project\AI Engineer\ePillID-benchmark-master\src\image_augmentators.py:7: FutureWarning: In the future `np.object` will be defined as the corresponding NumPy scalar.
  if not hasattr(_np, _name):
D:\Project\AI Engineer\ePillID-benchmark-master\src\image_augmentators.py:7: FutureWarning: In the future `np.str` will be defined as the corresponding NumPy scalar.
  if not hasattr(_np, _name):
D:\Project\AI Engineer\ePillID-benchmark-master\src\image_augmentators.py:7: FutureWarning: In the future `np.bool` will be defined as the corresponding NumPy scalar.
  if not hasattr(_np, _name):
D:\Project\AI Engineer\ePillID-benchmark-master\src\image_augmentators.py:7: FutureWarning: In the future `np.object` will be defined as the corresponding NumPy scalar.
  if not hasattr(_np, _name):
D:\Project\AI Engineer\ePillID-benchmark-master\src\image_augmentators.py:7: FutureWarning: In the future `np.str` will be defined as the corresponding NumPy scalar.
  if not hasattr(_np, _name):
D:\Project\AI Engineer\ePillID-benchmark-master\src\image_augmentators.py:7: FutureWarning: In the future `np.bool` will be defined as the corresponding NumPy scalar.
  if not hasattr(_np, _name):
D:\Project\AI Engineer\ePillID-benchmark-master\src\image_augmentators.py:7: FutureWarning: In the future `np.object` will be defined as the corresponding NumPy scalar.
  if not hasattr(_np, _name):
D:\Project\AI Engineer\ePillID-benchmark-master\src\image_augmentators.py:7: FutureWarning: In the future `np.str` will be defined as the corresponding NumPy scalar.
  if not hasattr(_np, _name):
D:\Project\AI Engineer\ePillID-benchmark-master\src\image_augmentators.py:7: FutureWarning: In the future `np.bool` will be defined as the corresponding NumPy scalar.
  if not hasattr(_np, _name):
D:\Project\AI Engineer\ePillID-benchmark-master\src\image_augmentators.py:7: FutureWarning: In the future `np.object` will be defined as the corresponding NumPy scalar.
  if not hasattr(_np, _name):
D:\Project\AI Engineer\ePillID-benchmark-master\src\image_augmentators.py:7: FutureWarning: In the future `np.str` will be defined as the corresponding NumPy scalar.
  if not hasattr(_np, _name):
D:\Project\AI Engineer\ePillID-benchmark-master\src\image_augmentators.py:7: FutureWarning: In the future `np.bool` will be defined as the corresponding NumPy scalar.
  if not hasattr(_np, _name):
D:\Project\AI Engineer\ePillID-benchmark-master\src\image_augmentators.py:7: FutureWarning: In the future `np.object` will be defined as the corresponding NumPy scalar.
  if not hasattr(_np, _name):
D:\Project\AI Engineer\ePillID-benchmark-master\src\image_augmentators.py:7: FutureWarning: In the future `np.str` will be defined as the corresponding NumPy scalar.
  if not hasattr(_np, _name):
D:\Project\AI Engineer\ePillID-benchmark-master\src\image_augmentators.py:7: FutureWarning: In the future `np.bool` will be defined as the corresponding NumPy scalar.
  if not hasattr(_np, _name):
D:\Project\AI Engineer\ePillID-benchmark-master\src\image_augmentators.py:7: FutureWarning: In the future `np.object` will be defined as the corresponding NumPy scalar.
  if not hasattr(_np, _name):
D:\Project\AI Engineer\ePillID-benchmark-master\src\image_augmentators.py:7: FutureWarning: In the future `np.str` will be defined as the corresponding NumPy scalar.
  if not hasattr(_np, _name):
D:\Project\AI Engineer\ePillID-benchmark-master\src\image_augmentators.py:7: FutureWarning: In the future `np.bool` will be defined as the corresponding NumPy scalar.
  if not hasattr(_np, _name):
D:\Project\AI Engineer\ePillID-benchmark-master\src\image_augmentators.py:7: FutureWarning: In the future `np.object` will be defined as the corresponding NumPy scalar.
  if not hasattr(_np, _name):
D:\Project\AI Engineer\ePillID-benchmark-master\src\image_augmentators.py:7: FutureWarning: In the future `np.str` will be defined as the corresponding NumPy scalar.
  if not hasattr(_np, _name):
D:\Project\AI Engineer\ePillID-benchmark-master\src\image_augmentators.py:7: FutureWarning: In the future `np.bool` will be defined as the corresponding NumPy scalar.
  if not hasattr(_np, _name):
D:\Project\AI Engineer\ePillID-benchmark-master\src\image_augmentators.py:7: FutureWarning: In the future `np.object` will be defined as the corresponding NumPy scalar.
  if not hasattr(_np, _name):
D:\Project\AI Engineer\ePillID-benchmark-master\src\image_augmentators.py:7: FutureWarning: In the future `np.str` will be defined as the corresponding NumPy scalar.
  if not hasattr(_np, _name):
D:\Project\AI Engineer\ePillID-benchmark-master\src\image_augmentators.py:7: FutureWarning: In the future `np.bool` will be defined as the corresponding NumPy scalar.
  if not hasattr(_np, _name):
D:\Project\AI Engineer\ePillID-benchmark-master\src\image_augmentators.py:7: FutureWarning: In the future `np.object` will be defined as the corresponding NumPy scalar.
  if not hasattr(_np, _name):
D:\Project\AI Engineer\ePillID-benchmark-master\src\image_augmentators.py:7: FutureWarning: In the future `np.str` will be defined as the corresponding NumPy scalar.
  if not hasattr(_np, _name):
D:\Project\AI Engineer\ePillID-benchmark-master\src\image_augmentators.py:7: FutureWarning: In the future `np.bool` will be defined as the corresponding NumPy scalar.
  if not hasattr(_np, _name):
D:\Project\AI Engineer\ePillID-benchmark-master\src\image_augmentators.py:7: FutureWarning: In the future `np.object` will be defined as the corresponding NumPy scalar.
  if not hasattr(_np, _name):
D:\Project\AI Engineer\ePillID-benchmark-master\src\image_augmentators.py:7: FutureWarning: In the future `np.str` will be defined as the corresponding NumPy scalar.
  if not hasattr(_np, _name):
D:\Project\AI Engineer\ePillID-benchmark-master\src\image_augmentators.py:7: FutureWarning: In the future `np.bool` will be defined as the corresponding NumPy scalar.
  if not hasattr(_np, _name):
D:\Project\AI Engineer\ePillID-benchmark-master\src\image_augmentators.py:7: FutureWarning: In the future `np.object` will be defined as the corresponding NumPy scalar.
  if not hasattr(_np, _name):
D:\Project\AI Engineer\ePillID-benchmark-master\src\image_augmentators.py:7: FutureWarning: In the future `np.str` will be defined as the corresponding NumPy scalar.
  if not hasattr(_np, _name):
D:\Project\AI Engineer\ePillID-benchmark-master\src\image_augmentators.py:7: FutureWarning: In the future `np.bool` will be defined as the corresponding NumPy scalar.
  if not hasattr(_np, _name):
D:\Project\AI Engineer\ePillID-benchmark-master\src\image_augmentators.py:7: FutureWarning: In the future `np.object` will be defined as the corresponding NumPy scalar.
  if not hasattr(_np, _name):
D:\Project\AI Engineer\ePillID-benchmark-master\src\image_augmentators.py:7: FutureWarning: In the future `np.str` will be defined as the corresponding NumPy scalar.
  if not hasattr(_np, _name):
D:\Project\AI Engineer\ePillID-benchmark-master\src\image_augmentators.py:7: FutureWarning: In the future `np.bool` will be defined as the corresponding NumPy scalar.
  if not hasattr(_np, _name):
D:\Project\AI Engineer\ePillID-benchmark-master\src\image_augmentators.py:7: FutureWarning: In the future `np.object` will be defined as the corresponding NumPy scalar.
  if not hasattr(_np, _name):
D:\Project\AI Engineer\ePillID-benchmark-master\src\image_augmentators.py:7: FutureWarning: In the future `np.str` will be defined as the corresponding NumPy scalar.
  if not hasattr(_np, _name):
D:\Project\AI Engineer\ePillID-benchmark-master\src\image_augmentators.py:7: FutureWarning: In the future `np.bool` will be defined as the corresponding NumPy scalar.
  if not hasattr(_np, _name):
D:\Project\AI Engineer\ePillID-benchmark-master\src\image_augmentators.py:7: FutureWarning: In the future `np.object` will be defined as the corresponding NumPy scalar.
  if not hasattr(_np, _name):
D:\Project\AI Engineer\ePillID-benchmark-master\src\image_augmentators.py:7: FutureWarning: In the future `np.str` will be defined as the corresponding NumPy scalar.
  if not hasattr(_np, _name):
D:\Project\AI Engineer\ePillID-benchmark-master\src\image_augmentators.py:7: FutureWarning: In the future `np.bool` will be defined as the corresponding NumPy scalar.
  if not hasattr(_np, _name):
D:\Project\AI Engineer\ePillID-benchmark-master\src\image_augmentators.py:7: FutureWarning: In the future `np.object` will be defined as the corresponding NumPy scalar.
  if not hasattr(_np, _name):
D:\Project\AI Engineer\ePillID-benchmark-master\src\image_augmentators.py:7: FutureWarning: In the future `np.str` will be defined as the corresponding NumPy scalar.
  if not hasattr(_np, _name):
D:\Project\AI Engineer\ePillID-benchmark-master\src\image_augmentators.py:7: FutureWarning: In the future `np.bool` will be defined as the corresponding NumPy scalar.
  if not hasattr(_np, _name):
D:\Project\AI Engineer\ePillID-benchmark-master\src\image_augmentators.py:7: FutureWarning: In the future `np.object` will be defined as the corresponding NumPy scalar.
  if not hasattr(_np, _name):
D:\Project\AI Engineer\ePillID-benchmark-master\src\image_augmentators.py:7: FutureWarning: In the future `np.str` will be defined as the corresponding NumPy scalar.
  if not hasattr(_np, _name):
D:\Project\AI Engineer\ePillID-benchmark-master\src\image_augmentators.py:7: FutureWarning: In the future `np.bool` will be defined as the corresponding NumPy scalar.
  if not hasattr(_np, _name):
D:\Project\AI Engineer\ePillID-benchmark-master\src\image_augmentators.py:7: FutureWarning: In the future `np.object` will be defined as the corresponding NumPy scalar.
  if not hasattr(_np, _name):
D:\Project\AI Engineer\ePillID-benchmark-master\src\image_augmentators.py:7: FutureWarning: In the future `np.str` will be defined as the corresponding NumPy scalar.
  if not hasattr(_np, _name):
D:\Project\AI Engineer\ePillID-benchmark-master\src\image_augmentators.py:7: FutureWarning: In the future `np.bool` will be defined as the corresponding NumPy scalar.
  if not hasattr(_np, _name):
D:\Project\AI Engineer\ePillID-benchmark-master\src\image_augmentators.py:7: FutureWarning: In the future `np.object` will be defined as the corresponding NumPy scalar.
  if not hasattr(_np, _name):
D:\Project\AI Engineer\ePillID-benchmark-master\src\image_augmentators.py:7: FutureWarning: In the future `np.str` will be defined as the corresponding NumPy scalar.
  if not hasattr(_np, _name):
D:\Project\AI Engineer\ePillID-benchmark-master\src\image_augmentators.py:7: FutureWarning: In the future `np.bool` will be defined as the corresponding NumPy scalar.
  if not hasattr(_np, _name):
D:\Project\AI Engineer\ePillID-benchmark-master\src\image_augmentators.py:7: FutureWarning: In the future `np.object` will be defined as the corresponding NumPy scalar.
  if not hasattr(_np, _name):
D:\Project\AI Engineer\ePillID-benchmark-master\src\image_augmentators.py:7: FutureWarning: In the future `np.str` will be defined as the corresponding NumPy scalar.
  if not hasattr(_np, _name):
D:\Project\AI Engineer\ePillID-benchmark-master\src\image_augmentators.py:7: FutureWarning: In the future `np.bool` will be defined as the corresponding NumPy scalar.
  if not hasattr(_np, _name):
D:\Project\AI Engineer\ePillID-benchmark-master\src\image_augmentators.py:7: FutureWarning: In the future `np.object` will be defined as the corresponding NumPy scalar.
  if not hasattr(_np, _name):
D:\Project\AI Engineer\ePillID-benchmark-master\src\image_augmentators.py:7: FutureWarning: In the future `np.str` will be defined as the corresponding NumPy scalar.
  if not hasattr(_np, _name):
D:\Project\AI Engineer\ePillID-benchmark-master\src\image_augmentators.py:7: FutureWarning: In the future `np.bool` will be defined as the corresponding NumPy scalar.
  if not hasattr(_np, _name):
D:\Project\AI Engineer\ePillID-benchmark-master\src\image_augmentators.py:7: FutureWarning: In the future `np.object` will be defined as the corresponding NumPy scalar.
  if not hasattr(_np, _name):
D:\Project\AI Engineer\ePillID-benchmark-master\src\image_augmentators.py:7: FutureWarning: In the future `np.str` will be defined as the corresponding NumPy scalar.
  if not hasattr(_np, _name):
D:\Project\AI Engineer\ePillID-benchmark-master\src\image_augmentators.py:7: FutureWarning: In the future `np.bool` will be defined as the corresponding NumPy scalar.
  if not hasattr(_np, _name):
D:\Project\AI Engineer\ePillID-benchmark-master\src\image_augmentators.py:7: FutureWarning: In the future `np.object` will be defined as the corresponding NumPy scalar.
  if not hasattr(_np, _name):
D:\Project\AI Engineer\ePillID-benchmark-master\src\image_augmentators.py:7: FutureWarning: In the future `np.str` will be defined as the corresponding NumPy scalar.
  if not hasattr(_np, _name):
D:\Project\AI Engineer\ePillID-benchmark-master\src\image_augmentators.py:7: FutureWarning: In the future `np.bool` will be defined as the corresponding NumPy scalar.
  if not hasattr(_np, _name):
D:\Project\AI Engineer\ePillID-benchmark-master\src\image_augmentators.py:7: FutureWarning: In the future `np.object` will be defined as the corresponding NumPy scalar.
  if not hasattr(_np, _name):
D:\Project\AI Engineer\ePillID-benchmark-master\src\image_augmentators.py:7: FutureWarning: In the future `np.str` will be defined as the corresponding NumPy scalar.
  if not hasattr(_np, _name):
D:\Project\AI Engineer\ePillID-benchmark-master\src\image_augmentators.py:7: FutureWarning: In the future `np.bool` will be defined as the corresponding NumPy scalar.
  if not hasattr(_np, _name):
D:\Project\AI Engineer\ePillID-benchmark-master\src\image_augmentators.py:7: FutureWarning: In the future `np.object` will be defined as the corresponding NumPy scalar.
  if not hasattr(_np, _name):
D:\Project\AI Engineer\ePillID-benchmark-master\src\image_augmentators.py:7: FutureWarning: In the future `np.str` will be defined as the corresponding NumPy scalar.
  if not hasattr(_np, _name):
D:\Project\AI Engineer\ePillID-benchmark-master\src\image_augmentators.py:7: FutureWarning: In the future `np.bool` will be defined as the corresponding NumPy scalar.
  if not hasattr(_np, _name):
D:\Project\AI Engineer\ePillID-benchmark-master\src\image_augmentators.py:7: FutureWarning: In the future `np.object` will be defined as the corresponding NumPy scalar.
  if not hasattr(_np, _name):
D:\Project\AI Engineer\ePillID-benchmark-master\src\image_augmentators.py:7: FutureWarning: In the future `np.str` will be defined as the corresponding NumPy scalar.
  if not hasattr(_np, _name):
D:\Project\AI Engineer\ePillID-benchmark-master\src\image_augmentators.py:7: FutureWarning: In the future `np.bool` will be defined as the corresponding NumPy scalar.
  if not hasattr(_np, _name):
D:\Project\AI Engineer\ePillID-benchmark-master\src\image_augmentators.py:7: FutureWarning: In the future `np.object` will be defined as the corresponding NumPy scalar.
  if not hasattr(_np, _name):
D:\Project\AI Engineer\ePillID-benchmark-master\src\image_augmentators.py:7: FutureWarning: In the future `np.str` will be defined as the corresponding NumPy scalar.
  if not hasattr(_np, _name):
D:\Project\AI Engineer\ePillID-benchmark-master\src\image_augmentators.py:7: FutureWarning: In the future `np.bool` will be defined as the corresponding NumPy scalar.
  if not hasattr(_np, _name):
D:\Project\AI Engineer\ePillID-benchmark-master\src\image_augmentators.py:7: FutureWarning: In the future `np.object` will be defined as the corresponding NumPy scalar.
  if not hasattr(_np, _name):
D:\Project\AI Engineer\ePillID-benchmark-master\src\image_augmentators.py:7: FutureWarning: In the future `np.str` will be defined as the corresponding NumPy scalar.
  if not hasattr(_np, _name):
D:\Project\AI Engineer\ePillID-benchmark-master\src\image_augmentators.py:7: FutureWarning: In the future `np.bool` will be defined as the corresponding NumPy scalar.
  if not hasattr(_np, _name):
D:\Project\AI Engineer\ePillID-benchmark-master\src\image_augmentators.py:7: FutureWarning: In the future `np.object` will be defined as the corresponding NumPy scalar.
  if not hasattr(_np, _name):
D:\Project\AI Engineer\ePillID-benchmark-master\src\image_augmentators.py:7: FutureWarning: In the future `np.str` will be defined as the corresponding NumPy scalar.
  if not hasattr(_np, _name):
D:\Project\AI Engineer\ePillID-benchmark-master\src\image_augmentators.py:7: FutureWarning: In the future `np.bool` will be defined as the corresponding NumPy scalar.
  if not hasattr(_np, _name):
D:\Project\AI Engineer\ePillID-benchmark-master\src\image_augmentators.py:7: FutureWarning: In the future `np.object` will be defined as the corresponding NumPy scalar.
  if not hasattr(_np, _name):
D:\Project\AI Engineer\ePillID-benchmark-master\src\image_augmentators.py:7: FutureWarning: In the future `np.str` will be defined as the corresponding NumPy scalar.
  if not hasattr(_np, _name):
D:\Project\AI Engineer\ePillID-benchmark-master\src\image_augmentators.py:7: FutureWarning: In the future `np.bool` will be defined as the corresponding NumPy scalar.
  if not hasattr(_np, _name):
D:\Project\AI Engineer\ePillID-benchmark-master\src\image_augmentators.py:7: FutureWarning: In the future `np.object` will be defined as the corresponding NumPy scalar.
  if not hasattr(_np, _name):
D:\Project\AI Engineer\ePillID-benchmark-master\src\image_augmentators.py:7: FutureWarning: In the future `np.str` will be defined as the corresponding NumPy scalar.
  if not hasattr(_np, _name):
D:\Project\AI Engineer\ePillID-benchmark-master\src\image_augmentators.py:7: FutureWarning: In the future `np.bool` will be defined as the corresponding NumPy scalar.
  if not hasattr(_np, _name):
D:\Project\AI Engineer\ePillID-benchmark-master\src\image_augmentators.py:7: FutureWarning: In the future `np.object` will be defined as the corresponding NumPy scalar.
  if not hasattr(_np, _name):
D:\Project\AI Engineer\ePillID-benchmark-master\src\image_augmentators.py:7: FutureWarning: In the future `np.str` will be defined as the corresponding NumPy scalar.
  if not hasattr(_np, _name):
D:\Project\AI Engineer\ePillID-benchmark-master\src\image_augmentators.py:7: FutureWarning: In the future `np.bool` will be defined as the corresponding NumPy scalar.
  if not hasattr(_np, _name):
D:\Project\AI Engineer\ePillID-benchmark-master\src\image_augmentators.py:7: FutureWarning: In the future `np.object` will be defined as the corresponding NumPy scalar.
  if not hasattr(_np, _name):
D:\Project\AI Engineer\ePillID-benchmark-master\src\image_augmentators.py:7: FutureWarning: In the future `np.str` will be defined as the corresponding NumPy scalar.
  if not hasattr(_np, _name):
D:\Project\AI Engineer\ePillID-benchmark-master\src\image_augmentators.py:7: FutureWarning: In the future `np.bool` will be defined as the corresponding NumPy scalar.
  if not hasattr(_np, _name):
D:\Project\AI Engineer\ePillID-benchmark-master\src\image_augmentators.py:7: FutureWarning: In the future `np.object` will be defined as the corresponding NumPy scalar.
  if not hasattr(_np, _name):
D:\Project\AI Engineer\ePillID-benchmark-master\src\image_augmentators.py:7: FutureWarning: In the future `np.str` will be defined as the corresponding NumPy scalar.
  if not hasattr(_np, _name):
D:\Project\AI Engineer\ePillID-benchmark-master\src\image_augmentators.py:7: FutureWarning: In the future `np.bool` will be defined as the corresponding NumPy scalar.
  if not hasattr(_np, _name):
D:\Project\AI Engineer\ePillID-benchmark-master\src\image_augmentators.py:7: FutureWarning: In the future `np.object` will be defined as the corresponding NumPy scalar.
  if not hasattr(_np, _name):
D:\Project\AI Engineer\ePillID-benchmark-master\src\image_augmentators.py:7: FutureWarning: In the future `np.str` will be defined as the corresponding NumPy scalar.
  if not hasattr(_np, _name):
D:\Project\AI Engineer\ePillID-benchmark-master\src\image_augmentators.py:7: FutureWarning: In the future `np.bool` will be defined as the corresponding NumPy scalar.
  if not hasattr(_np, _name):
D:\Project\AI Engineer\ePillID-benchmark-master\src\image_augmentators.py:7: FutureWarning: In the future `np.object` will be defined as the corresponding NumPy scalar.
  if not hasattr(_np, _name):
D:\Project\AI Engineer\ePillID-benchmark-master\src\image_augmentators.py:7: FutureWarning: In the future `np.str` will be defined as the corresponding NumPy scalar.
  if not hasattr(_np, _name):
D:\Project\AI Engineer\ePillID-benchmark-master\src\image_augmentators.py:7: FutureWarning: In the future `np.bool` will be defined as the corresponding NumPy scalar.
  if not hasattr(_np, _name):
D:\Project\AI Engineer\ePillID-benchmark-master\src\image_augmentators.py:7: FutureWarning: In the future `np.object` will be defined as the corresponding NumPy scalar.
  if not hasattr(_np, _name):
D:\Project\AI Engineer\ePillID-benchmark-master\src\image_augmentators.py:7: FutureWarning: In the future `np.str` will be defined as the corresponding NumPy scalar.
  if not hasattr(_np, _name):
D:\Project\AI Engineer\ePillID-benchmark-master\src\image_augmentators.py:7: FutureWarning: In the future `np.bool` will be defined as the corresponding NumPy scalar.
  if not hasattr(_np, _name):
D:\Project\AI Engineer\ePillID-benchmark-master\src\image_augmentators.py:7: FutureWarning: In the future `np.object` will be defined as the corresponding NumPy scalar.
  if not hasattr(_np, _name):
D:\Project\AI Engineer\ePillID-benchmark-master\src\image_augmentators.py:7: FutureWarning: In the future `np.str` will be defined as the corresponding NumPy scalar.
  if not hasattr(_np, _name):
D:\Project\AI Engineer\ePillID-benchmark-master\src\image_augmentators.py:7: FutureWarning: In the future `np.bool` will be defined as the corresponding NumPy scalar.
  if not hasattr(_np, _name):
D:\Project\AI Engineer\ePillID-benchmark-master\src\image_augmentators.py:7: FutureWarning: In the future `np.object` will be defined as the corresponding NumPy scalar.
  if not hasattr(_np, _name):
D:\Project\AI Engineer\ePillID-benchmark-master\src\image_augmentators.py:7: FutureWarning: In the future `np.str` will be defined as the corresponding NumPy scalar.
  if not hasattr(_np, _name):
D:\Project\AI Engineer\ePillID-benchmark-master\src\image_augmentators.py:7: FutureWarning: In the future `np.bool` will be defined as the corresponding NumPy scalar.
  if not hasattr(_np, _name):
D:\Project\AI Engineer\ePillID-benchmark-master\src\image_augmentators.py:7: FutureWarning: In the future `np.object` will be defined as the corresponding NumPy scalar.
  if not hasattr(_np, _name):
D:\Project\AI Engineer\ePillID-benchmark-master\src\image_augmentators.py:7: FutureWarning: In the future `np.str` will be defined as the corresponding NumPy scalar.
  if not hasattr(_np, _name):
D:\Project\AI Engineer\ePillID-benchmark-master\src\image_augmentators.py:7: FutureWarning: In the future `np.bool` will be defined as the corresponding NumPy scalar.
  if not hasattr(_np, _name):
D:\Project\AI Engineer\ePillID-benchmark-master\src\image_augmentators.py:7: FutureWarning: In the future `np.object` will be defined as the corresponding NumPy scalar.
  if not hasattr(_np, _name):
D:\Project\AI Engineer\ePillID-benchmark-master\src\image_augmentators.py:7: FutureWarning: In the future `np.str` will be defined as the corresponding NumPy scalar.
  if not hasattr(_np, _name):
D:\Project\AI Engineer\ePillID-benchmark-master\src\image_augmentators.py:7: FutureWarning: In the future `np.bool` will be defined as the corresponding NumPy scalar.
  if not hasattr(_np, _name):
D:\Project\AI Engineer\ePillID-benchmark-master\src\image_augmentators.py:7: FutureWarning: In the future `np.object` will be defined as the corresponding NumPy scalar.
  if not hasattr(_np, _name):
D:\Project\AI Engineer\ePillID-benchmark-master\src\image_augmentators.py:7: FutureWarning: In the future `np.str` will be defined as the corresponding NumPy scalar.
  if not hasattr(_np, _name):
D:\Project\AI Engineer\ePillID-benchmark-master\src\image_augmentators.py:7: FutureWarning: In the future `np.bool` will be defined as the corresponding NumPy scalar.
  if not hasattr(_np, _name):
D:\Project\AI Engineer\ePillID-benchmark-master\src\image_augmentators.py:7: FutureWarning: In the future `np.object` will be defined as the corresponding NumPy scalar.
  if not hasattr(_np, _name):
D:\Project\AI Engineer\ePillID-benchmark-master\src\image_augmentators.py:7: FutureWarning: In the future `np.str` will be defined as the corresponding NumPy scalar.
  if not hasattr(_np, _name):
D:\Project\AI Engineer\ePillID-benchmark-master\src\image_augmentators.py:7: FutureWarning: In the future `np.bool` will be defined as the corresponding NumPy scalar.
  if not hasattr(_np, _name):
D:\Project\AI Engineer\ePillID-benchmark-master\src\image_augmentators.py:7: FutureWarning: In the future `np.object` will be defined as the corresponding NumPy scalar.
  if not hasattr(_np, _name):
D:\Project\AI Engineer\ePillID-benchmark-master\src\image_augmentators.py:7: FutureWarning: In the future `np.str` will be defined as the corresponding NumPy scalar.
  if not hasattr(_np, _name):
D:\Project\AI Engineer\ePillID-benchmark-master\src\image_augmentators.py:7: FutureWarning: In the future `np.bool` will be defined as the corresponding NumPy scalar.
  if not hasattr(_np, _name):
D:\Project\AI Engineer\ePillID-benchmark-master\src\image_augmentators.py:7: FutureWarning: In the future `np.object` will be defined as the corresponding NumPy scalar.
  if not hasattr(_np, _name):
D:\Project\AI Engineer\ePillID-benchmark-master\src\image_augmentators.py:7: FutureWarning: In the future `np.str` will be defined as the corresponding NumPy scalar.
  if not hasattr(_np, _name):
D:\Project\AI Engineer\ePillID-benchmark-master\src\image_augmentators.py:7: FutureWarning: In the future `np.bool` will be defined as the corresponding NumPy scalar.
  if not hasattr(_np, _name):
D:\Project\AI Engineer\ePillID-benchmark-master\src\image_augmentators.py:7: FutureWarning: In the future `np.object` will be defined as the corresponding NumPy scalar.
  if not hasattr(_np, _name):
D:\Project\AI Engineer\ePillID-benchmark-master\src\image_augmentators.py:7: FutureWarning: In the future `np.str` will be defined as the corresponding NumPy scalar.
  if not hasattr(_np, _name):
D:\Project\AI Engineer\ePillID-benchmark-master\src\image_augmentators.py:7: FutureWarning: In the future `np.bool` will be defined as the corresponding NumPy scalar.
  if not hasattr(_np, _name):
D:\Project\AI Engineer\ePillID-benchmark-master\src\image_augmentators.py:7: FutureWarning: In the future `np.object` will be defined as the corresponding NumPy scalar.
  if not hasattr(_np, _name):
D:\Project\AI Engineer\ePillID-benchmark-master\src\image_augmentators.py:7: FutureWarning: In the future `np.str` will be defined as the corresponding NumPy scalar.
  if not hasattr(_np, _name):
D:\Project\AI Engineer\ePillID-benchmark-master\src\image_augmentators.py:7: FutureWarning: In the future `np.bool` will be defined as the corresponding NumPy scalar.
  if not hasattr(_np, _name):
D:\Project\AI Engineer\ePillID-benchmark-master\src\image_augmentators.py:7: FutureWarning: In the future `np.object` will be defined as the corresponding NumPy scalar.
  if not hasattr(_np, _name):
D:\Project\AI Engineer\ePillID-benchmark-master\src\image_augmentators.py:7: FutureWarning: In the future `np.str` will be defined as the corresponding NumPy scalar.
  if not hasattr(_np, _name):
D:\Project\AI Engineer\ePillID-benchmark-master\src\image_augmentators.py:7: FutureWarning: In the future `np.bool` will be defined as the corresponding NumPy scalar.
  if not hasattr(_np, _name):
D:\Project\AI Engineer\ePillID-benchmark-master\src\image_augmentators.py:7: FutureWarning: In the future `np.object` will be defined as the corresponding NumPy scalar.
  if not hasattr(_np, _name):
D:\Project\AI Engineer\ePillID-benchmark-master\src\image_augmentators.py:7: FutureWarning: In the future `np.str` will be defined as the corresponding NumPy scalar.
  if not hasattr(_np, _name):
D:\Project\AI Engineer\ePillID-benchmark-master\src\image_augmentators.py:7: FutureWarning: In the future `np.bool` will be defined as the corresponding NumPy scalar.
  if not hasattr(_np, _name):
D:\Project\AI Engineer\ePillID-benchmark-master\src\image_augmentators.py:7: FutureWarning: In the future `np.object` will be defined as the corresponding NumPy scalar.
  if not hasattr(_np, _name):
D:\Project\AI Engineer\ePillID-benchmark-master\src\image_augmentators.py:7: FutureWarning: In the future `np.str` will be defined as the corresponding NumPy scalar.
  if not hasattr(_np, _name):
D:\Project\AI Engineer\ePillID-benchmark-master\src\image_augmentators.py:7: FutureWarning: In the future `np.bool` will be defined as the corresponding NumPy scalar.
  if not hasattr(_np, _name):
D:\Project\AI Engineer\ePillID-benchmark-master\src\image_augmentators.py:7: FutureWarning: In the future `np.object` will be defined as the corresponding NumPy scalar.
  if not hasattr(_np, _name):
D:\Project\AI Engineer\ePillID-benchmark-master\src\image_augmentators.py:7: FutureWarning: In the future `np.str` will be defined as the corresponding NumPy scalar.
  if not hasattr(_np, _name):
D:\Project\AI Engineer\ePillID-benchmark-master\src\image_augmentators.py:7: FutureWarning: In the future `np.bool` will be defined as the corresponding NumPy scalar.
  if not hasattr(_np, _name):
D:\Project\AI Engineer\ePillID-benchmark-master\src\image_augmentators.py:7: FutureWarning: In the future `np.object` will be defined as the corresponding NumPy scalar.
  if not hasattr(_np, _name):
D:\Project\AI Engineer\ePillID-benchmark-master\src\image_augmentators.py:7: FutureWarning: In the future `np.str` will be defined as the corresponding NumPy scalar.
  if not hasattr(_np, _name):
D:\Project\AI Engineer\ePillID-benchmark-master\src\image_augmentators.py:7: FutureWarning: In the future `np.bool` will be defined as the corresponding NumPy scalar.
  if not hasattr(_np, _name):
D:\Project\AI Engineer\ePillID-benchmark-master\src\image_augmentators.py:7: FutureWarning: In the future `np.object` will be defined as the corresponding NumPy scalar.
  if not hasattr(_np, _name):
D:\Project\AI Engineer\ePillID-benchmark-master\src\image_augmentators.py:7: FutureWarning: In the future `np.str` will be defined as the corresponding NumPy scalar.
  if not hasattr(_np, _name):
D:\Project\AI Engineer\ePillID-benchmark-master\src\image_augmentators.py:7: FutureWarning: In the future `np.bool` will be defined as the corresponding NumPy scalar.
  if not hasattr(_np, _name):
D:\Project\AI Engineer\ePillID-benchmark-master\src\image_augmentators.py:7: FutureWarning: In the future `np.object` will be defined as the corresponding NumPy scalar.
  if not hasattr(_np, _name):
D:\Project\AI Engineer\ePillID-benchmark-master\src\image_augmentators.py:7: FutureWarning: In the future `np.str` will be defined as the corresponding NumPy scalar.
  if not hasattr(_np, _name):
D:\Project\AI Engineer\ePillID-benchmark-master\src\image_augmentators.py:7: FutureWarning: In the future `np.bool` will be defined as the corresponding NumPy scalar.
  if not hasattr(_np, _name):
D:\Project\AI Engineer\ePillID-benchmark-master\src\image_augmentators.py:7: FutureWarning: In the future `np.object` will be defined as the corresponding NumPy scalar.
  if not hasattr(_np, _name):
D:\Project\AI Engineer\ePillID-benchmark-master\src\image_augmentators.py:7: FutureWarning: In the future `np.str` will be defined as the corresponding NumPy scalar.
  if not hasattr(_np, _name):
D:\Project\AI Engineer\ePillID-benchmark-master\src\image_augmentators.py:7: FutureWarning: In the future `np.bool` will be defined as the corresponding NumPy scalar.
  if not hasattr(_np, _name):
D:\Project\AI Engineer\ePillID-benchmark-master\src\image_augmentators.py:7: FutureWarning: In the future `np.object` will be defined as the corresponding NumPy scalar.
  if not hasattr(_np, _name):
D:\Project\AI Engineer\ePillID-benchmark-master\src\image_augmentators.py:7: FutureWarning: In the future `np.str` will be defined as the corresponding NumPy scalar.
  if not hasattr(_np, _name):
D:\Project\AI Engineer\ePillID-benchmark-master\src\image_augmentators.py:7: FutureWarning: In the future `np.bool` will be defined as the corresponding NumPy scalar.
  if not hasattr(_np, _name):
D:\Project\AI Engineer\ePillID-benchmark-master\src\image_augmentators.py:7: FutureWarning: In the future `np.object` will be defined as the corresponding NumPy scalar.
  if not hasattr(_np, _name):
D:\Project\AI Engineer\ePillID-benchmark-master\src\image_augmentators.py:7: FutureWarning: In the future `np.str` will be defined as the corresponding NumPy scalar.
  if not hasattr(_np, _name):
D:\Project\AI Engineer\ePillID-benchmark-master\src\image_augmentators.py:7: FutureWarning: In the future `np.bool` will be defined as the corresponding NumPy scalar.
  if not hasattr(_np, _name):
D:\Project\AI Engineer\ePillID-benchmark-master\src\image_augmentators.py:7: FutureWarning: In the future `np.object` will be defined as the corresponding NumPy scalar.
  if not hasattr(_np, _name):
D:\Project\AI Engineer\ePillID-benchmark-master\src\image_augmentators.py:7: FutureWarning: In the future `np.str` will be defined as the corresponding NumPy scalar.
  if not hasattr(_np, _name):
D:\Project\AI Engineer\ePillID-benchmark-master\src\image_augmentators.py:7: FutureWarning: In the future `np.bool` will be defined as the corresponding NumPy scalar.
  if not hasattr(_np, _name):
D:\Project\AI Engineer\ePillID-benchmark-master\src\image_augmentators.py:7: FutureWarning: In the future `np.object` will be defined as the corresponding NumPy scalar.
  if not hasattr(_np, _name):
D:\Project\AI Engineer\ePillID-benchmark-master\src\image_augmentators.py:7: FutureWarning: In the future `np.str` will be defined as the corresponding NumPy scalar.
  if not hasattr(_np, _name):
D:\Project\AI Engineer\ePillID-benchmark-master\src\image_augmentators.py:7: FutureWarning: In the future `np.bool` will be defined as the corresponding NumPy scalar.
  if not hasattr(_np, _name):
D:\Project\AI Engineer\ePillID-benchmark-master\src\image_augmentators.py:7: FutureWarning: In the future `np.object` will be defined as the corresponding NumPy scalar.
  if not hasattr(_np, _name):
D:\Project\AI Engineer\ePillID-benchmark-master\src\image_augmentators.py:7: FutureWarning: In the future `np.str` will be defined as the corresponding NumPy scalar.
  if not hasattr(_np, _name):
D:\Project\AI Engineer\ePillID-benchmark-master\src\image_augmentators.py:7: FutureWarning: In the future `np.bool` will be defined as the corresponding NumPy scalar.
  if not hasattr(_np, _name):
D:\Project\AI Engineer\ePillID-benchmark-master\src\image_augmentators.py:7: FutureWarning: In the future `np.object` will be defined as the corresponding NumPy scalar.
  if not hasattr(_np, _name):
D:\Project\AI Engineer\ePillID-benchmark-master\src\image_augmentators.py:7: FutureWarning: In the future `np.str` will be defined as the corresponding NumPy scalar.
  if not hasattr(_np, _name):
D:\Project\AI Engineer\ePillID-benchmark-master\src\image_augmentators.py:7: FutureWarning: In the future `np.bool` will be defined as the corresponding NumPy scalar.
  if not hasattr(_np, _name):
D:\Project\AI Engineer\ePillID-benchmark-master\src\image_augmentators.py:7: FutureWarning: In the future `np.object` will be defined as the corresponding NumPy scalar.
  if not hasattr(_np, _name):
D:\Project\AI Engineer\ePillID-benchmark-master\src\image_augmentators.py:7: FutureWarning: In the future `np.str` will be defined as the corresponding NumPy scalar.
  if not hasattr(_np, _name):
D:\Project\AI Engineer\ePillID-benchmark-master\src\image_augmentators.py:7: FutureWarning: In the future `np.bool` will be defined as the corresponding NumPy scalar.
  if not hasattr(_np, _name):
D:\Project\AI Engineer\ePillID-benchmark-master\src\image_augmentators.py:7: FutureWarning: In the future `np.object` will be defined as the corresponding NumPy scalar.
  if not hasattr(_np, _name):
D:\Project\AI Engineer\ePillID-benchmark-master\src\image_augmentators.py:7: FutureWarning: In the future `np.str` will be defined as the corresponding NumPy scalar.
  if not hasattr(_np, _name):
D:\Project\AI Engineer\ePillID-benchmark-master\src\image_augmentators.py:7: FutureWarning: In the future `np.bool` will be defined as the corresponding NumPy scalar.
  if not hasattr(_np, _name):
D:\Project\AI Engineer\ePillID-benchmark-master\src\image_augmentators.py:7: FutureWarning: In the future `np.object` will be defined as the corresponding NumPy scalar.
  if not hasattr(_np, _name):
D:\Project\AI Engineer\ePillID-benchmark-master\src\image_augmentators.py:7: FutureWarning: In the future `np.str` will be defined as the corresponding NumPy scalar.
  if not hasattr(_np, _name):
D:\Project\AI Engineer\ePillID-benchmark-master\src\image_augmentators.py:7: FutureWarning: In the future `np.bool` will be defined as the corresponding NumPy scalar.
  if not hasattr(_np, _name):
D:\Project\AI Engineer\ePillID-benchmark-master\src\image_augmentators.py:7: FutureWarning: In the future `np.object` will be defined as the corresponding NumPy scalar.
  if not hasattr(_np, _name):
D:\Project\AI Engineer\ePillID-benchmark-master\src\image_augmentators.py:7: FutureWarning: In the future `np.str` will be defined as the corresponding NumPy scalar.
  if not hasattr(_np, _name):
D:\Project\AI Engineer\ePillID-benchmark-master\src\image_augmentators.py:7: FutureWarning: In the future `np.bool` will be defined as the corresponding NumPy scalar.
  if not hasattr(_np, _name):
D:\Project\AI Engineer\ePillID-benchmark-master\src\image_augmentators.py:7: FutureWarning: In the future `np.object` will be defined as the corresponding NumPy scalar.
  if not hasattr(_np, _name):
D:\Project\AI Engineer\ePillID-benchmark-master\src\image_augmentators.py:7: FutureWarning: In the future `np.str` will be defined as the corresponding NumPy scalar.
  if not hasattr(_np, _name):
D:\Project\AI Engineer\ePillID-benchmark-master\src\image_augmentators.py:7: FutureWarning: In the future `np.bool` will be defined as the corresponding NumPy scalar.
  if not hasattr(_np, _name):
D:\Project\AI Engineer\ePillID-benchmark-master\src\image_augmentators.py:7: FutureWarning: In the future `np.object` will be defined as the corresponding NumPy scalar.
  if not hasattr(_np, _name):
D:\Project\AI Engineer\ePillID-benchmark-master\src\image_augmentators.py:7: FutureWarning: In the future `np.str` will be defined as the corresponding NumPy scalar.
  if not hasattr(_np, _name):
D:\Project\AI Engineer\ePillID-benchmark-master\src\image_augmentators.py:7: FutureWarning: In the future `np.bool` will be defined as the corresponding NumPy scalar.
  if not hasattr(_np, _name):
D:\Project\AI Engineer\ePillID-benchmark-master\src\image_augmentators.py:7: FutureWarning: In the future `np.object` will be defined as the corresponding NumPy scalar.
  if not hasattr(_np, _name):
D:\Project\AI Engineer\ePillID-benchmark-master\src\image_augmentators.py:7: FutureWarning: In the future `np.str` will be defined as the corresponding NumPy scalar.
  if not hasattr(_np, _name):
D:\Project\AI Engineer\ePillID-benchmark-master\src\image_augmentators.py:7: FutureWarning: In the future `np.bool` will be defined as the corresponding NumPy scalar.
  if not hasattr(_np, _name):
D:\Project\AI Engineer\ePillID-benchmark-master\src\image_augmentators.py:7: FutureWarning: In the future `np.object` will be defined as the corresponding NumPy scalar.
  if not hasattr(_np, _name):
D:\Project\AI Engineer\ePillID-benchmark-master\src\image_augmentators.py:7: FutureWarning: In the future `np.str` will be defined as the corresponding NumPy scalar.
  if not hasattr(_np, _name):
D:\Project\AI Engineer\ePillID-benchmark-master\src\image_augmentators.py:7: FutureWarning: In the future `np.bool` will be defined as the corresponding NumPy scalar.
  if not hasattr(_np, _name):
D:\Project\AI Engineer\ePillID-benchmark-master\src\image_augmentators.py:7: FutureWarning: In the future `np.object` will be defined as the corresponding NumPy scalar.
  if not hasattr(_np, _name):
D:\Project\AI Engineer\ePillID-benchmark-master\src\image_augmentators.py:7: FutureWarning: In the future `np.str` will be defined as the corresponding NumPy scalar.
  if not hasattr(_np, _name):
D:\Project\AI Engineer\ePillID-benchmark-master\src\image_augmentators.py:7: FutureWarning: In the future `np.bool` will be defined as the corresponding NumPy scalar.
  if not hasattr(_np, _name):
D:\Project\AI Engineer\ePillID-benchmark-master\src\image_augmentators.py:7: FutureWarning: In the future `np.object` will be defined as the corresponding NumPy scalar.
  if not hasattr(_np, _name):
D:\Project\AI Engineer\ePillID-benchmark-master\src\image_augmentators.py:7: FutureWarning: In the future `np.str` will be defined as the corresponding NumPy scalar.
  if not hasattr(_np, _name):
D:\Project\AI Engineer\ePillID-benchmark-master\src\image_augmentators.py:7: FutureWarning: In the future `np.bool` will be defined as the corresponding NumPy scalar.
  if not hasattr(_np, _name):
D:\Project\AI Engineer\ePillID-benchmark-master\src\image_augmentators.py:7: FutureWarning: In the future `np.object` will be defined as the corresponding NumPy scalar.
  if not hasattr(_np, _name):
D:\Project\AI Engineer\ePillID-benchmark-master\src\image_augmentators.py:7: FutureWarning: In the future `np.str` will be defined as the corresponding NumPy scalar.
  if not hasattr(_np, _name):
D:\Project\AI Engineer\ePillID-benchmark-master\src\image_augmentators.py:7: FutureWarning: In the future `np.bool` will be defined as the corresponding NumPy scalar.
  if not hasattr(_np, _name):
D:\Project\AI Engineer\ePillID-benchmark-master\src\image_augmentators.py:7: FutureWarning: In the future `np.object` will be defined as the corresponding NumPy scalar.
  if not hasattr(_np, _name):
D:\Project\AI Engineer\ePillID-benchmark-master\src\image_augmentators.py:7: FutureWarning: In the future `np.str` will be defined as the corresponding NumPy scalar.
  if not hasattr(_np, _name):
D:\Project\AI Engineer\ePillID-benchmark-master\src\image_augmentators.py:7: FutureWarning: In the future `np.bool` will be defined as the corresponding NumPy scalar.
  if not hasattr(_np, _name):
D:\Project\AI Engineer\ePillID-benchmark-master\src\image_augmentators.py:7: FutureWarning: In the future `np.object` will be defined as the corresponding NumPy scalar.
  if not hasattr(_np, _name):
D:\Project\AI Engineer\ePillID-benchmark-master\src\image_augmentators.py:7: FutureWarning: In the future `np.str` will be defined as the corresponding NumPy scalar.
  if not hasattr(_np, _name):
D:\Project\AI Engineer\ePillID-benchmark-master\src\image_augmentators.py:7: FutureWarning: In the future `np.bool` will be defined as the corresponding NumPy scalar.
  if not hasattr(_np, _name):
D:\Project\AI Engineer\ePillID-benchmark-master\src\image_augmentators.py:7: FutureWarning: In the future `np.object` will be defined as the corresponding NumPy scalar.
  if not hasattr(_np, _name):
D:\Project\AI Engineer\ePillID-benchmark-master\src\image_augmentators.py:7: FutureWarning: In the future `np.str` will be defined as the corresponding NumPy scalar.
  if not hasattr(_np, _name):
D:\Project\AI Engineer\ePillID-benchmark-master\src\image_augmentators.py:7: FutureWarning: In the future `np.bool` will be defined as the corresponding NumPy scalar.
  if not hasattr(_np, _name):
D:\Project\AI Engineer\ePillID-benchmark-master\src\image_augmentators.py:7: FutureWarning: In the future `np.object` will be defined as the corresponding NumPy scalar.
  if not hasattr(_np, _name):
D:\Project\AI Engineer\ePillID-benchmark-master\src\image_augmentators.py:7: FutureWarning: In the future `np.str` will be defined as the corresponding NumPy scalar.
  if not hasattr(_np, _name):
D:\Project\AI Engineer\ePillID-benchmark-master\src\image_augmentators.py:7: FutureWarning: In the future `np.bool` will be defined as the corresponding NumPy scalar.
  if not hasattr(_np, _name):
D:\Project\AI Engineer\ePillID-benchmark-master\src\image_augmentators.py:7: FutureWarning: In the future `np.object` will be defined as the corresponding NumPy scalar.
  if not hasattr(_np, _name):
D:\Project\AI Engineer\ePillID-benchmark-master\src\image_augmentators.py:7: FutureWarning: In the future `np.str` will be defined as the corresponding NumPy scalar.
  if not hasattr(_np, _name):
D:\Project\AI Engineer\ePillID-benchmark-master\src\image_augmentators.py:7: FutureWarning: In the future `np.bool` will be defined as the corresponding NumPy scalar.
  if not hasattr(_np, _name):
D:\Project\AI Engineer\ePillID-benchmark-master\src\image_augmentators.py:7: FutureWarning: In the future `np.object` will be defined as the corresponding NumPy scalar.
  if not hasattr(_np, _name):
D:\Project\AI Engineer\ePillID-benchmark-master\src\image_augmentators.py:7: FutureWarning: In the future `np.str` will be defined as the corresponding NumPy scalar.
  if not hasattr(_np, _name):
D:\Project\AI Engineer\ePillID-benchmark-master\src\image_augmentators.py:7: FutureWarning: In the future `np.bool` will be defined as the corresponding NumPy scalar.
  if not hasattr(_np, _name):
D:\Project\AI Engineer\ePillID-benchmark-master\src\image_augmentators.py:7: FutureWarning: In the future `np.object` will be defined as the corresponding NumPy scalar.
  if not hasattr(_np, _name):
D:\Project\AI Engineer\ePillID-benchmark-master\src\image_augmentators.py:7: FutureWarning: In the future `np.str` will be defined as the corresponding NumPy scalar.
  if not hasattr(_np, _name):
D:\Project\AI Engineer\ePillID-benchmark-master\src\image_augmentators.py:7: FutureWarning: In the future `np.bool` will be defined as the corresponding NumPy scalar.
  if not hasattr(_np, _name):
D:\Project\AI Engineer\ePillID-benchmark-master\src\image_augmentators.py:7: FutureWarning: In the future `np.object` will be defined as the corresponding NumPy scalar.
  if not hasattr(_np, _name):
D:\Project\AI Engineer\ePillID-benchmark-master\src\image_augmentators.py:7: FutureWarning: In the future `np.str` will be defined as the corresponding NumPy scalar.
  if not hasattr(_np, _name):
D:\Project\AI Engineer\ePillID-benchmark-master\src\image_augmentators.py:7: FutureWarning: In the future `np.bool` will be defined as the corresponding NumPy scalar.
  if not hasattr(_np, _name):
D:\Project\AI Engineer\ePillID-benchmark-master\src\image_augmentators.py:7: FutureWarning: In the future `np.object` will be defined as the corresponding NumPy scalar.
  if not hasattr(_np, _name):
D:\Project\AI Engineer\ePillID-benchmark-master\src\image_augmentators.py:7: FutureWarning: In the future `np.str` will be defined as the corresponding NumPy scalar.
  if not hasattr(_np, _name):
D:\Project\AI Engineer\ePillID-benchmark-master\src\image_augmentators.py:7: FutureWarning: In the future `np.bool` will be defined as the corresponding NumPy scalar.
  if not hasattr(_np, _name):
D:\Project\AI Engineer\ePillID-benchmark-master\src\image_augmentators.py:7: FutureWarning: In the future `np.object` will be defined as the corresponding NumPy scalar.
  if not hasattr(_np, _name):
D:\Project\AI Engineer\ePillID-benchmark-master\src\image_augmentators.py:7: FutureWarning: In the future `np.str` will be defined as the corresponding NumPy scalar.
  if not hasattr(_np, _name):
D:\Project\AI Engineer\ePillID-benchmark-master\src\image_augmentators.py:7: FutureWarning: In the future `np.bool` will be defined as the corresponding NumPy scalar.
  if not hasattr(_np, _name):
D:\Project\AI Engineer\ePillID-benchmark-master\src\image_augmentators.py:7: FutureWarning: In the future `np.object` will be defined as the corresponding NumPy scalar.
  if not hasattr(_np, _name):
D:\Project\AI Engineer\ePillID-benchmark-master\src\image_augmentators.py:7: FutureWarning: In the future `np.str` will be defined as the corresponding NumPy scalar.
  if not hasattr(_np, _name):
D:\Project\AI Engineer\ePillID-benchmark-master\src\image_augmentators.py:7: FutureWarning: In the future `np.bool` will be defined as the corresponding NumPy scalar.
  if not hasattr(_np, _name):
D:\Project\AI Engineer\ePillID-benchmark-master\src\image_augmentators.py:7: FutureWarning: In the future `np.object` will be defined as the corresponding NumPy scalar.
  if not hasattr(_np, _name):
D:\Project\AI Engineer\ePillID-benchmark-master\src\image_augmentators.py:7: FutureWarning: In the future `np.str` will be defined as the corresponding NumPy scalar.
  if not hasattr(_np, _name):
D:\Project\AI Engineer\ePillID-benchmark-master\src\image_augmentators.py:7: FutureWarning: In the future `np.bool` will be defined as the corresponding NumPy scalar.
  if not hasattr(_np, _name):
D:\Project\AI Engineer\ePillID-benchmark-master\src\image_augmentators.py:7: FutureWarning: In the future `np.object` will be defined as the corresponding NumPy scalar.
  if not hasattr(_np, _name):
D:\Project\AI Engineer\ePillID-benchmark-master\src\image_augmentators.py:7: FutureWarning: In the future `np.str` will be defined as the corresponding NumPy scalar.
  if not hasattr(_np, _name):
D:\Project\AI Engineer\ePillID-benchmark-master\src\image_augmentators.py:7: FutureWarning: In the future `np.bool` will be defined as the corresponding NumPy scalar.
  if not hasattr(_np, _name):
D:\Project\AI Engineer\ePillID-benchmark-master\src\image_augmentators.py:7: FutureWarning: In the future `np.object` will be defined as the corresponding NumPy scalar.
  if not hasattr(_np, _name):
D:\Project\AI Engineer\ePillID-benchmark-master\src\image_augmentators.py:7: FutureWarning: In the future `np.str` will be defined as the corresponding NumPy scalar.
  if not hasattr(_np, _name):
D:\Project\AI Engineer\ePillID-benchmark-master\src\image_augmentators.py:7: FutureWarning: In the future `np.bool` will be defined as the corresponding NumPy scalar.
  if not hasattr(_np, _name):
D:\Project\AI Engineer\ePillID-benchmark-master\src\image_augmentators.py:7: FutureWarning: In the future `np.object` will be defined as the corresponding NumPy scalar.
  if not hasattr(_np, _name):
D:\Project\AI Engineer\ePillID-benchmark-master\src\image_augmentators.py:7: FutureWarning: In the future `np.str` will be defined as the corresponding NumPy scalar.
  if not hasattr(_np, _name):
D:\Project\AI Engineer\ePillID-benchmark-master\src\image_augmentators.py:7: FutureWarning: In the future `np.bool` will be defined as the corresponding NumPy scalar.
  if not hasattr(_np, _name):
D:\Project\AI Engineer\ePillID-benchmark-master\src\image_augmentators.py:7: FutureWarning: In the future `np.object` will be defined as the corresponding NumPy scalar.
  if not hasattr(_np, _name):
D:\Project\AI Engineer\ePillID-benchmark-master\src\image_augmentators.py:7: FutureWarning: In the future `np.str` will be defined as the corresponding NumPy scalar.
  if not hasattr(_np, _name):
D:\Project\AI Engineer\ePillID-benchmark-master\src\image_augmentators.py:7: FutureWarning: In the future `np.bool` will be defined as the corresponding NumPy scalar.
  if not hasattr(_np, _name):
D:\Project\AI Engineer\ePillID-benchmark-master\src\image_augmentators.py:7: FutureWarning: In the future `np.object` will be defined as the corresponding NumPy scalar.
  if not hasattr(_np, _name):
D:\Project\AI Engineer\ePillID-benchmark-master\src\image_augmentators.py:7: FutureWarning: In the future `np.str` will be defined as the corresponding NumPy scalar.
  if not hasattr(_np, _name):
D:\Project\AI Engineer\ePillID-benchmark-master\src\image_augmentators.py:7: FutureWarning: In the future `np.bool` will be defined as the corresponding NumPy scalar.
  if not hasattr(_np, _name):
D:\Project\AI Engineer\ePillID-benchmark-master\src\image_augmentators.py:7: FutureWarning: In the future `np.object` will be defined as the corresponding NumPy scalar.
  if not hasattr(_np, _name):
D:\Project\AI Engineer\ePillID-benchmark-master\src\image_augmentators.py:7: FutureWarning: In the future `np.str` will be defined as the corresponding NumPy scalar.
  if not hasattr(_np, _name):
D:\Project\AI Engineer\ePillID-benchmark-master\src\image_augmentators.py:7: FutureWarning: In the future `np.bool` will be defined as the corresponding NumPy scalar.
  if not hasattr(_np, _name):
D:\Project\AI Engineer\ePillID-benchmark-master\src\image_augmentators.py:7: FutureWarning: In the future `np.object` will be defined as the corresponding NumPy scalar.
  if not hasattr(_np, _name):
D:\Project\AI Engineer\ePillID-benchmark-master\src\image_augmentators.py:7: FutureWarning: In the future `np.str` will be defined as the corresponding NumPy scalar.
  if not hasattr(_np, _name):
D:\Project\AI Engineer\ePillID-benchmark-master\src\image_augmentators.py:7: FutureWarning: In the future `np.bool` will be defined as the corresponding NumPy scalar.
  if not hasattr(_np, _name):
D:\Project\AI Engineer\ePillID-benchmark-master\src\image_augmentators.py:7: FutureWarning: In the future `np.object` will be defined as the corresponding NumPy scalar.
  if not hasattr(_np, _name):
D:\Project\AI Engineer\ePillID-benchmark-master\src\image_augmentators.py:7: FutureWarning: In the future `np.str` will be defined as the corresponding NumPy scalar.
  if not hasattr(_np, _name):
D:\Project\AI Engineer\ePillID-benchmark-master\src\image_augmentators.py:7: FutureWarning: In the future `np.bool` will be defined as the corresponding NumPy scalar.
  if not hasattr(_np, _name):
D:\Project\AI Engineer\ePillID-benchmark-master\src\image_augmentators.py:7: FutureWarning: In the future `np.object` will be defined as the corresponding NumPy scalar.
  if not hasattr(_np, _name):
D:\Project\AI Engineer\ePillID-benchmark-master\src\image_augmentators.py:7: FutureWarning: In the future `np.str` will be defined as the corresponding NumPy scalar.
  if not hasattr(_np, _name):
D:\Project\AI Engineer\ePillID-benchmark-master\src\image_augmentators.py:7: FutureWarning: In the future `np.bool` will be defined as the corresponding NumPy scalar.
  if not hasattr(_np, _name):
D:\Project\AI Engineer\ePillID-benchmark-master\src\image_augmentators.py:7: FutureWarning: In the future `np.object` will be defined as the corresponding NumPy scalar.
  if not hasattr(_np, _name):
D:\Project\AI Engineer\ePillID-benchmark-master\src\image_augmentators.py:7: FutureWarning: In the future `np.str` will be defined as the corresponding NumPy scalar.
  if not hasattr(_np, _name):
D:\Project\AI Engineer\ePillID-benchmark-master\src\image_augmentators.py:7: FutureWarning: In the future `np.bool` will be defined as the corresponding NumPy scalar.
  if not hasattr(_np, _name):
D:\Project\AI Engineer\ePillID-benchmark-master\src\image_augmentators.py:7: FutureWarning: In the future `np.object` will be defined as the corresponding NumPy scalar.
  if not hasattr(_np, _name):
D:\Project\AI Engineer\ePillID-benchmark-master\src\image_augmentators.py:7: FutureWarning: In the future `np.str` will be defined as the corresponding NumPy scalar.
  if not hasattr(_np, _name):
D:\Project\AI Engineer\ePillID-benchmark-master\src\image_augmentators.py:7: FutureWarning: In the future `np.bool` will be defined as the corresponding NumPy scalar.
  if not hasattr(_np, _name):
D:\Project\AI Engineer\ePillID-benchmark-master\src\image_augmentators.py:7: FutureWarning: In the future `np.object` will be defined as the corresponding NumPy scalar.
  if not hasattr(_np, _name):
D:\Project\AI Engineer\ePillID-benchmark-master\src\image_augmentators.py:7: FutureWarning: In the future `np.str` will be defined as the corresponding NumPy scalar.
  if not hasattr(_np, _name):
D:\Project\AI Engineer\ePillID-benchmark-master\src\image_augmentators.py:7: FutureWarning: In the future `np.bool` will be defined as the corresponding NumPy scalar.
  if not hasattr(_np, _name):
D:\Project\AI Engineer\ePillID-benchmark-master\src\image_augmentators.py:7: FutureWarning: In the future `np.object` will be defined as the corresponding NumPy scalar.
  if not hasattr(_np, _name):
D:\Project\AI Engineer\ePillID-benchmark-master\src\image_augmentators.py:7: FutureWarning: In the future `np.str` will be defined as the corresponding NumPy scalar.
  if not hasattr(_np, _name):
D:\Project\AI Engineer\ePillID-benchmark-master\src\image_augmentators.py:7: FutureWarning: In the future `np.bool` will be defined as the corresponding NumPy scalar.
  if not hasattr(_np, _name):
D:\Project\AI Engineer\ePillID-benchmark-master\src\image_augmentators.py:7: FutureWarning: In the future `np.object` will be defined as the corresponding NumPy scalar.
  if not hasattr(_np, _name):
D:\Project\AI Engineer\ePillID-benchmark-master\src\image_augmentators.py:7: FutureWarning: In the future `np.str` will be defined as the corresponding NumPy scalar.
  if not hasattr(_np, _name):
D:\Project\AI Engineer\ePillID-benchmark-master\src\image_augmentators.py:7: FutureWarning: In the future `np.bool` will be defined as the corresponding NumPy scalar.
  if not hasattr(_np, _name):
D:\Project\AI Engineer\ePillID-benchmark-master\src\image_augmentators.py:7: FutureWarning: In the future `np.object` will be defined as the corresponding NumPy scalar.
  if not hasattr(_np, _name):
D:\Project\AI Engineer\ePillID-benchmark-master\src\image_augmentators.py:7: FutureWarning: In the future `np.str` will be defined as the corresponding NumPy scalar.
  if not hasattr(_np, _name):
D:\Project\AI Engineer\ePillID-benchmark-master\src\image_augmentators.py:7: FutureWarning: In the future `np.bool` will be defined as the corresponding NumPy scalar.
  if not hasattr(_np, _name):
D:\Project\AI Engineer\ePillID-benchmark-master\src\image_augmentators.py:7: FutureWarning: In the future `np.object` will be defined as the corresponding NumPy scalar.
  if not hasattr(_np, _name):
D:\Project\AI Engineer\ePillID-benchmark-master\src\image_augmentators.py:7: FutureWarning: In the future `np.str` will be defined as the corresponding NumPy scalar.
  if not hasattr(_np, _name):
D:\Project\AI Engineer\ePillID-benchmark-master\src\image_augmentators.py:7: FutureWarning: In the future `np.bool` will be defined as the corresponding NumPy scalar.
  if not hasattr(_np, _name):
D:\Project\AI Engineer\ePillID-benchmark-master\src\image_augmentators.py:7: FutureWarning: In the future `np.object` will be defined as the corresponding NumPy scalar.
  if not hasattr(_np, _name):
D:\Project\AI Engineer\ePillID-benchmark-master\src\image_augmentators.py:7: FutureWarning: In the future `np.str` will be defined as the corresponding NumPy scalar.
  if not hasattr(_np, _name):
D:\Project\AI Engineer\ePillID-benchmark-master\src\image_augmentators.py:7: FutureWarning: In the future `np.bool` will be defined as the corresponding NumPy scalar.
  if not hasattr(_np, _name):
D:\Project\AI Engineer\ePillID-benchmark-master\src\image_augmentators.py:7: FutureWarning: In the future `np.object` will be defined as the corresponding NumPy scalar.
  if not hasattr(_np, _name):
D:\Project\AI Engineer\ePillID-benchmark-master\src\image_augmentators.py:7: FutureWarning: In the future `np.str` will be defined as the corresponding NumPy scalar.
  if not hasattr(_np, _name):
D:\Project\AI Engineer\ePillID-benchmark-master\src\image_augmentators.py:7: FutureWarning: In the future `np.bool` will be defined as the corresponding NumPy scalar.
  if not hasattr(_np, _name):
D:\Project\AI Engineer\ePillID-benchmark-master\src\image_augmentators.py:7: FutureWarning: In the future `np.object` will be defined as the corresponding NumPy scalar.
  if not hasattr(_np, _name):
D:\Project\AI Engineer\ePillID-benchmark-master\src\image_augmentators.py:7: FutureWarning: In the future `np.str` will be defined as the corresponding NumPy scalar.
  if not hasattr(_np, _name):
D:\Project\AI Engineer\ePillID-benchmark-master\src\image_augmentators.py:7: FutureWarning: In the future `np.bool` will be defined as the corresponding NumPy scalar.
  if not hasattr(_np, _name):
D:\Project\AI Engineer\ePillID-benchmark-master\src\image_augmentators.py:7: FutureWarning: In the future `np.object` will be defined as the corresponding NumPy scalar.
  if not hasattr(_np, _name):
D:\Project\AI Engineer\ePillID-benchmark-master\src\image_augmentators.py:7: FutureWarning: In the future `np.str` will be defined as the corresponding NumPy scalar.
  if not hasattr(_np, _name):
D:\Project\AI Engineer\ePillID-benchmark-master\src\image_augmentators.py:7: FutureWarning: In the future `np.bool` will be defined as the corresponding NumPy scalar.
  if not hasattr(_np, _name):
D:\Project\AI Engineer\ePillID-benchmark-master\src\image_augmentators.py:7: FutureWarning: In the future `np.object` will be defined as the corresponding NumPy scalar.
  if not hasattr(_np, _name):
D:\Project\AI Engineer\ePillID-benchmark-master\src\image_augmentators.py:7: FutureWarning: In the future `np.str` will be defined as the corresponding NumPy scalar.
  if not hasattr(_np, _name):
D:\Project\AI Engineer\ePillID-benchmark-master\src\image_augmentators.py:7: FutureWarning: In the future `np.bool` will be defined as the corresponding NumPy scalar.
  if not hasattr(_np, _name):
D:\Project\AI Engineer\ePillID-benchmark-master\src\image_augmentators.py:7: FutureWarning: In the future `np.object` will be defined as the corresponding NumPy scalar.
  if not hasattr(_np, _name):
D:\Project\AI Engineer\ePillID-benchmark-master\src\image_augmentators.py:7: FutureWarning: In the future `np.str` will be defined as the corresponding NumPy scalar.
  if not hasattr(_np, _name):
D:\Project\AI Engineer\ePillID-benchmark-master\src\image_augmentators.py:7: FutureWarning: In the future `np.bool` will be defined as the corresponding NumPy scalar.
  if not hasattr(_np, _name):
D:\Project\AI Engineer\ePillID-benchmark-master\src\image_augmentators.py:7: FutureWarning: In the future `np.object` will be defined as the corresponding NumPy scalar.
  if not hasattr(_np, _name):
D:\Project\AI Engineer\ePillID-benchmark-master\src\image_augmentators.py:7: FutureWarning: In the future `np.str` will be defined as the corresponding NumPy scalar.
  if not hasattr(_np, _name):
D:\Project\AI Engineer\ePillID-benchmark-master\src\image_augmentators.py:7: FutureWarning: In the future `np.bool` will be defined as the corresponding NumPy scalar.
  if not hasattr(_np, _name):
D:\Project\AI Engineer\ePillID-benchmark-master\src\image_augmentators.py:7: FutureWarning: In the future `np.object` will be defined as the corresponding NumPy scalar.
  if not hasattr(_np, _name):
D:\Project\AI Engineer\ePillID-benchmark-master\src\image_augmentators.py:7: FutureWarning: In the future `np.str` will be defined as the corresponding NumPy scalar.
  if not hasattr(_np, _name):
D:\Project\AI Engineer\ePillID-benchmark-master\src\image_augmentators.py:7: FutureWarning: In the future `np.bool` will be defined as the corresponding NumPy scalar.
  if not hasattr(_np, _name):
D:\Project\AI Engineer\ePillID-benchmark-master\src\image_augmentators.py:7: FutureWarning: In the future `np.object` will be defined as the corresponding NumPy scalar.
  if not hasattr(_np, _name):
D:\Project\AI Engineer\ePillID-benchmark-master\src\image_augmentators.py:7: FutureWarning: In the future `np.str` will be defined as the corresponding NumPy scalar.
  if not hasattr(_np, _name):
D:\Project\AI Engineer\ePillID-benchmark-master\src\image_augmentators.py:7: FutureWarning: In the future `np.bool` will be defined as the corresponding NumPy scalar.
  if not hasattr(_np, _name):
D:\Project\AI Engineer\ePillID-benchmark-master\src\image_augmentators.py:7: FutureWarning: In the future `np.object` will be defined as the corresponding NumPy scalar.
  if not hasattr(_np, _name):
D:\Project\AI Engineer\ePillID-benchmark-master\src\image_augmentators.py:7: FutureWarning: In the future `np.str` will be defined as the corresponding NumPy scalar.
  if not hasattr(_np, _name):
D:\Project\AI Engineer\ePillID-benchmark-master\src\image_augmentators.py:7: FutureWarning: In the future `np.bool` will be defined as the corresponding NumPy scalar.
  if not hasattr(_np, _name):
D:\Project\AI Engineer\ePillID-benchmark-master\src\image_augmentators.py:7: FutureWarning: In the future `np.object` will be defined as the corresponding NumPy scalar.
  if not hasattr(_np, _name):
D:\Project\AI Engineer\ePillID-benchmark-master\src\image_augmentators.py:7: FutureWarning: In the future `np.str` will be defined as the corresponding NumPy scalar.
  if not hasattr(_np, _name):
D:\Project\AI Engineer\ePillID-benchmark-master\src\image_augmentators.py:7: FutureWarning: In the future `np.bool` will be defined as the corresponding NumPy scalar.
  if not hasattr(_np, _name):
D:\Project\AI Engineer\ePillID-benchmark-master\src\image_augmentators.py:7: FutureWarning: In the future `np.object` will be defined as the corresponding NumPy scalar.
  if not hasattr(_np, _name):
D:\Project\AI Engineer\ePillID-benchmark-master\src\image_augmentators.py:7: FutureWarning: In the future `np.str` will be defined as the corresponding NumPy scalar.
  if not hasattr(_np, _name):
D:\Project\AI Engineer\ePillID-benchmark-master\src\image_augmentators.py:7: FutureWarning: In the future `np.bool` will be defined as the corresponding NumPy scalar.
  if not hasattr(_np, _name):
D:\Project\AI Engineer\ePillID-benchmark-master\src\image_augmentators.py:7: FutureWarning: In the future `np.object` will be defined as the corresponding NumPy scalar.
  if not hasattr(_np, _name):
D:\Project\AI Engineer\ePillID-benchmark-master\src\image_augmentators.py:7: FutureWarning: In the future `np.str` will be defined as the corresponding NumPy scalar.
  if not hasattr(_np, _name):
D:\Project\AI Engineer\ePillID-benchmark-master\src\image_augmentators.py:7: FutureWarning: In the future `np.bool` will be defined as the corresponding NumPy scalar.
  if not hasattr(_np, _name):
D:\Project\AI Engineer\ePillID-benchmark-master\src\image_augmentators.py:7: FutureWarning: In the future `np.object` will be defined as the corresponding NumPy scalar.
  if not hasattr(_np, _name):
D:\Project\AI Engineer\ePillID-benchmark-master\src\image_augmentators.py:7: FutureWarning: In the future `np.str` will be defined as the corresponding NumPy scalar.
  if not hasattr(_np, _name):
D:\Project\AI Engineer\ePillID-benchmark-master\src\image_augmentators.py:7: FutureWarning: In the future `np.bool` will be defined as the corresponding NumPy scalar.
  if not hasattr(_np, _name):
D:\Project\AI Engineer\ePillID-benchmark-master\src\image_augmentators.py:7: FutureWarning: In the future `np.object` will be defined as the corresponding NumPy scalar.
  if not hasattr(_np, _name):
D:\Project\AI Engineer\ePillID-benchmark-master\src\image_augmentators.py:7: FutureWarning: In the future `np.str` will be defined as the corresponding NumPy scalar.
  if not hasattr(_np, _name):
D:\Project\AI Engineer\ePillID-benchmark-master\src\image_augmentators.py:7: FutureWarning: In the future `np.bool` will be defined as the corresponding NumPy scalar.
  if not hasattr(_np, _name):
D:\Project\AI Engineer\ePillID-benchmark-master\src\image_augmentators.py:7: FutureWarning: In the future `np.object` will be defined as the corresponding NumPy scalar.
  if not hasattr(_np, _name):
D:\Project\AI Engineer\ePillID-benchmark-master\src\image_augmentators.py:7: FutureWarning: In the future `np.str` will be defined as the corresponding NumPy scalar.
  if not hasattr(_np, _name):
D:\Project\AI Engineer\ePillID-benchmark-master\src\image_augmentators.py:7: FutureWarning: In the future `np.bool` will be defined as the corresponding NumPy scalar.
  if not hasattr(_np, _name):
D:\Project\AI Engineer\ePillID-benchmark-master\src\image_augmentators.py:7: FutureWarning: In the future `np.object` will be defined as the corresponding NumPy scalar.
  if not hasattr(_np, _name):
D:\Project\AI Engineer\ePillID-benchmark-master\src\image_augmentators.py:7: FutureWarning: In the future `np.str` will be defined as the corresponding NumPy scalar.
  if not hasattr(_np, _name):
D:\Project\AI Engineer\ePillID-benchmark-master\src\image_augmentators.py:7: FutureWarning: In the future `np.bool` will be defined as the corresponding NumPy scalar.
  if not hasattr(_np, _name):
D:\Project\AI Engineer\ePillID-benchmark-master\src\image_augmentators.py:7: FutureWarning: In the future `np.object` will be defined as the corresponding NumPy scalar.
  if not hasattr(_np, _name):
D:\Project\AI Engineer\ePillID-benchmark-master\src\image_augmentators.py:7: FutureWarning: In the future `np.str` will be defined as the corresponding NumPy scalar.
  if not hasattr(_np, _name):
D:\Project\AI Engineer\ePillID-benchmark-master\src\image_augmentators.py:7: FutureWarning: In the future `np.bool` will be defined as the corresponding NumPy scalar.
  if not hasattr(_np, _name):
D:\Project\AI Engineer\ePillID-benchmark-master\src\image_augmentators.py:7: FutureWarning: In the future `np.object` will be defined as the corresponding NumPy scalar.
  if not hasattr(_np, _name):
D:\Project\AI Engineer\ePillID-benchmark-master\src\image_augmentators.py:7: FutureWarning: In the future `np.str` will be defined as the corresponding NumPy scalar.
  if not hasattr(_np, _name):
D:\Project\AI Engineer\ePillID-benchmark-master\src\image_augmentators.py:7: FutureWarning: In the future `np.bool` will be defined as the corresponding NumPy scalar.
  if not hasattr(_np, _name):
D:\Project\AI Engineer\ePillID-benchmark-master\src\image_augmentators.py:7: FutureWarning: In the future `np.object` will be defined as the corresponding NumPy scalar.
  if not hasattr(_np, _name):
D:\Project\AI Engineer\ePillID-benchmark-master\src\image_augmentators.py:7: FutureWarning: In the future `np.str` will be defined as the corresponding NumPy scalar.
  if not hasattr(_np, _name):
D:\Project\AI Engineer\ePillID-benchmark-master\src\image_augmentators.py:7: FutureWarning: In the future `np.bool` will be defined as the corresponding NumPy scalar.
  if not hasattr(_np, _name):
D:\Project\AI Engineer\ePillID-benchmark-master\src\image_augmentators.py:7: FutureWarning: In the future `np.object` will be defined as the corresponding NumPy scalar.
  if not hasattr(_np, _name):
D:\Project\AI Engineer\ePillID-benchmark-master\src\image_augmentators.py:7: FutureWarning: In the future `np.str` will be defined as the corresponding NumPy scalar.
  if not hasattr(_np, _name):
D:\Project\AI Engineer\ePillID-benchmark-master\src\image_augmentators.py:7: FutureWarning: In the future `np.bool` will be defined as the corresponding NumPy scalar.
  if not hasattr(_np, _name):
D:\Project\AI Engineer\ePillID-benchmark-master\src\image_augmentators.py:7: FutureWarning: In the future `np.object` will be defined as the corresponding NumPy scalar.
  if not hasattr(_np, _name):
D:\Project\AI Engineer\ePillID-benchmark-master\src\image_augmentators.py:7: FutureWarning: In the future `np.str` will be defined as the corresponding NumPy scalar.
  if not hasattr(_np, _name):
D:\Project\AI Engineer\ePillID-benchmark-master\src\image_augmentators.py:7: FutureWarning: In the future `np.bool` will be defined as the corresponding NumPy scalar.
  if not hasattr(_np, _name):
D:\Project\AI Engineer\ePillID-benchmark-master\src\image_augmentators.py:7: FutureWarning: In the future `np.object` will be defined as the corresponding NumPy scalar.
  if not hasattr(_np, _name):
D:\Project\AI Engineer\ePillID-benchmark-master\src\image_augmentators.py:7: FutureWarning: In the future `np.str` will be defined as the corresponding NumPy scalar.
  if not hasattr(_np, _name):
D:\Project\AI Engineer\ePillID-benchmark-master\src\image_augmentators.py:7: FutureWarning: In the future `np.bool` will be defined as the corresponding NumPy scalar.
  if not hasattr(_np, _name):
D:\Project\AI Engineer\ePillID-benchmark-master\src\image_augmentators.py:7: FutureWarning: In the future `np.object` will be defined as the corresponding NumPy scalar.
  if not hasattr(_np, _name):
D:\Project\AI Engineer\ePillID-benchmark-master\src\image_augmentators.py:7: FutureWarning: In the future `np.str` will be defined as the corresponding NumPy scalar.
  if not hasattr(_np, _name):
D:\Project\AI Engineer\ePillID-benchmark-master\src\image_augmentators.py:7: FutureWarning: In the future `np.bool` will be defined as the corresponding NumPy scalar.
  if not hasattr(_np, _name):
D:\Project\AI Engineer\ePillID-benchmark-master\src\image_augmentators.py:7: FutureWarning: In the future `np.object` will be defined as the corresponding NumPy scalar.
  if not hasattr(_np, _name):
D:\Project\AI Engineer\ePillID-benchmark-master\src\image_augmentators.py:7: FutureWarning: In the future `np.str` will be defined as the corresponding NumPy scalar.
  if not hasattr(_np, _name):
D:\Project\AI Engineer\ePillID-benchmark-master\src\image_augmentators.py:7: FutureWarning: In the future `np.bool` will be defined as the corresponding NumPy scalar.
  if not hasattr(_np, _name):
D:\Project\AI Engineer\ePillID-benchmark-master\src\image_augmentators.py:7: FutureWarning: In the future `np.object` will be defined as the corresponding NumPy scalar.
  if not hasattr(_np, _name):
D:\Project\AI Engineer\ePillID-benchmark-master\src\image_augmentators.py:7: FutureWarning: In the future `np.str` will be defined as the corresponding NumPy scalar.
  if not hasattr(_np, _name):
D:\Project\AI Engineer\ePillID-benchmark-master\src\image_augmentators.py:7: FutureWarning: In the future `np.bool` will be defined as the corresponding NumPy scalar.
  if not hasattr(_np, _name):
D:\Project\AI Engineer\ePillID-benchmark-master\src\image_augmentators.py:7: FutureWarning: In the future `np.object` will be defined as the corresponding NumPy scalar.
  if not hasattr(_np, _name):
D:\Project\AI Engineer\ePillID-benchmark-master\src\image_augmentators.py:7: FutureWarning: In the future `np.str` will be defined as the corresponding NumPy scalar.
  if not hasattr(_np, _name):
D:\Project\AI Engineer\ePillID-benchmark-master\src\image_augmentators.py:7: FutureWarning: In the future `np.bool` will be defined as the corresponding NumPy scalar.
  if not hasattr(_np, _name):
D:\Project\AI Engineer\ePillID-benchmark-master\src\image_augmentators.py:7: FutureWarning: In the future `np.object` will be defined as the corresponding NumPy scalar.
  if not hasattr(_np, _name):
D:\Project\AI Engineer\ePillID-benchmark-master\src\image_augmentators.py:7: FutureWarning: In the future `np.str` will be defined as the corresponding NumPy scalar.
  if not hasattr(_np, _name):
D:\Project\AI Engineer\ePillID-benchmark-master\src\image_augmentators.py:7: FutureWarning: In the future `np.bool` will be defined as the corresponding NumPy scalar.
  if not hasattr(_np, _name):
D:\Project\AI Engineer\ePillID-benchmark-master\src\image_augmentators.py:7: FutureWarning: In the future `np.object` will be defined as the corresponding NumPy scalar.
  if not hasattr(_np, _name):
D:\Project\AI Engineer\ePillID-benchmark-master\src\image_augmentators.py:7: FutureWarning: In the future `np.str` will be defined as the corresponding NumPy scalar.
  if not hasattr(_np, _name):
D:\Project\AI Engineer\ePillID-benchmark-master\src\image_augmentators.py:7: FutureWarning: In the future `np.bool` will be defined as the corresponding NumPy scalar.
  if not hasattr(_np, _name):
D:\Project\AI Engineer\ePillID-benchmark-master\src\image_augmentators.py:7: FutureWarning: In the future `np.object` will be defined as the corresponding NumPy scalar.
  if not hasattr(_np, _name):
D:\Project\AI Engineer\ePillID-benchmark-master\src\image_augmentators.py:7: FutureWarning: In the future `np.str` will be defined as the corresponding NumPy scalar.
  if not hasattr(_np, _name):
D:\Project\AI Engineer\ePillID-benchmark-master\src\image_augmentators.py:7: FutureWarning: In the future `np.bool` will be defined as the corresponding NumPy scalar.
  if not hasattr(_np, _name):
D:\Project\AI Engineer\ePillID-benchmark-master\src\image_augmentators.py:7: FutureWarning: In the future `np.object` will be defined as the corresponding NumPy scalar.
  if not hasattr(_np, _name):
D:\Project\AI Engineer\ePillID-benchmark-master\src\image_augmentators.py:7: FutureWarning: In the future `np.str` will be defined as the corresponding NumPy scalar.
  if not hasattr(_np, _name):
D:\Project\AI Engineer\ePillID-benchmark-master\src\image_augmentators.py:7: FutureWarning: In the future `np.bool` will be defined as the corresponding NumPy scalar.
  if not hasattr(_np, _name):
D:\Project\AI Engineer\ePillID-benchmark-master\src\image_augmentators.py:7: FutureWarning: In the future `np.object` will be defined as the corresponding NumPy scalar.
  if not hasattr(_np, _name):
D:\Project\AI Engineer\ePillID-benchmark-master\src\image_augmentators.py:7: FutureWarning: In the future `np.str` will be defined as the corresponding NumPy scalar.
  if not hasattr(_np, _name):
D:\Project\AI Engineer\ePillID-benchmark-master\src\image_augmentators.py:7: FutureWarning: In the future `np.bool` will be defined as the corresponding NumPy scalar.
  if not hasattr(_np, _name):
D:\Project\AI Engineer\ePillID-benchmark-master\src\image_augmentators.py:7: FutureWarning: In the future `np.object` will be defined as the corresponding NumPy scalar.
  if not hasattr(_np, _name):
D:\Project\AI Engineer\ePillID-benchmark-master\src\image_augmentators.py:7: FutureWarning: In the future `np.str` will be defined as the corresponding NumPy scalar.
  if not hasattr(_np, _name):
D:\Project\AI Engineer\ePillID-benchmark-master\src\image_augmentators.py:7: FutureWarning: In the future `np.bool` will be defined as the corresponding NumPy scalar.
  if not hasattr(_np, _name):
D:\Project\AI Engineer\ePillID-benchmark-master\src\image_augmentators.py:7: FutureWarning: In the future `np.object` will be defined as the corresponding NumPy scalar.
  if not hasattr(_np, _name):
D:\Project\AI Engineer\ePillID-benchmark-master\src\image_augmentators.py:7: FutureWarning: In the future `np.str` will be defined as the corresponding NumPy scalar.
  if not hasattr(_np, _name):
D:\Project\AI Engineer\ePillID-benchmark-master\src\image_augmentators.py:7: FutureWarning: In the future `np.bool` will be defined as the corresponding NumPy scalar.
  if not hasattr(_np, _name):
D:\Project\AI Engineer\ePillID-benchmark-master\src\image_augmentators.py:7: FutureWarning: In the future `np.object` will be defined as the corresponding NumPy scalar.
  if not hasattr(_np, _name):
D:\Project\AI Engineer\ePillID-benchmark-master\src\image_augmentators.py:7: FutureWarning: In the future `np.str` will be defined as the corresponding NumPy scalar.
  if not hasattr(_np, _name):
D:\Project\AI Engineer\ePillID-benchmark-master\src\image_augmentators.py:7: FutureWarning: In the future `np.bool` will be defined as the corresponding NumPy scalar.
  if not hasattr(_np, _name):
D:\Project\AI Engineer\ePillID-benchmark-master\src\image_augmentators.py:7: FutureWarning: In the future `np.object` will be defined as the corresponding NumPy scalar.
  if not hasattr(_np, _name):
D:\Project\AI Engineer\ePillID-benchmark-master\src\image_augmentators.py:7: FutureWarning: In the future `np.str` will be defined as the corresponding NumPy scalar.
  if not hasattr(_np, _name):
D:\Project\AI Engineer\ePillID-benchmark-master\src\image_augmentators.py:7: FutureWarning: In the future `np.bool` will be defined as the corresponding NumPy scalar.
  if not hasattr(_np, _name):
D:\Project\AI Engineer\ePillID-benchmark-master\src\image_augmentators.py:7: FutureWarning: In the future `np.object` will be defined as the corresponding NumPy scalar.
  if not hasattr(_np, _name):
D:\Project\AI Engineer\ePillID-benchmark-master\src\image_augmentators.py:7: FutureWarning: In the future `np.str` will be defined as the corresponding NumPy scalar.
  if not hasattr(_np, _name):
D:\Project\AI Engineer\ePillID-benchmark-master\src\image_augmentators.py:7: FutureWarning: In the future `np.bool` will be defined as the corresponding NumPy scalar.
  if not hasattr(_np, _name):
D:\Project\AI Engineer\ePillID-benchmark-master\src\image_augmentators.py:7: FutureWarning: In the future `np.object` will be defined as the corresponding NumPy scalar.
  if not hasattr(_np, _name):
D:\Project\AI Engineer\ePillID-benchmark-master\src\image_augmentators.py:7: FutureWarning: In the future `np.str` will be defined as the corresponding NumPy scalar.
  if not hasattr(_np, _name):
D:\Project\AI Engineer\ePillID-benchmark-master\src\image_augmentators.py:7: FutureWarning: In the future `np.bool` will be defined as the corresponding NumPy scalar.
  if not hasattr(_np, _name):
D:\Project\AI Engineer\ePillID-benchmark-master\src\image_augmentators.py:7: FutureWarning: In the future `np.object` will be defined as the corresponding NumPy scalar.
  if not hasattr(_np, _name):
D:\Project\AI Engineer\ePillID-benchmark-master\src\image_augmentators.py:7: FutureWarning: In the future `np.str` will be defined as the corresponding NumPy scalar.
  if not hasattr(_np, _name):
D:\Project\AI Engineer\ePillID-benchmark-master\src\image_augmentators.py:7: FutureWarning: In the future `np.bool` will be defined as the corresponding NumPy scalar.
  if not hasattr(_np, _name):
D:\Project\AI Engineer\ePillID-benchmark-master\src\image_augmentators.py:7: FutureWarning: In the future `np.object` will be defined as the corresponding NumPy scalar.
  if not hasattr(_np, _name):
D:\Project\AI Engineer\ePillID-benchmark-master\src\image_augmentators.py:7: FutureWarning: In the future `np.str` will be defined as the corresponding NumPy scalar.
  if not hasattr(_np, _name):
D:\Project\AI Engineer\ePillID-benchmark-master\src\image_augmentators.py:7: FutureWarning: In the future `np.bool` will be defined as the corresponding NumPy scalar.
  if not hasattr(_np, _name):
D:\Project\AI Engineer\ePillID-benchmark-master\src\image_augmentators.py:7: FutureWarning: In the future `np.object` will be defined as the corresponding NumPy scalar.
  if not hasattr(_np, _name):
D:\Project\AI Engineer\ePillID-benchmark-master\src\image_augmentators.py:7: FutureWarning: In the future `np.str` will be defined as the corresponding NumPy scalar.
  if not hasattr(_np, _name):
D:\Project\AI Engineer\ePillID-benchmark-master\src\image_augmentators.py:7: FutureWarning: In the future `np.bool` will be defined as the corresponding NumPy scalar.
  if not hasattr(_np, _name):
D:\Project\AI Engineer\ePillID-benchmark-master\src\image_augmentators.py:7: FutureWarning: In the future `np.object` will be defined as the corresponding NumPy scalar.
  if not hasattr(_np, _name):
D:\Project\AI Engineer\ePillID-benchmark-master\src\image_augmentators.py:7: FutureWarning: In the future `np.str` will be defined as the corresponding NumPy scalar.
  if not hasattr(_np, _name):
D:\Project\AI Engineer\ePillID-benchmark-master\src\image_augmentators.py:7: FutureWarning: In the future `np.bool` will be defined as the corresponding NumPy scalar.
  if not hasattr(_np, _name):
D:\Project\AI Engineer\ePillID-benchmark-master\src\image_augmentators.py:7: FutureWarning: In the future `np.object` will be defined as the corresponding NumPy scalar.
  if not hasattr(_np, _name):
D:\Project\AI Engineer\ePillID-benchmark-master\src\image_augmentators.py:7: FutureWarning: In the future `np.str` will be defined as the corresponding NumPy scalar.
  if not hasattr(_np, _name):
D:\Project\AI Engineer\ePillID-benchmark-master\src\image_augmentators.py:7: FutureWarning: In the future `np.bool` will be defined as the corresponding NumPy scalar.
  if not hasattr(_np, _name):
D:\Project\AI Engineer\ePillID-benchmark-master\src\image_augmentators.py:7: FutureWarning: In the future `np.object` will be defined as the corresponding NumPy scalar.
  if not hasattr(_np, _name):
D:\Project\AI Engineer\ePillID-benchmark-master\src\image_augmentators.py:7: FutureWarning: In the future `np.str` will be defined as the corresponding NumPy scalar.
  if not hasattr(_np, _name):
D:\Project\AI Engineer\ePillID-benchmark-master\src\image_augmentators.py:7: FutureWarning: In the future `np.bool` will be defined as the corresponding NumPy scalar.
  if not hasattr(_np, _name):
D:\Project\AI Engineer\ePillID-benchmark-master\src\image_augmentators.py:7: FutureWarning: In the future `np.object` will be defined as the corresponding NumPy scalar.
  if not hasattr(_np, _name):
D:\Project\AI Engineer\ePillID-benchmark-master\src\image_augmentators.py:7: FutureWarning: In the future `np.str` will be defined as the corresponding NumPy scalar.
  if not hasattr(_np, _name):
D:\Project\AI Engineer\ePillID-benchmark-master\src\image_augmentators.py:7: FutureWarning: In the future `np.bool` will be defined as the corresponding NumPy scalar.
  if not hasattr(_np, _name):
D:\Project\AI Engineer\ePillID-benchmark-master\src\image_augmentators.py:7: FutureWarning: In the future `np.object` will be defined as the corresponding NumPy scalar.
  if not hasattr(_np, _name):
D:\Project\AI Engineer\ePillID-benchmark-master\src\image_augmentators.py:7: FutureWarning: In the future `np.str` will be defined as the corresponding NumPy scalar.
  if not hasattr(_np, _name):
D:\Project\AI Engineer\ePillID-benchmark-master\src\image_augmentators.py:7: FutureWarning: In the future `np.bool` will be defined as the corresponding NumPy scalar.
  if not hasattr(_np, _name):
D:\Project\AI Engineer\ePillID-benchmark-master\src\image_augmentators.py:7: FutureWarning: In the future `np.object` will be defined as the corresponding NumPy scalar.
  if not hasattr(_np, _name):
D:\Project\AI Engineer\ePillID-benchmark-master\src\image_augmentators.py:7: FutureWarning: In the future `np.str` will be defined as the corresponding NumPy scalar.
  if not hasattr(_np, _name):
D:\Project\AI Engineer\ePillID-benchmark-master\src\image_augmentators.py:7: FutureWarning: In the future `np.bool` will be defined as the corresponding NumPy scalar.
  if not hasattr(_np, _name):
D:\Project\AI Engineer\ePillID-benchmark-master\src\image_augmentators.py:7: FutureWarning: In the future `np.object` will be defined as the corresponding NumPy scalar.
  if not hasattr(_np, _name):
D:\Project\AI Engineer\ePillID-benchmark-master\src\image_augmentators.py:7: FutureWarning: In the future `np.str` will be defined as the corresponding NumPy scalar.
  if not hasattr(_np, _name):
D:\Project\AI Engineer\ePillID-benchmark-master\src\image_augmentators.py:7: FutureWarning: In the future `np.bool` will be defined as the corresponding NumPy scalar.
  if not hasattr(_np, _name):
D:\Project\AI Engineer\ePillID-benchmark-master\src\image_augmentators.py:7: FutureWarning: In the future `np.object` will be defined as the corresponding NumPy scalar.
  if not hasattr(_np, _name):
D:\Project\AI Engineer\ePillID-benchmark-master\src\image_augmentators.py:7: FutureWarning: In the future `np.str` will be defined as the corresponding NumPy scalar.
  if not hasattr(_np, _name):
D:\Project\AI Engineer\ePillID-benchmark-master\src\image_augmentators.py:7: FutureWarning: In the future `np.bool` will be defined as the corresponding NumPy scalar.
  if not hasattr(_np, _name):
D:\Project\AI Engineer\ePillID-benchmark-master\src\image_augmentators.py:7: FutureWarning: In the future `np.object` will be defined as the corresponding NumPy scalar.
  if not hasattr(_np, _name):
D:\Project\AI Engineer\ePillID-benchmark-master\src\image_augmentators.py:7: FutureWarning: In the future `np.str` will be defined as the corresponding NumPy scalar.
  if not hasattr(_np, _name):
D:\Project\AI Engineer\ePillID-benchmark-master\src\image_augmentators.py:7: FutureWarning: In the future `np.bool` will be defined as the corresponding NumPy scalar.
  if not hasattr(_np, _name):
D:\Project\AI Engineer\ePillID-benchmark-master\src\image_augmentators.py:7: FutureWarning: In the future `np.object` will be defined as the corresponding NumPy scalar.
  if not hasattr(_np, _name):
D:\Project\AI Engineer\ePillID-benchmark-master\src\image_augmentators.py:7: FutureWarning: In the future `np.str` will be defined as the corresponding NumPy scalar.
  if not hasattr(_np, _name):
D:\Project\AI Engineer\ePillID-benchmark-master\src\image_augmentators.py:7: FutureWarning: In the future `np.bool` will be defined as the corresponding NumPy scalar.
  if not hasattr(_np, _name):
D:\Project\AI Engineer\ePillID-benchmark-master\src\image_augmentators.py:7: FutureWarning: In the future `np.object` will be defined as the corresponding NumPy scalar.
  if not hasattr(_np, _name):
D:\Project\AI Engineer\ePillID-benchmark-master\src\image_augmentators.py:7: FutureWarning: In the future `np.str` will be defined as the corresponding NumPy scalar.
  if not hasattr(_np, _name):
D:\Project\AI Engineer\ePillID-benchmark-master\src\image_augmentators.py:7: FutureWarning: In the future `np.bool` will be defined as the corresponding NumPy scalar.
  if not hasattr(_np, _name):
D:\Project\AI Engineer\ePillID-benchmark-master\src\image_augmentators.py:7: FutureWarning: In the future `np.object` will be defined as the corresponding NumPy scalar.
  if not hasattr(_np, _name):
D:\Project\AI Engineer\ePillID-benchmark-master\src\image_augmentators.py:7: FutureWarning: In the future `np.str` will be defined as the corresponding NumPy scalar.
  if not hasattr(_np, _name):
D:\Project\AI Engineer\ePillID-benchmark-master\src\image_augmentators.py:7: FutureWarning: In the future `np.bool` will be defined as the corresponding NumPy scalar.
  if not hasattr(_np, _name):
D:\Project\AI Engineer\ePillID-benchmark-master\src\image_augmentators.py:7: FutureWarning: In the future `np.object` will be defined as the corresponding NumPy scalar.
  if not hasattr(_np, _name):
D:\Project\AI Engineer\ePillID-benchmark-master\src\image_augmentators.py:7: FutureWarning: In the future `np.str` will be defined as the corresponding NumPy scalar.
  if not hasattr(_np, _name):
D:\Project\AI Engineer\ePillID-benchmark-master\src\image_augmentators.py:7: FutureWarning: In the future `np.bool` will be defined as the corresponding NumPy scalar.
  if not hasattr(_np, _name):
D:\Project\AI Engineer\ePillID-benchmark-master\src\image_augmentators.py:7: FutureWarning: In the future `np.object` will be defined as the corresponding NumPy scalar.
  if not hasattr(_np, _name):
D:\Project\AI Engineer\ePillID-benchmark-master\src\image_augmentators.py:7: FutureWarning: In the future `np.str` will be defined as the corresponding NumPy scalar.
  if not hasattr(_np, _name):
D:\Project\AI Engineer\ePillID-benchmark-master\src\image_augmentators.py:7: FutureWarning: In the future `np.bool` will be defined as the corresponding NumPy scalar.
  if not hasattr(_np, _name):
D:\Project\AI Engineer\ePillID-benchmark-master\src\image_augmentators.py:7: FutureWarning: In the future `np.object` will be defined as the corresponding NumPy scalar.
  if not hasattr(_np, _name):
D:\Project\AI Engineer\ePillID-benchmark-master\src\image_augmentators.py:7: FutureWarning: In the future `np.str` will be defined as the corresponding NumPy scalar.
  if not hasattr(_np, _name):
D:\Project\AI Engineer\ePillID-benchmark-master\src\image_augmentators.py:7: FutureWarning: In the future `np.bool` will be defined as the corresponding NumPy scalar.
  if not hasattr(_np, _name):
D:\Project\AI Engineer\ePillID-benchmark-master\src\image_augmentators.py:7: FutureWarning: In the future `np.object` will be defined as the corresponding NumPy scalar.
  if not hasattr(_np, _name):
D:\Project\AI Engineer\ePillID-benchmark-master\src\image_augmentators.py:7: FutureWarning: In the future `np.str` will be defined as the corresponding NumPy scalar.
  if not hasattr(_np, _name):
D:\Project\AI Engineer\ePillID-benchmark-master\src\image_augmentators.py:7: FutureWarning: In the future `np.bool` will be defined as the corresponding NumPy scalar.
  if not hasattr(_np, _name):
D:\Project\AI Engineer\ePillID-benchmark-master\src\image_augmentators.py:7: FutureWarning: In the future `np.object` will be defined as the corresponding NumPy scalar.
  if not hasattr(_np, _name):
D:\Project\AI Engineer\ePillID-benchmark-master\src\image_augmentators.py:7: FutureWarning: In the future `np.str` will be defined as the corresponding NumPy scalar.
  if not hasattr(_np, _name):
D:\Project\AI Engineer\ePillID-benchmark-master\src\image_augmentators.py:7: FutureWarning: In the future `np.bool` will be defined as the corresponding NumPy scalar.
  if not hasattr(_np, _name):
D:\Project\AI Engineer\ePillID-benchmark-master\src\image_augmentators.py:7: FutureWarning: In the future `np.object` will be defined as the corresponding NumPy scalar.
  if not hasattr(_np, _name):
D:\Project\AI Engineer\ePillID-benchmark-master\src\image_augmentators.py:7: FutureWarning: In the future `np.str` will be defined as the corresponding NumPy scalar.
  if not hasattr(_np, _name):
D:\Project\AI Engineer\ePillID-benchmark-master\src\image_augmentators.py:7: FutureWarning: In the future `np.bool` will be defined as the corresponding NumPy scalar.
  if not hasattr(_np, _name):
D:\Project\AI Engineer\ePillID-benchmark-master\src\image_augmentators.py:7: FutureWarning: In the future `np.object` will be defined as the corresponding NumPy scalar.
  if not hasattr(_np, _name):
D:\Project\AI Engineer\ePillID-benchmark-master\src\image_augmentators.py:7: FutureWarning: In the future `np.str` will be defined as the corresponding NumPy scalar.
  if not hasattr(_np, _name):
D:\Project\AI Engineer\ePillID-benchmark-master\src\image_augmentators.py:7: FutureWarning: In the future `np.bool` will be defined as the corresponding NumPy scalar.
  if not hasattr(_np, _name):
D:\Project\AI Engineer\ePillID-benchmark-master\src\image_augmentators.py:7: FutureWarning: In the future `np.object` will be defined as the corresponding NumPy scalar.
  if not hasattr(_np, _name):
D:\Project\AI Engineer\ePillID-benchmark-master\src\image_augmentators.py:7: FutureWarning: In the future `np.str` will be defined as the corresponding NumPy scalar.
  if not hasattr(_np, _name):
D:\Project\AI Engineer\ePillID-benchmark-master\src\image_augmentators.py:7: FutureWarning: In the future `np.bool` will be defined as the corresponding NumPy scalar.
  if not hasattr(_np, _name):
D:\Project\AI Engineer\ePillID-benchmark-master\src\image_augmentators.py:7: FutureWarning: In the future `np.object` will be defined as the corresponding NumPy scalar.
  if not hasattr(_np, _name):
D:\Project\AI Engineer\ePillID-benchmark-master\src\image_augmentators.py:7: FutureWarning: In the future `np.str` will be defined as the corresponding NumPy scalar.
  if not hasattr(_np, _name):
D:\Project\AI Engineer\ePillID-benchmark-master\src\image_augmentators.py:7: FutureWarning: In the future `np.bool` will be defined as the corresponding NumPy scalar.
  if not hasattr(_np, _name):
D:\Project\AI Engineer\ePillID-benchmark-master\src\image_augmentators.py:7: FutureWarning: In the future `np.object` will be defined as the corresponding NumPy scalar.
  if not hasattr(_np, _name):
D:\Project\AI Engineer\ePillID-benchmark-master\src\image_augmentators.py:7: FutureWarning: In the future `np.str` will be defined as the corresponding NumPy scalar.
  if not hasattr(_np, _name):
D:\Project\AI Engineer\ePillID-benchmark-master\src\image_augmentators.py:7: FutureWarning: In the future `np.bool` will be defined as the corresponding NumPy scalar.
  if not hasattr(_np, _name):
D:\Project\AI Engineer\ePillID-benchmark-master\src\image_augmentators.py:7: FutureWarning: In the future `np.object` will be defined as the corresponding NumPy scalar.
  if not hasattr(_np, _name):
D:\Project\AI Engineer\ePillID-benchmark-master\src\image_augmentators.py:7: FutureWarning: In the future `np.str` will be defined as the corresponding NumPy scalar.
  if not hasattr(_np, _name):
D:\Project\AI Engineer\ePillID-benchmark-master\src\image_augmentators.py:7: FutureWarning: In the future `np.bool` will be defined as the corresponding NumPy scalar.
  if not hasattr(_np, _name):
D:\Project\AI Engineer\ePillID-benchmark-master\src\image_augmentators.py:7: FutureWarning: In the future `np.object` will be defined as the corresponding NumPy scalar.
  if not hasattr(_np, _name):
D:\Project\AI Engineer\ePillID-benchmark-master\src\image_augmentators.py:7: FutureWarning: In the future `np.str` will be defined as the corresponding NumPy scalar.
  if not hasattr(_np, _name):
D:\Project\AI Engineer\ePillID-benchmark-master\src\image_augmentators.py:7: FutureWarning: In the future `np.bool` will be defined as the corresponding NumPy scalar.
  if not hasattr(_np, _name):
D:\Project\AI Engineer\ePillID-benchmark-master\src\image_augmentators.py:7: FutureWarning: In the future `np.object` will be defined as the corresponding NumPy scalar.
  if not hasattr(_np, _name):
D:\Project\AI Engineer\ePillID-benchmark-master\src\image_augmentators.py:7: FutureWarning: In the future `np.str` will be defined as the corresponding NumPy scalar.
  if not hasattr(_np, _name):
D:\Project\AI Engineer\ePillID-benchmark-master\src\image_augmentators.py:7: FutureWarning: In the future `np.bool` will be defined as the corresponding NumPy scalar.
  if not hasattr(_np, _name):
D:\Project\AI Engineer\ePillID-benchmark-master\src\image_augmentators.py:7: FutureWarning: In the future `np.object` will be defined as the corresponding NumPy scalar.
  if not hasattr(_np, _name):
D:\Project\AI Engineer\ePillID-benchmark-master\src\image_augmentators.py:7: FutureWarning: In the future `np.str` will be defined as the corresponding NumPy scalar.
  if not hasattr(_np, _name):
D:\Project\AI Engineer\ePillID-benchmark-master\src\image_augmentators.py:7: FutureWarning: In the future `np.bool` will be defined as the corresponding NumPy scalar.
  if not hasattr(_np, _name):
D:\Project\AI Engineer\ePillID-benchmark-master\src\image_augmentators.py:7: FutureWarning: In the future `np.object` will be defined as the corresponding NumPy scalar.
  if not hasattr(_np, _name):
D:\Project\AI Engineer\ePillID-benchmark-master\src\image_augmentators.py:7: FutureWarning: In the future `np.str` will be defined as the corresponding NumPy scalar.
  if not hasattr(_np, _name):
D:\Project\AI Engineer\ePillID-benchmark-master\src\image_augmentators.py:7: FutureWarning: In the future `np.bool` will be defined as the corresponding NumPy scalar.
  if not hasattr(_np, _name):
D:\Project\AI Engineer\ePillID-benchmark-master\src\image_augmentators.py:7: FutureWarning: In the future `np.object` will be defined as the corresponding NumPy scalar.
  if not hasattr(_np, _name):
D:\Project\AI Engineer\ePillID-benchmark-master\src\image_augmentators.py:7: FutureWarning: In the future `np.str` will be defined as the corresponding NumPy scalar.
  if not hasattr(_np, _name):
D:\Project\AI Engineer\ePillID-benchmark-master\src\image_augmentators.py:7: FutureWarning: In the future `np.bool` will be defined as the corresponding NumPy scalar.
  if not hasattr(_np, _name):
D:\Project\AI Engineer\ePillID-benchmark-master\src\image_augmentators.py:7: FutureWarning: In the future `np.object` will be defined as the corresponding NumPy scalar.
  if not hasattr(_np, _name):
D:\Project\AI Engineer\ePillID-benchmark-master\src\image_augmentators.py:7: FutureWarning: In the future `np.str` will be defined as the corresponding NumPy scalar.
  if not hasattr(_np, _name):
D:\Project\AI Engineer\ePillID-benchmark-master\src\image_augmentators.py:7: FutureWarning: In the future `np.bool` will be defined as the corresponding NumPy scalar.
  if not hasattr(_np, _name):
D:\Project\AI Engineer\ePillID-benchmark-master\src\image_augmentators.py:7: FutureWarning: In the future `np.object` will be defined as the corresponding NumPy scalar.
  if not hasattr(_np, _name):
D:\Project\AI Engineer\ePillID-benchmark-master\src\image_augmentators.py:7: FutureWarning: In the future `np.str` will be defined as the corresponding NumPy scalar.
  if not hasattr(_np, _name):
D:\Project\AI Engineer\ePillID-benchmark-master\src\image_augmentators.py:7: FutureWarning: In the future `np.bool` will be defined as the corresponding NumPy scalar.
  if not hasattr(_np, _name):
D:\Project\AI Engineer\ePillID-benchmark-master\src\image_augmentators.py:7: FutureWarning: In the future `np.object` will be defined as the corresponding NumPy scalar.
  if not hasattr(_np, _name):
D:\Project\AI Engineer\ePillID-benchmark-master\src\image_augmentators.py:7: FutureWarning: In the future `np.str` will be defined as the corresponding NumPy scalar.
  if not hasattr(_np, _name):
D:\Project\AI Engineer\ePillID-benchmark-master\src\image_augmentators.py:7: FutureWarning: In the future `np.bool` will be defined as the corresponding NumPy scalar.
  if not hasattr(_np, _name):
D:\Project\AI Engineer\ePillID-benchmark-master\src\image_augmentators.py:7: FutureWarning: In the future `np.object` will be defined as the corresponding NumPy scalar.
  if not hasattr(_np, _name):
D:\Project\AI Engineer\ePillID-benchmark-master\src\image_augmentators.py:7: FutureWarning: In the future `np.str` will be defined as the corresponding NumPy scalar.
  if not hasattr(_np, _name):
D:\Project\AI Engineer\ePillID-benchmark-master\src\image_augmentators.py:7: FutureWarning: In the future `np.bool` will be defined as the corresponding NumPy scalar.
  if not hasattr(_np, _name):
D:\Project\AI Engineer\ePillID-benchmark-master\src\image_augmentators.py:7: FutureWarning: In the future `np.object` will be defined as the corresponding NumPy scalar.
  if not hasattr(_np, _name):
D:\Project\AI Engineer\ePillID-benchmark-master\src\image_augmentators.py:7: FutureWarning: In the future `np.str` will be defined as the corresponding NumPy scalar.
  if not hasattr(_np, _name):
D:\Project\AI Engineer\ePillID-benchmark-master\src\image_augmentators.py:7: FutureWarning: In the future `np.bool` will be defined as the corresponding NumPy scalar.
  if not hasattr(_np, _name):
D:\Project\AI Engineer\ePillID-benchmark-master\src\image_augmentators.py:7: FutureWarning: In the future `np.object` will be defined as the corresponding NumPy scalar.
  if not hasattr(_np, _name):
D:\Project\AI Engineer\ePillID-benchmark-master\src\image_augmentators.py:7: FutureWarning: In the future `np.str` will be defined as the corresponding NumPy scalar.
  if not hasattr(_np, _name):
D:\Project\AI Engineer\ePillID-benchmark-master\src\image_augmentators.py:7: FutureWarning: In the future `np.bool` will be defined as the corresponding NumPy scalar.
  if not hasattr(_np, _name):
D:\Project\AI Engineer\ePillID-benchmark-master\src\image_augmentators.py:7: FutureWarning: In the future `np.object` will be defined as the corresponding NumPy scalar.
  if not hasattr(_np, _name):
D:\Project\AI Engineer\ePillID-benchmark-master\src\image_augmentators.py:7: FutureWarning: In the future `np.str` will be defined as the corresponding NumPy scalar.
  if not hasattr(_np, _name):
D:\Project\AI Engineer\ePillID-benchmark-master\src\image_augmentators.py:7: FutureWarning: In the future `np.bool` will be defined as the corresponding NumPy scalar.
  if not hasattr(_np, _name):
D:\Project\AI Engineer\ePillID-benchmark-master\src\image_augmentators.py:7: FutureWarning: In the future `np.object` will be defined as the corresponding NumPy scalar.
  if not hasattr(_np, _name):
D:\Project\AI Engineer\ePillID-benchmark-master\src\image_augmentators.py:7: FutureWarning: In the future `np.str` will be defined as the corresponding NumPy scalar.
  if not hasattr(_np, _name):
D:\Project\AI Engineer\ePillID-benchmark-master\src\image_augmentators.py:7: FutureWarning: In the future `np.bool` will be defined as the corresponding NumPy scalar.
  if not hasattr(_np, _name):
D:\Project\AI Engineer\ePillID-benchmark-master\src\image_augmentators.py:7: FutureWarning: In the future `np.object` will be defined as the corresponding NumPy scalar.
  if not hasattr(_np, _name):
D:\Project\AI Engineer\ePillID-benchmark-master\src\image_augmentators.py:7: FutureWarning: In the future `np.str` will be defined as the corresponding NumPy scalar.
  if not hasattr(_np, _name):
D:\Project\AI Engineer\ePillID-benchmark-master\src\image_augmentators.py:7: FutureWarning: In the future `np.bool` will be defined as the corresponding NumPy scalar.
  if not hasattr(_np, _name):
D:\Project\AI Engineer\ePillID-benchmark-master\src\image_augmentators.py:7: FutureWarning: In the future `np.object` will be defined as the corresponding NumPy scalar.
  if not hasattr(_np, _name):
D:\Project\AI Engineer\ePillID-benchmark-master\src\image_augmentators.py:7: FutureWarning: In the future `np.str` will be defined as the corresponding NumPy scalar.
  if not hasattr(_np, _name):
D:\Project\AI Engineer\ePillID-benchmark-master\src\image_augmentators.py:7: FutureWarning: In the future `np.bool` will be defined as the corresponding NumPy scalar.
  if not hasattr(_np, _name):
D:\Project\AI Engineer\ePillID-benchmark-master\src\image_augmentators.py:7: FutureWarning: In the future `np.object` will be defined as the corresponding NumPy scalar.
  if not hasattr(_np, _name):
D:\Project\AI Engineer\ePillID-benchmark-master\src\image_augmentators.py:7: FutureWarning: In the future `np.str` will be defined as the corresponding NumPy scalar.
  if not hasattr(_np, _name):
D:\Project\AI Engineer\ePillID-benchmark-master\src\image_augmentators.py:7: FutureWarning: In the future `np.bool` will be defined as the corresponding NumPy scalar.
  if not hasattr(_np, _name):
D:\Project\AI Engineer\ePillID-benchmark-master\src\image_augmentators.py:7: FutureWarning: In the future `np.object` will be defined as the corresponding NumPy scalar.
  if not hasattr(_np, _name):
D:\Project\AI Engineer\ePillID-benchmark-master\src\image_augmentators.py:7: FutureWarning: In the future `np.str` will be defined as the corresponding NumPy scalar.
  if not hasattr(_np, _name):
D:\Project\AI Engineer\ePillID-benchmark-master\src\image_augmentators.py:7: FutureWarning: In the future `np.bool` will be defined as the corresponding NumPy scalar.
  if not hasattr(_np, _name):
D:\Project\AI Engineer\ePillID-benchmark-master\src\image_augmentators.py:7: FutureWarning: In the future `np.object` will be defined as the corresponding NumPy scalar.
  if not hasattr(_np, _name):
D:\Project\AI Engineer\ePillID-benchmark-master\src\image_augmentators.py:7: FutureWarning: In the future `np.str` will be defined as the corresponding NumPy scalar.
  if not hasattr(_np, _name):
D:\Project\AI Engineer\ePillID-benchmark-master\src\image_augmentators.py:7: FutureWarning: In the future `np.bool` will be defined as the corresponding NumPy scalar.
  if not hasattr(_np, _name):
D:\Project\AI Engineer\ePillID-benchmark-master\src\image_augmentators.py:7: FutureWarning: In the future `np.object` will be defined as the corresponding NumPy scalar.
  if not hasattr(_np, _name):
D:\Project\AI Engineer\ePillID-benchmark-master\src\image_augmentators.py:7: FutureWarning: In the future `np.str` will be defined as the corresponding NumPy scalar.
  if not hasattr(_np, _name):
D:\Project\AI Engineer\ePillID-benchmark-master\src\image_augmentators.py:7: FutureWarning: In the future `np.bool` will be defined as the corresponding NumPy scalar.
  if not hasattr(_np, _name):
D:\Project\AI Engineer\ePillID-benchmark-master\src\image_augmentators.py:7: FutureWarning: In the future `np.object` will be defined as the corresponding NumPy scalar.
  if not hasattr(_np, _name):
D:\Project\AI Engineer\ePillID-benchmark-master\src\image_augmentators.py:7: FutureWarning: In the future `np.str` will be defined as the corresponding NumPy scalar.
  if not hasattr(_np, _name):
D:\Project\AI Engineer\ePillID-benchmark-master\src\image_augmentators.py:7: FutureWarning: In the future `np.bool` will be defined as the corresponding NumPy scalar.
  if not hasattr(_np, _name):
D:\Project\AI Engineer\ePillID-benchmark-master\src\image_augmentators.py:7: FutureWarning: In the future `np.object` will be defined as the corresponding NumPy scalar.
  if not hasattr(_np, _name):
D:\Project\AI Engineer\ePillID-benchmark-master\src\image_augmentators.py:7: FutureWarning: In the future `np.str` will be defined as the corresponding NumPy scalar.
  if not hasattr(_np, _name):
D:\Project\AI Engineer\ePillID-benchmark-master\src\image_augmentators.py:7: FutureWarning: In the future `np.bool` will be defined as the corresponding NumPy scalar.
  if not hasattr(_np, _name):
D:\Project\AI Engineer\ePillID-benchmark-master\src\image_augmentators.py:7: FutureWarning: In the future `np.object` will be defined as the corresponding NumPy scalar.
  if not hasattr(_np, _name):
D:\Project\AI Engineer\ePillID-benchmark-master\src\image_augmentators.py:7: FutureWarning: In the future `np.str` will be defined as the corresponding NumPy scalar.
  if not hasattr(_np, _name):
D:\Project\AI Engineer\ePillID-benchmark-master\src\image_augmentators.py:7: FutureWarning: In the future `np.bool` will be defined as the corresponding NumPy scalar.
  if not hasattr(_np, _name):
D:\Project\AI Engineer\ePillID-benchmark-master\src\image_augmentators.py:7: FutureWarning: In the future `np.object` will be defined as the corresponding NumPy scalar.
  if not hasattr(_np, _name):
D:\Project\AI Engineer\ePillID-benchmark-master\src\image_augmentators.py:7: FutureWarning: In the future `np.str` will be defined as the corresponding NumPy scalar.
  if not hasattr(_np, _name):
D:\Project\AI Engineer\ePillID-benchmark-master\src\image_augmentators.py:7: FutureWarning: In the future `np.bool` will be defined as the corresponding NumPy scalar.
  if not hasattr(_np, _name):
D:\Project\AI Engineer\ePillID-benchmark-master\src\image_augmentators.py:7: FutureWarning: In the future `np.object` will be defined as the corresponding NumPy scalar.
  if not hasattr(_np, _name):
D:\Project\AI Engineer\ePillID-benchmark-master\src\image_augmentators.py:7: FutureWarning: In the future `np.str` will be defined as the corresponding NumPy scalar.
  if not hasattr(_np, _name):
D:\Project\AI Engineer\ePillID-benchmark-master\src\image_augmentators.py:7: FutureWarning: In the future `np.bool` will be defined as the corresponding NumPy scalar.
  if not hasattr(_np, _name):
D:\Project\AI Engineer\ePillID-benchmark-master\src\image_augmentators.py:7: FutureWarning: In the future `np.object` will be defined as the corresponding NumPy scalar.
  if not hasattr(_np, _name):
D:\Project\AI Engineer\ePillID-benchmark-master\src\image_augmentators.py:7: FutureWarning: In the future `np.str` will be defined as the corresponding NumPy scalar.
  if not hasattr(_np, _name):
D:\Project\AI Engineer\ePillID-benchmark-master\src\image_augmentators.py:7: FutureWarning: In the future `np.bool` will be defined as the corresponding NumPy scalar.
  if not hasattr(_np, _name):
D:\Project\AI Engineer\ePillID-benchmark-master\src\image_augmentators.py:7: FutureWarning: In the future `np.object` will be defined as the corresponding NumPy scalar.
  if not hasattr(_np, _name):
D:\Project\AI Engineer\ePillID-benchmark-master\src\image_augmentators.py:7: FutureWarning: In the future `np.str` will be defined as the corresponding NumPy scalar.
  if not hasattr(_np, _name):
D:\Project\AI Engineer\ePillID-benchmark-master\src\image_augmentators.py:7: FutureWarning: In the future `np.bool` will be defined as the corresponding NumPy scalar.
  if not hasattr(_np, _name):
D:\Project\AI Engineer\ePillID-benchmark-master\src\image_augmentators.py:7: FutureWarning: In the future `np.object` will be defined as the corresponding NumPy scalar.
  if not hasattr(_np, _name):
D:\Project\AI Engineer\ePillID-benchmark-master\src\image_augmentators.py:7: FutureWarning: In the future `np.str` will be defined as the corresponding NumPy scalar.
  if not hasattr(_np, _name):
D:\Project\AI Engineer\ePillID-benchmark-master\src\image_augmentators.py:7: FutureWarning: In the future `np.bool` will be defined as the corresponding NumPy scalar.
  if not hasattr(_np, _name):
D:\Project\AI Engineer\ePillID-benchmark-master\src\image_augmentators.py:7: FutureWarning: In the future `np.object` will be defined as the corresponding NumPy scalar.
  if not hasattr(_np, _name):
D:\Project\AI Engineer\ePillID-benchmark-master\src\image_augmentators.py:7: FutureWarning: In the future `np.str` will be defined as the corresponding NumPy scalar.
  if not hasattr(_np, _name):
D:\Project\AI Engineer\ePillID-benchmark-master\src\image_augmentators.py:7: FutureWarning: In the future `np.bool` will be defined as the corresponding NumPy scalar.
  if not hasattr(_np, _name):
D:\Project\AI Engineer\ePillID-benchmark-master\src\image_augmentators.py:7: FutureWarning: In the future `np.object` will be defined as the corresponding NumPy scalar.
  if not hasattr(_np, _name):
D:\Project\AI Engineer\ePillID-benchmark-master\src\image_augmentators.py:7: FutureWarning: In the future `np.str` will be defined as the corresponding NumPy scalar.
  if not hasattr(_np, _name):
D:\Project\AI Engineer\ePillID-benchmark-master\src\image_augmentators.py:7: FutureWarning: In the future `np.bool` will be defined as the corresponding NumPy scalar.
  if not hasattr(_np, _name):
D:\Project\AI Engineer\ePillID-benchmark-master\src\image_augmentators.py:7: FutureWarning: In the future `np.object` will be defined as the corresponding NumPy scalar.
  if not hasattr(_np, _name):
D:\Project\AI Engineer\ePillID-benchmark-master\src\image_augmentators.py:7: FutureWarning: In the future `np.str` will be defined as the corresponding NumPy scalar.
  if not hasattr(_np, _name):
D:\Project\AI Engineer\ePillID-benchmark-master\src\image_augmentators.py:7: FutureWarning: In the future `np.bool` will be defined as the corresponding NumPy scalar.
  if not hasattr(_np, _name):
D:\Project\AI Engineer\ePillID-benchmark-master\src\image_augmentators.py:7: FutureWarning: In the future `np.object` will be defined as the corresponding NumPy scalar.
  if not hasattr(_np, _name):
D:\Project\AI Engineer\ePillID-benchmark-master\src\image_augmentators.py:7: FutureWarning: In the future `np.str` will be defined as the corresponding NumPy scalar.
  if not hasattr(_np, _name):
D:\Project\AI Engineer\ePillID-benchmark-master\src\image_augmentators.py:7: FutureWarning: In the future `np.bool` will be defined as the corresponding NumPy scalar.
  if not hasattr(_np, _name):
D:\Project\AI Engineer\ePillID-benchmark-master\src\image_augmentators.py:7: FutureWarning: In the future `np.object` will be defined as the corresponding NumPy scalar.
  if not hasattr(_np, _name):
D:\Project\AI Engineer\ePillID-benchmark-master\src\image_augmentators.py:7: FutureWarning: In the future `np.str` will be defined as the corresponding NumPy scalar.
  if not hasattr(_np, _name):
D:\Project\AI Engineer\ePillID-benchmark-master\src\image_augmentators.py:7: FutureWarning: In the future `np.bool` will be defined as the corresponding NumPy scalar.
  if not hasattr(_np, _name):
D:\Project\AI Engineer\ePillID-benchmark-master\src\image_augmentators.py:7: FutureWarning: In the future `np.object` will be defined as the corresponding NumPy scalar.
  if not hasattr(_np, _name):
D:\Project\AI Engineer\ePillID-benchmark-master\src\image_augmentators.py:7: FutureWarning: In the future `np.str` will be defined as the corresponding NumPy scalar.
  if not hasattr(_np, _name):
D:\Project\AI Engineer\ePillID-benchmark-master\src\image_augmentators.py:7: FutureWarning: In the future `np.bool` will be defined as the corresponding NumPy scalar.
  if not hasattr(_np, _name):
D:\Project\AI Engineer\ePillID-benchmark-master\src\image_augmentators.py:7: FutureWarning: In the future `np.object` will be defined as the corresponding NumPy scalar.
  if not hasattr(_np, _name):
D:\Project\AI Engineer\ePillID-benchmark-master\src\image_augmentators.py:7: FutureWarning: In the future `np.str` will be defined as the corresponding NumPy scalar.
  if not hasattr(_np, _name):
D:\Project\AI Engineer\ePillID-benchmark-master\src\image_augmentators.py:7: FutureWarning: In the future `np.bool` will be defined as the corresponding NumPy scalar.
  if not hasattr(_np, _name):
D:\Project\AI Engineer\ePillID-benchmark-master\src\image_augmentators.py:7: FutureWarning: In the future `np.object` will be defined as the corresponding NumPy scalar.
  if not hasattr(_np, _name):
D:\Project\AI Engineer\ePillID-benchmark-master\src\image_augmentators.py:7: FutureWarning: In the future `np.str` will be defined as the corresponding NumPy scalar.
  if not hasattr(_np, _name):
D:\Project\AI Engineer\ePillID-benchmark-master\src\image_augmentators.py:7: FutureWarning: In the future `np.bool` will be defined as the corresponding NumPy scalar.
  if not hasattr(_np, _name):
D:\Project\AI Engineer\ePillID-benchmark-master\src\image_augmentators.py:7: FutureWarning: In the future `np.object` will be defined as the corresponding NumPy scalar.
  if not hasattr(_np, _name):
D:\Project\AI Engineer\ePillID-benchmark-master\src\image_augmentators.py:7: FutureWarning: In the future `np.str` will be defined as the corresponding NumPy scalar.
  if not hasattr(_np, _name):
D:\Project\AI Engineer\ePillID-benchmark-master\src\image_augmentators.py:7: FutureWarning: In the future `np.bool` will be defined as the corresponding NumPy scalar.
  if not hasattr(_np, _name):
D:\Project\AI Engineer\ePillID-benchmark-master\src\image_augmentators.py:7: FutureWarning: In the future `np.object` will be defined as the corresponding NumPy scalar.
  if not hasattr(_np, _name):
D:\Project\AI Engineer\ePillID-benchmark-master\src\image_augmentators.py:7: FutureWarning: In the future `np.str` will be defined as the corresponding NumPy scalar.
  if not hasattr(_np, _name):
D:\Project\AI Engineer\ePillID-benchmark-master\src\image_augmentators.py:7: FutureWarning: In the future `np.bool` will be defined as the corresponding NumPy scalar.
  if not hasattr(_np, _name):
D:\Project\AI Engineer\ePillID-benchmark-master\src\image_augmentators.py:7: FutureWarning: In the future `np.object` will be defined as the corresponding NumPy scalar.
  if not hasattr(_np, _name):
D:\Project\AI Engineer\ePillID-benchmark-master\src\image_augmentators.py:7: FutureWarning: In the future `np.str` will be defined as the corresponding NumPy scalar.
  if not hasattr(_np, _name):
D:\Project\AI Engineer\ePillID-benchmark-master\src\image_augmentators.py:7: FutureWarning: In the future `np.bool` will be defined as the corresponding NumPy scalar.
  if not hasattr(_np, _name):
D:\Project\AI Engineer\ePillID-benchmark-master\src\image_augmentators.py:7: FutureWarning: In the future `np.object` will be defined as the corresponding NumPy scalar.
  if not hasattr(_np, _name):
D:\Project\AI Engineer\ePillID-benchmark-master\src\image_augmentators.py:7: FutureWarning: In the future `np.str` will be defined as the corresponding NumPy scalar.
  if not hasattr(_np, _name):
D:\Project\AI Engineer\ePillID-benchmark-master\src\image_augmentators.py:7: FutureWarning: In the future `np.bool` will be defined as the corresponding NumPy scalar.
  if not hasattr(_np, _name):
D:\Project\AI Engineer\ePillID-benchmark-master\src\image_augmentators.py:7: FutureWarning: In the future `np.object` will be defined as the corresponding NumPy scalar.
  if not hasattr(_np, _name):
D:\Project\AI Engineer\ePillID-benchmark-master\src\image_augmentators.py:7: FutureWarning: In the future `np.str` will be defined as the corresponding NumPy scalar.
  if not hasattr(_np, _name):
D:\Project\AI Engineer\ePillID-benchmark-master\src\image_augmentators.py:7: FutureWarning: In the future `np.bool` will be defined as the corresponding NumPy scalar.
  if not hasattr(_np, _name):
D:\Project\AI Engineer\ePillID-benchmark-master\src\image_augmentators.py:7: FutureWarning: In the future `np.object` will be defined as the corresponding NumPy scalar.
  if not hasattr(_np, _name):
D:\Project\AI Engineer\ePillID-benchmark-master\src\image_augmentators.py:7: FutureWarning: In the future `np.str` will be defined as the corresponding NumPy scalar.
  if not hasattr(_np, _name):
D:\Project\AI Engineer\ePillID-benchmark-master\src\image_augmentators.py:7: FutureWarning: In the future `np.bool` will be defined as the corresponding NumPy scalar.
  if not hasattr(_np, _name):
D:\Project\AI Engineer\ePillID-benchmark-master\src\image_augmentators.py:7: FutureWarning: In the future `np.object` will be defined as the corresponding NumPy scalar.
  if not hasattr(_np, _name):
D:\Project\AI Engineer\ePillID-benchmark-master\src\image_augmentators.py:7: FutureWarning: In the future `np.str` will be defined as the corresponding NumPy scalar.
  if not hasattr(_np, _name):
D:\Project\AI Engineer\ePillID-benchmark-master\src\image_augmentators.py:7: FutureWarning: In the future `np.bool` will be defined as the corresponding NumPy scalar.
  if not hasattr(_np, _name):
D:\Project\AI Engineer\ePillID-benchmark-master\src\image_augmentators.py:7: FutureWarning: In the future `np.object` will be defined as the corresponding NumPy scalar.
  if not hasattr(_np, _name):
D:\Project\AI Engineer\ePillID-benchmark-master\src\image_augmentators.py:7: FutureWarning: In the future `np.str` will be defined as the corresponding NumPy scalar.
  if not hasattr(_np, _name):
D:\Project\AI Engineer\ePillID-benchmark-master\src\image_augmentators.py:7: FutureWarning: In the future `np.bool` will be defined as the corresponding NumPy scalar.
  if not hasattr(_np, _name):
D:\Project\AI Engineer\ePillID-benchmark-master\src\image_augmentators.py:7: FutureWarning: In the future `np.object` will be defined as the corresponding NumPy scalar.
  if not hasattr(_np, _name):
D:\Project\AI Engineer\ePillID-benchmark-master\src\image_augmentators.py:7: FutureWarning: In the future `np.str` will be defined as the corresponding NumPy scalar.
  if not hasattr(_np, _name):
D:\Project\AI Engineer\ePillID-benchmark-master\src\image_augmentators.py:7: FutureWarning: In the future `np.bool` will be defined as the corresponding NumPy scalar.
  if not hasattr(_np, _name):
D:\Project\AI Engineer\ePillID-benchmark-master\src\image_augmentators.py:7: FutureWarning: In the future `np.object` will be defined as the corresponding NumPy scalar.
  if not hasattr(_np, _name):
D:\Project\AI Engineer\ePillID-benchmark-master\src\image_augmentators.py:7: FutureWarning: In the future `np.str` will be defined as the corresponding NumPy scalar.
  if not hasattr(_np, _name):
D:\Project\AI Engineer\ePillID-benchmark-master\src\image_augmentators.py:7: FutureWarning: In the future `np.bool` will be defined as the corresponding NumPy scalar.
  if not hasattr(_np, _name):
D:\Project\AI Engineer\ePillID-benchmark-master\src\image_augmentators.py:7: FutureWarning: In the future `np.object` will be defined as the corresponding NumPy scalar.
  if not hasattr(_np, _name):
D:\Project\AI Engineer\ePillID-benchmark-master\src\image_augmentators.py:7: FutureWarning: In the future `np.str` will be defined as the corresponding NumPy scalar.
  if not hasattr(_np, _name):
D:\Project\AI Engineer\ePillID-benchmark-master\src\image_augmentators.py:7: FutureWarning: In the future `np.bool` will be defined as the corresponding NumPy scalar.
  if not hasattr(_np, _name):
D:\Project\AI Engineer\ePillID-benchmark-master\src\image_augmentators.py:7: FutureWarning: In the future `np.object` will be defined as the corresponding NumPy scalar.
  if not hasattr(_np, _name):
D:\Project\AI Engineer\ePillID-benchmark-master\src\image_augmentators.py:7: FutureWarning: In the future `np.str` will be defined as the corresponding NumPy scalar.
  if not hasattr(_np, _name):
D:\Project\AI Engineer\ePillID-benchmark-master\src\image_augmentators.py:7: FutureWarning: In the future `np.bool` will be defined as the corresponding NumPy scalar.
  if not hasattr(_np, _name):
D:\Project\AI Engineer\ePillID-benchmark-master\src\image_augmentators.py:7: FutureWarning: In the future `np.object` will be defined as the corresponding NumPy scalar.
  if not hasattr(_np, _name):
D:\Project\AI Engineer\ePillID-benchmark-master\src\image_augmentators.py:7: FutureWarning: In the future `np.str` will be defined as the corresponding NumPy scalar.
  if not hasattr(_np, _name):
D:\Project\AI Engineer\ePillID-benchmark-master\src\image_augmentators.py:7: FutureWarning: In the future `np.bool` will be defined as the corresponding NumPy scalar.
  if not hasattr(_np, _name):
D:\Project\AI Engineer\ePillID-benchmark-master\src\image_augmentators.py:7: FutureWarning: In the future `np.object` will be defined as the corresponding NumPy scalar.
  if not hasattr(_np, _name):
D:\Project\AI Engineer\ePillID-benchmark-master\src\image_augmentators.py:7: FutureWarning: In the future `np.str` will be defined as the corresponding NumPy scalar.
  if not hasattr(_np, _name):
D:\Project\AI Engineer\ePillID-benchmark-master\src\image_augmentators.py:7: FutureWarning: In the future `np.bool` will be defined as the corresponding NumPy scalar.
  if not hasattr(_np, _name):
D:\Project\AI Engineer\ePillID-benchmark-master\src\image_augmentators.py:7: FutureWarning: In the future `np.object` will be defined as the corresponding NumPy scalar.
  if not hasattr(_np, _name):
D:\Project\AI Engineer\ePillID-benchmark-master\src\image_augmentators.py:7: FutureWarning: In the future `np.str` will be defined as the corresponding NumPy scalar.
  if not hasattr(_np, _name):
D:\Project\AI Engineer\ePillID-benchmark-master\src\image_augmentators.py:7: FutureWarning: In the future `np.bool` will be defined as the corresponding NumPy scalar.
  if not hasattr(_np, _name):
D:\Project\AI Engineer\ePillID-benchmark-master\src\image_augmentators.py:7: FutureWarning: In the future `np.object` will be defined as the corresponding NumPy scalar.
  if not hasattr(_np, _name):
D:\Project\AI Engineer\ePillID-benchmark-master\src\image_augmentators.py:7: FutureWarning: In the future `np.str` will be defined as the corresponding NumPy scalar.
  if not hasattr(_np, _name):
D:\Project\AI Engineer\ePillID-benchmark-master\src\image_augmentators.py:7: FutureWarning: In the future `np.bool` will be defined as the corresponding NumPy scalar.
  if not hasattr(_np, _name):
D:\Project\AI Engineer\ePillID-benchmark-master\src\image_augmentators.py:7: FutureWarning: In the future `np.object` will be defined as the corresponding NumPy scalar.
  if not hasattr(_np, _name):
D:\Project\AI Engineer\ePillID-benchmark-master\src\image_augmentators.py:7: FutureWarning: In the future `np.str` will be defined as the corresponding NumPy scalar.
  if not hasattr(_np, _name):
D:\Project\AI Engineer\ePillID-benchmark-master\src\image_augmentators.py:7: FutureWarning: In the future `np.bool` will be defined as the corresponding NumPy scalar.
  if not hasattr(_np, _name):
D:\Project\AI Engineer\ePillID-benchmark-master\src\image_augmentators.py:7: FutureWarning: In the future `np.object` will be defined as the corresponding NumPy scalar.
  if not hasattr(_np, _name):
D:\Project\AI Engineer\ePillID-benchmark-master\src\image_augmentators.py:7: FutureWarning: In the future `np.str` will be defined as the corresponding NumPy scalar.
  if not hasattr(_np, _name):
D:\Project\AI Engineer\ePillID-benchmark-master\src\image_augmentators.py:7: FutureWarning: In the future `np.bool` will be defined as the corresponding NumPy scalar.
  if not hasattr(_np, _name):
D:\Project\AI Engineer\ePillID-benchmark-master\src\image_augmentators.py:7: FutureWarning: In the future `np.object` will be defined as the corresponding NumPy scalar.
  if not hasattr(_np, _name):
D:\Project\AI Engineer\ePillID-benchmark-master\src\image_augmentators.py:7: FutureWarning: In the future `np.str` will be defined as the corresponding NumPy scalar.
  if not hasattr(_np, _name):
D:\Project\AI Engineer\ePillID-benchmark-master\src\image_augmentators.py:7: FutureWarning: In the future `np.bool` will be defined as the corresponding NumPy scalar.
  if not hasattr(_np, _name):
D:\Project\AI Engineer\ePillID-benchmark-master\src\image_augmentators.py:7: FutureWarning: In the future `np.object` will be defined as the corresponding NumPy scalar.
  if not hasattr(_np, _name):
D:\Project\AI Engineer\ePillID-benchmark-master\src\image_augmentators.py:7: FutureWarning: In the future `np.str` will be defined as the corresponding NumPy scalar.
  if not hasattr(_np, _name):
D:\Project\AI Engineer\ePillID-benchmark-master\src\image_augmentators.py:7: FutureWarning: In the future `np.bool` will be defined as the corresponding NumPy scalar.
  if not hasattr(_np, _name):
D:\Project\AI Engineer\ePillID-benchmark-master\src\image_augmentators.py:7: FutureWarning: In the future `np.object` will be defined as the corresponding NumPy scalar.
  if not hasattr(_np, _name):
D:\Project\AI Engineer\ePillID-benchmark-master\src\image_augmentators.py:7: FutureWarning: In the future `np.str` will be defined as the corresponding NumPy scalar.
  if not hasattr(_np, _name):
D:\Project\AI Engineer\ePillID-benchmark-master\src\image_augmentators.py:7: FutureWarning: In the future `np.bool` will be defined as the corresponding NumPy scalar.
  if not hasattr(_np, _name):
D:\Project\AI Engineer\ePillID-benchmark-master\src\image_augmentators.py:7: FutureWarning: In the future `np.object` will be defined as the corresponding NumPy scalar.
  if not hasattr(_np, _name):
D:\Project\AI Engineer\ePillID-benchmark-master\src\image_augmentators.py:7: FutureWarning: In the future `np.str` will be defined as the corresponding NumPy scalar.
  if not hasattr(_np, _name):
D:\Project\AI Engineer\ePillID-benchmark-master\src\image_augmentators.py:7: FutureWarning: In the future `np.bool` will be defined as the corresponding NumPy scalar.
  if not hasattr(_np, _name):
D:\Project\AI Engineer\ePillID-benchmark-master\src\image_augmentators.py:7: FutureWarning: In the future `np.object` will be defined as the corresponding NumPy scalar.
  if not hasattr(_np, _name):
D:\Project\AI Engineer\ePillID-benchmark-master\src\image_augmentators.py:7: FutureWarning: In the future `np.str` will be defined as the corresponding NumPy scalar.
  if not hasattr(_np, _name):
D:\Project\AI Engineer\ePillID-benchmark-master\src\image_augmentators.py:7: FutureWarning: In the future `np.bool` will be defined as the corresponding NumPy scalar.
  if not hasattr(_np, _name):
D:\Project\AI Engineer\ePillID-benchmark-master\src\image_augmentators.py:7: FutureWarning: In the future `np.object` will be defined as the corresponding NumPy scalar.
  if not hasattr(_np, _name):
D:\Project\AI Engineer\ePillID-benchmark-master\src\image_augmentators.py:7: FutureWarning: In the future `np.str` will be defined as the corresponding NumPy scalar.
  if not hasattr(_np, _name):
D:\Project\AI Engineer\ePillID-benchmark-master\src\image_augmentators.py:7: FutureWarning: In the future `np.bool` will be defined as the corresponding NumPy scalar.
  if not hasattr(_np, _name):
D:\Project\AI Engineer\ePillID-benchmark-master\src\image_augmentators.py:7: FutureWarning: In the future `np.object` will be defined as the corresponding NumPy scalar.
  if not hasattr(_np, _name):
D:\Project\AI Engineer\ePillID-benchmark-master\src\image_augmentators.py:7: FutureWarning: In the future `np.str` will be defined as the corresponding NumPy scalar.
  if not hasattr(_np, _name):
D:\Project\AI Engineer\ePillID-benchmark-master\src\image_augmentators.py:7: FutureWarning: In the future `np.bool` will be defined as the corresponding NumPy scalar.
  if not hasattr(_np, _name):
D:\Project\AI Engineer\ePillID-benchmark-master\src\image_augmentators.py:7: FutureWarning: In the future `np.object` will be defined as the corresponding NumPy scalar.
  if not hasattr(_np, _name):
D:\Project\AI Engineer\ePillID-benchmark-master\src\image_augmentators.py:7: FutureWarning: In the future `np.str` will be defined as the corresponding NumPy scalar.
  if not hasattr(_np, _name):
D:\Project\AI Engineer\ePillID-benchmark-master\src\image_augmentators.py:7: FutureWarning: In the future `np.bool` will be defined as the corresponding NumPy scalar.
  if not hasattr(_np, _name):
D:\Project\AI Engineer\ePillID-benchmark-master\src\image_augmentators.py:7: FutureWarning: In the future `np.object` will be defined as the corresponding NumPy scalar.
  if not hasattr(_np, _name):
D:\Project\AI Engineer\ePillID-benchmark-master\src\image_augmentators.py:7: FutureWarning: In the future `np.str` will be defined as the corresponding NumPy scalar.
  if not hasattr(_np, _name):
D:\Project\AI Engineer\ePillID-benchmark-master\src\image_augmentators.py:7: FutureWarning: In the future `np.bool` will be defined as the corresponding NumPy scalar.
  if not hasattr(_np, _name):
D:\Project\AI Engineer\ePillID-benchmark-master\src\image_augmentators.py:7: FutureWarning: In the future `np.object` will be defined as the corresponding NumPy scalar.
  if not hasattr(_np, _name):
D:\Project\AI Engineer\ePillID-benchmark-master\src\image_augmentators.py:7: FutureWarning: In the future `np.str` will be defined as the corresponding NumPy scalar.
  if not hasattr(_np, _name):
D:\Project\AI Engineer\ePillID-benchmark-master\src\image_augmentators.py:7: FutureWarning: In the future `np.bool` will be defined as the corresponding NumPy scalar.
  if not hasattr(_np, _name):
D:\Project\AI Engineer\ePillID-benchmark-master\src\image_augmentators.py:7: FutureWarning: In the future `np.object` will be defined as the corresponding NumPy scalar.
  if not hasattr(_np, _name):
D:\Project\AI Engineer\ePillID-benchmark-master\src\image_augmentators.py:7: FutureWarning: In the future `np.str` will be defined as the corresponding NumPy scalar.
  if not hasattr(_np, _name):
D:\Project\AI Engineer\ePillID-benchmark-master\src\image_augmentators.py:7: FutureWarning: In the future `np.bool` will be defined as the corresponding NumPy scalar.
  if not hasattr(_np, _name):
D:\Project\AI Engineer\ePillID-benchmark-master\src\image_augmentators.py:7: FutureWarning: In the future `np.object` will be defined as the corresponding NumPy scalar.
  if not hasattr(_np, _name):
D:\Project\AI Engineer\ePillID-benchmark-master\src\image_augmentators.py:7: FutureWarning: In the future `np.str` will be defined as the corresponding NumPy scalar.
  if not hasattr(_np, _name):
D:\Project\AI Engineer\ePillID-benchmark-master\src\image_augmentators.py:7: FutureWarning: In the future `np.bool` will be defined as the corresponding NumPy scalar.
  if not hasattr(_np, _name):
D:\Project\AI Engineer\ePillID-benchmark-master\src\image_augmentators.py:7: FutureWarning: In the future `np.object` will be defined as the corresponding NumPy scalar.
  if not hasattr(_np, _name):
D:\Project\AI Engineer\ePillID-benchmark-master\src\image_augmentators.py:7: FutureWarning: In the future `np.str` will be defined as the corresponding NumPy scalar.
  if not hasattr(_np, _name):
D:\Project\AI Engineer\ePillID-benchmark-master\src\image_augmentators.py:7: FutureWarning: In the future `np.bool` will be defined as the corresponding NumPy scalar.
  if not hasattr(_np, _name):
D:\Project\AI Engineer\ePillID-benchmark-master\src\image_augmentators.py:7: FutureWarning: In the future `np.object` will be defined as the corresponding NumPy scalar.
  if not hasattr(_np, _name):
D:\Project\AI Engineer\ePillID-benchmark-master\src\image_augmentators.py:7: FutureWarning: In the future `np.str` will be defined as the corresponding NumPy scalar.
  if not hasattr(_np, _name):
D:\Project\AI Engineer\ePillID-benchmark-master\src\image_augmentators.py:7: FutureWarning: In the future `np.bool` will be defined as the corresponding NumPy scalar.
  if not hasattr(_np, _name):
D:\Project\AI Engineer\ePillID-benchmark-master\src\image_augmentators.py:7: FutureWarning: In the future `np.object` will be defined as the corresponding NumPy scalar.
  if not hasattr(_np, _name):
D:\Project\AI Engineer\ePillID-benchmark-master\src\image_augmentators.py:7: FutureWarning: In the future `np.str` will be defined as the corresponding NumPy scalar.
  if not hasattr(_np, _name):
D:\Project\AI Engineer\ePillID-benchmark-master\src\image_augmentators.py:7: FutureWarning: In the future `np.bool` will be defined as the corresponding NumPy scalar.
  if not hasattr(_np, _name):
D:\Project\AI Engineer\ePillID-benchmark-master\src\image_augmentators.py:7: FutureWarning: In the future `np.object` will be defined as the corresponding NumPy scalar.
  if not hasattr(_np, _name):
D:\Project\AI Engineer\ePillID-benchmark-master\src\image_augmentators.py:7: FutureWarning: In the future `np.str` will be defined as the corresponding NumPy scalar.
  if not hasattr(_np, _name):
D:\Project\AI Engineer\ePillID-benchmark-master\src\image_augmentators.py:7: FutureWarning: In the future `np.bool` will be defined as the corresponding NumPy scalar.
  if not hasattr(_np, _name):
D:\Project\AI Engineer\ePillID-benchmark-master\src\image_augmentators.py:7: FutureWarning: In the future `np.object` will be defined as the corresponding NumPy scalar.
  if not hasattr(_np, _name):
D:\Project\AI Engineer\ePillID-benchmark-master\src\image_augmentators.py:7: FutureWarning: In the future `np.str` will be defined as the corresponding NumPy scalar.
  if not hasattr(_np, _name):
D:\Project\AI Engineer\ePillID-benchmark-master\src\image_augmentators.py:7: FutureWarning: In the future `np.bool` will be defined as the corresponding NumPy scalar.
  if not hasattr(_np, _name):
D:\Project\AI Engineer\ePillID-benchmark-master\src\image_augmentators.py:7: FutureWarning: In the future `np.object` will be defined as the corresponding NumPy scalar.
  if not hasattr(_np, _name):
D:\Project\AI Engineer\ePillID-benchmark-master\src\image_augmentators.py:7: FutureWarning: In the future `np.str` will be defined as the corresponding NumPy scalar.
  if not hasattr(_np, _name):
D:\Project\AI Engineer\ePillID-benchmark-master\src\image_augmentators.py:7: FutureWarning: In the future `np.bool` will be defined as the corresponding NumPy scalar.
  if not hasattr(_np, _name):
D:\Project\AI Engineer\ePillID-benchmark-master\src\image_augmentators.py:7: FutureWarning: In the future `np.object` will be defined as the corresponding NumPy scalar.
  if not hasattr(_np, _name):
D:\Project\AI Engineer\ePillID-benchmark-master\src\image_augmentators.py:7: FutureWarning: In the future `np.str` will be defined as the corresponding NumPy scalar.
  if not hasattr(_np, _name):
D:\Project\AI Engineer\ePillID-benchmark-master\src\image_augmentators.py:7: FutureWarning: In the future `np.bool` will be defined as the corresponding NumPy scalar.
  if not hasattr(_np, _name):
D:\Project\AI Engineer\ePillID-benchmark-master\src\image_augmentators.py:7: FutureWarning: In the future `np.object` will be defined as the corresponding NumPy scalar.
  if not hasattr(_np, _name):
D:\Project\AI Engineer\ePillID-benchmark-master\src\image_augmentators.py:7: FutureWarning: In the future `np.str` will be defined as the corresponding NumPy scalar.
  if not hasattr(_np, _name):
D:\Project\AI Engineer\ePillID-benchmark-master\src\image_augmentators.py:7: FutureWarning: In the future `np.bool` will be defined as the corresponding NumPy scalar.
  if not hasattr(_np, _name):
D:\Project\AI Engineer\ePillID-benchmark-master\src\image_augmentators.py:7: FutureWarning: In the future `np.object` will be defined as the corresponding NumPy scalar.
  if not hasattr(_np, _name):
D:\Project\AI Engineer\ePillID-benchmark-master\src\image_augmentators.py:7: FutureWarning: In the future `np.str` will be defined as the corresponding NumPy scalar.
  if not hasattr(_np, _name):
D:\Project\AI Engineer\ePillID-benchmark-master\src\image_augmentators.py:7: FutureWarning: In the future `np.bool` will be defined as the corresponding NumPy scalar.
  if not hasattr(_np, _name):
D:\Project\AI Engineer\ePillID-benchmark-master\src\image_augmentators.py:7: FutureWarning: In the future `np.object` will be defined as the corresponding NumPy scalar.
  if not hasattr(_np, _name):
D:\Project\AI Engineer\ePillID-benchmark-master\src\image_augmentators.py:7: FutureWarning: In the future `np.str` will be defined as the corresponding NumPy scalar.
  if not hasattr(_np, _name):
D:\Project\AI Engineer\ePillID-benchmark-master\src\image_augmentators.py:7: FutureWarning: In the future `np.bool` will be defined as the corresponding NumPy scalar.
  if not hasattr(_np, _name):
D:\Project\AI Engineer\ePillID-benchmark-master\src\image_augmentators.py:7: FutureWarning: In the future `np.object` will be defined as the corresponding NumPy scalar.
  if not hasattr(_np, _name):
D:\Project\AI Engineer\ePillID-benchmark-master\src\image_augmentators.py:7: FutureWarning: In the future `np.str` will be defined as the corresponding NumPy scalar.
  if not hasattr(_np, _name):
D:\Project\AI Engineer\ePillID-benchmark-master\src\image_augmentators.py:7: FutureWarning: In the future `np.bool` will be defined as the corresponding NumPy scalar.
  if not hasattr(_np, _name):
D:\Project\AI Engineer\ePillID-benchmark-master\src\image_augmentators.py:7: FutureWarning: In the future `np.object` will be defined as the corresponding NumPy scalar.
  if not hasattr(_np, _name):
D:\Project\AI Engineer\ePillID-benchmark-master\src\image_augmentators.py:7: FutureWarning: In the future `np.str` will be defined as the corresponding NumPy scalar.
  if not hasattr(_np, _name):
D:\Project\AI Engineer\ePillID-benchmark-master\src\image_augmentators.py:7: FutureWarning: In the future `np.bool` will be defined as the corresponding NumPy scalar.
  if not hasattr(_np, _name):
D:\Project\AI Engineer\ePillID-benchmark-master\src\image_augmentators.py:7: FutureWarning: In the future `np.object` will be defined as the corresponding NumPy scalar.
  if not hasattr(_np, _name):
D:\Project\AI Engineer\ePillID-benchmark-master\src\image_augmentators.py:7: FutureWarning: In the future `np.str` will be defined as the corresponding NumPy scalar.
  if not hasattr(_np, _name):
D:\Project\AI Engineer\ePillID-benchmark-master\src\image_augmentators.py:7: FutureWarning: In the future `np.bool` will be defined as the corresponding NumPy scalar.
  if not hasattr(_np, _name):
D:\Project\AI Engineer\ePillID-benchmark-master\src\image_augmentators.py:7: FutureWarning: In the future `np.object` will be defined as the corresponding NumPy scalar.
  if not hasattr(_np, _name):
D:\Project\AI Engineer\ePillID-benchmark-master\src\image_augmentators.py:7: FutureWarning: In the future `np.str` will be defined as the corresponding NumPy scalar.
  if not hasattr(_np, _name):
D:\Project\AI Engineer\ePillID-benchmark-master\src\image_augmentators.py:7: FutureWarning: In the future `np.bool` will be defined as the corresponding NumPy scalar.
  if not hasattr(_np, _name):
D:\Project\AI Engineer\ePillID-benchmark-master\src\image_augmentators.py:7: FutureWarning: In the future `np.object` will be defined as the corresponding NumPy scalar.
  if not hasattr(_np, _name):
D:\Project\AI Engineer\ePillID-benchmark-master\src\image_augmentators.py:7: FutureWarning: In the future `np.str` will be defined as the corresponding NumPy scalar.
  if not hasattr(_np, _name):
D:\Project\AI Engineer\ePillID-benchmark-master\src\image_augmentators.py:7: FutureWarning: In the future `np.bool` will be defined as the corresponding NumPy scalar.
  if not hasattr(_np, _name):
D:\Project\AI Engineer\ePillID-benchmark-master\src\image_augmentators.py:7: FutureWarning: In the future `np.object` will be defined as the corresponding NumPy scalar.
  if not hasattr(_np, _name):
D:\Project\AI Engineer\ePillID-benchmark-master\src\image_augmentators.py:7: FutureWarning: In the future `np.str` will be defined as the corresponding NumPy scalar.
  if not hasattr(_np, _name):
D:\Project\AI Engineer\ePillID-benchmark-master\src\image_augmentators.py:7: FutureWarning: In the future `np.bool` will be defined as the corresponding NumPy scalar.
  if not hasattr(_np, _name):
D:\Project\AI Engineer\ePillID-benchmark-master\src\image_augmentators.py:7: FutureWarning: In the future `np.object` will be defined as the corresponding NumPy scalar.
  if not hasattr(_np, _name):
D:\Project\AI Engineer\ePillID-benchmark-master\src\image_augmentators.py:7: FutureWarning: In the future `np.str` will be defined as the corresponding NumPy scalar.
  if not hasattr(_np, _name):
D:\Project\AI Engineer\ePillID-benchmark-master\src\image_augmentators.py:7: FutureWarning: In the future `np.bool` will be defined as the corresponding NumPy scalar.
  if not hasattr(_np, _name):
D:\Project\AI Engineer\ePillID-benchmark-master\src\image_augmentators.py:7: FutureWarning: In the future `np.object` will be defined as the corresponding NumPy scalar.
  if not hasattr(_np, _name):
D:\Project\AI Engineer\ePillID-benchmark-master\src\image_augmentators.py:7: FutureWarning: In the future `np.str` will be defined as the corresponding NumPy scalar.
  if not hasattr(_np, _name):
D:\Project\AI Engineer\ePillID-benchmark-master\src\image_augmentators.py:7: FutureWarning: In the future `np.bool` will be defined as the corresponding NumPy scalar.
  if not hasattr(_np, _name):
D:\Project\AI Engineer\ePillID-benchmark-master\src\image_augmentators.py:7: FutureWarning: In the future `np.object` will be defined as the corresponding NumPy scalar.
  if not hasattr(_np, _name):
D:\Project\AI Engineer\ePillID-benchmark-master\src\image_augmentators.py:7: FutureWarning: In the future `np.str` will be defined as the corresponding NumPy scalar.
  if not hasattr(_np, _name):
D:\Project\AI Engineer\ePillID-benchmark-master\src\image_augmentators.py:7: FutureWarning: In the future `np.bool` will be defined as the corresponding NumPy scalar.
  if not hasattr(_np, _name):
D:\Project\AI Engineer\ePillID-benchmark-master\src\image_augmentators.py:7: FutureWarning: In the future `np.object` will be defined as the corresponding NumPy scalar.
  if not hasattr(_np, _name):
D:\Project\AI Engineer\ePillID-benchmark-master\src\image_augmentators.py:7: FutureWarning: In the future `np.str` will be defined as the corresponding NumPy scalar.
  if not hasattr(_np, _name):
D:\Project\AI Engineer\ePillID-benchmark-master\src\image_augmentators.py:7: FutureWarning: In the future `np.bool` will be defined as the corresponding NumPy scalar.
  if not hasattr(_np, _name):
D:\Project\AI Engineer\ePillID-benchmark-master\src\image_augmentators.py:7: FutureWarning: In the future `np.object` will be defined as the corresponding NumPy scalar.
  if not hasattr(_np, _name):
D:\Project\AI Engineer\ePillID-benchmark-master\src\image_augmentators.py:7: FutureWarning: In the future `np.str` will be defined as the corresponding NumPy scalar.
  if not hasattr(_np, _name):
D:\Project\AI Engineer\ePillID-benchmark-master\src\image_augmentators.py:7: FutureWarning: In the future `np.bool` will be defined as the corresponding NumPy scalar.
  if not hasattr(_np, _name):
D:\Project\AI Engineer\ePillID-benchmark-master\src\image_augmentators.py:7: FutureWarning: In the future `np.object` will be defined as the corresponding NumPy scalar.
  if not hasattr(_np, _name):
D:\Project\AI Engineer\ePillID-benchmark-master\src\image_augmentators.py:7: FutureWarning: In the future `np.str` will be defined as the corresponding NumPy scalar.
  if not hasattr(_np, _name):
D:\Project\AI Engineer\ePillID-benchmark-master\src\image_augmentators.py:7: FutureWarning: In the future `np.bool` will be defined as the corresponding NumPy scalar.
  if not hasattr(_np, _name):
D:\Project\AI Engineer\ePillID-benchmark-master\src\image_augmentators.py:7: FutureWarning: In the future `np.object` will be defined as the corresponding NumPy scalar.
  if not hasattr(_np, _name):
D:\Project\AI Engineer\ePillID-benchmark-master\src\image_augmentators.py:7: FutureWarning: In the future `np.str` will be defined as the corresponding NumPy scalar.
  if not hasattr(_np, _name):
D:\Project\AI Engineer\ePillID-benchmark-master\src\image_augmentators.py:7: FutureWarning: In the future `np.bool` will be defined as the corresponding NumPy scalar.
  if not hasattr(_np, _name):
D:\Project\AI Engineer\ePillID-benchmark-master\src\image_augmentators.py:7: FutureWarning: In the future `np.object` will be defined as the corresponding NumPy scalar.
  if not hasattr(_np, _name):
D:\Project\AI Engineer\ePillID-benchmark-master\src\image_augmentators.py:7: FutureWarning: In the future `np.str` will be defined as the corresponding NumPy scalar.
  if not hasattr(_np, _name):
D:\Project\AI Engineer\ePillID-benchmark-master\src\image_augmentators.py:7: FutureWarning: In the future `np.bool` will be defined as the corresponding NumPy scalar.
  if not hasattr(_np, _name):
D:\Project\AI Engineer\ePillID-benchmark-master\src\image_augmentators.py:7: FutureWarning: In the future `np.object` will be defined as the corresponding NumPy scalar.
  if not hasattr(_np, _name):
D:\Project\AI Engineer\ePillID-benchmark-master\src\image_augmentators.py:7: FutureWarning: In the future `np.str` will be defined as the corresponding NumPy scalar.
  if not hasattr(_np, _name):
D:\Project\AI Engineer\ePillID-benchmark-master\src\image_augmentators.py:7: FutureWarning: In the future `np.bool` will be defined as the corresponding NumPy scalar.
  if not hasattr(_np, _name):
D:\Project\AI Engineer\ePillID-benchmark-master\src\image_augmentators.py:7: FutureWarning: In the future `np.object` will be defined as the corresponding NumPy scalar.
  if not hasattr(_np, _name):
D:\Project\AI Engineer\ePillID-benchmark-master\src\image_augmentators.py:7: FutureWarning: In the future `np.str` will be defined as the corresponding NumPy scalar.
  if not hasattr(_np, _name):
D:\Project\AI Engineer\ePillID-benchmark-master\src\image_augmentators.py:7: FutureWarning: In the future `np.bool` will be defined as the corresponding NumPy scalar.
  if not hasattr(_np, _name):
D:\Project\AI Engineer\ePillID-benchmark-master\src\image_augmentators.py:7: FutureWarning: In the future `np.object` will be defined as the corresponding NumPy scalar.
  if not hasattr(_np, _name):
D:\Project\AI Engineer\ePillID-benchmark-master\src\image_augmentators.py:7: FutureWarning: In the future `np.str` will be defined as the corresponding NumPy scalar.
  if not hasattr(_np, _name):
D:\Project\AI Engineer\ePillID-benchmark-master\src\image_augmentators.py:7: FutureWarning: In the future `np.bool` will be defined as the corresponding NumPy scalar.
  if not hasattr(_np, _name):
D:\Project\AI Engineer\ePillID-benchmark-master\src\image_augmentators.py:7: FutureWarning: In the future `np.object` will be defined as the corresponding NumPy scalar.
  if not hasattr(_np, _name):
D:\Project\AI Engineer\ePillID-benchmark-master\src\image_augmentators.py:7: FutureWarning: In the future `np.str` will be defined as the corresponding NumPy scalar.
  if not hasattr(_np, _name):
D:\Project\AI Engineer\ePillID-benchmark-master\src\image_augmentators.py:7: FutureWarning: In the future `np.bool` will be defined as the corresponding NumPy scalar.
  if not hasattr(_np, _name):
D:\Project\AI Engineer\ePillID-benchmark-master\src\image_augmentators.py:7: FutureWarning: In the future `np.object` will be defined as the corresponding NumPy scalar.
  if not hasattr(_np, _name):
D:\Project\AI Engineer\ePillID-benchmark-master\src\image_augmentators.py:7: FutureWarning: In the future `np.str` will be defined as the corresponding NumPy scalar.
  if not hasattr(_np, _name):
D:\Project\AI Engineer\ePillID-benchmark-master\src\image_augmentators.py:7: FutureWarning: In the future `np.bool` will be defined as the corresponding NumPy scalar.
  if not hasattr(_np, _name):
D:\Project\AI Engineer\ePillID-benchmark-master\src\image_augmentators.py:7: FutureWarning: In the future `np.object` will be defined as the corresponding NumPy scalar.
  if not hasattr(_np, _name):
D:\Project\AI Engineer\ePillID-benchmark-master\src\image_augmentators.py:7: FutureWarning: In the future `np.str` will be defined as the corresponding NumPy scalar.
  if not hasattr(_np, _name):
D:\Project\AI Engineer\ePillID-benchmark-master\src\image_augmentators.py:7: FutureWarning: In the future `np.bool` will be defined as the corresponding NumPy scalar.
  if not hasattr(_np, _name):
D:\Project\AI Engineer\ePillID-benchmark-master\src\image_augmentators.py:7: FutureWarning: In the future `np.object` will be defined as the corresponding NumPy scalar.
  if not hasattr(_np, _name):
D:\Project\AI Engineer\ePillID-benchmark-master\src\image_augmentators.py:7: FutureWarning: In the future `np.str` will be defined as the corresponding NumPy scalar.
  if not hasattr(_np, _name):
D:\Project\AI Engineer\ePillID-benchmark-master\src\image_augmentators.py:7: FutureWarning: In the future `np.bool` will be defined as the corresponding NumPy scalar.
  if not hasattr(_np, _name):
D:\Project\AI Engineer\ePillID-benchmark-master\src\image_augmentators.py:7: FutureWarning: In the future `np.object` will be defined as the corresponding NumPy scalar.
  if not hasattr(_np, _name):
D:\Project\AI Engineer\ePillID-benchmark-master\src\image_augmentators.py:7: FutureWarning: In the future `np.str` will be defined as the corresponding NumPy scalar.
  if not hasattr(_np, _name):
D:\Project\AI Engineer\ePillID-benchmark-master\src\image_augmentators.py:7: FutureWarning: In the future `np.bool` will be defined as the corresponding NumPy scalar.
  if not hasattr(_np, _name):
D:\Project\AI Engineer\ePillID-benchmark-master\src\image_augmentators.py:7: FutureWarning: In the future `np.object` will be defined as the corresponding NumPy scalar.
  if not hasattr(_np, _name):
D:\Project\AI Engineer\ePillID-benchmark-master\src\image_augmentators.py:7: FutureWarning: In the future `np.str` will be defined as the corresponding NumPy scalar.
  if not hasattr(_np, _name):
D:\Project\AI Engineer\ePillID-benchmark-master\src\image_augmentators.py:7: FutureWarning: In the future `np.bool` will be defined as the corresponding NumPy scalar.
  if not hasattr(_np, _name):
D:\Project\AI Engineer\ePillID-benchmark-master\src\image_augmentators.py:7: FutureWarning: In the future `np.object` will be defined as the corresponding NumPy scalar.
  if not hasattr(_np, _name):
D:\Project\AI Engineer\ePillID-benchmark-master\src\image_augmentators.py:7: FutureWarning: In the future `np.str` will be defined as the corresponding NumPy scalar.
  if not hasattr(_np, _name):
D:\Project\AI Engineer\ePillID-benchmark-master\src\image_augmentators.py:7: FutureWarning: In the future `np.bool` will be defined as the corresponding NumPy scalar.
  if not hasattr(_np, _name):
D:\Project\AI Engineer\ePillID-benchmark-master\src\image_augmentators.py:7: FutureWarning: In the future `np.object` will be defined as the corresponding NumPy scalar.
  if not hasattr(_np, _name):
D:\Project\AI Engineer\ePillID-benchmark-master\src\image_augmentators.py:7: FutureWarning: In the future `np.str` will be defined as the corresponding NumPy scalar.
  if not hasattr(_np, _name):
D:\Project\AI Engineer\ePillID-benchmark-master\src\image_augmentators.py:7: FutureWarning: In the future `np.bool` will be defined as the corresponding NumPy scalar.
  if not hasattr(_np, _name):
D:\Project\AI Engineer\ePillID-benchmark-master\src\image_augmentators.py:7: FutureWarning: In the future `np.object` will be defined as the corresponding NumPy scalar.
  if not hasattr(_np, _name):
D:\Project\AI Engineer\ePillID-benchmark-master\src\image_augmentators.py:7: FutureWarning: In the future `np.str` will be defined as the corresponding NumPy scalar.
  if not hasattr(_np, _name):
D:\Project\AI Engineer\ePillID-benchmark-master\src\image_augmentators.py:7: FutureWarning: In the future `np.bool` will be defined as the corresponding NumPy scalar.
  if not hasattr(_np, _name):
D:\Project\AI Engineer\ePillID-benchmark-master\src\image_augmentators.py:7: FutureWarning: In the future `np.object` will be defined as the corresponding NumPy scalar.
  if not hasattr(_np, _name):
D:\Project\AI Engineer\ePillID-benchmark-master\src\image_augmentators.py:7: FutureWarning: In the future `np.str` will be defined as the corresponding NumPy scalar.
  if not hasattr(_np, _name):
D:\Project\AI Engineer\ePillID-benchmark-master\src\image_augmentators.py:7: FutureWarning: In the future `np.bool` will be defined as the corresponding NumPy scalar.
  if not hasattr(_np, _name):
D:\Project\AI Engineer\ePillID-benchmark-master\src\image_augmentators.py:7: FutureWarning: In the future `np.object` will be defined as the corresponding NumPy scalar.
  if not hasattr(_np, _name):
D:\Project\AI Engineer\ePillID-benchmark-master\src\image_augmentators.py:7: FutureWarning: In the future `np.str` will be defined as the corresponding NumPy scalar.
  if not hasattr(_np, _name):
D:\Project\AI Engineer\ePillID-benchmark-master\src\image_augmentators.py:7: FutureWarning: In the future `np.bool` will be defined as the corresponding NumPy scalar.
  if not hasattr(_np, _name):
D:\Project\AI Engineer\ePillID-benchmark-master\src\image_augmentators.py:7: FutureWarning: In the future `np.object` will be defined as the corresponding NumPy scalar.
  if not hasattr(_np, _name):
D:\Project\AI Engineer\ePillID-benchmark-master\src\image_augmentators.py:7: FutureWarning: In the future `np.str` will be defined as the corresponding NumPy scalar.
  if not hasattr(_np, _name):
D:\Project\AI Engineer\ePillID-benchmark-master\src\image_augmentators.py:7: FutureWarning: In the future `np.bool` will be defined as the corresponding NumPy scalar.
  if not hasattr(_np, _name):
D:\Project\AI Engineer\ePillID-benchmark-master\src\image_augmentators.py:7: FutureWarning: In the future `np.object` will be defined as the corresponding NumPy scalar.
  if not hasattr(_np, _name):
D:\Project\AI Engineer\ePillID-benchmark-master\src\image_augmentators.py:7: FutureWarning: In the future `np.str` will be defined as the corresponding NumPy scalar.
  if not hasattr(_np, _name):
D:\Project\AI Engineer\ePillID-benchmark-master\src\image_augmentators.py:7: FutureWarning: In the future `np.bool` will be defined as the corresponding NumPy scalar.
  if not hasattr(_np, _name):
D:\Project\AI Engineer\ePillID-benchmark-master\src\image_augmentators.py:7: FutureWarning: In the future `np.object` will be defined as the corresponding NumPy scalar.
  if not hasattr(_np, _name):
D:\Project\AI Engineer\ePillID-benchmark-master\src\image_augmentators.py:7: FutureWarning: In the future `np.str` will be defined as the corresponding NumPy scalar.
  if not hasattr(_np, _name):
D:\Project\AI Engineer\ePillID-benchmark-master\src\image_augmentators.py:7: FutureWarning: In the future `np.bool` will be defined as the corresponding NumPy scalar.
  if not hasattr(_np, _name):
D:\Project\AI Engineer\ePillID-benchmark-master\src\image_augmentators.py:7: FutureWarning: In the future `np.object` will be defined as the corresponding NumPy scalar.
  if not hasattr(_np, _name):
D:\Project\AI Engineer\ePillID-benchmark-master\src\image_augmentators.py:7: FutureWarning: In the future `np.str` will be defined as the corresponding NumPy scalar.
  if not hasattr(_np, _name):
D:\Project\AI Engineer\ePillID-benchmark-master\src\image_augmentators.py:7: FutureWarning: In the future `np.bool` will be defined as the corresponding NumPy scalar.
  if not hasattr(_np, _name):
D:\Project\AI Engineer\ePillID-benchmark-master\src\image_augmentators.py:7: FutureWarning: In the future `np.object` will be defined as the corresponding NumPy scalar.
  if not hasattr(_np, _name):
D:\Project\AI Engineer\ePillID-benchmark-master\src\image_augmentators.py:7: FutureWarning: In the future `np.str` will be defined as the corresponding NumPy scalar.
  if not hasattr(_np, _name):
D:\Project\AI Engineer\ePillID-benchmark-master\src\image_augmentators.py:7: FutureWarning: In the future `np.bool` will be defined as the corresponding NumPy scalar.
  if not hasattr(_np, _name):
D:\Project\AI Engineer\ePillID-benchmark-master\src\image_augmentators.py:7: FutureWarning: In the future `np.object` will be defined as the corresponding NumPy scalar.
  if not hasattr(_np, _name):
D:\Project\AI Engineer\ePillID-benchmark-master\src\image_augmentators.py:7: FutureWarning: In the future `np.str` will be defined as the corresponding NumPy scalar.
  if not hasattr(_np, _name):
D:\Project\AI Engineer\ePillID-benchmark-master\src\image_augmentators.py:7: FutureWarning: In the future `np.bool` will be defined as the corresponding NumPy scalar.
  if not hasattr(_np, _name):
D:\Project\AI Engineer\ePillID-benchmark-master\src\image_augmentators.py:7: FutureWarning: In the future `np.object` will be defined as the corresponding NumPy scalar.
  if not hasattr(_np, _name):
D:\Project\AI Engineer\ePillID-benchmark-master\src\image_augmentators.py:7: FutureWarning: In the future `np.str` will be defined as the corresponding NumPy scalar.
  if not hasattr(_np, _name):
D:\Project\AI Engineer\ePillID-benchmark-master\src\image_augmentators.py:7: FutureWarning: In the future `np.bool` will be defined as the corresponding NumPy scalar.
  if not hasattr(_np, _name):
D:\Project\AI Engineer\ePillID-benchmark-master\src\image_augmentators.py:7: FutureWarning: In the future `np.object` will be defined as the corresponding NumPy scalar.
  if not hasattr(_np, _name):
D:\Project\AI Engineer\ePillID-benchmark-master\src\image_augmentators.py:7: FutureWarning: In the future `np.str` will be defined as the corresponding NumPy scalar.
  if not hasattr(_np, _name):
D:\Project\AI Engineer\ePillID-benchmark-master\src\image_augmentators.py:7: FutureWarning: In the future `np.bool` will be defined as the corresponding NumPy scalar.
  if not hasattr(_np, _name):
D:\Project\AI Engineer\ePillID-benchmark-master\src\image_augmentators.py:7: FutureWarning: In the future `np.object` will be defined as the corresponding NumPy scalar.
  if not hasattr(_np, _name):
D:\Project\AI Engineer\ePillID-benchmark-master\src\image_augmentators.py:7: FutureWarning: In the future `np.str` will be defined as the corresponding NumPy scalar.
  if not hasattr(_np, _name):
D:\Project\AI Engineer\ePillID-benchmark-master\src\image_augmentators.py:7: FutureWarning: In the future `np.bool` will be defined as the corresponding NumPy scalar.
  if not hasattr(_np, _name):
D:\Project\AI Engineer\ePillID-benchmark-master\src\image_augmentators.py:7: FutureWarning: In the future `np.object` will be defined as the corresponding NumPy scalar.
  if not hasattr(_np, _name):
D:\Project\AI Engineer\ePillID-benchmark-master\src\image_augmentators.py:7: FutureWarning: In the future `np.str` will be defined as the corresponding NumPy scalar.
  if not hasattr(_np, _name):
D:\Project\AI Engineer\ePillID-benchmark-master\src\image_augmentators.py:7: FutureWarning: In the future `np.bool` will be defined as the corresponding NumPy scalar.
  if not hasattr(_np, _name):
D:\Project\AI Engineer\ePillID-benchmark-master\src\image_augmentators.py:7: FutureWarning: In the future `np.object` will be defined as the corresponding NumPy scalar.
  if not hasattr(_np, _name):
D:\Project\AI Engineer\ePillID-benchmark-master\src\image_augmentators.py:7: FutureWarning: In the future `np.str` will be defined as the corresponding NumPy scalar.
  if not hasattr(_np, _name):
D:\Project\AI Engineer\ePillID-benchmark-master\src\image_augmentators.py:7: FutureWarning: In the future `np.bool` will be defined as the corresponding NumPy scalar.
  if not hasattr(_np, _name):
D:\Project\AI Engineer\ePillID-benchmark-master\src\image_augmentators.py:7: FutureWarning: In the future `np.object` will be defined as the corresponding NumPy scalar.
  if not hasattr(_np, _name):
D:\Project\AI Engineer\ePillID-benchmark-master\src\image_augmentators.py:7: FutureWarning: In the future `np.str` will be defined as the corresponding NumPy scalar.
  if not hasattr(_np, _name):
D:\Project\AI Engineer\ePillID-benchmark-master\src\image_augmentators.py:7: FutureWarning: In the future `np.bool` will be defined as the corresponding NumPy scalar.
  if not hasattr(_np, _name):
D:\Project\AI Engineer\ePillID-benchmark-master\src\image_augmentators.py:7: FutureWarning: In the future `np.object` will be defined as the corresponding NumPy scalar.
  if not hasattr(_np, _name):
D:\Project\AI Engineer\ePillID-benchmark-master\src\image_augmentators.py:7: FutureWarning: In the future `np.str` will be defined as the corresponding NumPy scalar.
  if not hasattr(_np, _name):
D:\Project\AI Engineer\ePillID-benchmark-master\src\image_augmentators.py:7: FutureWarning: In the future `np.bool` will be defined as the corresponding NumPy scalar.
  if not hasattr(_np, _name):
D:\Project\AI Engineer\ePillID-benchmark-master\src\image_augmentators.py:7: FutureWarning: In the future `np.object` will be defined as the corresponding NumPy scalar.
  if not hasattr(_np, _name):
D:\Project\AI Engineer\ePillID-benchmark-master\src\image_augmentators.py:7: FutureWarning: In the future `np.str` will be defined as the corresponding NumPy scalar.
  if not hasattr(_np, _name):
D:\Project\AI Engineer\ePillID-benchmark-master\src\image_augmentators.py:7: FutureWarning: In the future `np.bool` will be defined as the corresponding NumPy scalar.
  if not hasattr(_np, _name):
D:\Project\AI Engineer\ePillID-benchmark-master\src\image_augmentators.py:7: FutureWarning: In the future `np.object` will be defined as the corresponding NumPy scalar.
  if not hasattr(_np, _name):
D:\Project\AI Engineer\ePillID-benchmark-master\src\image_augmentators.py:7: FutureWarning: In the future `np.str` will be defined as the corresponding NumPy scalar.
  if not hasattr(_np, _name):
D:\Project\AI Engineer\ePillID-benchmark-master\src\image_augmentators.py:7: FutureWarning: In the future `np.bool` will be defined as the corresponding NumPy scalar.
  if not hasattr(_np, _name):
D:\Project\AI Engineer\ePillID-benchmark-master\src\image_augmentators.py:7: FutureWarning: In the future `np.object` will be defined as the corresponding NumPy scalar.
  if not hasattr(_np, _name):
D:\Project\AI Engineer\ePillID-benchmark-master\src\image_augmentators.py:7: FutureWarning: In the future `np.str` will be defined as the corresponding NumPy scalar.
  if not hasattr(_np, _name):
D:\Project\AI Engineer\ePillID-benchmark-master\src\image_augmentators.py:7: FutureWarning: In the future `np.bool` will be defined as the corresponding NumPy scalar.
  if not hasattr(_np, _name):
D:\Project\AI Engineer\ePillID-benchmark-master\src\image_augmentators.py:7: FutureWarning: In the future `np.object` will be defined as the corresponding NumPy scalar.
  if not hasattr(_np, _name):
D:\Project\AI Engineer\ePillID-benchmark-master\src\image_augmentators.py:7: FutureWarning: In the future `np.str` will be defined as the corresponding NumPy scalar.
  if not hasattr(_np, _name):
D:\Project\AI Engineer\ePillID-benchmark-master\src\image_augmentators.py:7: FutureWarning: In the future `np.bool` will be defined as the corresponding NumPy scalar.
  if not hasattr(_np, _name):
D:\Project\AI Engineer\ePillID-benchmark-master\src\image_augmentators.py:7: FutureWarning: In the future `np.object` will be defined as the corresponding NumPy scalar.
  if not hasattr(_np, _name):
D:\Project\AI Engineer\ePillID-benchmark-master\src\image_augmentators.py:7: FutureWarning: In the future `np.str` will be defined as the corresponding NumPy scalar.
  if not hasattr(_np, _name):
D:\Project\AI Engineer\ePillID-benchmark-master\src\image_augmentators.py:7: FutureWarning: In the future `np.bool` will be defined as the corresponding NumPy scalar.
  if not hasattr(_np, _name):
D:\Project\AI Engineer\ePillID-benchmark-master\src\image_augmentators.py:7: FutureWarning: In the future `np.object` will be defined as the corresponding NumPy scalar.
  if not hasattr(_np, _name):
D:\Project\AI Engineer\ePillID-benchmark-master\src\image_augmentators.py:7: FutureWarning: In the future `np.str` will be defined as the corresponding NumPy scalar.
  if not hasattr(_np, _name):
D:\Project\AI Engineer\ePillID-benchmark-master\src\image_augmentators.py:7: FutureWarning: In the future `np.bool` will be defined as the corresponding NumPy scalar.
  if not hasattr(_np, _name):
D:\Project\AI Engineer\ePillID-benchmark-master\src\image_augmentators.py:7: FutureWarning: In the future `np.object` will be defined as the corresponding NumPy scalar.
  if not hasattr(_np, _name):
D:\Project\AI Engineer\ePillID-benchmark-master\src\image_augmentators.py:7: FutureWarning: In the future `np.str` will be defined as the corresponding NumPy scalar.
  if not hasattr(_np, _name):
D:\Project\AI Engineer\ePillID-benchmark-master\src\image_augmentators.py:7: FutureWarning: In the future `np.bool` will be defined as the corresponding NumPy scalar.
  if not hasattr(_np, _name):
D:\Project\AI Engineer\ePillID-benchmark-master\src\image_augmentators.py:7: FutureWarning: In the future `np.object` will be defined as the corresponding NumPy scalar.
  if not hasattr(_np, _name):
D:\Project\AI Engineer\ePillID-benchmark-master\src\image_augmentators.py:7: FutureWarning: In the future `np.str` will be defined as the corresponding NumPy scalar.
  if not hasattr(_np, _name):
D:\Project\AI Engineer\ePillID-benchmark-master\src\image_augmentators.py:7: FutureWarning: In the future `np.bool` will be defined as the corresponding NumPy scalar.
  if not hasattr(_np, _name):
D:\Project\AI Engineer\ePillID-benchmark-master\src\image_augmentators.py:7: FutureWarning: In the future `np.object` will be defined as the corresponding NumPy scalar.
  if not hasattr(_np, _name):
D:\Project\AI Engineer\ePillID-benchmark-master\src\image_augmentators.py:7: FutureWarning: In the future `np.str` will be defined as the corresponding NumPy scalar.
  if not hasattr(_np, _name):
D:\Project\AI Engineer\ePillID-benchmark-master\src\image_augmentators.py:7: FutureWarning: In the future `np.bool` will be defined as the corresponding NumPy scalar.
  if not hasattr(_np, _name):
D:\Project\AI Engineer\ePillID-benchmark-master\src\image_augmentators.py:7: FutureWarning: In the future `np.object` will be defined as the corresponding NumPy scalar.
  if not hasattr(_np, _name):
D:\Project\AI Engineer\ePillID-benchmark-master\src\image_augmentators.py:7: FutureWarning: In the future `np.str` will be defined as the corresponding NumPy scalar.
  if not hasattr(_np, _name):
D:\Project\AI Engineer\ePillID-benchmark-master\src\image_augmentators.py:7: FutureWarning: In the future `np.bool` will be defined as the corresponding NumPy scalar.
  if not hasattr(_np, _name):
D:\Project\AI Engineer\ePillID-benchmark-master\src\image_augmentators.py:7: FutureWarning: In the future `np.object` will be defined as the corresponding NumPy scalar.
  if not hasattr(_np, _name):
D:\Project\AI Engineer\ePillID-benchmark-master\src\image_augmentators.py:7: FutureWarning: In the future `np.str` will be defined as the corresponding NumPy scalar.
  if not hasattr(_np, _name):
D:\Project\AI Engineer\ePillID-benchmark-master\src\image_augmentators.py:7: FutureWarning: In the future `np.bool` will be defined as the corresponding NumPy scalar.
  if not hasattr(_np, _name):
D:\Project\AI Engineer\ePillID-benchmark-master\src\image_augmentators.py:7: FutureWarning: In the future `np.object` will be defined as the corresponding NumPy scalar.
  if not hasattr(_np, _name):
D:\Project\AI Engineer\ePillID-benchmark-master\src\image_augmentators.py:7: FutureWarning: In the future `np.str` will be defined as the corresponding NumPy scalar.
  if not hasattr(_np, _name):
D:\Project\AI Engineer\ePillID-benchmark-master\src\image_augmentators.py:7: FutureWarning: In the future `np.bool` will be defined as the corresponding NumPy scalar.
  if not hasattr(_np, _name):
D:\Project\AI Engineer\ePillID-benchmark-master\src\image_augmentators.py:7: FutureWarning: In the future `np.object` will be defined as the corresponding NumPy scalar.
  if not hasattr(_np, _name):
D:\Project\AI Engineer\ePillID-benchmark-master\src\image_augmentators.py:7: FutureWarning: In the future `np.str` will be defined as the corresponding NumPy scalar.
  if not hasattr(_np, _name):
D:\Project\AI Engineer\ePillID-benchmark-master\src\image_augmentators.py:7: FutureWarning: In the future `np.bool` will be defined as the corresponding NumPy scalar.
  if not hasattr(_np, _name):
D:\Project\AI Engineer\ePillID-benchmark-master\src\image_augmentators.py:7: FutureWarning: In the future `np.object` will be defined as the corresponding NumPy scalar.
  if not hasattr(_np, _name):
D:\Project\AI Engineer\ePillID-benchmark-master\src\image_augmentators.py:7: FutureWarning: In the future `np.str` will be defined as the corresponding NumPy scalar.
  if not hasattr(_np, _name):
D:\Project\AI Engineer\ePillID-benchmark-master\src\image_augmentators.py:7: FutureWarning: In the future `np.bool` will be defined as the corresponding NumPy scalar.
  if not hasattr(_np, _name):
D:\Project\AI Engineer\ePillID-benchmark-master\src\image_augmentators.py:7: FutureWarning: In the future `np.object` will be defined as the corresponding NumPy scalar.
  if not hasattr(_np, _name):
D:\Project\AI Engineer\ePillID-benchmark-master\src\image_augmentators.py:7: FutureWarning: In the future `np.str` will be defined as the corresponding NumPy scalar.
  if not hasattr(_np, _name):
D:\Project\AI Engineer\ePillID-benchmark-master\src\image_augmentators.py:7: FutureWarning: In the future `np.bool` will be defined as the corresponding NumPy scalar.
  if not hasattr(_np, _name):
D:\Project\AI Engineer\ePillID-benchmark-master\src\image_augmentators.py:7: FutureWarning: In the future `np.object` will be defined as the corresponding NumPy scalar.
  if not hasattr(_np, _name):
D:\Project\AI Engineer\ePillID-benchmark-master\src\image_augmentators.py:7: FutureWarning: In the future `np.str` will be defined as the corresponding NumPy scalar.
  if not hasattr(_np, _name):
D:\Project\AI Engineer\ePillID-benchmark-master\src\image_augmentators.py:7: FutureWarning: In the future `np.bool` will be defined as the corresponding NumPy scalar.
  if not hasattr(_np, _name):
D:\Project\AI Engineer\ePillID-benchmark-master\src\image_augmentators.py:7: FutureWarning: In the future `np.object` will be defined as the corresponding NumPy scalar.
  if not hasattr(_np, _name):
D:\Project\AI Engineer\ePillID-benchmark-master\src\image_augmentators.py:7: FutureWarning: In the future `np.str` will be defined as the corresponding NumPy scalar.
  if not hasattr(_np, _name):
D:\Project\AI Engineer\ePillID-benchmark-master\src\image_augmentators.py:7: FutureWarning: In the future `np.bool` will be defined as the corresponding NumPy scalar.
  if not hasattr(_np, _name):
D:\Project\AI Engineer\ePillID-benchmark-master\src\image_augmentators.py:7: FutureWarning: In the future `np.object` will be defined as the corresponding NumPy scalar.
  if not hasattr(_np, _name):
D:\Project\AI Engineer\ePillID-benchmark-master\src\image_augmentators.py:7: FutureWarning: In the future `np.str` will be defined as the corresponding NumPy scalar.
  if not hasattr(_np, _name):

Starting multihead training
loss_weights {'ce': 1.0, 'arcface': 0.1, 'contrastive': 1.0, 'triplet': 1.0, 'focal': 0.0}
Will use metric evaluator for validation
Epoch 0/99
----------
Phase: train
Phase: val
#### Checkpoint ###
Evaluating metric metrics
query_img_paths 745 nunique 745 D:\Data\ePillID_data\ePillID_data\classification_data\fcn_mix_weight/dc_224/10.jpg
query_labels 745 nunique 192
Completed the eval model function. query:torch.Size([745, 2048]), ref:torch.Size([9804, 2048])
Creating Torch cosine sim provider for metric evaluator
Found 4902 classes in the references
Evaluation will be performed in 611 simulated 2-side pairs from 613 consumer images of 141 labels.
Calculate distance matrix between all the labels 4902 and consumer-queries 611
Avg. time elapsed per metric query 0m 0s
qry_lbl_sim_matrix torch.Size([611, 4902])
torch.Size([611, 4902])
torch.Size([611])
torch.Size([611])
torch.Size([611, 4902])
torch.Size([611])
torch.Size([611])
Evaluation complete in 0m 33s
{'top1-acc': 0.16693945229053497, 'top5-acc': 0.30441898107528687}
all_avg_precision (611, 7) (611, 4902) (611, 4902) 4902 611
Saving the best model state dict, 0.015828930529866073, 0

Epoch 1/99
----------
Phase: train
Phase: val

Epoch 2/99
----------
Phase: train
Phase: val

Epoch 3/99
----------
Phase: train
Phase: val

Epoch 4/99
----------
Phase: train
Phase: val

Epoch 5/99
----------
Phase: train
Phase: val
#### Checkpoint ###
Evaluating metric metrics
query_img_paths 745 nunique 745 D:\Data\ePillID_data\ePillID_data\classification_data\fcn_mix_weight/dc_224/10.jpg
query_labels 745 nunique 192
Completed the eval model function. query:torch.Size([745, 2048]), ref:torch.Size([9804, 2048])
Creating Torch cosine sim provider for metric evaluator
Found 4902 classes in the references
Evaluation will be performed in 611 simulated 2-side pairs from 613 consumer images of 141 labels.
Calculate distance matrix between all the labels 4902 and consumer-queries 611
Avg. time elapsed per metric query 0m 0s
qry_lbl_sim_matrix torch.Size([611, 4902])
torch.Size([611, 4902])
torch.Size([611])
torch.Size([611])
torch.Size([611, 4902])
torch.Size([611])
torch.Size([611])
Evaluation complete in 0m 34s
{'top1-acc': 0.643207848072052, 'top5-acc': 0.8952537178993225}
all_avg_precision (611, 7) (611, 4902) (611, 4902) 4902 611
Saving the best model state dict, 0.3860710834040782, 1

Epoch 6/99
----------
Phase: train
Phase: val

Epoch 7/99
----------
Phase: train
Phase: val

Epoch 8/99
----------
Phase: train
Phase: val

Epoch 9/99
----------
Phase: train
Phase: val

Epoch 10/99
----------
Phase: train
Phase: val
#### Checkpoint ###
Evaluating metric metrics
query_img_paths 745 nunique 745 D:\Data\ePillID_data\ePillID_data\classification_data\fcn_mix_weight/dc_224/10.jpg
query_labels 745 nunique 192
Completed the eval model function. query:torch.Size([745, 2048]), ref:torch.Size([9804, 2048])
Creating Torch cosine sim provider for metric evaluator
Found 4902 classes in the references
Evaluation will be performed in 611 simulated 2-side pairs from 613 consumer images of 141 labels.
Calculate distance matrix between all the labels 4902 and consumer-queries 611
Avg. time elapsed per metric query 0m 0s
qry_lbl_sim_matrix torch.Size([611, 4902])
torch.Size([611, 4902])
torch.Size([611])
torch.Size([611])
torch.Size([611, 4902])
torch.Size([611])
torch.Size([611])
Evaluation complete in 0m 33s
{'top1-acc': 0.8527005314826965, 'top5-acc': 0.9836333990097046}
all_avg_precision (611, 7) (611, 4902) (611, 4902) 4902 611
Saving the best model state dict, 0.6615586188909098, 2

Epoch 11/99
----------
Phase: train
Phase: val

Epoch 12/99
----------
Phase: train
Phase: val

Epoch 13/99
----------
Phase: train
Phase: val

Epoch 14/99
----------
Phase: train
Phase: val

Epoch 15/99
----------
Phase: train
Phase: val
#### Checkpoint ###
Evaluating metric metrics
query_img_paths 745 nunique 745 D:\Data\ePillID_data\ePillID_data\classification_data\fcn_mix_weight/dc_224/10.jpg
query_labels 745 nunique 192
Completed the eval model function. query:torch.Size([745, 2048]), ref:torch.Size([9804, 2048])
Creating Torch cosine sim provider for metric evaluator
Found 4902 classes in the references
Evaluation will be performed in 611 simulated 2-side pairs from 613 consumer images of 141 labels.
Calculate distance matrix between all the labels 4902 and consumer-queries 611
Avg. time elapsed per metric query 0m 0s
qry_lbl_sim_matrix torch.Size([611, 4902])
torch.Size([611, 4902])
torch.Size([611])
torch.Size([611])
torch.Size([611, 4902])
torch.Size([611])
torch.Size([611])
Evaluation complete in 0m 33s
{'top1-acc': 0.8494271636009216, 'top5-acc': 0.9918166995048523}
all_avg_precision (611, 7) (611, 4902) (611, 4902) 4902 611
Saving the best model state dict, 0.6900935807514437, 3

Epoch 16/99
----------
Phase: train
Phase: val

Epoch 17/99
----------
Phase: train
Phase: val

Epoch 18/99
----------
Phase: train
Phase: val

Epoch 19/99
----------
Phase: train
Phase: val

Epoch 20/99
----------
Phase: train
Phase: val
#### Checkpoint ###
Evaluating metric metrics
query_img_paths 745 nunique 745 D:\Data\ePillID_data\ePillID_data\classification_data\fcn_mix_weight/dc_224/10.jpg
query_labels 745 nunique 192
Completed the eval model function. query:torch.Size([745, 2048]), ref:torch.Size([9804, 2048])
Creating Torch cosine sim provider for metric evaluator
Found 4902 classes in the references
Evaluation will be performed in 611 simulated 2-side pairs from 613 consumer images of 141 labels.
Calculate distance matrix between all the labels 4902 and consumer-queries 611
Avg. time elapsed per metric query 0m 0s
qry_lbl_sim_matrix torch.Size([611, 4902])
torch.Size([611, 4902])
torch.Size([611])
torch.Size([611])
torch.Size([611, 4902])
torch.Size([611])
torch.Size([611])
Evaluation complete in 0m 34s
{'top1-acc': 0.8854337334632874, 'top5-acc': 0.9869067072868347}
all_avg_precision (611, 7) (611, 4902) (611, 4902) 4902 611
Saving the best model state dict, 0.7310314580489171, 4

Epoch 21/99
----------
Phase: train
Phase: val

Epoch 22/99
----------
Phase: train
Phase: val

Epoch 23/99
----------
Phase: train
Phase: val

Epoch 24/99
----------
Phase: train
Phase: val

Epoch 25/99
----------
Phase: train
Phase: val
#### Checkpoint ###
Evaluating metric metrics
query_img_paths 745 nunique 745 D:\Data\ePillID_data\ePillID_data\classification_data\fcn_mix_weight/dc_224/10.jpg
query_labels 745 nunique 192
Completed the eval model function. query:torch.Size([745, 2048]), ref:torch.Size([9804, 2048])
Creating Torch cosine sim provider for metric evaluator
Found 4902 classes in the references
Evaluation will be performed in 611 simulated 2-side pairs from 613 consumer images of 141 labels.
Calculate distance matrix between all the labels 4902 and consumer-queries 611
Avg. time elapsed per metric query 0m 0s
qry_lbl_sim_matrix torch.Size([611, 4902])
torch.Size([611, 4902])
torch.Size([611])
torch.Size([611])
torch.Size([611, 4902])
torch.Size([611])
torch.Size([611])
Evaluation complete in 0m 34s
{'top1-acc': 0.8641571402549744, 'top5-acc': 0.9950900077819824}
all_avg_precision (611, 7) (611, 4902) (611, 4902) 4902 611
Saving the best model state dict, 0.7664344014106048, 5

Epoch 26/99
----------
Phase: train
Phase: val

Epoch 27/99
----------
Phase: train
Phase: val

Epoch 28/99
----------
Phase: train
Phase: val

Epoch 29/99
----------
Phase: train
Phase: val

Epoch 30/99
----------
Phase: train
Phase: val
#### Checkpoint ###
Evaluating metric metrics
query_img_paths 745 nunique 745 D:\Data\ePillID_data\ePillID_data\classification_data\fcn_mix_weight/dc_224/10.jpg
query_labels 745 nunique 192
Completed the eval model function. query:torch.Size([745, 2048]), ref:torch.Size([9804, 2048])
Creating Torch cosine sim provider for metric evaluator
Found 4902 classes in the references
D:\Project\AI Engineer\ePillID-benchmark-master\src\image_augmentators.py:7: FutureWarning: In the future `np.bool` will be defined as the corresponding NumPy scalar.
  if not hasattr(_np, _name):
D:\Project\AI Engineer\ePillID-benchmark-master\src\image_augmentators.py:7: FutureWarning: In the future `np.object` will be defined as the corresponding NumPy scalar.
  if not hasattr(_np, _name):
D:\Project\AI Engineer\ePillID-benchmark-master\src\image_augmentators.py:7: FutureWarning: In the future `np.str` will be defined as the corresponding NumPy scalar.
  if not hasattr(_np, _name):
D:\Project\AI Engineer\ePillID-benchmark-master\src\image_augmentators.py:7: FutureWarning: In the future `np.bool` will be defined as the corresponding NumPy scalar.
  if not hasattr(_np, _name):
D:\Project\AI Engineer\ePillID-benchmark-master\src\image_augmentators.py:7: FutureWarning: In the future `np.object` will be defined as the corresponding NumPy scalar.
  if not hasattr(_np, _name):
D:\Project\AI Engineer\ePillID-benchmark-master\src\image_augmentators.py:7: FutureWarning: In the future `np.str` will be defined as the corresponding NumPy scalar.
  if not hasattr(_np, _name):
D:\Project\AI Engineer\ePillID-benchmark-master\src\image_augmentators.py:7: FutureWarning: In the future `np.bool` will be defined as the corresponding NumPy scalar.
  if not hasattr(_np, _name):
D:\Project\AI Engineer\ePillID-benchmark-master\src\image_augmentators.py:7: FutureWarning: In the future `np.object` will be defined as the corresponding NumPy scalar.
  if not hasattr(_np, _name):
D:\Project\AI Engineer\ePillID-benchmark-master\src\image_augmentators.py:7: FutureWarning: In the future `np.str` will be defined as the corresponding NumPy scalar.
  if not hasattr(_np, _name):
D:\Project\AI Engineer\ePillID-benchmark-master\src\image_augmentators.py:7: FutureWarning: In the future `np.bool` will be defined as the corresponding NumPy scalar.
  if not hasattr(_np, _name):
D:\Project\AI Engineer\ePillID-benchmark-master\src\image_augmentators.py:7: FutureWarning: In the future `np.object` will be defined as the corresponding NumPy scalar.
  if not hasattr(_np, _name):
D:\Project\AI Engineer\ePillID-benchmark-master\src\image_augmentators.py:7: FutureWarning: In the future `np.str` will be defined as the corresponding NumPy scalar.
  if not hasattr(_np, _name):
D:\Project\AI Engineer\ePillID-benchmark-master\src\image_augmentators.py:7: FutureWarning: In the future `np.bool` will be defined as the corresponding NumPy scalar.
  if not hasattr(_np, _name):
D:\Project\AI Engineer\ePillID-benchmark-master\src\image_augmentators.py:7: FutureWarning: In the future `np.object` will be defined as the corresponding NumPy scalar.
  if not hasattr(_np, _name):
D:\Project\AI Engineer\ePillID-benchmark-master\src\image_augmentators.py:7: FutureWarning: In the future `np.str` will be defined as the corresponding NumPy scalar.
  if not hasattr(_np, _name):
D:\Project\AI Engineer\ePillID-benchmark-master\src\image_augmentators.py:7: FutureWarning: In the future `np.bool` will be defined as the corresponding NumPy scalar.
  if not hasattr(_np, _name):
D:\Project\AI Engineer\ePillID-benchmark-master\src\image_augmentators.py:7: FutureWarning: In the future `np.object` will be defined as the corresponding NumPy scalar.
  if not hasattr(_np, _name):
D:\Project\AI Engineer\ePillID-benchmark-master\src\image_augmentators.py:7: FutureWarning: In the future `np.str` will be defined as the corresponding NumPy scalar.
  if not hasattr(_np, _name):
D:\Project\AI Engineer\ePillID-benchmark-master\src\image_augmentators.py:7: FutureWarning: In the future `np.bool` will be defined as the corresponding NumPy scalar.
  if not hasattr(_np, _name):
D:\Project\AI Engineer\ePillID-benchmark-master\src\image_augmentators.py:7: FutureWarning: In the future `np.object` will be defined as the corresponding NumPy scalar.
  if not hasattr(_np, _name):
D:\Project\AI Engineer\ePillID-benchmark-master\src\image_augmentators.py:7: FutureWarning: In the future `np.str` will be defined as the corresponding NumPy scalar.
  if not hasattr(_np, _name):
D:\Project\AI Engineer\ePillID-benchmark-master\src\image_augmentators.py:7: FutureWarning: In the future `np.bool` will be defined as the corresponding NumPy scalar.
  if not hasattr(_np, _name):
D:\Project\AI Engineer\ePillID-benchmark-master\src\image_augmentators.py:7: FutureWarning: In the future `np.object` will be defined as the corresponding NumPy scalar.
  if not hasattr(_np, _name):
D:\Project\AI Engineer\ePillID-benchmark-master\src\image_augmentators.py:7: FutureWarning: In the future `np.str` will be defined as the corresponding NumPy scalar.
  if not hasattr(_np, _name):
D:\Project\AI Engineer\ePillID-benchmark-master\src\image_augmentators.py:7: FutureWarning: In the future `np.bool` will be defined as the corresponding NumPy scalar.
  if not hasattr(_np, _name):
D:\Project\AI Engineer\ePillID-benchmark-master\src\image_augmentators.py:7: FutureWarning: In the future `np.object` will be defined as the corresponding NumPy scalar.
  if not hasattr(_np, _name):
D:\Project\AI Engineer\ePillID-benchmark-master\src\image_augmentators.py:7: FutureWarning: In the future `np.str` will be defined as the corresponding NumPy scalar.
  if not hasattr(_np, _name):
D:\Project\AI Engineer\ePillID-benchmark-master\src\image_augmentators.py:7: FutureWarning: In the future `np.bool` will be defined as the corresponding NumPy scalar.
  if not hasattr(_np, _name):
D:\Project\AI Engineer\ePillID-benchmark-master\src\image_augmentators.py:7: FutureWarning: In the future `np.object` will be defined as the corresponding NumPy scalar.
  if not hasattr(_np, _name):
D:\Project\AI Engineer\ePillID-benchmark-master\src\image_augmentators.py:7: FutureWarning: In the future `np.str` will be defined as the corresponding NumPy scalar.
  if not hasattr(_np, _name):
D:\Project\AI Engineer\ePillID-benchmark-master\src\image_augmentators.py:7: FutureWarning: In the future `np.bool` will be defined as the corresponding NumPy scalar.
  if not hasattr(_np, _name):
D:\Project\AI Engineer\ePillID-benchmark-master\src\image_augmentators.py:7: FutureWarning: In the future `np.object` will be defined as the corresponding NumPy scalar.
  if not hasattr(_np, _name):
D:\Project\AI Engineer\ePillID-benchmark-master\src\image_augmentators.py:7: FutureWarning: In the future `np.str` will be defined as the corresponding NumPy scalar.
  if not hasattr(_np, _name):
D:\Project\AI Engineer\ePillID-benchmark-master\src\image_augmentators.py:7: FutureWarning: In the future `np.bool` will be defined as the corresponding NumPy scalar.
  if not hasattr(_np, _name):
D:\Project\AI Engineer\ePillID-benchmark-master\src\image_augmentators.py:7: FutureWarning: In the future `np.object` will be defined as the corresponding NumPy scalar.
  if not hasattr(_np, _name):
D:\Project\AI Engineer\ePillID-benchmark-master\src\image_augmentators.py:7: FutureWarning: In the future `np.str` will be defined as the corresponding NumPy scalar.
  if not hasattr(_np, _name):
D:\Project\AI Engineer\ePillID-benchmark-master\src\image_augmentators.py:7: FutureWarning: In the future `np.bool` will be defined as the corresponding NumPy scalar.
  if not hasattr(_np, _name):
D:\Project\AI Engineer\ePillID-benchmark-master\src\image_augmentators.py:7: FutureWarning: In the future `np.object` will be defined as the corresponding NumPy scalar.
  if not hasattr(_np, _name):
D:\Project\AI Engineer\ePillID-benchmark-master\src\image_augmentators.py:7: FutureWarning: In the future `np.str` will be defined as the corresponding NumPy scalar.
  if not hasattr(_np, _name):
D:\Project\AI Engineer\ePillID-benchmark-master\src\image_augmentators.py:7: FutureWarning: In the future `np.bool` will be defined as the corresponding NumPy scalar.
  if not hasattr(_np, _name):
D:\Project\AI Engineer\ePillID-benchmark-master\src\image_augmentators.py:7: FutureWarning: In the future `np.object` will be defined as the corresponding NumPy scalar.
  if not hasattr(_np, _name):
D:\Project\AI Engineer\ePillID-benchmark-master\src\image_augmentators.py:7: FutureWarning: In the future `np.str` will be defined as the corresponding NumPy scalar.
  if not hasattr(_np, _name):
D:\Project\AI Engineer\ePillID-benchmark-master\src\image_augmentators.py:7: FutureWarning: In the future `np.bool` will be defined as the corresponding NumPy scalar.
  if not hasattr(_np, _name):
D:\Project\AI Engineer\ePillID-benchmark-master\src\image_augmentators.py:7: FutureWarning: In the future `np.object` will be defined as the corresponding NumPy scalar.
  if not hasattr(_np, _name):
D:\Project\AI Engineer\ePillID-benchmark-master\src\image_augmentators.py:7: FutureWarning: In the future `np.str` will be defined as the corresponding NumPy scalar.
  if not hasattr(_np, _name):
D:\Project\AI Engineer\ePillID-benchmark-master\src\image_augmentators.py:7: FutureWarning: In the future `np.bool` will be defined as the corresponding NumPy scalar.
  if not hasattr(_np, _name):
D:\Project\AI Engineer\ePillID-benchmark-master\src\image_augmentators.py:7: FutureWarning: In the future `np.object` will be defined as the corresponding NumPy scalar.
  if not hasattr(_np, _name):
D:\Project\AI Engineer\ePillID-benchmark-master\src\image_augmentators.py:7: FutureWarning: In the future `np.str` will be defined as the corresponding NumPy scalar.
  if not hasattr(_np, _name):
D:\Project\AI Engineer\ePillID-benchmark-master\src\image_augmentators.py:7: FutureWarning: In the future `np.bool` will be defined as the corresponding NumPy scalar.
  if not hasattr(_np, _name):
D:\Project\AI Engineer\ePillID-benchmark-master\src\image_augmentators.py:7: FutureWarning: In the future `np.object` will be defined as the corresponding NumPy scalar.
  if not hasattr(_np, _name):
D:\Project\AI Engineer\ePillID-benchmark-master\src\image_augmentators.py:7: FutureWarning: In the future `np.str` will be defined as the corresponding NumPy scalar.
  if not hasattr(_np, _name):
D:\Project\AI Engineer\ePillID-benchmark-master\src\image_augmentators.py:7: FutureWarning: In the future `np.bool` will be defined as the corresponding NumPy scalar.
  if not hasattr(_np, _name):
D:\Project\AI Engineer\ePillID-benchmark-master\src\image_augmentators.py:7: FutureWarning: In the future `np.object` will be defined as the corresponding NumPy scalar.
  if not hasattr(_np, _name):
D:\Project\AI Engineer\ePillID-benchmark-master\src\image_augmentators.py:7: FutureWarning: In the future `np.str` will be defined as the corresponding NumPy scalar.
  if not hasattr(_np, _name):
D:\Project\AI Engineer\ePillID-benchmark-master\src\image_augmentators.py:7: FutureWarning: In the future `np.bool` will be defined as the corresponding NumPy scalar.
  if not hasattr(_np, _name):
D:\Project\AI Engineer\ePillID-benchmark-master\src\image_augmentators.py:7: FutureWarning: In the future `np.object` will be defined as the corresponding NumPy scalar.
  if not hasattr(_np, _name):
D:\Project\AI Engineer\ePillID-benchmark-master\src\image_augmentators.py:7: FutureWarning: In the future `np.str` will be defined as the corresponding NumPy scalar.
  if not hasattr(_np, _name):
D:\Project\AI Engineer\ePillID-benchmark-master\src\image_augmentators.py:7: FutureWarning: In the future `np.bool` will be defined as the corresponding NumPy scalar.
  if not hasattr(_np, _name):
D:\Project\AI Engineer\ePillID-benchmark-master\src\image_augmentators.py:7: FutureWarning: In the future `np.object` will be defined as the corresponding NumPy scalar.
  if not hasattr(_np, _name):
D:\Project\AI Engineer\ePillID-benchmark-master\src\image_augmentators.py:7: FutureWarning: In the future `np.str` will be defined as the corresponding NumPy scalar.
  if not hasattr(_np, _name):
D:\Project\AI Engineer\ePillID-benchmark-master\src\image_augmentators.py:7: FutureWarning: In the future `np.bool` will be defined as the corresponding NumPy scalar.
  if not hasattr(_np, _name):
D:\Project\AI Engineer\ePillID-benchmark-master\src\image_augmentators.py:7: FutureWarning: In the future `np.object` will be defined as the corresponding NumPy scalar.
  if not hasattr(_np, _name):
D:\Project\AI Engineer\ePillID-benchmark-master\src\image_augmentators.py:7: FutureWarning: In the future `np.str` will be defined as the corresponding NumPy scalar.
  if not hasattr(_np, _name):
D:\Project\AI Engineer\ePillID-benchmark-master\src\image_augmentators.py:7: FutureWarning: In the future `np.bool` will be defined as the corresponding NumPy scalar.
  if not hasattr(_np, _name):
D:\Project\AI Engineer\ePillID-benchmark-master\src\image_augmentators.py:7: FutureWarning: In the future `np.object` will be defined as the corresponding NumPy scalar.
  if not hasattr(_np, _name):
D:\Project\AI Engineer\ePillID-benchmark-master\src\image_augmentators.py:7: FutureWarning: In the future `np.str` will be defined as the corresponding NumPy scalar.
  if not hasattr(_np, _name):
D:\Project\AI Engineer\ePillID-benchmark-master\src\image_augmentators.py:7: FutureWarning: In the future `np.bool` will be defined as the corresponding NumPy scalar.
  if not hasattr(_np, _name):
D:\Project\AI Engineer\ePillID-benchmark-master\src\image_augmentators.py:7: FutureWarning: In the future `np.object` will be defined as the corresponding NumPy scalar.
  if not hasattr(_np, _name):
D:\Project\AI Engineer\ePillID-benchmark-master\src\image_augmentators.py:7: FutureWarning: In the future `np.str` will be defined as the corresponding NumPy scalar.
  if not hasattr(_np, _name):
D:\Project\AI Engineer\ePillID-benchmark-master\src\image_augmentators.py:7: FutureWarning: In the future `np.bool` will be defined as the corresponding NumPy scalar.
  if not hasattr(_np, _name):
D:\Project\AI Engineer\ePillID-benchmark-master\src\image_augmentators.py:7: FutureWarning: In the future `np.object` will be defined as the corresponding NumPy scalar.
  if not hasattr(_np, _name):
D:\Project\AI Engineer\ePillID-benchmark-master\src\image_augmentators.py:7: FutureWarning: In the future `np.str` will be defined as the corresponding NumPy scalar.
  if not hasattr(_np, _name):
D:\Project\AI Engineer\ePillID-benchmark-master\src\image_augmentators.py:7: FutureWarning: In the future `np.bool` will be defined as the corresponding NumPy scalar.
  if not hasattr(_np, _name):
D:\Project\AI Engineer\ePillID-benchmark-master\src\image_augmentators.py:7: FutureWarning: In the future `np.object` will be defined as the corresponding NumPy scalar.
  if not hasattr(_np, _name):
D:\Project\AI Engineer\ePillID-benchmark-master\src\image_augmentators.py:7: FutureWarning: In the future `np.str` will be defined as the corresponding NumPy scalar.
  if not hasattr(_np, _name):
D:\Project\AI Engineer\ePillID-benchmark-master\src\image_augmentators.py:7: FutureWarning: In the future `np.bool` will be defined as the corresponding NumPy scalar.
  if not hasattr(_np, _name):
D:\Project\AI Engineer\ePillID-benchmark-master\src\image_augmentators.py:7: FutureWarning: In the future `np.object` will be defined as the corresponding NumPy scalar.
  if not hasattr(_np, _name):
D:\Project\AI Engineer\ePillID-benchmark-master\src\image_augmentators.py:7: FutureWarning: In the future `np.str` will be defined as the corresponding NumPy scalar.
  if not hasattr(_np, _name):
D:\Project\AI Engineer\ePillID-benchmark-master\src\image_augmentators.py:7: FutureWarning: In the future `np.bool` will be defined as the corresponding NumPy scalar.
  if not hasattr(_np, _name):
D:\Project\AI Engineer\ePillID-benchmark-master\src\image_augmentators.py:7: FutureWarning: In the future `np.object` will be defined as the corresponding NumPy scalar.
  if not hasattr(_np, _name):
D:\Project\AI Engineer\ePillID-benchmark-master\src\image_augmentators.py:7: FutureWarning: In the future `np.str` will be defined as the corresponding NumPy scalar.
  if not hasattr(_np, _name):
D:\Project\AI Engineer\ePillID-benchmark-master\src\image_augmentators.py:7: FutureWarning: In the future `np.bool` will be defined as the corresponding NumPy scalar.
  if not hasattr(_np, _name):
D:\Project\AI Engineer\ePillID-benchmark-master\src\image_augmentators.py:7: FutureWarning: In the future `np.object` will be defined as the corresponding NumPy scalar.
  if not hasattr(_np, _name):
D:\Project\AI Engineer\ePillID-benchmark-master\src\image_augmentators.py:7: FutureWarning: In the future `np.str` will be defined as the corresponding NumPy scalar.
  if not hasattr(_np, _name):
D:\Project\AI Engineer\ePillID-benchmark-master\src\image_augmentators.py:7: FutureWarning: In the future `np.bool` will be defined as the corresponding NumPy scalar.
  if not hasattr(_np, _name):
D:\Project\AI Engineer\ePillID-benchmark-master\src\image_augmentators.py:7: FutureWarning: In the future `np.object` will be defined as the corresponding NumPy scalar.
  if not hasattr(_np, _name):
D:\Project\AI Engineer\ePillID-benchmark-master\src\image_augmentators.py:7: FutureWarning: In the future `np.str` will be defined as the corresponding NumPy scalar.
  if not hasattr(_np, _name):
D:\Project\AI Engineer\ePillID-benchmark-master\src\image_augmentators.py:7: FutureWarning: In the future `np.bool` will be defined as the corresponding NumPy scalar.
  if not hasattr(_np, _name):
D:\Project\AI Engineer\ePillID-benchmark-master\src\image_augmentators.py:7: FutureWarning: In the future `np.object` will be defined as the corresponding NumPy scalar.
  if not hasattr(_np, _name):
D:\Project\AI Engineer\ePillID-benchmark-master\src\image_augmentators.py:7: FutureWarning: In the future `np.str` will be defined as the corresponding NumPy scalar.
  if not hasattr(_np, _name):
D:\Project\AI Engineer\ePillID-benchmark-master\src\image_augmentators.py:7: FutureWarning: In the future `np.bool` will be defined as the corresponding NumPy scalar.
  if not hasattr(_np, _name):
D:\Project\AI Engineer\ePillID-benchmark-master\src\image_augmentators.py:7: FutureWarning: In the future `np.object` will be defined as the corresponding NumPy scalar.
  if not hasattr(_np, _name):
D:\Project\AI Engineer\ePillID-benchmark-master\src\image_augmentators.py:7: FutureWarning: In the future `np.str` will be defined as the corresponding NumPy scalar.
  if not hasattr(_np, _name):
D:\Project\AI Engineer\ePillID-benchmark-master\src\image_augmentators.py:7: FutureWarning: In the future `np.bool` will be defined as the corresponding NumPy scalar.
  if not hasattr(_np, _name):
D:\Project\AI Engineer\ePillID-benchmark-master\src\image_augmentators.py:7: FutureWarning: In the future `np.object` will be defined as the corresponding NumPy scalar.
  if not hasattr(_np, _name):
D:\Project\AI Engineer\ePillID-benchmark-master\src\image_augmentators.py:7: FutureWarning: In the future `np.str` will be defined as the corresponding NumPy scalar.
  if not hasattr(_np, _name):
D:\Project\AI Engineer\ePillID-benchmark-master\src\image_augmentators.py:7: FutureWarning: In the future `np.bool` will be defined as the corresponding NumPy scalar.
  if not hasattr(_np, _name):
D:\Project\AI Engineer\ePillID-benchmark-master\src\image_augmentators.py:7: FutureWarning: In the future `np.object` will be defined as the corresponding NumPy scalar.
  if not hasattr(_np, _name):
D:\Project\AI Engineer\ePillID-benchmark-master\src\image_augmentators.py:7: FutureWarning: In the future `np.str` will be defined as the corresponding NumPy scalar.
  if not hasattr(_np, _name):
D:\Project\AI Engineer\ePillID-benchmark-master\src\image_augmentators.py:7: FutureWarning: In the future `np.bool` will be defined as the corresponding NumPy scalar.
  if not hasattr(_np, _name):
D:\Project\AI Engineer\ePillID-benchmark-master\src\image_augmentators.py:7: FutureWarning: In the future `np.object` will be defined as the corresponding NumPy scalar.
  if not hasattr(_np, _name):
D:\Project\AI Engineer\ePillID-benchmark-master\src\image_augmentators.py:7: FutureWarning: In the future `np.str` will be defined as the corresponding NumPy scalar.
  if not hasattr(_np, _name):
D:\Project\AI Engineer\ePillID-benchmark-master\src\image_augmentators.py:7: FutureWarning: In the future `np.bool` will be defined as the corresponding NumPy scalar.
  if not hasattr(_np, _name):
D:\Project\AI Engineer\ePillID-benchmark-master\src\image_augmentators.py:7: FutureWarning: In the future `np.object` will be defined as the corresponding NumPy scalar.
  if not hasattr(_np, _name):
D:\Project\AI Engineer\ePillID-benchmark-master\src\image_augmentators.py:7: FutureWarning: In the future `np.str` will be defined as the corresponding NumPy scalar.
  if not hasattr(_np, _name):
D:\Project\AI Engineer\ePillID-benchmark-master\src\image_augmentators.py:7: FutureWarning: In the future `np.bool` will be defined as the corresponding NumPy scalar.
  if not hasattr(_np, _name):
D:\Project\AI Engineer\ePillID-benchmark-master\src\image_augmentators.py:7: FutureWarning: In the future `np.object` will be defined as the corresponding NumPy scalar.
  if not hasattr(_np, _name):
D:\Project\AI Engineer\ePillID-benchmark-master\src\image_augmentators.py:7: FutureWarning: In the future `np.str` will be defined as the corresponding NumPy scalar.
  if not hasattr(_np, _name):
D:\Project\AI Engineer\ePillID-benchmark-master\src\image_augmentators.py:7: FutureWarning: In the future `np.bool` will be defined as the corresponding NumPy scalar.
  if not hasattr(_np, _name):
D:\Project\AI Engineer\ePillID-benchmark-master\src\image_augmentators.py:7: FutureWarning: In the future `np.object` will be defined as the corresponding NumPy scalar.
  if not hasattr(_np, _name):
D:\Project\AI Engineer\ePillID-benchmark-master\src\image_augmentators.py:7: FutureWarning: In the future `np.str` will be defined as the corresponding NumPy scalar.
  if not hasattr(_np, _name):
D:\Project\AI Engineer\ePillID-benchmark-master\src\image_augmentators.py:7: FutureWarning: In the future `np.bool` will be defined as the corresponding NumPy scalar.
  if not hasattr(_np, _name):
D:\Project\AI Engineer\ePillID-benchmark-master\src\image_augmentators.py:7: FutureWarning: In the future `np.object` will be defined as the corresponding NumPy scalar.
  if not hasattr(_np, _name):
D:\Project\AI Engineer\ePillID-benchmark-master\src\image_augmentators.py:7: FutureWarning: In the future `np.str` will be defined as the corresponding NumPy scalar.
  if not hasattr(_np, _name):
D:\Project\AI Engineer\ePillID-benchmark-master\src\image_augmentators.py:7: FutureWarning: In the future `np.bool` will be defined as the corresponding NumPy scalar.
  if not hasattr(_np, _name):
D:\Project\AI Engineer\ePillID-benchmark-master\src\image_augmentators.py:7: FutureWarning: In the future `np.object` will be defined as the corresponding NumPy scalar.
  if not hasattr(_np, _name):
D:\Project\AI Engineer\ePillID-benchmark-master\src\image_augmentators.py:7: FutureWarning: In the future `np.str` will be defined as the corresponding NumPy scalar.
  if not hasattr(_np, _name):
D:\Project\AI Engineer\ePillID-benchmark-master\src\image_augmentators.py:7: FutureWarning: In the future `np.bool` will be defined as the corresponding NumPy scalar.
  if not hasattr(_np, _name):
D:\Project\AI Engineer\ePillID-benchmark-master\src\image_augmentators.py:7: FutureWarning: In the future `np.object` will be defined as the corresponding NumPy scalar.
  if not hasattr(_np, _name):
D:\Project\AI Engineer\ePillID-benchmark-master\src\image_augmentators.py:7: FutureWarning: In the future `np.str` will be defined as the corresponding NumPy scalar.
  if not hasattr(_np, _name):
D:\Project\AI Engineer\ePillID-benchmark-master\src\image_augmentators.py:7: FutureWarning: In the future `np.bool` will be defined as the corresponding NumPy scalar.
  if not hasattr(_np, _name):
D:\Project\AI Engineer\ePillID-benchmark-master\src\image_augmentators.py:7: FutureWarning: In the future `np.object` will be defined as the corresponding NumPy scalar.
  if not hasattr(_np, _name):
D:\Project\AI Engineer\ePillID-benchmark-master\src\image_augmentators.py:7: FutureWarning: In the future `np.str` will be defined as the corresponding NumPy scalar.
  if not hasattr(_np, _name):
D:\Project\AI Engineer\ePillID-benchmark-master\src\image_augmentators.py:7: FutureWarning: In the future `np.bool` will be defined as the corresponding NumPy scalar.
  if not hasattr(_np, _name):
D:\Project\AI Engineer\ePillID-benchmark-master\src\image_augmentators.py:7: FutureWarning: In the future `np.object` will be defined as the corresponding NumPy scalar.
  if not hasattr(_np, _name):
D:\Project\AI Engineer\ePillID-benchmark-master\src\image_augmentators.py:7: FutureWarning: In the future `np.str` will be defined as the corresponding NumPy scalar.
  if not hasattr(_np, _name):
D:\Project\AI Engineer\ePillID-benchmark-master\src\image_augmentators.py:7: FutureWarning: In the future `np.bool` will be defined as the corresponding NumPy scalar.
  if not hasattr(_np, _name):
D:\Project\AI Engineer\ePillID-benchmark-master\src\image_augmentators.py:7: FutureWarning: In the future `np.object` will be defined as the corresponding NumPy scalar.
  if not hasattr(_np, _name):
D:\Project\AI Engineer\ePillID-benchmark-master\src\image_augmentators.py:7: FutureWarning: In the future `np.str` will be defined as the corresponding NumPy scalar.
  if not hasattr(_np, _name):
D:\Project\AI Engineer\ePillID-benchmark-master\src\image_augmentators.py:7: FutureWarning: In the future `np.bool` will be defined as the corresponding NumPy scalar.
  if not hasattr(_np, _name):
D:\Project\AI Engineer\ePillID-benchmark-master\src\image_augmentators.py:7: FutureWarning: In the future `np.object` will be defined as the corresponding NumPy scalar.
  if not hasattr(_np, _name):
D:\Project\AI Engineer\ePillID-benchmark-master\src\image_augmentators.py:7: FutureWarning: In the future `np.str` will be defined as the corresponding NumPy scalar.
  if not hasattr(_np, _name):
D:\Project\AI Engineer\ePillID-benchmark-master\src\image_augmentators.py:7: FutureWarning: In the future `np.bool` will be defined as the corresponding NumPy scalar.
  if not hasattr(_np, _name):
D:\Project\AI Engineer\ePillID-benchmark-master\src\image_augmentators.py:7: FutureWarning: In the future `np.object` will be defined as the corresponding NumPy scalar.
  if not hasattr(_np, _name):
D:\Project\AI Engineer\ePillID-benchmark-master\src\image_augmentators.py:7: FutureWarning: In the future `np.str` will be defined as the corresponding NumPy scalar.
  if not hasattr(_np, _name):
D:\Project\AI Engineer\ePillID-benchmark-master\src\image_augmentators.py:7: FutureWarning: In the future `np.bool` will be defined as the corresponding NumPy scalar.
  if not hasattr(_np, _name):
D:\Project\AI Engineer\ePillID-benchmark-master\src\image_augmentators.py:7: FutureWarning: In the future `np.object` will be defined as the corresponding NumPy scalar.
  if not hasattr(_np, _name):
D:\Project\AI Engineer\ePillID-benchmark-master\src\image_augmentators.py:7: FutureWarning: In the future `np.str` will be defined as the corresponding NumPy scalar.
  if not hasattr(_np, _name):
D:\Project\AI Engineer\ePillID-benchmark-master\src\image_augmentators.py:7: FutureWarning: In the future `np.bool` will be defined as the corresponding NumPy scalar.
  if not hasattr(_np, _name):
D:\Project\AI Engineer\ePillID-benchmark-master\src\image_augmentators.py:7: FutureWarning: In the future `np.object` will be defined as the corresponding NumPy scalar.
  if not hasattr(_np, _name):
D:\Project\AI Engineer\ePillID-benchmark-master\src\image_augmentators.py:7: FutureWarning: In the future `np.str` will be defined as the corresponding NumPy scalar.
  if not hasattr(_np, _name):
D:\Project\AI Engineer\ePillID-benchmark-master\src\image_augmentators.py:7: FutureWarning: In the future `np.bool` will be defined as the corresponding NumPy scalar.
  if not hasattr(_np, _name):
D:\Project\AI Engineer\ePillID-benchmark-master\src\image_augmentators.py:7: FutureWarning: In the future `np.object` will be defined as the corresponding NumPy scalar.
  if not hasattr(_np, _name):
D:\Project\AI Engineer\ePillID-benchmark-master\src\image_augmentators.py:7: FutureWarning: In the future `np.str` will be defined as the corresponding NumPy scalar.
  if not hasattr(_np, _name):
D:\Project\AI Engineer\ePillID-benchmark-master\src\image_augmentators.py:7: FutureWarning: In the future `np.bool` will be defined as the corresponding NumPy scalar.
  if not hasattr(_np, _name):
D:\Project\AI Engineer\ePillID-benchmark-master\src\image_augmentators.py:7: FutureWarning: In the future `np.object` will be defined as the corresponding NumPy scalar.
  if not hasattr(_np, _name):
D:\Project\AI Engineer\ePillID-benchmark-master\src\image_augmentators.py:7: FutureWarning: In the future `np.str` will be defined as the corresponding NumPy scalar.
  if not hasattr(_np, _name):
D:\Project\AI Engineer\ePillID-benchmark-master\src\image_augmentators.py:7: FutureWarning: In the future `np.bool` will be defined as the corresponding NumPy scalar.
  if not hasattr(_np, _name):
D:\Project\AI Engineer\ePillID-benchmark-master\src\image_augmentators.py:7: FutureWarning: In the future `np.object` will be defined as the corresponding NumPy scalar.
  if not hasattr(_np, _name):
D:\Project\AI Engineer\ePillID-benchmark-master\src\image_augmentators.py:7: FutureWarning: In the future `np.str` will be defined as the corresponding NumPy scalar.
  if not hasattr(_np, _name):
D:\Project\AI Engineer\ePillID-benchmark-master\src\image_augmentators.py:7: FutureWarning: In the future `np.bool` will be defined as the corresponding NumPy scalar.
  if not hasattr(_np, _name):
D:\Project\AI Engineer\ePillID-benchmark-master\src\image_augmentators.py:7: FutureWarning: In the future `np.object` will be defined as the corresponding NumPy scalar.
  if not hasattr(_np, _name):
D:\Project\AI Engineer\ePillID-benchmark-master\src\image_augmentators.py:7: FutureWarning: In the future `np.str` will be defined as the corresponding NumPy scalar.
  if not hasattr(_np, _name):
D:\Project\AI Engineer\ePillID-benchmark-master\src\image_augmentators.py:7: FutureWarning: In the future `np.bool` will be defined as the corresponding NumPy scalar.
  if not hasattr(_np, _name):
D:\Project\AI Engineer\ePillID-benchmark-master\src\image_augmentators.py:7: FutureWarning: In the future `np.object` will be defined as the corresponding NumPy scalar.
  if not hasattr(_np, _name):
D:\Project\AI Engineer\ePillID-benchmark-master\src\image_augmentators.py:7: FutureWarning: In the future `np.str` will be defined as the corresponding NumPy scalar.
  if not hasattr(_np, _name):
D:\Project\AI Engineer\ePillID-benchmark-master\src\image_augmentators.py:7: FutureWarning: In the future `np.bool` will be defined as the corresponding NumPy scalar.
  if not hasattr(_np, _name):
D:\Project\AI Engineer\ePillID-benchmark-master\src\image_augmentators.py:7: FutureWarning: In the future `np.object` will be defined as the corresponding NumPy scalar.
  if not hasattr(_np, _name):
D:\Project\AI Engineer\ePillID-benchmark-master\src\image_augmentators.py:7: FutureWarning: In the future `np.str` will be defined as the corresponding NumPy scalar.
  if not hasattr(_np, _name):
D:\Project\AI Engineer\ePillID-benchmark-master\src\image_augmentators.py:7: FutureWarning: In the future `np.bool` will be defined as the corresponding NumPy scalar.
  if not hasattr(_np, _name):
D:\Project\AI Engineer\ePillID-benchmark-master\src\image_augmentators.py:7: FutureWarning: In the future `np.object` will be defined as the corresponding NumPy scalar.
  if not hasattr(_np, _name):
D:\Project\AI Engineer\ePillID-benchmark-master\src\image_augmentators.py:7: FutureWarning: In the future `np.str` will be defined as the corresponding NumPy scalar.
  if not hasattr(_np, _name):
D:\Project\AI Engineer\ePillID-benchmark-master\src\image_augmentators.py:7: FutureWarning: In the future `np.bool` will be defined as the corresponding NumPy scalar.
  if not hasattr(_np, _name):
D:\Project\AI Engineer\ePillID-benchmark-master\src\image_augmentators.py:7: FutureWarning: In the future `np.object` will be defined as the corresponding NumPy scalar.
  if not hasattr(_np, _name):
D:\Project\AI Engineer\ePillID-benchmark-master\src\image_augmentators.py:7: FutureWarning: In the future `np.str` will be defined as the corresponding NumPy scalar.
  if not hasattr(_np, _name):
D:\Project\AI Engineer\ePillID-benchmark-master\src\image_augmentators.py:7: FutureWarning: In the future `np.bool` will be defined as the corresponding NumPy scalar.
  if not hasattr(_np, _name):
D:\Project\AI Engineer\ePillID-benchmark-master\src\image_augmentators.py:7: FutureWarning: In the future `np.object` will be defined as the corresponding NumPy scalar.
  if not hasattr(_np, _name):
D:\Project\AI Engineer\ePillID-benchmark-master\src\image_augmentators.py:7: FutureWarning: In the future `np.str` will be defined as the corresponding NumPy scalar.
  if not hasattr(_np, _name):
D:\Project\AI Engineer\ePillID-benchmark-master\src\image_augmentators.py:7: FutureWarning: In the future `np.bool` will be defined as the corresponding NumPy scalar.
  if not hasattr(_np, _name):
D:\Project\AI Engineer\ePillID-benchmark-master\src\image_augmentators.py:7: FutureWarning: In the future `np.object` will be defined as the corresponding NumPy scalar.
  if not hasattr(_np, _name):
D:\Project\AI Engineer\ePillID-benchmark-master\src\image_augmentators.py:7: FutureWarning: In the future `np.str` will be defined as the corresponding NumPy scalar.
  if not hasattr(_np, _name):
D:\Project\AI Engineer\ePillID-benchmark-master\src\image_augmentators.py:7: FutureWarning: In the future `np.bool` will be defined as the corresponding NumPy scalar.
  if not hasattr(_np, _name):
D:\Project\AI Engineer\ePillID-benchmark-master\src\image_augmentators.py:7: FutureWarning: In the future `np.object` will be defined as the corresponding NumPy scalar.
  if not hasattr(_np, _name):
D:\Project\AI Engineer\ePillID-benchmark-master\src\image_augmentators.py:7: FutureWarning: In the future `np.str` will be defined as the corresponding NumPy scalar.
  if not hasattr(_np, _name):
D:\Project\AI Engineer\ePillID-benchmark-master\src\image_augmentators.py:7: FutureWarning: In the future `np.bool` will be defined as the corresponding NumPy scalar.
  if not hasattr(_np, _name):
D:\Project\AI Engineer\ePillID-benchmark-master\src\image_augmentators.py:7: FutureWarning: In the future `np.object` will be defined as the corresponding NumPy scalar.
  if not hasattr(_np, _name):
D:\Project\AI Engineer\ePillID-benchmark-master\src\image_augmentators.py:7: FutureWarning: In the future `np.str` will be defined as the corresponding NumPy scalar.
  if not hasattr(_np, _name):
D:\Project\AI Engineer\ePillID-benchmark-master\src\image_augmentators.py:7: FutureWarning: In the future `np.bool` will be defined as the corresponding NumPy scalar.
  if not hasattr(_np, _name):
D:\Project\AI Engineer\ePillID-benchmark-master\src\image_augmentators.py:7: FutureWarning: In the future `np.object` will be defined as the corresponding NumPy scalar.
  if not hasattr(_np, _name):
D:\Project\AI Engineer\ePillID-benchmark-master\src\image_augmentators.py:7: FutureWarning: In the future `np.str` will be defined as the corresponding NumPy scalar.
  if not hasattr(_np, _name):
D:\Project\AI Engineer\ePillID-benchmark-master\src\image_augmentators.py:7: FutureWarning: In the future `np.bool` will be defined as the corresponding NumPy scalar.
  if not hasattr(_np, _name):
D:\Project\AI Engineer\ePillID-benchmark-master\src\image_augmentators.py:7: FutureWarning: In the future `np.object` will be defined as the corresponding NumPy scalar.
  if not hasattr(_np, _name):
D:\Project\AI Engineer\ePillID-benchmark-master\src\image_augmentators.py:7: FutureWarning: In the future `np.str` will be defined as the corresponding NumPy scalar.
  if not hasattr(_np, _name):
D:\Project\AI Engineer\ePillID-benchmark-master\src\image_augmentators.py:7: FutureWarning: In the future `np.bool` will be defined as the corresponding NumPy scalar.
  if not hasattr(_np, _name):
D:\Project\AI Engineer\ePillID-benchmark-master\src\image_augmentators.py:7: FutureWarning: In the future `np.object` will be defined as the corresponding NumPy scalar.
  if not hasattr(_np, _name):
D:\Project\AI Engineer\ePillID-benchmark-master\src\image_augmentators.py:7: FutureWarning: In the future `np.str` will be defined as the corresponding NumPy scalar.
  if not hasattr(_np, _name):
D:\Project\AI Engineer\ePillID-benchmark-master\src\image_augmentators.py:7: FutureWarning: In the future `np.bool` will be defined as the corresponding NumPy scalar.
  if not hasattr(_np, _name):
D:\Project\AI Engineer\ePillID-benchmark-master\src\image_augmentators.py:7: FutureWarning: In the future `np.object` will be defined as the corresponding NumPy scalar.
  if not hasattr(_np, _name):
D:\Project\AI Engineer\ePillID-benchmark-master\src\image_augmentators.py:7: FutureWarning: In the future `np.str` will be defined as the corresponding NumPy scalar.
  if not hasattr(_np, _name):
D:\Project\AI Engineer\ePillID-benchmark-master\src\image_augmentators.py:7: FutureWarning: In the future `np.bool` will be defined as the corresponding NumPy scalar.
  if not hasattr(_np, _name):
D:\Project\AI Engineer\ePillID-benchmark-master\src\image_augmentators.py:7: FutureWarning: In the future `np.object` will be defined as the corresponding NumPy scalar.
  if not hasattr(_np, _name):
D:\Project\AI Engineer\ePillID-benchmark-master\src\image_augmentators.py:7: FutureWarning: In the future `np.str` will be defined as the corresponding NumPy scalar.
  if not hasattr(_np, _name):
D:\Project\AI Engineer\ePillID-benchmark-master\src\image_augmentators.py:7: FutureWarning: In the future `np.bool` will be defined as the corresponding NumPy scalar.
  if not hasattr(_np, _name):
D:\Project\AI Engineer\ePillID-benchmark-master\src\image_augmentators.py:7: FutureWarning: In the future `np.object` will be defined as the corresponding NumPy scalar.
  if not hasattr(_np, _name):
D:\Project\AI Engineer\ePillID-benchmark-master\src\image_augmentators.py:7: FutureWarning: In the future `np.str` will be defined as the corresponding NumPy scalar.
  if not hasattr(_np, _name):
D:\Project\AI Engineer\ePillID-benchmark-master\src\image_augmentators.py:7: FutureWarning: In the future `np.bool` will be defined as the corresponding NumPy scalar.
  if not hasattr(_np, _name):
D:\Project\AI Engineer\ePillID-benchmark-master\src\image_augmentators.py:7: FutureWarning: In the future `np.object` will be defined as the corresponding NumPy scalar.
  if not hasattr(_np, _name):
D:\Project\AI Engineer\ePillID-benchmark-master\src\image_augmentators.py:7: FutureWarning: In the future `np.str` will be defined as the corresponding NumPy scalar.
  if not hasattr(_np, _name):
D:\Project\AI Engineer\ePillID-benchmark-master\src\image_augmentators.py:7: FutureWarning: In the future `np.bool` will be defined as the corresponding NumPy scalar.
  if not hasattr(_np, _name):
D:\Project\AI Engineer\ePillID-benchmark-master\src\image_augmentators.py:7: FutureWarning: In the future `np.object` will be defined as the corresponding NumPy scalar.
  if not hasattr(_np, _name):
D:\Project\AI Engineer\ePillID-benchmark-master\src\image_augmentators.py:7: FutureWarning: In the future `np.str` will be defined as the corresponding NumPy scalar.
  if not hasattr(_np, _name):
D:\Project\AI Engineer\ePillID-benchmark-master\src\image_augmentators.py:7: FutureWarning: In the future `np.bool` will be defined as the corresponding NumPy scalar.
  if not hasattr(_np, _name):
D:\Project\AI Engineer\ePillID-benchmark-master\src\image_augmentators.py:7: FutureWarning: In the future `np.object` will be defined as the corresponding NumPy scalar.
  if not hasattr(_np, _name):
D:\Project\AI Engineer\ePillID-benchmark-master\src\image_augmentators.py:7: FutureWarning: In the future `np.str` will be defined as the corresponding NumPy scalar.
  if not hasattr(_np, _name):
D:\Project\AI Engineer\ePillID-benchmark-master\src\image_augmentators.py:7: FutureWarning: In the future `np.bool` will be defined as the corresponding NumPy scalar.
  if not hasattr(_np, _name):
D:\Project\AI Engineer\ePillID-benchmark-master\src\image_augmentators.py:7: FutureWarning: In the future `np.object` will be defined as the corresponding NumPy scalar.
  if not hasattr(_np, _name):
D:\Project\AI Engineer\ePillID-benchmark-master\src\image_augmentators.py:7: FutureWarning: In the future `np.str` will be defined as the corresponding NumPy scalar.
  if not hasattr(_np, _name):
D:\Project\AI Engineer\ePillID-benchmark-master\src\image_augmentators.py:7: FutureWarning: In the future `np.bool` will be defined as the corresponding NumPy scalar.
  if not hasattr(_np, _name):
D:\Project\AI Engineer\ePillID-benchmark-master\src\image_augmentators.py:7: FutureWarning: In the future `np.object` will be defined as the corresponding NumPy scalar.
  if not hasattr(_np, _name):
D:\Project\AI Engineer\ePillID-benchmark-master\src\image_augmentators.py:7: FutureWarning: In the future `np.str` will be defined as the corresponding NumPy scalar.
  if not hasattr(_np, _name):
D:\Project\AI Engineer\ePillID-benchmark-master\src\image_augmentators.py:7: FutureWarning: In the future `np.bool` will be defined as the corresponding NumPy scalar.
  if not hasattr(_np, _name):
D:\Project\AI Engineer\ePillID-benchmark-master\src\image_augmentators.py:7: FutureWarning: In the future `np.object` will be defined as the corresponding NumPy scalar.
  if not hasattr(_np, _name):
D:\Project\AI Engineer\ePillID-benchmark-master\src\image_augmentators.py:7: FutureWarning: In the future `np.str` will be defined as the corresponding NumPy scalar.
  if not hasattr(_np, _name):
D:\Project\AI Engineer\ePillID-benchmark-master\src\image_augmentators.py:7: FutureWarning: In the future `np.bool` will be defined as the corresponding NumPy scalar.
  if not hasattr(_np, _name):
D:\Project\AI Engineer\ePillID-benchmark-master\src\image_augmentators.py:7: FutureWarning: In the future `np.object` will be defined as the corresponding NumPy scalar.
  if not hasattr(_np, _name):
D:\Project\AI Engineer\ePillID-benchmark-master\src\image_augmentators.py:7: FutureWarning: In the future `np.str` will be defined as the corresponding NumPy scalar.
  if not hasattr(_np, _name):
D:\Project\AI Engineer\ePillID-benchmark-master\src\image_augmentators.py:7: FutureWarning: In the future `np.bool` will be defined as the corresponding NumPy scalar.
  if not hasattr(_np, _name):
D:\Project\AI Engineer\ePillID-benchmark-master\src\image_augmentators.py:7: FutureWarning: In the future `np.object` will be defined as the corresponding NumPy scalar.
  if not hasattr(_np, _name):
D:\Project\AI Engineer\ePillID-benchmark-master\src\image_augmentators.py:7: FutureWarning: In the future `np.str` will be defined as the corresponding NumPy scalar.
  if not hasattr(_np, _name):
D:\Project\AI Engineer\ePillID-benchmark-master\src\image_augmentators.py:7: FutureWarning: In the future `np.bool` will be defined as the corresponding NumPy scalar.
  if not hasattr(_np, _name):
D:\Project\AI Engineer\ePillID-benchmark-master\src\image_augmentators.py:7: FutureWarning: In the future `np.object` will be defined as the corresponding NumPy scalar.
  if not hasattr(_np, _name):
D:\Project\AI Engineer\ePillID-benchmark-master\src\image_augmentators.py:7: FutureWarning: In the future `np.str` will be defined as the corresponding NumPy scalar.
  if not hasattr(_np, _name):
D:\Project\AI Engineer\ePillID-benchmark-master\src\image_augmentators.py:7: FutureWarning: In the future `np.bool` will be defined as the corresponding NumPy scalar.
  if not hasattr(_np, _name):
D:\Project\AI Engineer\ePillID-benchmark-master\src\image_augmentators.py:7: FutureWarning: In the future `np.object` will be defined as the corresponding NumPy scalar.
  if not hasattr(_np, _name):
D:\Project\AI Engineer\ePillID-benchmark-master\src\image_augmentators.py:7: FutureWarning: In the future `np.str` will be defined as the corresponding NumPy scalar.
  if not hasattr(_np, _name):
D:\Project\AI Engineer\ePillID-benchmark-master\src\image_augmentators.py:7: FutureWarning: In the future `np.bool` will be defined as the corresponding NumPy scalar.
  if not hasattr(_np, _name):
D:\Project\AI Engineer\ePillID-benchmark-master\src\image_augmentators.py:7: FutureWarning: In the future `np.object` will be defined as the corresponding NumPy scalar.
  if not hasattr(_np, _name):
D:\Project\AI Engineer\ePillID-benchmark-master\src\image_augmentators.py:7: FutureWarning: In the future `np.str` will be defined as the corresponding NumPy scalar.
  if not hasattr(_np, _name):
D:\Project\AI Engineer\ePillID-benchmark-master\src\image_augmentators.py:7: FutureWarning: In the future `np.bool` will be defined as the corresponding NumPy scalar.
  if not hasattr(_np, _name):
D:\Project\AI Engineer\ePillID-benchmark-master\src\image_augmentators.py:7: FutureWarning: In the future `np.object` will be defined as the corresponding NumPy scalar.
  if not hasattr(_np, _name):
D:\Project\AI Engineer\ePillID-benchmark-master\src\image_augmentators.py:7: FutureWarning: In the future `np.str` will be defined as the corresponding NumPy scalar.
  if not hasattr(_np, _name):
D:\Project\AI Engineer\ePillID-benchmark-master\src\image_augmentators.py:7: FutureWarning: In the future `np.bool` will be defined as the corresponding NumPy scalar.
  if not hasattr(_np, _name):
D:\Project\AI Engineer\ePillID-benchmark-master\src\image_augmentators.py:7: FutureWarning: In the future `np.object` will be defined as the corresponding NumPy scalar.
  if not hasattr(_np, _name):
D:\Project\AI Engineer\ePillID-benchmark-master\src\image_augmentators.py:7: FutureWarning: In the future `np.str` will be defined as the corresponding NumPy scalar.
  if not hasattr(_np, _name):
D:\Project\AI Engineer\ePillID-benchmark-master\src\image_augmentators.py:7: FutureWarning: In the future `np.bool` will be defined as the corresponding NumPy scalar.
  if not hasattr(_np, _name):
D:\Project\AI Engineer\ePillID-benchmark-master\src\image_augmentators.py:7: FutureWarning: In the future `np.object` will be defined as the corresponding NumPy scalar.
  if not hasattr(_np, _name):
D:\Project\AI Engineer\ePillID-benchmark-master\src\image_augmentators.py:7: FutureWarning: In the future `np.str` will be defined as the corresponding NumPy scalar.
  if not hasattr(_np, _name):
D:\Project\AI Engineer\ePillID-benchmark-master\src\image_augmentators.py:7: FutureWarning: In the future `np.bool` will be defined as the corresponding NumPy scalar.
  if not hasattr(_np, _name):
D:\Project\AI Engineer\ePillID-benchmark-master\src\image_augmentators.py:7: FutureWarning: In the future `np.object` will be defined as the corresponding NumPy scalar.
  if not hasattr(_np, _name):
D:\Project\AI Engineer\ePillID-benchmark-master\src\image_augmentators.py:7: FutureWarning: In the future `np.str` will be defined as the corresponding NumPy scalar.
  if not hasattr(_np, _name):
D:\Project\AI Engineer\ePillID-benchmark-master\src\image_augmentators.py:7: FutureWarning: In the future `np.bool` will be defined as the corresponding NumPy scalar.
  if not hasattr(_np, _name):
D:\Project\AI Engineer\ePillID-benchmark-master\src\image_augmentators.py:7: FutureWarning: In the future `np.object` will be defined as the corresponding NumPy scalar.
  if not hasattr(_np, _name):
D:\Project\AI Engineer\ePillID-benchmark-master\src\image_augmentators.py:7: FutureWarning: In the future `np.str` will be defined as the corresponding NumPy scalar.
  if not hasattr(_np, _name):
D:\Project\AI Engineer\ePillID-benchmark-master\src\image_augmentators.py:7: FutureWarning: In the future `np.bool` will be defined as the corresponding NumPy scalar.
  if not hasattr(_np, _name):
D:\Project\AI Engineer\ePillID-benchmark-master\src\image_augmentators.py:7: FutureWarning: In the future `np.object` will be defined as the corresponding NumPy scalar.
  if not hasattr(_np, _name):
D:\Project\AI Engineer\ePillID-benchmark-master\src\image_augmentators.py:7: FutureWarning: In the future `np.str` will be defined as the corresponding NumPy scalar.
  if not hasattr(_np, _name):
D:\Project\AI Engineer\ePillID-benchmark-master\src\image_augmentators.py:7: FutureWarning: In the future `np.bool` will be defined as the corresponding NumPy scalar.
  if not hasattr(_np, _name):
D:\Project\AI Engineer\ePillID-benchmark-master\src\image_augmentators.py:7: FutureWarning: In the future `np.object` will be defined as the corresponding NumPy scalar.
  if not hasattr(_np, _name):
D:\Project\AI Engineer\ePillID-benchmark-master\src\image_augmentators.py:7: FutureWarning: In the future `np.str` will be defined as the corresponding NumPy scalar.
  if not hasattr(_np, _name):
D:\Project\AI Engineer\ePillID-benchmark-master\src\image_augmentators.py:7: FutureWarning: In the future `np.bool` will be defined as the corresponding NumPy scalar.
  if not hasattr(_np, _name):
D:\Project\AI Engineer\ePillID-benchmark-master\src\image_augmentators.py:7: FutureWarning: In the future `np.object` will be defined as the corresponding NumPy scalar.
  if not hasattr(_np, _name):
D:\Project\AI Engineer\ePillID-benchmark-master\src\image_augmentators.py:7: FutureWarning: In the future `np.str` will be defined as the corresponding NumPy scalar.
  if not hasattr(_np, _name):
D:\Project\AI Engineer\ePillID-benchmark-master\src\image_augmentators.py:7: FutureWarning: In the future `np.bool` will be defined as the corresponding NumPy scalar.
  if not hasattr(_np, _name):
D:\Project\AI Engineer\ePillID-benchmark-master\src\image_augmentators.py:7: FutureWarning: In the future `np.object` will be defined as the corresponding NumPy scalar.
  if not hasattr(_np, _name):
D:\Project\AI Engineer\ePillID-benchmark-master\src\image_augmentators.py:7: FutureWarning: In the future `np.str` will be defined as the corresponding NumPy scalar.
  if not hasattr(_np, _name):
D:\Project\AI Engineer\ePillID-benchmark-master\src\image_augmentators.py:7: FutureWarning: In the future `np.bool` will be defined as the corresponding NumPy scalar.
  if not hasattr(_np, _name):
D:\Project\AI Engineer\ePillID-benchmark-master\src\image_augmentators.py:7: FutureWarning: In the future `np.object` will be defined as the corresponding NumPy scalar.
  if not hasattr(_np, _name):
D:\Project\AI Engineer\ePillID-benchmark-master\src\image_augmentators.py:7: FutureWarning: In the future `np.str` will be defined as the corresponding NumPy scalar.
  if not hasattr(_np, _name):
D:\Project\AI Engineer\ePillID-benchmark-master\src\image_augmentators.py:7: FutureWarning: In the future `np.bool` will be defined as the corresponding NumPy scalar.
  if not hasattr(_np, _name):
D:\Project\AI Engineer\ePillID-benchmark-master\src\image_augmentators.py:7: FutureWarning: In the future `np.object` will be defined as the corresponding NumPy scalar.
  if not hasattr(_np, _name):
D:\Project\AI Engineer\ePillID-benchmark-master\src\image_augmentators.py:7: FutureWarning: In the future `np.str` will be defined as the corresponding NumPy scalar.
  if not hasattr(_np, _name):
D:\Project\AI Engineer\ePillID-benchmark-master\src\image_augmentators.py:7: FutureWarning: In the future `np.bool` will be defined as the corresponding NumPy scalar.
  if not hasattr(_np, _name):
D:\Project\AI Engineer\ePillID-benchmark-master\src\image_augmentators.py:7: FutureWarning: In the future `np.object` will be defined as the corresponding NumPy scalar.
  if not hasattr(_np, _name):
D:\Project\AI Engineer\ePillID-benchmark-master\src\image_augmentators.py:7: FutureWarning: In the future `np.str` will be defined as the corresponding NumPy scalar.
  if not hasattr(_np, _name):
D:\Project\AI Engineer\ePillID-benchmark-master\src\image_augmentators.py:7: FutureWarning: In the future `np.bool` will be defined as the corresponding NumPy scalar.
  if not hasattr(_np, _name):
D:\Project\AI Engineer\ePillID-benchmark-master\src\image_augmentators.py:7: FutureWarning: In the future `np.object` will be defined as the corresponding NumPy scalar.
  if not hasattr(_np, _name):
D:\Project\AI Engineer\ePillID-benchmark-master\src\image_augmentators.py:7: FutureWarning: In the future `np.str` will be defined as the corresponding NumPy scalar.
  if not hasattr(_np, _name):
D:\Project\AI Engineer\ePillID-benchmark-master\src\image_augmentators.py:7: FutureWarning: In the future `np.bool` will be defined as the corresponding NumPy scalar.
  if not hasattr(_np, _name):
D:\Project\AI Engineer\ePillID-benchmark-master\src\image_augmentators.py:7: FutureWarning: In the future `np.object` will be defined as the corresponding NumPy scalar.
  if not hasattr(_np, _name):
D:\Project\AI Engineer\ePillID-benchmark-master\src\image_augmentators.py:7: FutureWarning: In the future `np.str` will be defined as the corresponding NumPy scalar.
  if not hasattr(_np, _name):
D:\Project\AI Engineer\ePillID-benchmark-master\src\image_augmentators.py:7: FutureWarning: In the future `np.bool` will be defined as the corresponding NumPy scalar.
  if not hasattr(_np, _name):
D:\Project\AI Engineer\ePillID-benchmark-master\src\image_augmentators.py:7: FutureWarning: In the future `np.object` will be defined as the corresponding NumPy scalar.
  if not hasattr(_np, _name):
D:\Project\AI Engineer\ePillID-benchmark-master\src\image_augmentators.py:7: FutureWarning: In the future `np.str` will be defined as the corresponding NumPy scalar.
  if not hasattr(_np, _name):
D:\Project\AI Engineer\ePillID-benchmark-master\src\image_augmentators.py:7: FutureWarning: In the future `np.bool` will be defined as the corresponding NumPy scalar.
  if not hasattr(_np, _name):
D:\Project\AI Engineer\ePillID-benchmark-master\src\image_augmentators.py:7: FutureWarning: In the future `np.object` will be defined as the corresponding NumPy scalar.
  if not hasattr(_np, _name):
D:\Project\AI Engineer\ePillID-benchmark-master\src\image_augmentators.py:7: FutureWarning: In the future `np.str` will be defined as the corresponding NumPy scalar.
  if not hasattr(_np, _name):
D:\Project\AI Engineer\ePillID-benchmark-master\src\image_augmentators.py:7: FutureWarning: In the future `np.bool` will be defined as the corresponding NumPy scalar.
  if not hasattr(_np, _name):
D:\Project\AI Engineer\ePillID-benchmark-master\src\image_augmentators.py:7: FutureWarning: In the future `np.object` will be defined as the corresponding NumPy scalar.
  if not hasattr(_np, _name):
D:\Project\AI Engineer\ePillID-benchmark-master\src\image_augmentators.py:7: FutureWarning: In the future `np.str` will be defined as the corresponding NumPy scalar.
  if not hasattr(_np, _name):
D:\Project\AI Engineer\ePillID-benchmark-master\src\image_augmentators.py:7: FutureWarning: In the future `np.bool` will be defined as the corresponding NumPy scalar.
  if not hasattr(_np, _name):
D:\Project\AI Engineer\ePillID-benchmark-master\src\image_augmentators.py:7: FutureWarning: In the future `np.object` will be defined as the corresponding NumPy scalar.
  if not hasattr(_np, _name):
D:\Project\AI Engineer\ePillID-benchmark-master\src\image_augmentators.py:7: FutureWarning: In the future `np.str` will be defined as the corresponding NumPy scalar.
  if not hasattr(_np, _name):
D:\Project\AI Engineer\ePillID-benchmark-master\src\image_augmentators.py:7: FutureWarning: In the future `np.bool` will be defined as the corresponding NumPy scalar.
  if not hasattr(_np, _name):
D:\Project\AI Engineer\ePillID-benchmark-master\src\image_augmentators.py:7: FutureWarning: In the future `np.object` will be defined as the corresponding NumPy scalar.
  if not hasattr(_np, _name):
D:\Project\AI Engineer\ePillID-benchmark-master\src\image_augmentators.py:7: FutureWarning: In the future `np.str` will be defined as the corresponding NumPy scalar.
  if not hasattr(_np, _name):
D:\Project\AI Engineer\ePillID-benchmark-master\src\image_augmentators.py:7: FutureWarning: In the future `np.bool` will be defined as the corresponding NumPy scalar.
  if not hasattr(_np, _name):
D:\Project\AI Engineer\ePillID-benchmark-master\src\image_augmentators.py:7: FutureWarning: In the future `np.object` will be defined as the corresponding NumPy scalar.
  if not hasattr(_np, _name):
D:\Project\AI Engineer\ePillID-benchmark-master\src\image_augmentators.py:7: FutureWarning: In the future `np.str` will be defined as the corresponding NumPy scalar.
  if not hasattr(_np, _name):
D:\Project\AI Engineer\ePillID-benchmark-master\src\image_augmentators.py:7: FutureWarning: In the future `np.bool` will be defined as the corresponding NumPy scalar.
  if not hasattr(_np, _name):
D:\Project\AI Engineer\ePillID-benchmark-master\src\image_augmentators.py:7: FutureWarning: In the future `np.object` will be defined as the corresponding NumPy scalar.
  if not hasattr(_np, _name):
D:\Project\AI Engineer\ePillID-benchmark-master\src\image_augmentators.py:7: FutureWarning: In the future `np.str` will be defined as the corresponding NumPy scalar.
  if not hasattr(_np, _name):
D:\Project\AI Engineer\ePillID-benchmark-master\src\image_augmentators.py:7: FutureWarning: In the future `np.bool` will be defined as the corresponding NumPy scalar.
  if not hasattr(_np, _name):
D:\Project\AI Engineer\ePillID-benchmark-master\src\image_augmentators.py:7: FutureWarning: In the future `np.object` will be defined as the corresponding NumPy scalar.
  if not hasattr(_np, _name):
D:\Project\AI Engineer\ePillID-benchmark-master\src\image_augmentators.py:7: FutureWarning: In the future `np.str` will be defined as the corresponding NumPy scalar.
  if not hasattr(_np, _name):
D:\Project\AI Engineer\ePillID-benchmark-master\src\image_augmentators.py:7: FutureWarning: In the future `np.bool` will be defined as the corresponding NumPy scalar.
  if not hasattr(_np, _name):
D:\Project\AI Engineer\ePillID-benchmark-master\src\image_augmentators.py:7: FutureWarning: In the future `np.object` will be defined as the corresponding NumPy scalar.
  if not hasattr(_np, _name):
D:\Project\AI Engineer\ePillID-benchmark-master\src\image_augmentators.py:7: FutureWarning: In the future `np.str` will be defined as the corresponding NumPy scalar.
  if not hasattr(_np, _name):
D:\Project\AI Engineer\ePillID-benchmark-master\src\image_augmentators.py:7: FutureWarning: In the future `np.bool` will be defined as the corresponding NumPy scalar.
  if not hasattr(_np, _name):
D:\Project\AI Engineer\ePillID-benchmark-master\src\image_augmentators.py:7: FutureWarning: In the future `np.object` will be defined as the corresponding NumPy scalar.
  if not hasattr(_np, _name):
D:\Project\AI Engineer\ePillID-benchmark-master\src\image_augmentators.py:7: FutureWarning: In the future `np.str` will be defined as the corresponding NumPy scalar.
  if not hasattr(_np, _name):
D:\Project\AI Engineer\ePillID-benchmark-master\src\image_augmentators.py:7: FutureWarning: In the future `np.bool` will be defined as the corresponding NumPy scalar.
  if not hasattr(_np, _name):
D:\Project\AI Engineer\ePillID-benchmark-master\src\image_augmentators.py:7: FutureWarning: In the future `np.object` will be defined as the corresponding NumPy scalar.
  if not hasattr(_np, _name):
D:\Project\AI Engineer\ePillID-benchmark-master\src\image_augmentators.py:7: FutureWarning: In the future `np.str` will be defined as the corresponding NumPy scalar.
  if not hasattr(_np, _name):
D:\Project\AI Engineer\ePillID-benchmark-master\src\image_augmentators.py:7: FutureWarning: In the future `np.bool` will be defined as the corresponding NumPy scalar.
  if not hasattr(_np, _name):
D:\Project\AI Engineer\ePillID-benchmark-master\src\image_augmentators.py:7: FutureWarning: In the future `np.object` will be defined as the corresponding NumPy scalar.
  if not hasattr(_np, _name):
D:\Project\AI Engineer\ePillID-benchmark-master\src\image_augmentators.py:7: FutureWarning: In the future `np.str` will be defined as the corresponding NumPy scalar.
  if not hasattr(_np, _name):
D:\Project\AI Engineer\ePillID-benchmark-master\src\image_augmentators.py:7: FutureWarning: In the future `np.bool` will be defined as the corresponding NumPy scalar.
  if not hasattr(_np, _name):
D:\Project\AI Engineer\ePillID-benchmark-master\src\image_augmentators.py:7: FutureWarning: In the future `np.object` will be defined as the corresponding NumPy scalar.
  if not hasattr(_np, _name):
D:\Project\AI Engineer\ePillID-benchmark-master\src\image_augmentators.py:7: FutureWarning: In the future `np.str` will be defined as the corresponding NumPy scalar.
  if not hasattr(_np, _name):
D:\Project\AI Engineer\ePillID-benchmark-master\src\image_augmentators.py:7: FutureWarning: In the future `np.bool` will be defined as the corresponding NumPy scalar.
  if not hasattr(_np, _name):
D:\Project\AI Engineer\ePillID-benchmark-master\src\image_augmentators.py:7: FutureWarning: In the future `np.object` will be defined as the corresponding NumPy scalar.
  if not hasattr(_np, _name):
D:\Project\AI Engineer\ePillID-benchmark-master\src\image_augmentators.py:7: FutureWarning: In the future `np.str` will be defined as the corresponding NumPy scalar.
  if not hasattr(_np, _name):
D:\Project\AI Engineer\ePillID-benchmark-master\src\image_augmentators.py:7: FutureWarning: In the future `np.bool` will be defined as the corresponding NumPy scalar.
  if not hasattr(_np, _name):
D:\Project\AI Engineer\ePillID-benchmark-master\src\image_augmentators.py:7: FutureWarning: In the future `np.object` will be defined as the corresponding NumPy scalar.
  if not hasattr(_np, _name):
D:\Project\AI Engineer\ePillID-benchmark-master\src\image_augmentators.py:7: FutureWarning: In the future `np.str` will be defined as the corresponding NumPy scalar.
  if not hasattr(_np, _name):
D:\Project\AI Engineer\ePillID-benchmark-master\src\image_augmentators.py:7: FutureWarning: In the future `np.bool` will be defined as the corresponding NumPy scalar.
  if not hasattr(_np, _name):
D:\Project\AI Engineer\ePillID-benchmark-master\src\image_augmentators.py:7: FutureWarning: In the future `np.object` will be defined as the corresponding NumPy scalar.
  if not hasattr(_np, _name):
D:\Project\AI Engineer\ePillID-benchmark-master\src\image_augmentators.py:7: FutureWarning: In the future `np.str` will be defined as the corresponding NumPy scalar.
  if not hasattr(_np, _name):
D:\Project\AI Engineer\ePillID-benchmark-master\src\image_augmentators.py:7: FutureWarning: In the future `np.bool` will be defined as the corresponding NumPy scalar.
  if not hasattr(_np, _name):
D:\Project\AI Engineer\ePillID-benchmark-master\src\image_augmentators.py:7: FutureWarning: In the future `np.object` will be defined as the corresponding NumPy scalar.
  if not hasattr(_np, _name):
D:\Project\AI Engineer\ePillID-benchmark-master\src\image_augmentators.py:7: FutureWarning: In the future `np.str` will be defined as the corresponding NumPy scalar.
  if not hasattr(_np, _name):
D:\Project\AI Engineer\ePillID-benchmark-master\src\image_augmentators.py:7: FutureWarning: In the future `np.bool` will be defined as the corresponding NumPy scalar.
  if not hasattr(_np, _name):
D:\Project\AI Engineer\ePillID-benchmark-master\src\image_augmentators.py:7: FutureWarning: In the future `np.object` will be defined as the corresponding NumPy scalar.
  if not hasattr(_np, _name):
D:\Project\AI Engineer\ePillID-benchmark-master\src\image_augmentators.py:7: FutureWarning: In the future `np.str` will be defined as the corresponding NumPy scalar.
  if not hasattr(_np, _name):
D:\Project\AI Engineer\ePillID-benchmark-master\src\image_augmentators.py:7: FutureWarning: In the future `np.bool` will be defined as the corresponding NumPy scalar.
  if not hasattr(_np, _name):
D:\Project\AI Engineer\ePillID-benchmark-master\src\image_augmentators.py:7: FutureWarning: In the future `np.object` will be defined as the corresponding NumPy scalar.
  if not hasattr(_np, _name):
D:\Project\AI Engineer\ePillID-benchmark-master\src\image_augmentators.py:7: FutureWarning: In the future `np.str` will be defined as the corresponding NumPy scalar.
  if not hasattr(_np, _name):
D:\Project\AI Engineer\ePillID-benchmark-master\src\image_augmentators.py:7: FutureWarning: In the future `np.bool` will be defined as the corresponding NumPy scalar.
  if not hasattr(_np, _name):
D:\Project\AI Engineer\ePillID-benchmark-master\src\image_augmentators.py:7: FutureWarning: In the future `np.object` will be defined as the corresponding NumPy scalar.
  if not hasattr(_np, _name):
D:\Project\AI Engineer\ePillID-benchmark-master\src\image_augmentators.py:7: FutureWarning: In the future `np.str` will be defined as the corresponding NumPy scalar.
  if not hasattr(_np, _name):
D:\Project\AI Engineer\ePillID-benchmark-master\src\image_augmentators.py:7: FutureWarning: In the future `np.bool` will be defined as the corresponding NumPy scalar.
  if not hasattr(_np, _name):
D:\Project\AI Engineer\ePillID-benchmark-master\src\image_augmentators.py:7: FutureWarning: In the future `np.object` will be defined as the corresponding NumPy scalar.
  if not hasattr(_np, _name):
D:\Project\AI Engineer\ePillID-benchmark-master\src\image_augmentators.py:7: FutureWarning: In the future `np.str` will be defined as the corresponding NumPy scalar.
  if not hasattr(_np, _name):
D:\Project\AI Engineer\ePillID-benchmark-master\src\image_augmentators.py:7: FutureWarning: In the future `np.bool` will be defined as the corresponding NumPy scalar.
  if not hasattr(_np, _name):
D:\Project\AI Engineer\ePillID-benchmark-master\src\image_augmentators.py:7: FutureWarning: In the future `np.object` will be defined as the corresponding NumPy scalar.
  if not hasattr(_np, _name):
D:\Project\AI Engineer\ePillID-benchmark-master\src\image_augmentators.py:7: FutureWarning: In the future `np.str` will be defined as the corresponding NumPy scalar.
  if not hasattr(_np, _name):
D:\Project\AI Engineer\ePillID-benchmark-master\src\image_augmentators.py:7: FutureWarning: In the future `np.bool` will be defined as the corresponding NumPy scalar.
  if not hasattr(_np, _name):
D:\Project\AI Engineer\ePillID-benchmark-master\src\image_augmentators.py:7: FutureWarning: In the future `np.object` will be defined as the corresponding NumPy scalar.
  if not hasattr(_np, _name):
D:\Project\AI Engineer\ePillID-benchmark-master\src\image_augmentators.py:7: FutureWarning: In the future `np.str` will be defined as the corresponding NumPy scalar.
  if not hasattr(_np, _name):
D:\Project\AI Engineer\ePillID-benchmark-master\src\image_augmentators.py:7: FutureWarning: In the future `np.bool` will be defined as the corresponding NumPy scalar.
  if not hasattr(_np, _name):
D:\Project\AI Engineer\ePillID-benchmark-master\src\image_augmentators.py:7: FutureWarning: In the future `np.object` will be defined as the corresponding NumPy scalar.
  if not hasattr(_np, _name):
D:\Project\AI Engineer\ePillID-benchmark-master\src\image_augmentators.py:7: FutureWarning: In the future `np.str` will be defined as the corresponding NumPy scalar.
  if not hasattr(_np, _name):
D:\Project\AI Engineer\ePillID-benchmark-master\src\image_augmentators.py:7: FutureWarning: In the future `np.bool` will be defined as the corresponding NumPy scalar.
  if not hasattr(_np, _name):
D:\Project\AI Engineer\ePillID-benchmark-master\src\image_augmentators.py:7: FutureWarning: In the future `np.object` will be defined as the corresponding NumPy scalar.
  if not hasattr(_np, _name):
D:\Project\AI Engineer\ePillID-benchmark-master\src\image_augmentators.py:7: FutureWarning: In the future `np.str` will be defined as the corresponding NumPy scalar.
  if not hasattr(_np, _name):
D:\Project\AI Engineer\ePillID-benchmark-master\src\image_augmentators.py:7: FutureWarning: In the future `np.bool` will be defined as the corresponding NumPy scalar.
  if not hasattr(_np, _name):
D:\Project\AI Engineer\ePillID-benchmark-master\src\image_augmentators.py:7: FutureWarning: In the future `np.object` will be defined as the corresponding NumPy scalar.
  if not hasattr(_np, _name):
D:\Project\AI Engineer\ePillID-benchmark-master\src\image_augmentators.py:7: FutureWarning: In the future `np.str` will be defined as the corresponding NumPy scalar.
  if not hasattr(_np, _name):
D:\Project\AI Engineer\ePillID-benchmark-master\src\image_augmentators.py:7: FutureWarning: In the future `np.bool` will be defined as the corresponding NumPy scalar.
  if not hasattr(_np, _name):
D:\Project\AI Engineer\ePillID-benchmark-master\src\image_augmentators.py:7: FutureWarning: In the future `np.object` will be defined as the corresponding NumPy scalar.
  if not hasattr(_np, _name):
D:\Project\AI Engineer\ePillID-benchmark-master\src\image_augmentators.py:7: FutureWarning: In the future `np.str` will be defined as the corresponding NumPy scalar.
  if not hasattr(_np, _name):
D:\Project\AI Engineer\ePillID-benchmark-master\src\image_augmentators.py:7: FutureWarning: In the future `np.bool` will be defined as the corresponding NumPy scalar.
  if not hasattr(_np, _name):
D:\Project\AI Engineer\ePillID-benchmark-master\src\image_augmentators.py:7: FutureWarning: In the future `np.object` will be defined as the corresponding NumPy scalar.
  if not hasattr(_np, _name):
D:\Project\AI Engineer\ePillID-benchmark-master\src\image_augmentators.py:7: FutureWarning: In the future `np.str` will be defined as the corresponding NumPy scalar.
  if not hasattr(_np, _name):
D:\Project\AI Engineer\ePillID-benchmark-master\src\image_augmentators.py:7: FutureWarning: In the future `np.bool` will be defined as the corresponding NumPy scalar.
  if not hasattr(_np, _name):
D:\Project\AI Engineer\ePillID-benchmark-master\src\image_augmentators.py:7: FutureWarning: In the future `np.object` will be defined as the corresponding NumPy scalar.
  if not hasattr(_np, _name):
D:\Project\AI Engineer\ePillID-benchmark-master\src\image_augmentators.py:7: FutureWarning: In the future `np.str` will be defined as the corresponding NumPy scalar.
  if not hasattr(_np, _name):
D:\Project\AI Engineer\ePillID-benchmark-master\src\image_augmentators.py:7: FutureWarning: In the future `np.bool` will be defined as the corresponding NumPy scalar.
  if not hasattr(_np, _name):
D:\Project\AI Engineer\ePillID-benchmark-master\src\image_augmentators.py:7: FutureWarning: In the future `np.object` will be defined as the corresponding NumPy scalar.
  if not hasattr(_np, _name):
D:\Project\AI Engineer\ePillID-benchmark-master\src\image_augmentators.py:7: FutureWarning: In the future `np.str` will be defined as the corresponding NumPy scalar.
  if not hasattr(_np, _name):
D:\Project\AI Engineer\ePillID-benchmark-master\src\image_augmentators.py:7: FutureWarning: In the future `np.bool` will be defined as the corresponding NumPy scalar.
  if not hasattr(_np, _name):
D:\Project\AI Engineer\ePillID-benchmark-master\src\image_augmentators.py:7: FutureWarning: In the future `np.object` will be defined as the corresponding NumPy scalar.
  if not hasattr(_np, _name):
D:\Project\AI Engineer\ePillID-benchmark-master\src\image_augmentators.py:7: FutureWarning: In the future `np.str` will be defined as the corresponding NumPy scalar.
  if not hasattr(_np, _name):
D:\Project\AI Engineer\ePillID-benchmark-master\src\image_augmentators.py:7: FutureWarning: In the future `np.bool` will be defined as the corresponding NumPy scalar.
  if not hasattr(_np, _name):
D:\Project\AI Engineer\ePillID-benchmark-master\src\image_augmentators.py:7: FutureWarning: In the future `np.object` will be defined as the corresponding NumPy scalar.
  if not hasattr(_np, _name):
D:\Project\AI Engineer\ePillID-benchmark-master\src\image_augmentators.py:7: FutureWarning: In the future `np.str` will be defined as the corresponding NumPy scalar.
  if not hasattr(_np, _name):
D:\Project\AI Engineer\ePillID-benchmark-master\src\image_augmentators.py:7: FutureWarning: In the future `np.bool` will be defined as the corresponding NumPy scalar.
  if not hasattr(_np, _name):
D:\Project\AI Engineer\ePillID-benchmark-master\src\image_augmentators.py:7: FutureWarning: In the future `np.object` will be defined as the corresponding NumPy scalar.
  if not hasattr(_np, _name):
D:\Project\AI Engineer\ePillID-benchmark-master\src\image_augmentators.py:7: FutureWarning: In the future `np.str` will be defined as the corresponding NumPy scalar.
  if not hasattr(_np, _name):
D:\Project\AI Engineer\ePillID-benchmark-master\src\image_augmentators.py:7: FutureWarning: In the future `np.bool` will be defined as the corresponding NumPy scalar.
  if not hasattr(_np, _name):
D:\Project\AI Engineer\ePillID-benchmark-master\src\image_augmentators.py:7: FutureWarning: In the future `np.object` will be defined as the corresponding NumPy scalar.
  if not hasattr(_np, _name):
D:\Project\AI Engineer\ePillID-benchmark-master\src\image_augmentators.py:7: FutureWarning: In the future `np.str` will be defined as the corresponding NumPy scalar.
  if not hasattr(_np, _name):
D:\Project\AI Engineer\ePillID-benchmark-master\src\image_augmentators.py:7: FutureWarning: In the future `np.bool` will be defined as the corresponding NumPy scalar.
  if not hasattr(_np, _name):
D:\Project\AI Engineer\ePillID-benchmark-master\src\image_augmentators.py:7: FutureWarning: In the future `np.object` will be defined as the corresponding NumPy scalar.
  if not hasattr(_np, _name):
D:\Project\AI Engineer\ePillID-benchmark-master\src\image_augmentators.py:7: FutureWarning: In the future `np.str` will be defined as the corresponding NumPy scalar.
  if not hasattr(_np, _name):
D:\Project\AI Engineer\ePillID-benchmark-master\src\image_augmentators.py:7: FutureWarning: In the future `np.bool` will be defined as the corresponding NumPy scalar.
  if not hasattr(_np, _name):
D:\Project\AI Engineer\ePillID-benchmark-master\src\image_augmentators.py:7: FutureWarning: In the future `np.object` will be defined as the corresponding NumPy scalar.
  if not hasattr(_np, _name):
D:\Project\AI Engineer\ePillID-benchmark-master\src\image_augmentators.py:7: FutureWarning: In the future `np.str` will be defined as the corresponding NumPy scalar.
  if not hasattr(_np, _name):
D:\Project\AI Engineer\ePillID-benchmark-master\src\image_augmentators.py:7: FutureWarning: In the future `np.bool` will be defined as the corresponding NumPy scalar.
  if not hasattr(_np, _name):
D:\Project\AI Engineer\ePillID-benchmark-master\src\image_augmentators.py:7: FutureWarning: In the future `np.object` will be defined as the corresponding NumPy scalar.
  if not hasattr(_np, _name):
D:\Project\AI Engineer\ePillID-benchmark-master\src\image_augmentators.py:7: FutureWarning: In the future `np.str` will be defined as the corresponding NumPy scalar.
  if not hasattr(_np, _name):
D:\Project\AI Engineer\ePillID-benchmark-master\src\image_augmentators.py:7: FutureWarning: In the future `np.bool` will be defined as the corresponding NumPy scalar.
  if not hasattr(_np, _name):
D:\Project\AI Engineer\ePillID-benchmark-master\src\image_augmentators.py:7: FutureWarning: In the future `np.object` will be defined as the corresponding NumPy scalar.
  if not hasattr(_np, _name):
D:\Project\AI Engineer\ePillID-benchmark-master\src\image_augmentators.py:7: FutureWarning: In the future `np.str` will be defined as the corresponding NumPy scalar.
  if not hasattr(_np, _name):
D:\Project\AI Engineer\ePillID-benchmark-master\src\image_augmentators.py:7: FutureWarning: In the future `np.bool` will be defined as the corresponding NumPy scalar.
  if not hasattr(_np, _name):
D:\Project\AI Engineer\ePillID-benchmark-master\src\image_augmentators.py:7: FutureWarning: In the future `np.object` will be defined as the corresponding NumPy scalar.
  if not hasattr(_np, _name):
D:\Project\AI Engineer\ePillID-benchmark-master\src\image_augmentators.py:7: FutureWarning: In the future `np.str` will be defined as the corresponding NumPy scalar.
  if not hasattr(_np, _name):
D:\Project\AI Engineer\ePillID-benchmark-master\src\image_augmentators.py:7: FutureWarning: In the future `np.bool` will be defined as the corresponding NumPy scalar.
  if not hasattr(_np, _name):
D:\Project\AI Engineer\ePillID-benchmark-master\src\image_augmentators.py:7: FutureWarning: In the future `np.object` will be defined as the corresponding NumPy scalar.
  if not hasattr(_np, _name):
D:\Project\AI Engineer\ePillID-benchmark-master\src\image_augmentators.py:7: FutureWarning: In the future `np.str` will be defined as the corresponding NumPy scalar.
  if not hasattr(_np, _name):
D:\Project\AI Engineer\ePillID-benchmark-master\src\image_augmentators.py:7: FutureWarning: In the future `np.bool` will be defined as the corresponding NumPy scalar.
  if not hasattr(_np, _name):
D:\Project\AI Engineer\ePillID-benchmark-master\src\image_augmentators.py:7: FutureWarning: In the future `np.object` will be defined as the corresponding NumPy scalar.
  if not hasattr(_np, _name):
D:\Project\AI Engineer\ePillID-benchmark-master\src\image_augmentators.py:7: FutureWarning: In the future `np.str` will be defined as the corresponding NumPy scalar.
  if not hasattr(_np, _name):
D:\Project\AI Engineer\ePillID-benchmark-master\src\image_augmentators.py:7: FutureWarning: In the future `np.bool` will be defined as the corresponding NumPy scalar.
  if not hasattr(_np, _name):
D:\Project\AI Engineer\ePillID-benchmark-master\src\image_augmentators.py:7: FutureWarning: In the future `np.object` will be defined as the corresponding NumPy scalar.
  if not hasattr(_np, _name):
D:\Project\AI Engineer\ePillID-benchmark-master\src\image_augmentators.py:7: FutureWarning: In the future `np.str` will be defined as the corresponding NumPy scalar.
  if not hasattr(_np, _name):
D:\Project\AI Engineer\ePillID-benchmark-master\src\image_augmentators.py:7: FutureWarning: In the future `np.bool` will be defined as the corresponding NumPy scalar.
  if not hasattr(_np, _name):
D:\Project\AI Engineer\ePillID-benchmark-master\src\image_augmentators.py:7: FutureWarning: In the future `np.object` will be defined as the corresponding NumPy scalar.
  if not hasattr(_np, _name):
D:\Project\AI Engineer\ePillID-benchmark-master\src\image_augmentators.py:7: FutureWarning: In the future `np.str` will be defined as the corresponding NumPy scalar.
  if not hasattr(_np, _name):
D:\Project\AI Engineer\ePillID-benchmark-master\src\image_augmentators.py:7: FutureWarning: In the future `np.bool` will be defined as the corresponding NumPy scalar.
  if not hasattr(_np, _name):
D:\Project\AI Engineer\ePillID-benchmark-master\src\image_augmentators.py:7: FutureWarning: In the future `np.object` will be defined as the corresponding NumPy scalar.
  if not hasattr(_np, _name):
D:\Project\AI Engineer\ePillID-benchmark-master\src\image_augmentators.py:7: FutureWarning: In the future `np.str` will be defined as the corresponding NumPy scalar.
  if not hasattr(_np, _name):
D:\Project\AI Engineer\ePillID-benchmark-master\src\image_augmentators.py:7: FutureWarning: In the future `np.bool` will be defined as the corresponding NumPy scalar.
  if not hasattr(_np, _name):
D:\Project\AI Engineer\ePillID-benchmark-master\src\image_augmentators.py:7: FutureWarning: In the future `np.object` will be defined as the corresponding NumPy scalar.
  if not hasattr(_np, _name):
D:\Project\AI Engineer\ePillID-benchmark-master\src\image_augmentators.py:7: FutureWarning: In the future `np.str` will be defined as the corresponding NumPy scalar.
  if not hasattr(_np, _name):
D:\Project\AI Engineer\ePillID-benchmark-master\src\image_augmentators.py:7: FutureWarning: In the future `np.bool` will be defined as the corresponding NumPy scalar.
  if not hasattr(_np, _name):
D:\Project\AI Engineer\ePillID-benchmark-master\src\image_augmentators.py:7: FutureWarning: In the future `np.object` will be defined as the corresponding NumPy scalar.
  if not hasattr(_np, _name):
D:\Project\AI Engineer\ePillID-benchmark-master\src\image_augmentators.py:7: FutureWarning: In the future `np.str` will be defined as the corresponding NumPy scalar.
  if not hasattr(_np, _name):
D:\Project\AI Engineer\ePillID-benchmark-master\src\image_augmentators.py:7: FutureWarning: In the future `np.bool` will be defined as the corresponding NumPy scalar.
  if not hasattr(_np, _name):
D:\Project\AI Engineer\ePillID-benchmark-master\src\image_augmentators.py:7: FutureWarning: In the future `np.object` will be defined as the corresponding NumPy scalar.
  if not hasattr(_np, _name):
D:\Project\AI Engineer\ePillID-benchmark-master\src\image_augmentators.py:7: FutureWarning: In the future `np.str` will be defined as the corresponding NumPy scalar.
  if not hasattr(_np, _name):
D:\Project\AI Engineer\ePillID-benchmark-master\src\image_augmentators.py:7: FutureWarning: In the future `np.bool` will be defined as the corresponding NumPy scalar.
  if not hasattr(_np, _name):
D:\Project\AI Engineer\ePillID-benchmark-master\src\image_augmentators.py:7: FutureWarning: In the future `np.object` will be defined as the corresponding NumPy scalar.
  if not hasattr(_np, _name):
D:\Project\AI Engineer\ePillID-benchmark-master\src\image_augmentators.py:7: FutureWarning: In the future `np.str` will be defined as the corresponding NumPy scalar.
  if not hasattr(_np, _name):
D:\Project\AI Engineer\ePillID-benchmark-master\src\image_augmentators.py:7: FutureWarning: In the future `np.bool` will be defined as the corresponding NumPy scalar.
  if not hasattr(_np, _name):
D:\Project\AI Engineer\ePillID-benchmark-master\src\image_augmentators.py:7: FutureWarning: In the future `np.object` will be defined as the corresponding NumPy scalar.
  if not hasattr(_np, _name):
D:\Project\AI Engineer\ePillID-benchmark-master\src\image_augmentators.py:7: FutureWarning: In the future `np.str` will be defined as the corresponding NumPy scalar.
  if not hasattr(_np, _name):
D:\Project\AI Engineer\ePillID-benchmark-master\src\image_augmentators.py:7: FutureWarning: In the future `np.bool` will be defined as the corresponding NumPy scalar.
  if not hasattr(_np, _name):
D:\Project\AI Engineer\ePillID-benchmark-master\src\image_augmentators.py:7: FutureWarning: In the future `np.object` will be defined as the corresponding NumPy scalar.
  if not hasattr(_np, _name):
D:\Project\AI Engineer\ePillID-benchmark-master\src\image_augmentators.py:7: FutureWarning: In the future `np.str` will be defined as the corresponding NumPy scalar.
  if not hasattr(_np, _name):
D:\Project\AI Engineer\ePillID-benchmark-master\src\image_augmentators.py:7: FutureWarning: In the future `np.bool` will be defined as the corresponding NumPy scalar.
  if not hasattr(_np, _name):
D:\Project\AI Engineer\ePillID-benchmark-master\src\image_augmentators.py:7: FutureWarning: In the future `np.object` will be defined as the corresponding NumPy scalar.
  if not hasattr(_np, _name):
D:\Project\AI Engineer\ePillID-benchmark-master\src\image_augmentators.py:7: FutureWarning: In the future `np.str` will be defined as the corresponding NumPy scalar.
  if not hasattr(_np, _name):
D:\Project\AI Engineer\ePillID-benchmark-master\src\image_augmentators.py:7: FutureWarning: In the future `np.bool` will be defined as the corresponding NumPy scalar.
  if not hasattr(_np, _name):
D:\Project\AI Engineer\ePillID-benchmark-master\src\image_augmentators.py:7: FutureWarning: In the future `np.object` will be defined as the corresponding NumPy scalar.
  if not hasattr(_np, _name):
D:\Project\AI Engineer\ePillID-benchmark-master\src\image_augmentators.py:7: FutureWarning: In the future `np.str` will be defined as the corresponding NumPy scalar.
  if not hasattr(_np, _name):
D:\Project\AI Engineer\ePillID-benchmark-master\src\image_augmentators.py:7: FutureWarning: In the future `np.bool` will be defined as the corresponding NumPy scalar.
  if not hasattr(_np, _name):
D:\Project\AI Engineer\ePillID-benchmark-master\src\image_augmentators.py:7: FutureWarning: In the future `np.object` will be defined as the corresponding NumPy scalar.
  if not hasattr(_np, _name):
D:\Project\AI Engineer\ePillID-benchmark-master\src\image_augmentators.py:7: FutureWarning: In the future `np.str` will be defined as the corresponding NumPy scalar.
  if not hasattr(_np, _name):
D:\Project\AI Engineer\ePillID-benchmark-master\src\image_augmentators.py:7: FutureWarning: In the future `np.bool` will be defined as the corresponding NumPy scalar.
  if not hasattr(_np, _name):
D:\Project\AI Engineer\ePillID-benchmark-master\src\image_augmentators.py:7: FutureWarning: In the future `np.object` will be defined as the corresponding NumPy scalar.
  if not hasattr(_np, _name):
D:\Project\AI Engineer\ePillID-benchmark-master\src\image_augmentators.py:7: FutureWarning: In the future `np.str` will be defined as the corresponding NumPy scalar.
  if not hasattr(_np, _name):
D:\Project\AI Engineer\ePillID-benchmark-master\src\image_augmentators.py:7: FutureWarning: In the future `np.bool` will be defined as the corresponding NumPy scalar.
  if not hasattr(_np, _name):
D:\Project\AI Engineer\ePillID-benchmark-master\src\image_augmentators.py:7: FutureWarning: In the future `np.object` will be defined as the corresponding NumPy scalar.
  if not hasattr(_np, _name):
D:\Project\AI Engineer\ePillID-benchmark-master\src\image_augmentators.py:7: FutureWarning: In the future `np.str` will be defined as the corresponding NumPy scalar.
  if not hasattr(_np, _name):
D:\Project\AI Engineer\ePillID-benchmark-master\src\image_augmentators.py:7: FutureWarning: In the future `np.bool` will be defined as the corresponding NumPy scalar.
  if not hasattr(_np, _name):
D:\Project\AI Engineer\ePillID-benchmark-master\src\image_augmentators.py:7: FutureWarning: In the future `np.object` will be defined as the corresponding NumPy scalar.
  if not hasattr(_np, _name):
D:\Project\AI Engineer\ePillID-benchmark-master\src\image_augmentators.py:7: FutureWarning: In the future `np.str` will be defined as the corresponding NumPy scalar.
  if not hasattr(_np, _name):
D:\Project\AI Engineer\ePillID-benchmark-master\src\image_augmentators.py:7: FutureWarning: In the future `np.bool` will be defined as the corresponding NumPy scalar.
  if not hasattr(_np, _name):
D:\Project\AI Engineer\ePillID-benchmark-master\src\image_augmentators.py:7: FutureWarning: In the future `np.object` will be defined as the corresponding NumPy scalar.
  if not hasattr(_np, _name):
D:\Project\AI Engineer\ePillID-benchmark-master\src\image_augmentators.py:7: FutureWarning: In the future `np.str` will be defined as the corresponding NumPy scalar.
  if not hasattr(_np, _name):
D:\Project\AI Engineer\ePillID-benchmark-master\src\image_augmentators.py:7: FutureWarning: In the future `np.bool` will be defined as the corresponding NumPy scalar.
  if not hasattr(_np, _name):
D:\Project\AI Engineer\ePillID-benchmark-master\src\image_augmentators.py:7: FutureWarning: In the future `np.object` will be defined as the corresponding NumPy scalar.
  if not hasattr(_np, _name):
D:\Project\AI Engineer\ePillID-benchmark-master\src\image_augmentators.py:7: FutureWarning: In the future `np.str` will be defined as the corresponding NumPy scalar.
  if not hasattr(_np, _name):
D:\Project\AI Engineer\ePillID-benchmark-master\src\image_augmentators.py:7: FutureWarning: In the future `np.bool` will be defined as the corresponding NumPy scalar.
  if not hasattr(_np, _name):
D:\Project\AI Engineer\ePillID-benchmark-master\src\image_augmentators.py:7: FutureWarning: In the future `np.object` will be defined as the corresponding NumPy scalar.
  if not hasattr(_np, _name):
D:\Project\AI Engineer\ePillID-benchmark-master\src\image_augmentators.py:7: FutureWarning: In the future `np.str` will be defined as the corresponding NumPy scalar.
  if not hasattr(_np, _name):
D:\Project\AI Engineer\ePillID-benchmark-master\src\image_augmentators.py:7: FutureWarning: In the future `np.bool` will be defined as the corresponding NumPy scalar.
  if not hasattr(_np, _name):
D:\Project\AI Engineer\ePillID-benchmark-master\src\image_augmentators.py:7: FutureWarning: In the future `np.object` will be defined as the corresponding NumPy scalar.
  if not hasattr(_np, _name):
D:\Project\AI Engineer\ePillID-benchmark-master\src\image_augmentators.py:7: FutureWarning: In the future `np.str` will be defined as the corresponding NumPy scalar.
  if not hasattr(_np, _name):
D:\Project\AI Engineer\ePillID-benchmark-master\src\image_augmentators.py:7: FutureWarning: In the future `np.bool` will be defined as the corresponding NumPy scalar.
  if not hasattr(_np, _name):
D:\Project\AI Engineer\ePillID-benchmark-master\src\image_augmentators.py:7: FutureWarning: In the future `np.object` will be defined as the corresponding NumPy scalar.
  if not hasattr(_np, _name):
D:\Project\AI Engineer\ePillID-benchmark-master\src\image_augmentators.py:7: FutureWarning: In the future `np.str` will be defined as the corresponding NumPy scalar.
  if not hasattr(_np, _name):
D:\Project\AI Engineer\ePillID-benchmark-master\src\image_augmentators.py:7: FutureWarning: In the future `np.bool` will be defined as the corresponding NumPy scalar.
  if not hasattr(_np, _name):
D:\Project\AI Engineer\ePillID-benchmark-master\src\image_augmentators.py:7: FutureWarning: In the future `np.object` will be defined as the corresponding NumPy scalar.
  if not hasattr(_np, _name):
D:\Project\AI Engineer\ePillID-benchmark-master\src\image_augmentators.py:7: FutureWarning: In the future `np.str` will be defined as the corresponding NumPy scalar.
  if not hasattr(_np, _name):
D:\Project\AI Engineer\ePillID-benchmark-master\src\image_augmentators.py:7: FutureWarning: In the future `np.bool` will be defined as the corresponding NumPy scalar.
  if not hasattr(_np, _name):
D:\Project\AI Engineer\ePillID-benchmark-master\src\image_augmentators.py:7: FutureWarning: In the future `np.object` will be defined as the corresponding NumPy scalar.
  if not hasattr(_np, _name):
D:\Project\AI Engineer\ePillID-benchmark-master\src\image_augmentators.py:7: FutureWarning: In the future `np.str` will be defined as the corresponding NumPy scalar.
  if not hasattr(_np, _name):
D:\Project\AI Engineer\ePillID-benchmark-master\src\image_augmentators.py:7: FutureWarning: In the future `np.bool` will be defined as the corresponding NumPy scalar.
  if not hasattr(_np, _name):
D:\Project\AI Engineer\ePillID-benchmark-master\src\image_augmentators.py:7: FutureWarning: In the future `np.object` will be defined as the corresponding NumPy scalar.
  if not hasattr(_np, _name):
D:\Project\AI Engineer\ePillID-benchmark-master\src\image_augmentators.py:7: FutureWarning: In the future `np.str` will be defined as the corresponding NumPy scalar.
  if not hasattr(_np, _name):
D:\Project\AI Engineer\ePillID-benchmark-master\src\image_augmentators.py:7: FutureWarning: In the future `np.bool` will be defined as the corresponding NumPy scalar.
  if not hasattr(_np, _name):
D:\Project\AI Engineer\ePillID-benchmark-master\src\image_augmentators.py:7: FutureWarning: In the future `np.object` will be defined as the corresponding NumPy scalar.
  if not hasattr(_np, _name):
D:\Project\AI Engineer\ePillID-benchmark-master\src\image_augmentators.py:7: FutureWarning: In the future `np.str` will be defined as the corresponding NumPy scalar.
  if not hasattr(_np, _name):
D:\Project\AI Engineer\ePillID-benchmark-master\src\image_augmentators.py:7: FutureWarning: In the future `np.bool` will be defined as the corresponding NumPy scalar.
  if not hasattr(_np, _name):
D:\Project\AI Engineer\ePillID-benchmark-master\src\image_augmentators.py:7: FutureWarning: In the future `np.object` will be defined as the corresponding NumPy scalar.
  if not hasattr(_np, _name):
D:\Project\AI Engineer\ePillID-benchmark-master\src\image_augmentators.py:7: FutureWarning: In the future `np.str` will be defined as the corresponding NumPy scalar.
  if not hasattr(_np, _name):
D:\Project\AI Engineer\ePillID-benchmark-master\src\image_augmentators.py:7: FutureWarning: In the future `np.bool` will be defined as the corresponding NumPy scalar.
  if not hasattr(_np, _name):
D:\Project\AI Engineer\ePillID-benchmark-master\src\image_augmentators.py:7: FutureWarning: In the future `np.object` will be defined as the corresponding NumPy scalar.
  if not hasattr(_np, _name):
D:\Project\AI Engineer\ePillID-benchmark-master\src\image_augmentators.py:7: FutureWarning: In the future `np.str` will be defined as the corresponding NumPy scalar.
  if not hasattr(_np, _name):
D:\Project\AI Engineer\ePillID-benchmark-master\src\image_augmentators.py:7: FutureWarning: In the future `np.bool` will be defined as the corresponding NumPy scalar.
  if not hasattr(_np, _name):
D:\Project\AI Engineer\ePillID-benchmark-master\src\image_augmentators.py:7: FutureWarning: In the future `np.object` will be defined as the corresponding NumPy scalar.
  if not hasattr(_np, _name):
D:\Project\AI Engineer\ePillID-benchmark-master\src\image_augmentators.py:7: FutureWarning: In the future `np.str` will be defined as the corresponding NumPy scalar.
  if not hasattr(_np, _name):
D:\Project\AI Engineer\ePillID-benchmark-master\src\image_augmentators.py:7: FutureWarning: In the future `np.bool` will be defined as the corresponding NumPy scalar.
  if not hasattr(_np, _name):
D:\Project\AI Engineer\ePillID-benchmark-master\src\image_augmentators.py:7: FutureWarning: In the future `np.object` will be defined as the corresponding NumPy scalar.
  if not hasattr(_np, _name):
D:\Project\AI Engineer\ePillID-benchmark-master\src\image_augmentators.py:7: FutureWarning: In the future `np.str` will be defined as the corresponding NumPy scalar.
  if not hasattr(_np, _name):
D:\Project\AI Engineer\ePillID-benchmark-master\src\image_augmentators.py:7: FutureWarning: In the future `np.bool` will be defined as the corresponding NumPy scalar.
  if not hasattr(_np, _name):
D:\Project\AI Engineer\ePillID-benchmark-master\src\image_augmentators.py:7: FutureWarning: In the future `np.object` will be defined as the corresponding NumPy scalar.
  if not hasattr(_np, _name):
D:\Project\AI Engineer\ePillID-benchmark-master\src\image_augmentators.py:7: FutureWarning: In the future `np.str` will be defined as the corresponding NumPy scalar.
  if not hasattr(_np, _name):
D:\Project\AI Engineer\ePillID-benchmark-master\src\image_augmentators.py:7: FutureWarning: In the future `np.bool` will be defined as the corresponding NumPy scalar.
  if not hasattr(_np, _name):
D:\Project\AI Engineer\ePillID-benchmark-master\src\image_augmentators.py:7: FutureWarning: In the future `np.object` will be defined as the corresponding NumPy scalar.
  if not hasattr(_np, _name):
D:\Project\AI Engineer\ePillID-benchmark-master\src\image_augmentators.py:7: FutureWarning: In the future `np.str` will be defined as the corresponding NumPy scalar.
  if not hasattr(_np, _name):
D:\Project\AI Engineer\ePillID-benchmark-master\src\image_augmentators.py:7: FutureWarning: In the future `np.bool` will be defined as the corresponding NumPy scalar.
  if not hasattr(_np, _name):
D:\Project\AI Engineer\ePillID-benchmark-master\src\image_augmentators.py:7: FutureWarning: In the future `np.object` will be defined as the corresponding NumPy scalar.
  if not hasattr(_np, _name):
D:\Project\AI Engineer\ePillID-benchmark-master\src\image_augmentators.py:7: FutureWarning: In the future `np.str` will be defined as the corresponding NumPy scalar.
  if not hasattr(_np, _name):
D:\Project\AI Engineer\ePillID-benchmark-master\src\image_augmentators.py:7: FutureWarning: In the future `np.bool` will be defined as the corresponding NumPy scalar.
  if not hasattr(_np, _name):
D:\Project\AI Engineer\ePillID-benchmark-master\src\image_augmentators.py:7: FutureWarning: In the future `np.object` will be defined as the corresponding NumPy scalar.
  if not hasattr(_np, _name):
D:\Project\AI Engineer\ePillID-benchmark-master\src\image_augmentators.py:7: FutureWarning: In the future `np.str` will be defined as the corresponding NumPy scalar.
  if not hasattr(_np, _name):
D:\Project\AI Engineer\ePillID-benchmark-master\src\image_augmentators.py:7: FutureWarning: In the future `np.bool` will be defined as the corresponding NumPy scalar.
  if not hasattr(_np, _name):
D:\Project\AI Engineer\ePillID-benchmark-master\src\image_augmentators.py:7: FutureWarning: In the future `np.object` will be defined as the corresponding NumPy scalar.
  if not hasattr(_np, _name):
D:\Project\AI Engineer\ePillID-benchmark-master\src\image_augmentators.py:7: FutureWarning: In the future `np.str` will be defined as the corresponding NumPy scalar.
  if not hasattr(_np, _name):
D:\Project\AI Engineer\ePillID-benchmark-master\src\image_augmentators.py:7: FutureWarning: In the future `np.bool` will be defined as the corresponding NumPy scalar.
  if not hasattr(_np, _name):
D:\Project\AI Engineer\ePillID-benchmark-master\src\image_augmentators.py:7: FutureWarning: In the future `np.object` will be defined as the corresponding NumPy scalar.
  if not hasattr(_np, _name):
D:\Project\AI Engineer\ePillID-benchmark-master\src\image_augmentators.py:7: FutureWarning: In the future `np.str` will be defined as the corresponding NumPy scalar.
  if not hasattr(_np, _name):
D:\Project\AI Engineer\ePillID-benchmark-master\src\image_augmentators.py:7: FutureWarning: In the future `np.bool` will be defined as the corresponding NumPy scalar.
  if not hasattr(_np, _name):
D:\Project\AI Engineer\ePillID-benchmark-master\src\image_augmentators.py:7: FutureWarning: In the future `np.object` will be defined as the corresponding NumPy scalar.
  if not hasattr(_np, _name):
D:\Project\AI Engineer\ePillID-benchmark-master\src\image_augmentators.py:7: FutureWarning: In the future `np.str` will be defined as the corresponding NumPy scalar.
  if not hasattr(_np, _name):
D:\Project\AI Engineer\ePillID-benchmark-master\src\image_augmentators.py:7: FutureWarning: In the future `np.bool` will be defined as the corresponding NumPy scalar.
  if not hasattr(_np, _name):
D:\Project\AI Engineer\ePillID-benchmark-master\src\image_augmentators.py:7: FutureWarning: In the future `np.object` will be defined as the corresponding NumPy scalar.
  if not hasattr(_np, _name):
D:\Project\AI Engineer\ePillID-benchmark-master\src\image_augmentators.py:7: FutureWarning: In the future `np.str` will be defined as the corresponding NumPy scalar.
  if not hasattr(_np, _name):
D:\Project\AI Engineer\ePillID-benchmark-master\src\image_augmentators.py:7: FutureWarning: In the future `np.bool` will be defined as the corresponding NumPy scalar.
  if not hasattr(_np, _name):
D:\Project\AI Engineer\ePillID-benchmark-master\src\image_augmentators.py:7: FutureWarning: In the future `np.object` will be defined as the corresponding NumPy scalar.
  if not hasattr(_np, _name):
D:\Project\AI Engineer\ePillID-benchmark-master\src\image_augmentators.py:7: FutureWarning: In the future `np.str` will be defined as the corresponding NumPy scalar.
  if not hasattr(_np, _name):
D:\Project\AI Engineer\ePillID-benchmark-master\src\image_augmentators.py:7: FutureWarning: In the future `np.bool` will be defined as the corresponding NumPy scalar.
  if not hasattr(_np, _name):
D:\Project\AI Engineer\ePillID-benchmark-master\src\image_augmentators.py:7: FutureWarning: In the future `np.object` will be defined as the corresponding NumPy scalar.
  if not hasattr(_np, _name):
D:\Project\AI Engineer\ePillID-benchmark-master\src\image_augmentators.py:7: FutureWarning: In the future `np.str` will be defined as the corresponding NumPy scalar.
  if not hasattr(_np, _name):
D:\Project\AI Engineer\ePillID-benchmark-master\src\image_augmentators.py:7: FutureWarning: In the future `np.bool` will be defined as the corresponding NumPy scalar.
  if not hasattr(_np, _name):
D:\Project\AI Engineer\ePillID-benchmark-master\src\image_augmentators.py:7: FutureWarning: In the future `np.object` will be defined as the corresponding NumPy scalar.
  if not hasattr(_np, _name):
D:\Project\AI Engineer\ePillID-benchmark-master\src\image_augmentators.py:7: FutureWarning: In the future `np.str` will be defined as the corresponding NumPy scalar.
  if not hasattr(_np, _name):
D:\Project\AI Engineer\ePillID-benchmark-master\src\image_augmentators.py:7: FutureWarning: In the future `np.bool` will be defined as the corresponding NumPy scalar.
  if not hasattr(_np, _name):
D:\Project\AI Engineer\ePillID-benchmark-master\src\image_augmentators.py:7: FutureWarning: In the future `np.object` will be defined as the corresponding NumPy scalar.
  if not hasattr(_np, _name):
D:\Project\AI Engineer\ePillID-benchmark-master\src\image_augmentators.py:7: FutureWarning: In the future `np.str` will be defined as the corresponding NumPy scalar.
  if not hasattr(_np, _name):
D:\Project\AI Engineer\ePillID-benchmark-master\src\image_augmentators.py:7: FutureWarning: In the future `np.bool` will be defined as the corresponding NumPy scalar.
  if not hasattr(_np, _name):
D:\Project\AI Engineer\ePillID-benchmark-master\src\image_augmentators.py:7: FutureWarning: In the future `np.object` will be defined as the corresponding NumPy scalar.
  if not hasattr(_np, _name):
D:\Project\AI Engineer\ePillID-benchmark-master\src\image_augmentators.py:7: FutureWarning: In the future `np.str` will be defined as the corresponding NumPy scalar.
  if not hasattr(_np, _name):
D:\Project\AI Engineer\ePillID-benchmark-master\src\image_augmentators.py:7: FutureWarning: In the future `np.bool` will be defined as the corresponding NumPy scalar.
  if not hasattr(_np, _name):
D:\Project\AI Engineer\ePillID-benchmark-master\src\image_augmentators.py:7: FutureWarning: In the future `np.object` will be defined as the corresponding NumPy scalar.
  if not hasattr(_np, _name):
D:\Project\AI Engineer\ePillID-benchmark-master\src\image_augmentators.py:7: FutureWarning: In the future `np.str` will be defined as the corresponding NumPy scalar.
  if not hasattr(_np, _name):
D:\Project\AI Engineer\ePillID-benchmark-master\src\image_augmentators.py:7: FutureWarning: In the future `np.bool` will be defined as the corresponding NumPy scalar.
  if not hasattr(_np, _name):
D:\Project\AI Engineer\ePillID-benchmark-master\src\image_augmentators.py:7: FutureWarning: In the future `np.object` will be defined as the corresponding NumPy scalar.
  if not hasattr(_np, _name):
D:\Project\AI Engineer\ePillID-benchmark-master\src\image_augmentators.py:7: FutureWarning: In the future `np.str` will be defined as the corresponding NumPy scalar.
  if not hasattr(_np, _name):
D:\Project\AI Engineer\ePillID-benchmark-master\src\image_augmentators.py:7: FutureWarning: In the future `np.bool` will be defined as the corresponding NumPy scalar.
  if not hasattr(_np, _name):
D:\Project\AI Engineer\ePillID-benchmark-master\src\image_augmentators.py:7: FutureWarning: In the future `np.object` will be defined as the corresponding NumPy scalar.
  if not hasattr(_np, _name):
D:\Project\AI Engineer\ePillID-benchmark-master\src\image_augmentators.py:7: FutureWarning: In the future `np.str` will be defined as the corresponding NumPy scalar.
  if not hasattr(_np, _name):
D:\Project\AI Engineer\ePillID-benchmark-master\src\image_augmentators.py:7: FutureWarning: In the future `np.bool` will be defined as the corresponding NumPy scalar.
  if not hasattr(_np, _name):
D:\Project\AI Engineer\ePillID-benchmark-master\src\image_augmentators.py:7: FutureWarning: In the future `np.object` will be defined as the corresponding NumPy scalar.
  if not hasattr(_np, _name):
D:\Project\AI Engineer\ePillID-benchmark-master\src\image_augmentators.py:7: FutureWarning: In the future `np.str` will be defined as the corresponding NumPy scalar.
  if not hasattr(_np, _name):
D:\Project\AI Engineer\ePillID-benchmark-master\src\image_augmentators.py:7: FutureWarning: In the future `np.bool` will be defined as the corresponding NumPy scalar.
  if not hasattr(_np, _name):
D:\Project\AI Engineer\ePillID-benchmark-master\src\image_augmentators.py:7: FutureWarning: In the future `np.object` will be defined as the corresponding NumPy scalar.
  if not hasattr(_np, _name):
D:\Project\AI Engineer\ePillID-benchmark-master\src\image_augmentators.py:7: FutureWarning: In the future `np.str` will be defined as the corresponding NumPy scalar.
  if not hasattr(_np, _name):
D:\Project\AI Engineer\ePillID-benchmark-master\src\image_augmentators.py:7: FutureWarning: In the future `np.bool` will be defined as the corresponding NumPy scalar.
  if not hasattr(_np, _name):
D:\Project\AI Engineer\ePillID-benchmark-master\src\image_augmentators.py:7: FutureWarning: In the future `np.object` will be defined as the corresponding NumPy scalar.
  if not hasattr(_np, _name):
D:\Project\AI Engineer\ePillID-benchmark-master\src\image_augmentators.py:7: FutureWarning: In the future `np.str` will be defined as the corresponding NumPy scalar.
  if not hasattr(_np, _name):
D:\Project\AI Engineer\ePillID-benchmark-master\src\image_augmentators.py:7: FutureWarning: In the future `np.bool` will be defined as the corresponding NumPy scalar.
  if not hasattr(_np, _name):
D:\Project\AI Engineer\ePillID-benchmark-master\src\image_augmentators.py:7: FutureWarning: In the future `np.object` will be defined as the corresponding NumPy scalar.
  if not hasattr(_np, _name):
D:\Project\AI Engineer\ePillID-benchmark-master\src\image_augmentators.py:7: FutureWarning: In the future `np.str` will be defined as the corresponding NumPy scalar.
  if not hasattr(_np, _name):
D:\Project\AI Engineer\ePillID-benchmark-master\src\image_augmentators.py:7: FutureWarning: In the future `np.bool` will be defined as the corresponding NumPy scalar.
  if not hasattr(_np, _name):
D:\Project\AI Engineer\ePillID-benchmark-master\src\image_augmentators.py:7: FutureWarning: In the future `np.object` will be defined as the corresponding NumPy scalar.
  if not hasattr(_np, _name):
D:\Project\AI Engineer\ePillID-benchmark-master\src\image_augmentators.py:7: FutureWarning: In the future `np.str` will be defined as the corresponding NumPy scalar.
  if not hasattr(_np, _name):
D:\Project\AI Engineer\ePillID-benchmark-master\src\image_augmentators.py:7: FutureWarning: In the future `np.bool` will be defined as the corresponding NumPy scalar.
  if not hasattr(_np, _name):
D:\Project\AI Engineer\ePillID-benchmark-master\src\image_augmentators.py:7: FutureWarning: In the future `np.object` will be defined as the corresponding NumPy scalar.
  if not hasattr(_np, _name):
D:\Project\AI Engineer\ePillID-benchmark-master\src\image_augmentators.py:7: FutureWarning: In the future `np.str` will be defined as the corresponding NumPy scalar.
  if not hasattr(_np, _name):
D:\Project\AI Engineer\ePillID-benchmark-master\src\image_augmentators.py:7: FutureWarning: In the future `np.bool` will be defined as the corresponding NumPy scalar.
  if not hasattr(_np, _name):
D:\Project\AI Engineer\ePillID-benchmark-master\src\image_augmentators.py:7: FutureWarning: In the future `np.object` will be defined as the corresponding NumPy scalar.
  if not hasattr(_np, _name):
D:\Project\AI Engineer\ePillID-benchmark-master\src\image_augmentators.py:7: FutureWarning: In the future `np.str` will be defined as the corresponding NumPy scalar.
  if not hasattr(_np, _name):
D:\Project\AI Engineer\ePillID-benchmark-master\src\image_augmentators.py:7: FutureWarning: In the future `np.bool` will be defined as the corresponding NumPy scalar.
  if not hasattr(_np, _name):
D:\Project\AI Engineer\ePillID-benchmark-master\src\image_augmentators.py:7: FutureWarning: In the future `np.object` will be defined as the corresponding NumPy scalar.
  if not hasattr(_np, _name):
D:\Project\AI Engineer\ePillID-benchmark-master\src\image_augmentators.py:7: FutureWarning: In the future `np.str` will be defined as the corresponding NumPy scalar.
  if not hasattr(_np, _name):
D:\Project\AI Engineer\ePillID-benchmark-master\src\image_augmentators.py:7: FutureWarning: In the future `np.bool` will be defined as the corresponding NumPy scalar.
  if not hasattr(_np, _name):
D:\Project\AI Engineer\ePillID-benchmark-master\src\image_augmentators.py:7: FutureWarning: In the future `np.object` will be defined as the corresponding NumPy scalar.
  if not hasattr(_np, _name):
D:\Project\AI Engineer\ePillID-benchmark-master\src\image_augmentators.py:7: FutureWarning: In the future `np.str` will be defined as the corresponding NumPy scalar.
  if not hasattr(_np, _name):
D:\Project\AI Engineer\ePillID-benchmark-master\src\image_augmentators.py:7: FutureWarning: In the future `np.bool` will be defined as the corresponding NumPy scalar.
  if not hasattr(_np, _name):
D:\Project\AI Engineer\ePillID-benchmark-master\src\image_augmentators.py:7: FutureWarning: In the future `np.object` will be defined as the corresponding NumPy scalar.
  if not hasattr(_np, _name):
D:\Project\AI Engineer\ePillID-benchmark-master\src\image_augmentators.py:7: FutureWarning: In the future `np.str` will be defined as the corresponding NumPy scalar.
  if not hasattr(_np, _name):
D:\Project\AI Engineer\ePillID-benchmark-master\src\image_augmentators.py:7: FutureWarning: In the future `np.bool` will be defined as the corresponding NumPy scalar.
  if not hasattr(_np, _name):
D:\Project\AI Engineer\ePillID-benchmark-master\src\image_augmentators.py:7: FutureWarning: In the future `np.object` will be defined as the corresponding NumPy scalar.
  if not hasattr(_np, _name):
D:\Project\AI Engineer\ePillID-benchmark-master\src\image_augmentators.py:7: FutureWarning: In the future `np.str` will be defined as the corresponding NumPy scalar.
  if not hasattr(_np, _name):
D:\Project\AI Engineer\ePillID-benchmark-master\src\image_augmentators.py:7: FutureWarning: In the future `np.bool` will be defined as the corresponding NumPy scalar.
  if not hasattr(_np, _name):
D:\Project\AI Engineer\ePillID-benchmark-master\src\image_augmentators.py:7: FutureWarning: In the future `np.object` will be defined as the corresponding NumPy scalar.
  if not hasattr(_np, _name):
D:\Project\AI Engineer\ePillID-benchmark-master\src\image_augmentators.py:7: FutureWarning: In the future `np.str` will be defined as the corresponding NumPy scalar.
  if not hasattr(_np, _name):
D:\Project\AI Engineer\ePillID-benchmark-master\src\image_augmentators.py:7: FutureWarning: In the future `np.bool` will be defined as the corresponding NumPy scalar.
  if not hasattr(_np, _name):
D:\Project\AI Engineer\ePillID-benchmark-master\src\image_augmentators.py:7: FutureWarning: In the future `np.object` will be defined as the corresponding NumPy scalar.
  if not hasattr(_np, _name):
D:\Project\AI Engineer\ePillID-benchmark-master\src\image_augmentators.py:7: FutureWarning: In the future `np.str` will be defined as the corresponding NumPy scalar.
  if not hasattr(_np, _name):
D:\Project\AI Engineer\ePillID-benchmark-master\src\image_augmentators.py:7: FutureWarning: In the future `np.bool` will be defined as the corresponding NumPy scalar.
  if not hasattr(_np, _name):
D:\Project\AI Engineer\ePillID-benchmark-master\src\image_augmentators.py:7: FutureWarning: In the future `np.object` will be defined as the corresponding NumPy scalar.
  if not hasattr(_np, _name):
D:\Project\AI Engineer\ePillID-benchmark-master\src\image_augmentators.py:7: FutureWarning: In the future `np.str` will be defined as the corresponding NumPy scalar.
  if not hasattr(_np, _name):
D:\Project\AI Engineer\ePillID-benchmark-master\src\image_augmentators.py:7: FutureWarning: In the future `np.bool` will be defined as the corresponding NumPy scalar.
  if not hasattr(_np, _name):
D:\Project\AI Engineer\ePillID-benchmark-master\src\image_augmentators.py:7: FutureWarning: In the future `np.object` will be defined as the corresponding NumPy scalar.
  if not hasattr(_np, _name):
D:\Project\AI Engineer\ePillID-benchmark-master\src\image_augmentators.py:7: FutureWarning: In the future `np.str` will be defined as the corresponding NumPy scalar.
  if not hasattr(_np, _name):
D:\Project\AI Engineer\ePillID-benchmark-master\src\image_augmentators.py:7: FutureWarning: In the future `np.bool` will be defined as the corresponding NumPy scalar.
  if not hasattr(_np, _name):
D:\Project\AI Engineer\ePillID-benchmark-master\src\image_augmentators.py:7: FutureWarning: In the future `np.object` will be defined as the corresponding NumPy scalar.
  if not hasattr(_np, _name):
D:\Project\AI Engineer\ePillID-benchmark-master\src\image_augmentators.py:7: FutureWarning: In the future `np.str` will be defined as the corresponding NumPy scalar.
  if not hasattr(_np, _name):
D:\Project\AI Engineer\ePillID-benchmark-master\src\image_augmentators.py:7: FutureWarning: In the future `np.bool` will be defined as the corresponding NumPy scalar.
  if not hasattr(_np, _name):
D:\Project\AI Engineer\ePillID-benchmark-master\src\image_augmentators.py:7: FutureWarning: In the future `np.object` will be defined as the corresponding NumPy scalar.
  if not hasattr(_np, _name):
D:\Project\AI Engineer\ePillID-benchmark-master\src\image_augmentators.py:7: FutureWarning: In the future `np.str` will be defined as the corresponding NumPy scalar.
  if not hasattr(_np, _name):
D:\Project\AI Engineer\ePillID-benchmark-master\src\image_augmentators.py:7: FutureWarning: In the future `np.bool` will be defined as the corresponding NumPy scalar.
  if not hasattr(_np, _name):
D:\Project\AI Engineer\ePillID-benchmark-master\src\image_augmentators.py:7: FutureWarning: In the future `np.object` will be defined as the corresponding NumPy scalar.
  if not hasattr(_np, _name):
D:\Project\AI Engineer\ePillID-benchmark-master\src\image_augmentators.py:7: FutureWarning: In the future `np.str` will be defined as the corresponding NumPy scalar.
  if not hasattr(_np, _name):
D:\Project\AI Engineer\ePillID-benchmark-master\src\image_augmentators.py:7: FutureWarning: In the future `np.bool` will be defined as the corresponding NumPy scalar.
  if not hasattr(_np, _name):
D:\Project\AI Engineer\ePillID-benchmark-master\src\image_augmentators.py:7: FutureWarning: In the future `np.object` will be defined as the corresponding NumPy scalar.
  if not hasattr(_np, _name):
D:\Project\AI Engineer\ePillID-benchmark-master\src\image_augmentators.py:7: FutureWarning: In the future `np.str` will be defined as the corresponding NumPy scalar.
  if not hasattr(_np, _name):
D:\Project\AI Engineer\ePillID-benchmark-master\src\image_augmentators.py:7: FutureWarning: In the future `np.bool` will be defined as the corresponding NumPy scalar.
  if not hasattr(_np, _name):
D:\Project\AI Engineer\ePillID-benchmark-master\src\image_augmentators.py:7: FutureWarning: In the future `np.object` will be defined as the corresponding NumPy scalar.
  if not hasattr(_np, _name):
D:\Project\AI Engineer\ePillID-benchmark-master\src\image_augmentators.py:7: FutureWarning: In the future `np.str` will be defined as the corresponding NumPy scalar.
  if not hasattr(_np, _name):
D:\Project\AI Engineer\ePillID-benchmark-master\src\image_augmentators.py:7: FutureWarning: In the future `np.bool` will be defined as the corresponding NumPy scalar.
  if not hasattr(_np, _name):
D:\Project\AI Engineer\ePillID-benchmark-master\src\image_augmentators.py:7: FutureWarning: In the future `np.object` will be defined as the corresponding NumPy scalar.
  if not hasattr(_np, _name):
D:\Project\AI Engineer\ePillID-benchmark-master\src\image_augmentators.py:7: FutureWarning: In the future `np.str` will be defined as the corresponding NumPy scalar.
  if not hasattr(_np, _name):
D:\Project\AI Engineer\ePillID-benchmark-master\src\image_augmentators.py:7: FutureWarning: In the future `np.bool` will be defined as the corresponding NumPy scalar.
  if not hasattr(_np, _name):
D:\Project\AI Engineer\ePillID-benchmark-master\src\image_augmentators.py:7: FutureWarning: In the future `np.object` will be defined as the corresponding NumPy scalar.
  if not hasattr(_np, _name):
D:\Project\AI Engineer\ePillID-benchmark-master\src\image_augmentators.py:7: FutureWarning: In the future `np.str` will be defined as the corresponding NumPy scalar.
  if not hasattr(_np, _name):
D:\Project\AI Engineer\ePillID-benchmark-master\src\image_augmentators.py:7: FutureWarning: In the future `np.bool` will be defined as the corresponding NumPy scalar.
  if not hasattr(_np, _name):
D:\Project\AI Engineer\ePillID-benchmark-master\src\image_augmentators.py:7: FutureWarning: In the future `np.object` will be defined as the corresponding NumPy scalar.
  if not hasattr(_np, _name):
D:\Project\AI Engineer\ePillID-benchmark-master\src\image_augmentators.py:7: FutureWarning: In the future `np.str` will be defined as the corresponding NumPy scalar.
  if not hasattr(_np, _name):
D:\Project\AI Engineer\ePillID-benchmark-master\src\image_augmentators.py:7: FutureWarning: In the future `np.bool` will be defined as the corresponding NumPy scalar.
  if not hasattr(_np, _name):
D:\Project\AI Engineer\ePillID-benchmark-master\src\image_augmentators.py:7: FutureWarning: In the future `np.object` will be defined as the corresponding NumPy scalar.
  if not hasattr(_np, _name):
D:\Project\AI Engineer\ePillID-benchmark-master\src\image_augmentators.py:7: FutureWarning: In the future `np.str` will be defined as the corresponding NumPy scalar.
  if not hasattr(_np, _name):
D:\Project\AI Engineer\ePillID-benchmark-master\src\image_augmentators.py:7: FutureWarning: In the future `np.bool` will be defined as the corresponding NumPy scalar.
  if not hasattr(_np, _name):
D:\Project\AI Engineer\ePillID-benchmark-master\src\image_augmentators.py:7: FutureWarning: In the future `np.object` will be defined as the corresponding NumPy scalar.
  if not hasattr(_np, _name):
D:\Project\AI Engineer\ePillID-benchmark-master\src\image_augmentators.py:7: FutureWarning: In the future `np.str` will be defined as the corresponding NumPy scalar.
  if not hasattr(_np, _name):
D:\Project\AI Engineer\ePillID-benchmark-master\src\image_augmentators.py:7: FutureWarning: In the future `np.bool` will be defined as the corresponding NumPy scalar.
  if not hasattr(_np, _name):
D:\Project\AI Engineer\ePillID-benchmark-master\src\image_augmentators.py:7: FutureWarning: In the future `np.object` will be defined as the corresponding NumPy scalar.
  if not hasattr(_np, _name):
D:\Project\AI Engineer\ePillID-benchmark-master\src\image_augmentators.py:7: FutureWarning: In the future `np.str` will be defined as the corresponding NumPy scalar.
  if not hasattr(_np, _name):
D:\Project\AI Engineer\ePillID-benchmark-master\src\image_augmentators.py:7: FutureWarning: In the future `np.bool` will be defined as the corresponding NumPy scalar.
  if not hasattr(_np, _name):
D:\Project\AI Engineer\ePillID-benchmark-master\src\image_augmentators.py:7: FutureWarning: In the future `np.object` will be defined as the corresponding NumPy scalar.
  if not hasattr(_np, _name):
D:\Project\AI Engineer\ePillID-benchmark-master\src\image_augmentators.py:7: FutureWarning: In the future `np.str` will be defined as the corresponding NumPy scalar.
  if not hasattr(_np, _name):
D:\Project\AI Engineer\ePillID-benchmark-master\src\image_augmentators.py:7: FutureWarning: In the future `np.bool` will be defined as the corresponding NumPy scalar.
  if not hasattr(_np, _name):
D:\Project\AI Engineer\ePillID-benchmark-master\src\image_augmentators.py:7: FutureWarning: In the future `np.object` will be defined as the corresponding NumPy scalar.
  if not hasattr(_np, _name):
D:\Project\AI Engineer\ePillID-benchmark-master\src\image_augmentators.py:7: FutureWarning: In the future `np.str` will be defined as the corresponding NumPy scalar.
  if not hasattr(_np, _name):
D:\Project\AI Engineer\ePillID-benchmark-master\src\image_augmentators.py:7: FutureWarning: In the future `np.bool` will be defined as the corresponding NumPy scalar.
  if not hasattr(_np, _name):
D:\Project\AI Engineer\ePillID-benchmark-master\src\image_augmentators.py:7: FutureWarning: In the future `np.object` will be defined as the corresponding NumPy scalar.
  if not hasattr(_np, _name):
D:\Project\AI Engineer\ePillID-benchmark-master\src\image_augmentators.py:7: FutureWarning: In the future `np.str` will be defined as the corresponding NumPy scalar.
  if not hasattr(_np, _name):
D:\Project\AI Engineer\ePillID-benchmark-master\src\image_augmentators.py:7: FutureWarning: In the future `np.bool` will be defined as the corresponding NumPy scalar.
  if not hasattr(_np, _name):
D:\Project\AI Engineer\ePillID-benchmark-master\src\image_augmentators.py:7: FutureWarning: In the future `np.object` will be defined as the corresponding NumPy scalar.
  if not hasattr(_np, _name):
D:\Project\AI Engineer\ePillID-benchmark-master\src\image_augmentators.py:7: FutureWarning: In the future `np.str` will be defined as the corresponding NumPy scalar.
  if not hasattr(_np, _name):
D:\Project\AI Engineer\ePillID-benchmark-master\src\image_augmentators.py:7: FutureWarning: In the future `np.bool` will be defined as the corresponding NumPy scalar.
  if not hasattr(_np, _name):
D:\Project\AI Engineer\ePillID-benchmark-master\src\image_augmentators.py:7: FutureWarning: In the future `np.object` will be defined as the corresponding NumPy scalar.
  if not hasattr(_np, _name):
D:\Project\AI Engineer\ePillID-benchmark-master\src\image_augmentators.py:7: FutureWarning: In the future `np.str` will be defined as the corresponding NumPy scalar.
  if not hasattr(_np, _name):
D:\Project\AI Engineer\ePillID-benchmark-master\src\image_augmentators.py:7: FutureWarning: In the future `np.bool` will be defined as the corresponding NumPy scalar.
  if not hasattr(_np, _name):
D:\Project\AI Engineer\ePillID-benchmark-master\src\image_augmentators.py:7: FutureWarning: In the future `np.object` will be defined as the corresponding NumPy scalar.
  if not hasattr(_np, _name):
D:\Project\AI Engineer\ePillID-benchmark-master\src\image_augmentators.py:7: FutureWarning: In the future `np.str` will be defined as the corresponding NumPy scalar.
  if not hasattr(_np, _name):
D:\Project\AI Engineer\ePillID-benchmark-master\src\image_augmentators.py:7: FutureWarning: In the future `np.bool` will be defined as the corresponding NumPy scalar.
  if not hasattr(_np, _name):
D:\Project\AI Engineer\ePillID-benchmark-master\src\image_augmentators.py:7: FutureWarning: In the future `np.object` will be defined as the corresponding NumPy scalar.
  if not hasattr(_np, _name):
D:\Project\AI Engineer\ePillID-benchmark-master\src\image_augmentators.py:7: FutureWarning: In the future `np.str` will be defined as the corresponding NumPy scalar.
  if not hasattr(_np, _name):
D:\Project\AI Engineer\ePillID-benchmark-master\src\image_augmentators.py:7: FutureWarning: In the future `np.bool` will be defined as the corresponding NumPy scalar.
  if not hasattr(_np, _name):
D:\Project\AI Engineer\ePillID-benchmark-master\src\image_augmentators.py:7: FutureWarning: In the future `np.object` will be defined as the corresponding NumPy scalar.
  if not hasattr(_np, _name):
D:\Project\AI Engineer\ePillID-benchmark-master\src\image_augmentators.py:7: FutureWarning: In the future `np.str` will be defined as the corresponding NumPy scalar.
  if not hasattr(_np, _name):
D:\Project\AI Engineer\ePillID-benchmark-master\src\image_augmentators.py:7: FutureWarning: In the future `np.bool` will be defined as the corresponding NumPy scalar.
  if not hasattr(_np, _name):
D:\Project\AI Engineer\ePillID-benchmark-master\src\image_augmentators.py:7: FutureWarning: In the future `np.object` will be defined as the corresponding NumPy scalar.
  if not hasattr(_np, _name):
D:\Project\AI Engineer\ePillID-benchmark-master\src\image_augmentators.py:7: FutureWarning: In the future `np.str` will be defined as the corresponding NumPy scalar.
  if not hasattr(_np, _name):
D:\Project\AI Engineer\ePillID-benchmark-master\src\image_augmentators.py:7: FutureWarning: In the future `np.bool` will be defined as the corresponding NumPy scalar.
  if not hasattr(_np, _name):
D:\Project\AI Engineer\ePillID-benchmark-master\src\image_augmentators.py:7: FutureWarning: In the future `np.object` will be defined as the corresponding NumPy scalar.
  if not hasattr(_np, _name):
D:\Project\AI Engineer\ePillID-benchmark-master\src\image_augmentators.py:7: FutureWarning: In the future `np.str` will be defined as the corresponding NumPy scalar.
  if not hasattr(_np, _name):
D:\Project\AI Engineer\ePillID-benchmark-master\src\image_augmentators.py:7: FutureWarning: In the future `np.bool` will be defined as the corresponding NumPy scalar.
  if not hasattr(_np, _name):
D:\Project\AI Engineer\ePillID-benchmark-master\src\image_augmentators.py:7: FutureWarning: In the future `np.object` will be defined as the corresponding NumPy scalar.
  if not hasattr(_np, _name):
D:\Project\AI Engineer\ePillID-benchmark-master\src\image_augmentators.py:7: FutureWarning: In the future `np.str` will be defined as the corresponding NumPy scalar.
  if not hasattr(_np, _name):
D:\Project\AI Engineer\ePillID-benchmark-master\src\image_augmentators.py:7: FutureWarning: In the future `np.bool` will be defined as the corresponding NumPy scalar.
  if not hasattr(_np, _name):
D:\Project\AI Engineer\ePillID-benchmark-master\src\image_augmentators.py:7: FutureWarning: In the future `np.object` will be defined as the corresponding NumPy scalar.
  if not hasattr(_np, _name):
D:\Project\AI Engineer\ePillID-benchmark-master\src\image_augmentators.py:7: FutureWarning: In the future `np.str` will be defined as the corresponding NumPy scalar.
  if not hasattr(_np, _name):
D:\Project\AI Engineer\ePillID-benchmark-master\src\image_augmentators.py:7: FutureWarning: In the future `np.bool` will be defined as the corresponding NumPy scalar.
  if not hasattr(_np, _name):
D:\Project\AI Engineer\ePillID-benchmark-master\src\image_augmentators.py:7: FutureWarning: In the future `np.object` will be defined as the corresponding NumPy scalar.
  if not hasattr(_np, _name):
D:\Project\AI Engineer\ePillID-benchmark-master\src\image_augmentators.py:7: FutureWarning: In the future `np.str` will be defined as the corresponding NumPy scalar.
  if not hasattr(_np, _name):
D:\Project\AI Engineer\ePillID-benchmark-master\src\image_augmentators.py:7: FutureWarning: In the future `np.bool` will be defined as the corresponding NumPy scalar.
  if not hasattr(_np, _name):
D:\Project\AI Engineer\ePillID-benchmark-master\src\image_augmentators.py:7: FutureWarning: In the future `np.object` will be defined as the corresponding NumPy scalar.
  if not hasattr(_np, _name):
D:\Project\AI Engineer\ePillID-benchmark-master\src\image_augmentators.py:7: FutureWarning: In the future `np.str` will be defined as the corresponding NumPy scalar.
  if not hasattr(_np, _name):
D:\Project\AI Engineer\ePillID-benchmark-master\src\image_augmentators.py:7: FutureWarning: In the future `np.bool` will be defined as the corresponding NumPy scalar.
  if not hasattr(_np, _name):
D:\Project\AI Engineer\ePillID-benchmark-master\src\image_augmentators.py:7: FutureWarning: In the future `np.object` will be defined as the corresponding NumPy scalar.
  if not hasattr(_np, _name):
D:\Project\AI Engineer\ePillID-benchmark-master\src\image_augmentators.py:7: FutureWarning: In the future `np.str` will be defined as the corresponding NumPy scalar.
  if not hasattr(_np, _name):
D:\Project\AI Engineer\ePillID-benchmark-master\src\image_augmentators.py:7: FutureWarning: In the future `np.bool` will be defined as the corresponding NumPy scalar.
  if not hasattr(_np, _name):
D:\Project\AI Engineer\ePillID-benchmark-master\src\image_augmentators.py:7: FutureWarning: In the future `np.object` will be defined as the corresponding NumPy scalar.
  if not hasattr(_np, _name):
D:\Project\AI Engineer\ePillID-benchmark-master\src\image_augmentators.py:7: FutureWarning: In the future `np.str` will be defined as the corresponding NumPy scalar.
  if not hasattr(_np, _name):
D:\Project\AI Engineer\ePillID-benchmark-master\src\image_augmentators.py:7: FutureWarning: In the future `np.bool` will be defined as the corresponding NumPy scalar.
  if not hasattr(_np, _name):
D:\Project\AI Engineer\ePillID-benchmark-master\src\image_augmentators.py:7: FutureWarning: In the future `np.object` will be defined as the corresponding NumPy scalar.
  if not hasattr(_np, _name):
D:\Project\AI Engineer\ePillID-benchmark-master\src\image_augmentators.py:7: FutureWarning: In the future `np.str` will be defined as the corresponding NumPy scalar.
  if not hasattr(_np, _name):
D:\Project\AI Engineer\ePillID-benchmark-master\src\image_augmentators.py:7: FutureWarning: In the future `np.bool` will be defined as the corresponding NumPy scalar.
  if not hasattr(_np, _name):
D:\Project\AI Engineer\ePillID-benchmark-master\src\image_augmentators.py:7: FutureWarning: In the future `np.object` will be defined as the corresponding NumPy scalar.
  if not hasattr(_np, _name):
D:\Project\AI Engineer\ePillID-benchmark-master\src\image_augmentators.py:7: FutureWarning: In the future `np.str` will be defined as the corresponding NumPy scalar.
  if not hasattr(_np, _name):
D:\Project\AI Engineer\ePillID-benchmark-master\src\image_augmentators.py:7: FutureWarning: In the future `np.bool` will be defined as the corresponding NumPy scalar.
  if not hasattr(_np, _name):
D:\Project\AI Engineer\ePillID-benchmark-master\src\image_augmentators.py:7: FutureWarning: In the future `np.object` will be defined as the corresponding NumPy scalar.
  if not hasattr(_np, _name):
D:\Project\AI Engineer\ePillID-benchmark-master\src\image_augmentators.py:7: FutureWarning: In the future `np.str` will be defined as the corresponding NumPy scalar.
  if not hasattr(_np, _name):
D:\Project\AI Engineer\ePillID-benchmark-master\src\image_augmentators.py:7: FutureWarning: In the future `np.bool` will be defined as the corresponding NumPy scalar.
  if not hasattr(_np, _name):
D:\Project\AI Engineer\ePillID-benchmark-master\src\image_augmentators.py:7: FutureWarning: In the future `np.object` will be defined as the corresponding NumPy scalar.
  if not hasattr(_np, _name):
D:\Project\AI Engineer\ePillID-benchmark-master\src\image_augmentators.py:7: FutureWarning: In the future `np.str` will be defined as the corresponding NumPy scalar.
  if not hasattr(_np, _name):
D:\Project\AI Engineer\ePillID-benchmark-master\src\image_augmentators.py:7: FutureWarning: In the future `np.bool` will be defined as the corresponding NumPy scalar.
  if not hasattr(_np, _name):
D:\Project\AI Engineer\ePillID-benchmark-master\src\image_augmentators.py:7: FutureWarning: In the future `np.object` will be defined as the corresponding NumPy scalar.
  if not hasattr(_np, _name):
D:\Project\AI Engineer\ePillID-benchmark-master\src\image_augmentators.py:7: FutureWarning: In the future `np.str` will be defined as the corresponding NumPy scalar.
  if not hasattr(_np, _name):
D:\Project\AI Engineer\ePillID-benchmark-master\src\image_augmentators.py:7: FutureWarning: In the future `np.bool` will be defined as the corresponding NumPy scalar.
  if not hasattr(_np, _name):
D:\Project\AI Engineer\ePillID-benchmark-master\src\image_augmentators.py:7: FutureWarning: In the future `np.object` will be defined as the corresponding NumPy scalar.
  if not hasattr(_np, _name):
D:\Project\AI Engineer\ePillID-benchmark-master\src\image_augmentators.py:7: FutureWarning: In the future `np.str` will be defined as the corresponding NumPy scalar.
  if not hasattr(_np, _name):
D:\Project\AI Engineer\ePillID-benchmark-master\src\image_augmentators.py:7: FutureWarning: In the future `np.bool` will be defined as the corresponding NumPy scalar.
  if not hasattr(_np, _name):
D:\Project\AI Engineer\ePillID-benchmark-master\src\image_augmentators.py:7: FutureWarning: In the future `np.object` will be defined as the corresponding NumPy scalar.
  if not hasattr(_np, _name):
D:\Project\AI Engineer\ePillID-benchmark-master\src\image_augmentators.py:7: FutureWarning: In the future `np.str` will be defined as the corresponding NumPy scalar.
  if not hasattr(_np, _name):
D:\Project\AI Engineer\ePillID-benchmark-master\src\image_augmentators.py:7: FutureWarning: In the future `np.bool` will be defined as the corresponding NumPy scalar.
  if not hasattr(_np, _name):
D:\Project\AI Engineer\ePillID-benchmark-master\src\image_augmentators.py:7: FutureWarning: In the future `np.object` will be defined as the corresponding NumPy scalar.
  if not hasattr(_np, _name):
D:\Project\AI Engineer\ePillID-benchmark-master\src\image_augmentators.py:7: FutureWarning: In the future `np.str` will be defined as the corresponding NumPy scalar.
  if not hasattr(_np, _name):
D:\Project\AI Engineer\ePillID-benchmark-master\src\image_augmentators.py:7: FutureWarning: In the future `np.bool` will be defined as the corresponding NumPy scalar.
  if not hasattr(_np, _name):
D:\Project\AI Engineer\ePillID-benchmark-master\src\image_augmentators.py:7: FutureWarning: In the future `np.object` will be defined as the corresponding NumPy scalar.
  if not hasattr(_np, _name):
D:\Project\AI Engineer\ePillID-benchmark-master\src\image_augmentators.py:7: FutureWarning: In the future `np.str` will be defined as the corresponding NumPy scalar.
  if not hasattr(_np, _name):
D:\Project\AI Engineer\ePillID-benchmark-master\src\image_augmentators.py:7: FutureWarning: In the future `np.bool` will be defined as the corresponding NumPy scalar.
  if not hasattr(_np, _name):
D:\Project\AI Engineer\ePillID-benchmark-master\src\image_augmentators.py:7: FutureWarning: In the future `np.object` will be defined as the corresponding NumPy scalar.
  if not hasattr(_np, _name):
D:\Project\AI Engineer\ePillID-benchmark-master\src\image_augmentators.py:7: FutureWarning: In the future `np.str` will be defined as the corresponding NumPy scalar.
  if not hasattr(_np, _name):
D:\Project\AI Engineer\ePillID-benchmark-master\src\image_augmentators.py:7: FutureWarning: In the future `np.bool` will be defined as the corresponding NumPy scalar.
  if not hasattr(_np, _name):
D:\Project\AI Engineer\ePillID-benchmark-master\src\image_augmentators.py:7: FutureWarning: In the future `np.object` will be defined as the corresponding NumPy scalar.
  if not hasattr(_np, _name):
D:\Project\AI Engineer\ePillID-benchmark-master\src\image_augmentators.py:7: FutureWarning: In the future `np.str` will be defined as the corresponding NumPy scalar.
  if not hasattr(_np, _name):
D:\Project\AI Engineer\ePillID-benchmark-master\src\image_augmentators.py:7: FutureWarning: In the future `np.bool` will be defined as the corresponding NumPy scalar.
  if not hasattr(_np, _name):
D:\Project\AI Engineer\ePillID-benchmark-master\src\image_augmentators.py:7: FutureWarning: In the future `np.object` will be defined as the corresponding NumPy scalar.
  if not hasattr(_np, _name):
D:\Project\AI Engineer\ePillID-benchmark-master\src\image_augmentators.py:7: FutureWarning: In the future `np.str` will be defined as the corresponding NumPy scalar.
  if not hasattr(_np, _name):
D:\Project\AI Engineer\ePillID-benchmark-master\src\image_augmentators.py:7: FutureWarning: In the future `np.bool` will be defined as the corresponding NumPy scalar.
  if not hasattr(_np, _name):
D:\Project\AI Engineer\ePillID-benchmark-master\src\image_augmentators.py:7: FutureWarning: In the future `np.object` will be defined as the corresponding NumPy scalar.
  if not hasattr(_np, _name):
D:\Project\AI Engineer\ePillID-benchmark-master\src\image_augmentators.py:7: FutureWarning: In the future `np.str` will be defined as the corresponding NumPy scalar.
  if not hasattr(_np, _name):
D:\Project\AI Engineer\ePillID-benchmark-master\src\image_augmentators.py:7: FutureWarning: In the future `np.bool` will be defined as the corresponding NumPy scalar.
  if not hasattr(_np, _name):
D:\Project\AI Engineer\ePillID-benchmark-master\src\image_augmentators.py:7: FutureWarning: In the future `np.object` will be defined as the corresponding NumPy scalar.
  if not hasattr(_np, _name):
D:\Project\AI Engineer\ePillID-benchmark-master\src\image_augmentators.py:7: FutureWarning: In the future `np.str` will be defined as the corresponding NumPy scalar.
  if not hasattr(_np, _name):
D:\Project\AI Engineer\ePillID-benchmark-master\src\image_augmentators.py:7: FutureWarning: In the future `np.bool` will be defined as the corresponding NumPy scalar.
  if not hasattr(_np, _name):
D:\Project\AI Engineer\ePillID-benchmark-master\src\image_augmentators.py:7: FutureWarning: In the future `np.object` will be defined as the corresponding NumPy scalar.
  if not hasattr(_np, _name):
D:\Project\AI Engineer\ePillID-benchmark-master\src\image_augmentators.py:7: FutureWarning: In the future `np.str` will be defined as the corresponding NumPy scalar.
  if not hasattr(_np, _name):
D:\Project\AI Engineer\ePillID-benchmark-master\src\image_augmentators.py:7: FutureWarning: In the future `np.bool` will be defined as the corresponding NumPy scalar.
  if not hasattr(_np, _name):
D:\Project\AI Engineer\ePillID-benchmark-master\src\image_augmentators.py:7: FutureWarning: In the future `np.object` will be defined as the corresponding NumPy scalar.
  if not hasattr(_np, _name):
D:\Project\AI Engineer\ePillID-benchmark-master\src\image_augmentators.py:7: FutureWarning: In the future `np.str` will be defined as the corresponding NumPy scalar.
  if not hasattr(_np, _name):
D:\Project\AI Engineer\ePillID-benchmark-master\src\image_augmentators.py:7: FutureWarning: In the future `np.bool` will be defined as the corresponding NumPy scalar.
  if not hasattr(_np, _name):
D:\Project\AI Engineer\ePillID-benchmark-master\src\image_augmentators.py:7: FutureWarning: In the future `np.object` will be defined as the corresponding NumPy scalar.
  if not hasattr(_np, _name):
D:\Project\AI Engineer\ePillID-benchmark-master\src\image_augmentators.py:7: FutureWarning: In the future `np.str` will be defined as the corresponding NumPy scalar.
  if not hasattr(_np, _name):
D:\Project\AI Engineer\ePillID-benchmark-master\src\image_augmentators.py:7: FutureWarning: In the future `np.bool` will be defined as the corresponding NumPy scalar.
  if not hasattr(_np, _name):
D:\Project\AI Engineer\ePillID-benchmark-master\src\image_augmentators.py:7: FutureWarning: In the future `np.object` will be defined as the corresponding NumPy scalar.
  if not hasattr(_np, _name):
D:\Project\AI Engineer\ePillID-benchmark-master\src\image_augmentators.py:7: FutureWarning: In the future `np.str` will be defined as the corresponding NumPy scalar.
  if not hasattr(_np, _name):
D:\Project\AI Engineer\ePillID-benchmark-master\src\image_augmentators.py:7: FutureWarning: In the future `np.bool` will be defined as the corresponding NumPy scalar.
  if not hasattr(_np, _name):
D:\Project\AI Engineer\ePillID-benchmark-master\src\image_augmentators.py:7: FutureWarning: In the future `np.object` will be defined as the corresponding NumPy scalar.
  if not hasattr(_np, _name):
D:\Project\AI Engineer\ePillID-benchmark-master\src\image_augmentators.py:7: FutureWarning: In the future `np.str` will be defined as the corresponding NumPy scalar.
  if not hasattr(_np, _name):
D:\Project\AI Engineer\ePillID-benchmark-master\src\image_augmentators.py:7: FutureWarning: In the future `np.bool` will be defined as the corresponding NumPy scalar.
  if not hasattr(_np, _name):
D:\Project\AI Engineer\ePillID-benchmark-master\src\image_augmentators.py:7: FutureWarning: In the future `np.object` will be defined as the corresponding NumPy scalar.
  if not hasattr(_np, _name):
D:\Project\AI Engineer\ePillID-benchmark-master\src\image_augmentators.py:7: FutureWarning: In the future `np.str` will be defined as the corresponding NumPy scalar.
  if not hasattr(_np, _name):
D:\Project\AI Engineer\ePillID-benchmark-master\src\image_augmentators.py:7: FutureWarning: In the future `np.bool` will be defined as the corresponding NumPy scalar.
  if not hasattr(_np, _name):
D:\Project\AI Engineer\ePillID-benchmark-master\src\image_augmentators.py:7: FutureWarning: In the future `np.object` will be defined as the corresponding NumPy scalar.
  if not hasattr(_np, _name):
D:\Project\AI Engineer\ePillID-benchmark-master\src\image_augmentators.py:7: FutureWarning: In the future `np.str` will be defined as the corresponding NumPy scalar.
  if not hasattr(_np, _name):
D:\Project\AI Engineer\ePillID-benchmark-master\src\image_augmentators.py:7: FutureWarning: In the future `np.bool` will be defined as the corresponding NumPy scalar.
  if not hasattr(_np, _name):
D:\Project\AI Engineer\ePillID-benchmark-master\src\image_augmentators.py:7: FutureWarning: In the future `np.object` will be defined as the corresponding NumPy scalar.
  if not hasattr(_np, _name):
D:\Project\AI Engineer\ePillID-benchmark-master\src\image_augmentators.py:7: FutureWarning: In the future `np.str` will be defined as the corresponding NumPy scalar.
  if not hasattr(_np, _name):
D:\Project\AI Engineer\ePillID-benchmark-master\src\image_augmentators.py:7: FutureWarning: In the future `np.bool` will be defined as the corresponding NumPy scalar.
  if not hasattr(_np, _name):
D:\Project\AI Engineer\ePillID-benchmark-master\src\image_augmentators.py:7: FutureWarning: In the future `np.object` will be defined as the corresponding NumPy scalar.
  if not hasattr(_np, _name):
D:\Project\AI Engineer\ePillID-benchmark-master\src\image_augmentators.py:7: FutureWarning: In the future `np.str` will be defined as the corresponding NumPy scalar.
  if not hasattr(_np, _name):
D:\Project\AI Engineer\ePillID-benchmark-master\src\image_augmentators.py:7: FutureWarning: In the future `np.bool` will be defined as the corresponding NumPy scalar.
  if not hasattr(_np, _name):
D:\Project\AI Engineer\ePillID-benchmark-master\src\image_augmentators.py:7: FutureWarning: In the future `np.object` will be defined as the corresponding NumPy scalar.
  if not hasattr(_np, _name):
D:\Project\AI Engineer\ePillID-benchmark-master\src\image_augmentators.py:7: FutureWarning: In the future `np.str` will be defined as the corresponding NumPy scalar.
  if not hasattr(_np, _name):
D:\Project\AI Engineer\ePillID-benchmark-master\src\image_augmentators.py:7: FutureWarning: In the future `np.bool` will be defined as the corresponding NumPy scalar.
  if not hasattr(_np, _name):
D:\Project\AI Engineer\ePillID-benchmark-master\src\image_augmentators.py:7: FutureWarning: In the future `np.object` will be defined as the corresponding NumPy scalar.
  if not hasattr(_np, _name):
D:\Project\AI Engineer\ePillID-benchmark-master\src\image_augmentators.py:7: FutureWarning: In the future `np.str` will be defined as the corresponding NumPy scalar.
  if not hasattr(_np, _name):
D:\Project\AI Engineer\ePillID-benchmark-master\src\image_augmentators.py:7: FutureWarning: In the future `np.bool` will be defined as the corresponding NumPy scalar.
  if not hasattr(_np, _name):
D:\Project\AI Engineer\ePillID-benchmark-master\src\image_augmentators.py:7: FutureWarning: In the future `np.object` will be defined as the corresponding NumPy scalar.
  if not hasattr(_np, _name):
D:\Project\AI Engineer\ePillID-benchmark-master\src\image_augmentators.py:7: FutureWarning: In the future `np.str` will be defined as the corresponding NumPy scalar.
  if not hasattr(_np, _name):
D:\Project\AI Engineer\ePillID-benchmark-master\src\image_augmentators.py:7: FutureWarning: In the future `np.bool` will be defined as the corresponding NumPy scalar.
  if not hasattr(_np, _name):
D:\Project\AI Engineer\ePillID-benchmark-master\src\image_augmentators.py:7: FutureWarning: In the future `np.object` will be defined as the corresponding NumPy scalar.
  if not hasattr(_np, _name):
D:\Project\AI Engineer\ePillID-benchmark-master\src\image_augmentators.py:7: FutureWarning: In the future `np.str` will be defined as the corresponding NumPy scalar.
  if not hasattr(_np, _name):
D:\Project\AI Engineer\ePillID-benchmark-master\src\image_augmentators.py:7: FutureWarning: In the future `np.bool` will be defined as the corresponding NumPy scalar.
  if not hasattr(_np, _name):
D:\Project\AI Engineer\ePillID-benchmark-master\src\image_augmentators.py:7: FutureWarning: In the future `np.object` will be defined as the corresponding NumPy scalar.
  if not hasattr(_np, _name):
D:\Project\AI Engineer\ePillID-benchmark-master\src\image_augmentators.py:7: FutureWarning: In the future `np.str` will be defined as the corresponding NumPy scalar.
  if not hasattr(_np, _name):
D:\Project\AI Engineer\ePillID-benchmark-master\src\image_augmentators.py:7: FutureWarning: In the future `np.bool` will be defined as the corresponding NumPy scalar.
  if not hasattr(_np, _name):
D:\Project\AI Engineer\ePillID-benchmark-master\src\image_augmentators.py:7: FutureWarning: In the future `np.object` will be defined as the corresponding NumPy scalar.
  if not hasattr(_np, _name):
D:\Project\AI Engineer\ePillID-benchmark-master\src\image_augmentators.py:7: FutureWarning: In the future `np.str` will be defined as the corresponding NumPy scalar.
  if not hasattr(_np, _name):
D:\Project\AI Engineer\ePillID-benchmark-master\src\image_augmentators.py:7: FutureWarning: In the future `np.bool` will be defined as the corresponding NumPy scalar.
  if not hasattr(_np, _name):
D:\Project\AI Engineer\ePillID-benchmark-master\src\image_augmentators.py:7: FutureWarning: In the future `np.object` will be defined as the corresponding NumPy scalar.
  if not hasattr(_np, _name):
D:\Project\AI Engineer\ePillID-benchmark-master\src\image_augmentators.py:7: FutureWarning: In the future `np.str` will be defined as the corresponding NumPy scalar.
  if not hasattr(_np, _name):
D:\Project\AI Engineer\ePillID-benchmark-master\src\image_augmentators.py:7: FutureWarning: In the future `np.bool` will be defined as the corresponding NumPy scalar.
  if not hasattr(_np, _name):
D:\Project\AI Engineer\ePillID-benchmark-master\src\image_augmentators.py:7: FutureWarning: In the future `np.object` will be defined as the corresponding NumPy scalar.
  if not hasattr(_np, _name):
D:\Project\AI Engineer\ePillID-benchmark-master\src\image_augmentators.py:7: FutureWarning: In the future `np.str` will be defined as the corresponding NumPy scalar.
  if not hasattr(_np, _name):
D:\Project\AI Engineer\ePillID-benchmark-master\src\image_augmentators.py:7: FutureWarning: In the future `np.bool` will be defined as the corresponding NumPy scalar.
  if not hasattr(_np, _name):
D:\Project\AI Engineer\ePillID-benchmark-master\src\image_augmentators.py:7: FutureWarning: In the future `np.object` will be defined as the corresponding NumPy scalar.
  if not hasattr(_np, _name):
D:\Project\AI Engineer\ePillID-benchmark-master\src\image_augmentators.py:7: FutureWarning: In the future `np.str` will be defined as the corresponding NumPy scalar.
  if not hasattr(_np, _name):
D:\Project\AI Engineer\ePillID-benchmark-master\src\image_augmentators.py:7: FutureWarning: In the future `np.bool` will be defined as the corresponding NumPy scalar.
  if not hasattr(_np, _name):
D:\Project\AI Engineer\ePillID-benchmark-master\src\image_augmentators.py:7: FutureWarning: In the future `np.object` will be defined as the corresponding NumPy scalar.
  if not hasattr(_np, _name):
D:\Project\AI Engineer\ePillID-benchmark-master\src\image_augmentators.py:7: FutureWarning: In the future `np.str` will be defined as the corresponding NumPy scalar.
  if not hasattr(_np, _name):
D:\Project\AI Engineer\ePillID-benchmark-master\src\image_augmentators.py:7: FutureWarning: In the future `np.bool` will be defined as the corresponding NumPy scalar.
  if not hasattr(_np, _name):
D:\Project\AI Engineer\ePillID-benchmark-master\src\image_augmentators.py:7: FutureWarning: In the future `np.object` will be defined as the corresponding NumPy scalar.
  if not hasattr(_np, _name):
D:\Project\AI Engineer\ePillID-benchmark-master\src\image_augmentators.py:7: FutureWarning: In the future `np.str` will be defined as the corresponding NumPy scalar.
  if not hasattr(_np, _name):
D:\Project\AI Engineer\ePillID-benchmark-master\src\image_augmentators.py:7: FutureWarning: In the future `np.bool` will be defined as the corresponding NumPy scalar.
  if not hasattr(_np, _name):
D:\Project\AI Engineer\ePillID-benchmark-master\src\image_augmentators.py:7: FutureWarning: In the future `np.object` will be defined as the corresponding NumPy scalar.
  if not hasattr(_np, _name):
D:\Project\AI Engineer\ePillID-benchmark-master\src\image_augmentators.py:7: FutureWarning: In the future `np.str` will be defined as the corresponding NumPy scalar.
  if not hasattr(_np, _name):
D:\Project\AI Engineer\ePillID-benchmark-master\src\image_augmentators.py:7: FutureWarning: In the future `np.bool` will be defined as the corresponding NumPy scalar.
  if not hasattr(_np, _name):
D:\Project\AI Engineer\ePillID-benchmark-master\src\image_augmentators.py:7: FutureWarning: In the future `np.object` will be defined as the corresponding NumPy scalar.
  if not hasattr(_np, _name):
D:\Project\AI Engineer\ePillID-benchmark-master\src\image_augmentators.py:7: FutureWarning: In the future `np.str` will be defined as the corresponding NumPy scalar.
  if not hasattr(_np, _name):
D:\Project\AI Engineer\ePillID-benchmark-master\src\image_augmentators.py:7: FutureWarning: In the future `np.bool` will be defined as the corresponding NumPy scalar.
  if not hasattr(_np, _name):
D:\Project\AI Engineer\ePillID-benchmark-master\src\image_augmentators.py:7: FutureWarning: In the future `np.object` will be defined as the corresponding NumPy scalar.
  if not hasattr(_np, _name):
D:\Project\AI Engineer\ePillID-benchmark-master\src\image_augmentators.py:7: FutureWarning: In the future `np.str` will be defined as the corresponding NumPy scalar.
  if not hasattr(_np, _name):
D:\Project\AI Engineer\ePillID-benchmark-master\src\image_augmentators.py:7: FutureWarning: In the future `np.bool` will be defined as the corresponding NumPy scalar.
  if not hasattr(_np, _name):
D:\Project\AI Engineer\ePillID-benchmark-master\src\image_augmentators.py:7: FutureWarning: In the future `np.object` will be defined as the corresponding NumPy scalar.
  if not hasattr(_np, _name):
D:\Project\AI Engineer\ePillID-benchmark-master\src\image_augmentators.py:7: FutureWarning: In the future `np.str` will be defined as the corresponding NumPy scalar.
  if not hasattr(_np, _name):
D:\Project\AI Engineer\ePillID-benchmark-master\src\image_augmentators.py:7: FutureWarning: In the future `np.bool` will be defined as the corresponding NumPy scalar.
  if not hasattr(_np, _name):
D:\Project\AI Engineer\ePillID-benchmark-master\src\image_augmentators.py:7: FutureWarning: In the future `np.object` will be defined as the corresponding NumPy scalar.
  if not hasattr(_np, _name):
D:\Project\AI Engineer\ePillID-benchmark-master\src\image_augmentators.py:7: FutureWarning: In the future `np.str` will be defined as the corresponding NumPy scalar.
  if not hasattr(_np, _name):
D:\Project\AI Engineer\ePillID-benchmark-master\src\image_augmentators.py:7: FutureWarning: In the future `np.bool` will be defined as the corresponding NumPy scalar.
  if not hasattr(_np, _name):
D:\Project\AI Engineer\ePillID-benchmark-master\src\image_augmentators.py:7: FutureWarning: In the future `np.object` will be defined as the corresponding NumPy scalar.
  if not hasattr(_np, _name):
D:\Project\AI Engineer\ePillID-benchmark-master\src\image_augmentators.py:7: FutureWarning: In the future `np.str` will be defined as the corresponding NumPy scalar.
  if not hasattr(_np, _name):
D:\Project\AI Engineer\ePillID-benchmark-master\src\image_augmentators.py:7: FutureWarning: In the future `np.bool` will be defined as the corresponding NumPy scalar.
  if not hasattr(_np, _name):
D:\Project\AI Engineer\ePillID-benchmark-master\src\image_augmentators.py:7: FutureWarning: In the future `np.object` will be defined as the corresponding NumPy scalar.
  if not hasattr(_np, _name):
D:\Project\AI Engineer\ePillID-benchmark-master\src\image_augmentators.py:7: FutureWarning: In the future `np.str` will be defined as the corresponding NumPy scalar.
  if not hasattr(_np, _name):
D:\Project\AI Engineer\ePillID-benchmark-master\src\image_augmentators.py:7: FutureWarning: In the future `np.bool` will be defined as the corresponding NumPy scalar.
  if not hasattr(_np, _name):
D:\Project\AI Engineer\ePillID-benchmark-master\src\image_augmentators.py:7: FutureWarning: In the future `np.object` will be defined as the corresponding NumPy scalar.
  if not hasattr(_np, _name):
D:\Project\AI Engineer\ePillID-benchmark-master\src\image_augmentators.py:7: FutureWarning: In the future `np.str` will be defined as the corresponding NumPy scalar.
  if not hasattr(_np, _name):
D:\Project\AI Engineer\ePillID-benchmark-master\src\image_augmentators.py:7: FutureWarning: In the future `np.bool` will be defined as the corresponding NumPy scalar.
  if not hasattr(_np, _name):
D:\Project\AI Engineer\ePillID-benchmark-master\src\image_augmentators.py:7: FutureWarning: In the future `np.object` will be defined as the corresponding NumPy scalar.
  if not hasattr(_np, _name):
D:\Project\AI Engineer\ePillID-benchmark-master\src\image_augmentators.py:7: FutureWarning: In the future `np.str` will be defined as the corresponding NumPy scalar.
  if not hasattr(_np, _name):
D:\Project\AI Engineer\ePillID-benchmark-master\src\image_augmentators.py:7: FutureWarning: In the future `np.bool` will be defined as the corresponding NumPy scalar.
  if not hasattr(_np, _name):
D:\Project\AI Engineer\ePillID-benchmark-master\src\image_augmentators.py:7: FutureWarning: In the future `np.object` will be defined as the corresponding NumPy scalar.
  if not hasattr(_np, _name):
D:\Project\AI Engineer\ePillID-benchmark-master\src\image_augmentators.py:7: FutureWarning: In the future `np.str` will be defined as the corresponding NumPy scalar.
  if not hasattr(_np, _name):
D:\Project\AI Engineer\ePillID-benchmark-master\src\image_augmentators.py:7: FutureWarning: In the future `np.bool` will be defined as the corresponding NumPy scalar.
  if not hasattr(_np, _name):
D:\Project\AI Engineer\ePillID-benchmark-master\src\image_augmentators.py:7: FutureWarning: In the future `np.object` will be defined as the corresponding NumPy scalar.
  if not hasattr(_np, _name):
D:\Project\AI Engineer\ePillID-benchmark-master\src\image_augmentators.py:7: FutureWarning: In the future `np.str` will be defined as the corresponding NumPy scalar.
  if not hasattr(_np, _name):
D:\Project\AI Engineer\ePillID-benchmark-master\src\image_augmentators.py:7: FutureWarning: In the future `np.bool` will be defined as the corresponding NumPy scalar.
  if not hasattr(_np, _name):
D:\Project\AI Engineer\ePillID-benchmark-master\src\image_augmentators.py:7: FutureWarning: In the future `np.object` will be defined as the corresponding NumPy scalar.
  if not hasattr(_np, _name):
D:\Project\AI Engineer\ePillID-benchmark-master\src\image_augmentators.py:7: FutureWarning: In the future `np.str` will be defined as the corresponding NumPy scalar.
  if not hasattr(_np, _name):
D:\Project\AI Engineer\ePillID-benchmark-master\src\image_augmentators.py:7: FutureWarning: In the future `np.bool` will be defined as the corresponding NumPy scalar.
  if not hasattr(_np, _name):
D:\Project\AI Engineer\ePillID-benchmark-master\src\image_augmentators.py:7: FutureWarning: In the future `np.object` will be defined as the corresponding NumPy scalar.
  if not hasattr(_np, _name):
D:\Project\AI Engineer\ePillID-benchmark-master\src\image_augmentators.py:7: FutureWarning: In the future `np.str` will be defined as the corresponding NumPy scalar.
  if not hasattr(_np, _name):
D:\Project\AI Engineer\ePillID-benchmark-master\src\image_augmentators.py:7: FutureWarning: In the future `np.bool` will be defined as the corresponding NumPy scalar.
  if not hasattr(_np, _name):
D:\Project\AI Engineer\ePillID-benchmark-master\src\image_augmentators.py:7: FutureWarning: In the future `np.object` will be defined as the corresponding NumPy scalar.
  if not hasattr(_np, _name):
D:\Project\AI Engineer\ePillID-benchmark-master\src\image_augmentators.py:7: FutureWarning: In the future `np.str` will be defined as the corresponding NumPy scalar.
  if not hasattr(_np, _name):
D:\Project\AI Engineer\ePillID-benchmark-master\src\image_augmentators.py:7: FutureWarning: In the future `np.bool` will be defined as the corresponding NumPy scalar.
  if not hasattr(_np, _name):
D:\Project\AI Engineer\ePillID-benchmark-master\src\image_augmentators.py:7: FutureWarning: In the future `np.object` will be defined as the corresponding NumPy scalar.
  if not hasattr(_np, _name):
D:\Project\AI Engineer\ePillID-benchmark-master\src\image_augmentators.py:7: FutureWarning: In the future `np.str` will be defined as the corresponding NumPy scalar.
  if not hasattr(_np, _name):
D:\Project\AI Engineer\ePillID-benchmark-master\src\image_augmentators.py:7: FutureWarning: In the future `np.bool` will be defined as the corresponding NumPy scalar.
  if not hasattr(_np, _name):
D:\Project\AI Engineer\ePillID-benchmark-master\src\image_augmentators.py:7: FutureWarning: In the future `np.object` will be defined as the corresponding NumPy scalar.
  if not hasattr(_np, _name):
D:\Project\AI Engineer\ePillID-benchmark-master\src\image_augmentators.py:7: FutureWarning: In the future `np.str` will be defined as the corresponding NumPy scalar.
  if not hasattr(_np, _name):
D:\Project\AI Engineer\ePillID-benchmark-master\src\image_augmentators.py:7: FutureWarning: In the future `np.bool` will be defined as the corresponding NumPy scalar.
  if not hasattr(_np, _name):
D:\Project\AI Engineer\ePillID-benchmark-master\src\image_augmentators.py:7: FutureWarning: In the future `np.object` will be defined as the corresponding NumPy scalar.
  if not hasattr(_np, _name):
D:\Project\AI Engineer\ePillID-benchmark-master\src\image_augmentators.py:7: FutureWarning: In the future `np.str` will be defined as the corresponding NumPy scalar.
  if not hasattr(_np, _name):
D:\Project\AI Engineer\ePillID-benchmark-master\src\image_augmentators.py:7: FutureWarning: In the future `np.bool` will be defined as the corresponding NumPy scalar.
  if not hasattr(_np, _name):
D:\Project\AI Engineer\ePillID-benchmark-master\src\image_augmentators.py:7: FutureWarning: In the future `np.object` will be defined as the corresponding NumPy scalar.
  if not hasattr(_np, _name):
D:\Project\AI Engineer\ePillID-benchmark-master\src\image_augmentators.py:7: FutureWarning: In the future `np.str` will be defined as the corresponding NumPy scalar.
  if not hasattr(_np, _name):
D:\Project\AI Engineer\ePillID-benchmark-master\src\image_augmentators.py:7: FutureWarning: In the future `np.bool` will be defined as the corresponding NumPy scalar.
  if not hasattr(_np, _name):
D:\Project\AI Engineer\ePillID-benchmark-master\src\image_augmentators.py:7: FutureWarning: In the future `np.object` will be defined as the corresponding NumPy scalar.
  if not hasattr(_np, _name):
D:\Project\AI Engineer\ePillID-benchmark-master\src\image_augmentators.py:7: FutureWarning: In the future `np.str` will be defined as the corresponding NumPy scalar.
  if not hasattr(_np, _name):
D:\Project\AI Engineer\ePillID-benchmark-master\src\image_augmentators.py:7: FutureWarning: In the future `np.bool` will be defined as the corresponding NumPy scalar.
  if not hasattr(_np, _name):
D:\Project\AI Engineer\ePillID-benchmark-master\src\image_augmentators.py:7: FutureWarning: In the future `np.object` will be defined as the corresponding NumPy scalar.
  if not hasattr(_np, _name):
D:\Project\AI Engineer\ePillID-benchmark-master\src\image_augmentators.py:7: FutureWarning: In the future `np.str` will be defined as the corresponding NumPy scalar.
  if not hasattr(_np, _name):
D:\Project\AI Engineer\ePillID-benchmark-master\src\image_augmentators.py:7: FutureWarning: In the future `np.bool` will be defined as the corresponding NumPy scalar.
  if not hasattr(_np, _name):
D:\Project\AI Engineer\ePillID-benchmark-master\src\image_augmentators.py:7: FutureWarning: In the future `np.object` will be defined as the corresponding NumPy scalar.
  if not hasattr(_np, _name):
D:\Project\AI Engineer\ePillID-benchmark-master\src\image_augmentators.py:7: FutureWarning: In the future `np.str` will be defined as the corresponding NumPy scalar.
  if not hasattr(_np, _name):
D:\Project\AI Engineer\ePillID-benchmark-master\src\image_augmentators.py:7: FutureWarning: In the future `np.bool` will be defined as the corresponding NumPy scalar.
  if not hasattr(_np, _name):
D:\Project\AI Engineer\ePillID-benchmark-master\src\image_augmentators.py:7: FutureWarning: In the future `np.object` will be defined as the corresponding NumPy scalar.
  if not hasattr(_np, _name):
D:\Project\AI Engineer\ePillID-benchmark-master\src\image_augmentators.py:7: FutureWarning: In the future `np.str` will be defined as the corresponding NumPy scalar.
  if not hasattr(_np, _name):
D:\Project\AI Engineer\ePillID-benchmark-master\src\image_augmentators.py:7: FutureWarning: In the future `np.bool` will be defined as the corresponding NumPy scalar.
  if not hasattr(_np, _name):
D:\Project\AI Engineer\ePillID-benchmark-master\src\image_augmentators.py:7: FutureWarning: In the future `np.object` will be defined as the corresponding NumPy scalar.
  if not hasattr(_np, _name):
D:\Project\AI Engineer\ePillID-benchmark-master\src\image_augmentators.py:7: FutureWarning: In the future `np.str` will be defined as the corresponding NumPy scalar.
  if not hasattr(_np, _name):
D:\Project\AI Engineer\ePillID-benchmark-master\src\image_augmentators.py:7: FutureWarning: In the future `np.bool` will be defined as the corresponding NumPy scalar.
  if not hasattr(_np, _name):
D:\Project\AI Engineer\ePillID-benchmark-master\src\image_augmentators.py:7: FutureWarning: In the future `np.object` will be defined as the corresponding NumPy scalar.
  if not hasattr(_np, _name):
D:\Project\AI Engineer\ePillID-benchmark-master\src\image_augmentators.py:7: FutureWarning: In the future `np.str` will be defined as the corresponding NumPy scalar.
  if not hasattr(_np, _name):
D:\Project\AI Engineer\ePillID-benchmark-master\src\image_augmentators.py:7: FutureWarning: In the future `np.bool` will be defined as the corresponding NumPy scalar.
  if not hasattr(_np, _name):
D:\Project\AI Engineer\ePillID-benchmark-master\src\image_augmentators.py:7: FutureWarning: In the future `np.object` will be defined as the corresponding NumPy scalar.
  if not hasattr(_np, _name):
D:\Project\AI Engineer\ePillID-benchmark-master\src\image_augmentators.py:7: FutureWarning: In the future `np.str` will be defined as the corresponding NumPy scalar.
  if not hasattr(_np, _name):
D:\Project\AI Engineer\ePillID-benchmark-master\src\image_augmentators.py:7: FutureWarning: In the future `np.bool` will be defined as the corresponding NumPy scalar.
  if not hasattr(_np, _name):
D:\Project\AI Engineer\ePillID-benchmark-master\src\image_augmentators.py:7: FutureWarning: In the future `np.object` will be defined as the corresponding NumPy scalar.
  if not hasattr(_np, _name):
D:\Project\AI Engineer\ePillID-benchmark-master\src\image_augmentators.py:7: FutureWarning: In the future `np.str` will be defined as the corresponding NumPy scalar.
  if not hasattr(_np, _name):
D:\Project\AI Engineer\ePillID-benchmark-master\src\image_augmentators.py:7: FutureWarning: In the future `np.bool` will be defined as the corresponding NumPy scalar.
  if not hasattr(_np, _name):
D:\Project\AI Engineer\ePillID-benchmark-master\src\image_augmentators.py:7: FutureWarning: In the future `np.object` will be defined as the corresponding NumPy scalar.
  if not hasattr(_np, _name):
D:\Project\AI Engineer\ePillID-benchmark-master\src\image_augmentators.py:7: FutureWarning: In the future `np.str` will be defined as the corresponding NumPy scalar.
  if not hasattr(_np, _name):
D:\Project\AI Engineer\ePillID-benchmark-master\src\image_augmentators.py:7: FutureWarning: In the future `np.bool` will be defined as the corresponding NumPy scalar.
  if not hasattr(_np, _name):
D:\Project\AI Engineer\ePillID-benchmark-master\src\image_augmentators.py:7: FutureWarning: In the future `np.object` will be defined as the corresponding NumPy scalar.
  if not hasattr(_np, _name):
D:\Project\AI Engineer\ePillID-benchmark-master\src\image_augmentators.py:7: FutureWarning: In the future `np.str` will be defined as the corresponding NumPy scalar.
  if not hasattr(_np, _name):
D:\Project\AI Engineer\ePillID-benchmark-master\src\image_augmentators.py:7: FutureWarning: In the future `np.bool` will be defined as the corresponding NumPy scalar.
  if not hasattr(_np, _name):
D:\Project\AI Engineer\ePillID-benchmark-master\src\image_augmentators.py:7: FutureWarning: In the future `np.object` will be defined as the corresponding NumPy scalar.
  if not hasattr(_np, _name):
D:\Project\AI Engineer\ePillID-benchmark-master\src\image_augmentators.py:7: FutureWarning: In the future `np.str` will be defined as the corresponding NumPy scalar.
  if not hasattr(_np, _name):
D:\Project\AI Engineer\ePillID-benchmark-master\src\image_augmentators.py:7: FutureWarning: In the future `np.bool` will be defined as the corresponding NumPy scalar.
  if not hasattr(_np, _name):
D:\Project\AI Engineer\ePillID-benchmark-master\src\image_augmentators.py:7: FutureWarning: In the future `np.object` will be defined as the corresponding NumPy scalar.
  if not hasattr(_np, _name):
D:\Project\AI Engineer\ePillID-benchmark-master\src\image_augmentators.py:7: FutureWarning: In the future `np.str` will be defined as the corresponding NumPy scalar.
  if not hasattr(_np, _name):
D:\Project\AI Engineer\ePillID-benchmark-master\src\image_augmentators.py:7: FutureWarning: In the future `np.bool` will be defined as the corresponding NumPy scalar.
  if not hasattr(_np, _name):
D:\Project\AI Engineer\ePillID-benchmark-master\src\image_augmentators.py:7: FutureWarning: In the future `np.object` will be defined as the corresponding NumPy scalar.
  if not hasattr(_np, _name):
D:\Project\AI Engineer\ePillID-benchmark-master\src\image_augmentators.py:7: FutureWarning: In the future `np.str` will be defined as the corresponding NumPy scalar.
  if not hasattr(_np, _name):
D:\Project\AI Engineer\ePillID-benchmark-master\src\image_augmentators.py:7: FutureWarning: In the future `np.bool` will be defined as the corresponding NumPy scalar.
  if not hasattr(_np, _name):
D:\Project\AI Engineer\ePillID-benchmark-master\src\image_augmentators.py:7: FutureWarning: In the future `np.object` will be defined as the corresponding NumPy scalar.
  if not hasattr(_np, _name):
D:\Project\AI Engineer\ePillID-benchmark-master\src\image_augmentators.py:7: FutureWarning: In the future `np.str` will be defined as the corresponding NumPy scalar.
  if not hasattr(_np, _name):
D:\Project\AI Engineer\ePillID-benchmark-master\src\image_augmentators.py:7: FutureWarning: In the future `np.bool` will be defined as the corresponding NumPy scalar.
  if not hasattr(_np, _name):
D:\Project\AI Engineer\ePillID-benchmark-master\src\image_augmentators.py:7: FutureWarning: In the future `np.object` will be defined as the corresponding NumPy scalar.
  if not hasattr(_np, _name):
D:\Project\AI Engineer\ePillID-benchmark-master\src\image_augmentators.py:7: FutureWarning: In the future `np.str` will be defined as the corresponding NumPy scalar.
  if not hasattr(_np, _name):
D:\Project\AI Engineer\ePillID-benchmark-master\src\image_augmentators.py:7: FutureWarning: In the future `np.bool` will be defined as the corresponding NumPy scalar.
  if not hasattr(_np, _name):
D:\Project\AI Engineer\ePillID-benchmark-master\src\image_augmentators.py:7: FutureWarning: In the future `np.object` will be defined as the corresponding NumPy scalar.
  if not hasattr(_np, _name):
D:\Project\AI Engineer\ePillID-benchmark-master\src\image_augmentators.py:7: FutureWarning: In the future `np.str` will be defined as the corresponding NumPy scalar.
  if not hasattr(_np, _name):
D:\Project\AI Engineer\ePillID-benchmark-master\src\image_augmentators.py:7: FutureWarning: In the future `np.bool` will be defined as the corresponding NumPy scalar.
  if not hasattr(_np, _name):
D:\Project\AI Engineer\ePillID-benchmark-master\src\image_augmentators.py:7: FutureWarning: In the future `np.object` will be defined as the corresponding NumPy scalar.
  if not hasattr(_np, _name):
D:\Project\AI Engineer\ePillID-benchmark-master\src\image_augmentators.py:7: FutureWarning: In the future `np.str` will be defined as the corresponding NumPy scalar.
  if not hasattr(_np, _name):
D:\Project\AI Engineer\ePillID-benchmark-master\src\image_augmentators.py:7: FutureWarning: In the future `np.bool` will be defined as the corresponding NumPy scalar.
  if not hasattr(_np, _name):
D:\Project\AI Engineer\ePillID-benchmark-master\src\image_augmentators.py:7: FutureWarning: In the future `np.object` will be defined as the corresponding NumPy scalar.
  if not hasattr(_np, _name):
D:\Project\AI Engineer\ePillID-benchmark-master\src\image_augmentators.py:7: FutureWarning: In the future `np.str` will be defined as the corresponding NumPy scalar.
  if not hasattr(_np, _name):
D:\Project\AI Engineer\ePillID-benchmark-master\src\image_augmentators.py:7: FutureWarning: In the future `np.bool` will be defined as the corresponding NumPy scalar.
  if not hasattr(_np, _name):
D:\Project\AI Engineer\ePillID-benchmark-master\src\image_augmentators.py:7: FutureWarning: In the future `np.object` will be defined as the corresponding NumPy scalar.
  if not hasattr(_np, _name):
D:\Project\AI Engineer\ePillID-benchmark-master\src\image_augmentators.py:7: FutureWarning: In the future `np.str` will be defined as the corresponding NumPy scalar.
  if not hasattr(_np, _name):
D:\Project\AI Engineer\ePillID-benchmark-master\src\image_augmentators.py:7: FutureWarning: In the future `np.bool` will be defined as the corresponding NumPy scalar.
  if not hasattr(_np, _name):
D:\Project\AI Engineer\ePillID-benchmark-master\src\image_augmentators.py:7: FutureWarning: In the future `np.object` will be defined as the corresponding NumPy scalar.
  if not hasattr(_np, _name):
D:\Project\AI Engineer\ePillID-benchmark-master\src\image_augmentators.py:7: FutureWarning: In the future `np.str` will be defined as the corresponding NumPy scalar.
  if not hasattr(_np, _name):
D:\Project\AI Engineer\ePillID-benchmark-master\src\image_augmentators.py:7: FutureWarning: In the future `np.bool` will be defined as the corresponding NumPy scalar.
  if not hasattr(_np, _name):
D:\Project\AI Engineer\ePillID-benchmark-master\src\image_augmentators.py:7: FutureWarning: In the future `np.object` will be defined as the corresponding NumPy scalar.
  if not hasattr(_np, _name):
D:\Project\AI Engineer\ePillID-benchmark-master\src\image_augmentators.py:7: FutureWarning: In the future `np.str` will be defined as the corresponding NumPy scalar.
  if not hasattr(_np, _name):
D:\Project\AI Engineer\ePillID-benchmark-master\src\image_augmentators.py:7: FutureWarning: In the future `np.bool` will be defined as the corresponding NumPy scalar.
  if not hasattr(_np, _name):
D:\Project\AI Engineer\ePillID-benchmark-master\src\image_augmentators.py:7: FutureWarning: In the future `np.object` will be defined as the corresponding NumPy scalar.
  if not hasattr(_np, _name):
D:\Project\AI Engineer\ePillID-benchmark-master\src\image_augmentators.py:7: FutureWarning: In the future `np.str` will be defined as the corresponding NumPy scalar.
  if not hasattr(_np, _name):
D:\Project\AI Engineer\ePillID-benchmark-master\src\image_augmentators.py:7: FutureWarning: In the future `np.bool` will be defined as the corresponding NumPy scalar.
  if not hasattr(_np, _name):
D:\Project\AI Engineer\ePillID-benchmark-master\src\image_augmentators.py:7: FutureWarning: In the future `np.object` will be defined as the corresponding NumPy scalar.
  if not hasattr(_np, _name):
D:\Project\AI Engineer\ePillID-benchmark-master\src\image_augmentators.py:7: FutureWarning: In the future `np.str` will be defined as the corresponding NumPy scalar.
  if not hasattr(_np, _name):
D:\Project\AI Engineer\ePillID-benchmark-master\src\image_augmentators.py:7: FutureWarning: In the future `np.bool` will be defined as the corresponding NumPy scalar.
  if not hasattr(_np, _name):
D:\Project\AI Engineer\ePillID-benchmark-master\src\image_augmentators.py:7: FutureWarning: In the future `np.object` will be defined as the corresponding NumPy scalar.
  if not hasattr(_np, _name):
D:\Project\AI Engineer\ePillID-benchmark-master\src\image_augmentators.py:7: FutureWarning: In the future `np.str` will be defined as the corresponding NumPy scalar.
  if not hasattr(_np, _name):
D:\Project\AI Engineer\ePillID-benchmark-master\src\image_augmentators.py:7: FutureWarning: In the future `np.bool` will be defined as the corresponding NumPy scalar.
  if not hasattr(_np, _name):
D:\Project\AI Engineer\ePillID-benchmark-master\src\image_augmentators.py:7: FutureWarning: In the future `np.object` will be defined as the corresponding NumPy scalar.
  if not hasattr(_np, _name):
D:\Project\AI Engineer\ePillID-benchmark-master\src\image_augmentators.py:7: FutureWarning: In the future `np.str` will be defined as the corresponding NumPy scalar.
  if not hasattr(_np, _name):
D:\Project\AI Engineer\ePillID-benchmark-master\src\image_augmentators.py:7: FutureWarning: In the future `np.bool` will be defined as the corresponding NumPy scalar.
  if not hasattr(_np, _name):
D:\Project\AI Engineer\ePillID-benchmark-master\src\image_augmentators.py:7: FutureWarning: In the future `np.object` will be defined as the corresponding NumPy scalar.
  if not hasattr(_np, _name):
D:\Project\AI Engineer\ePillID-benchmark-master\src\image_augmentators.py:7: FutureWarning: In the future `np.str` will be defined as the corresponding NumPy scalar.
  if not hasattr(_np, _name):
D:\Project\AI Engineer\ePillID-benchmark-master\src\image_augmentators.py:7: FutureWarning: In the future `np.bool` will be defined as the corresponding NumPy scalar.
  if not hasattr(_np, _name):
D:\Project\AI Engineer\ePillID-benchmark-master\src\image_augmentators.py:7: FutureWarning: In the future `np.object` will be defined as the corresponding NumPy scalar.
  if not hasattr(_np, _name):
D:\Project\AI Engineer\ePillID-benchmark-master\src\image_augmentators.py:7: FutureWarning: In the future `np.str` will be defined as the corresponding NumPy scalar.
  if not hasattr(_np, _name):
D:\Project\AI Engineer\ePillID-benchmark-master\src\image_augmentators.py:7: FutureWarning: In the future `np.bool` will be defined as the corresponding NumPy scalar.
  if not hasattr(_np, _name):
D:\Project\AI Engineer\ePillID-benchmark-master\src\image_augmentators.py:7: FutureWarning: In the future `np.object` will be defined as the corresponding NumPy scalar.
  if not hasattr(_np, _name):
D:\Project\AI Engineer\ePillID-benchmark-master\src\image_augmentators.py:7: FutureWarning: In the future `np.str` will be defined as the corresponding NumPy scalar.
  if not hasattr(_np, _name):
D:\Project\AI Engineer\ePillID-benchmark-master\src\image_augmentators.py:7: FutureWarning: In the future `np.bool` will be defined as the corresponding NumPy scalar.
  if not hasattr(_np, _name):
D:\Project\AI Engineer\ePillID-benchmark-master\src\image_augmentators.py:7: FutureWarning: In the future `np.object` will be defined as the corresponding NumPy scalar.
  if not hasattr(_np, _name):
D:\Project\AI Engineer\ePillID-benchmark-master\src\image_augmentators.py:7: FutureWarning: In the future `np.str` will be defined as the corresponding NumPy scalar.
  if not hasattr(_np, _name):
D:\Project\AI Engineer\ePillID-benchmark-master\src\image_augmentators.py:7: FutureWarning: In the future `np.bool` will be defined as the corresponding NumPy scalar.
  if not hasattr(_np, _name):
D:\Project\AI Engineer\ePillID-benchmark-master\src\image_augmentators.py:7: FutureWarning: In the future `np.object` will be defined as the corresponding NumPy scalar.
  if not hasattr(_np, _name):
D:\Project\AI Engineer\ePillID-benchmark-master\src\image_augmentators.py:7: FutureWarning: In the future `np.str` will be defined as the corresponding NumPy scalar.
  if not hasattr(_np, _name):
D:\Project\AI Engineer\ePillID-benchmark-master\src\image_augmentators.py:7: FutureWarning: In the future `np.bool` will be defined as the corresponding NumPy scalar.
  if not hasattr(_np, _name):
D:\Project\AI Engineer\ePillID-benchmark-master\src\image_augmentators.py:7: FutureWarning: In the future `np.object` will be defined as the corresponding NumPy scalar.
  if not hasattr(_np, _name):
D:\Project\AI Engineer\ePillID-benchmark-master\src\image_augmentators.py:7: FutureWarning: In the future `np.str` will be defined as the corresponding NumPy scalar.
  if not hasattr(_np, _name):
D:\Project\AI Engineer\ePillID-benchmark-master\src\image_augmentators.py:7: FutureWarning: In the future `np.bool` will be defined as the corresponding NumPy scalar.
  if not hasattr(_np, _name):
D:\Project\AI Engineer\ePillID-benchmark-master\src\image_augmentators.py:7: FutureWarning: In the future `np.object` will be defined as the corresponding NumPy scalar.
  if not hasattr(_np, _name):
D:\Project\AI Engineer\ePillID-benchmark-master\src\image_augmentators.py:7: FutureWarning: In the future `np.str` will be defined as the corresponding NumPy scalar.
  if not hasattr(_np, _name):
D:\Project\AI Engineer\ePillID-benchmark-master\src\image_augmentators.py:7: FutureWarning: In the future `np.bool` will be defined as the corresponding NumPy scalar.
  if not hasattr(_np, _name):
D:\Project\AI Engineer\ePillID-benchmark-master\src\image_augmentators.py:7: FutureWarning: In the future `np.object` will be defined as the corresponding NumPy scalar.
  if not hasattr(_np, _name):
D:\Project\AI Engineer\ePillID-benchmark-master\src\image_augmentators.py:7: FutureWarning: In the future `np.str` will be defined as the corresponding NumPy scalar.
  if not hasattr(_np, _name):
D:\Project\AI Engineer\ePillID-benchmark-master\src\image_augmentators.py:7: FutureWarning: In the future `np.bool` will be defined as the corresponding NumPy scalar.
  if not hasattr(_np, _name):
D:\Project\AI Engineer\ePillID-benchmark-master\src\image_augmentators.py:7: FutureWarning: In the future `np.object` will be defined as the corresponding NumPy scalar.
  if not hasattr(_np, _name):
D:\Project\AI Engineer\ePillID-benchmark-master\src\image_augmentators.py:7: FutureWarning: In the future `np.str` will be defined as the corresponding NumPy scalar.
  if not hasattr(_np, _name):
D:\Project\AI Engineer\ePillID-benchmark-master\src\image_augmentators.py:7: FutureWarning: In the future `np.bool` will be defined as the corresponding NumPy scalar.
  if not hasattr(_np, _name):
D:\Project\AI Engineer\ePillID-benchmark-master\src\image_augmentators.py:7: FutureWarning: In the future `np.object` will be defined as the corresponding NumPy scalar.
  if not hasattr(_np, _name):
D:\Project\AI Engineer\ePillID-benchmark-master\src\image_augmentators.py:7: FutureWarning: In the future `np.str` will be defined as the corresponding NumPy scalar.
  if not hasattr(_np, _name):
D:\Project\AI Engineer\ePillID-benchmark-master\src\image_augmentators.py:7: FutureWarning: In the future `np.bool` will be defined as the corresponding NumPy scalar.
  if not hasattr(_np, _name):
D:\Project\AI Engineer\ePillID-benchmark-master\src\image_augmentators.py:7: FutureWarning: In the future `np.object` will be defined as the corresponding NumPy scalar.
  if not hasattr(_np, _name):
D:\Project\AI Engineer\ePillID-benchmark-master\src\image_augmentators.py:7: FutureWarning: In the future `np.str` will be defined as the corresponding NumPy scalar.
  if not hasattr(_np, _name):
D:\Project\AI Engineer\ePillID-benchmark-master\src\image_augmentators.py:7: FutureWarning: In the future `np.bool` will be defined as the corresponding NumPy scalar.
  if not hasattr(_np, _name):
D:\Project\AI Engineer\ePillID-benchmark-master\src\image_augmentators.py:7: FutureWarning: In the future `np.object` will be defined as the corresponding NumPy scalar.
  if not hasattr(_np, _name):
D:\Project\AI Engineer\ePillID-benchmark-master\src\image_augmentators.py:7: FutureWarning: In the future `np.str` will be defined as the corresponding NumPy scalar.
  if not hasattr(_np, _name):
D:\Project\AI Engineer\ePillID-benchmark-master\src\image_augmentators.py:7: FutureWarning: In the future `np.bool` will be defined as the corresponding NumPy scalar.
  if not hasattr(_np, _name):
D:\Project\AI Engineer\ePillID-benchmark-master\src\image_augmentators.py:7: FutureWarning: In the future `np.object` will be defined as the corresponding NumPy scalar.
  if not hasattr(_np, _name):
D:\Project\AI Engineer\ePillID-benchmark-master\src\image_augmentators.py:7: FutureWarning: In the future `np.str` will be defined as the corresponding NumPy scalar.
  if not hasattr(_np, _name):
D:\Project\AI Engineer\ePillID-benchmark-master\src\image_augmentators.py:7: FutureWarning: In the future `np.bool` will be defined as the corresponding NumPy scalar.
  if not hasattr(_np, _name):
D:\Project\AI Engineer\ePillID-benchmark-master\src\image_augmentators.py:7: FutureWarning: In the future `np.object` will be defined as the corresponding NumPy scalar.
  if not hasattr(_np, _name):
D:\Project\AI Engineer\ePillID-benchmark-master\src\image_augmentators.py:7: FutureWarning: In the future `np.str` will be defined as the corresponding NumPy scalar.
  if not hasattr(_np, _name):
D:\Project\AI Engineer\ePillID-benchmark-master\src\image_augmentators.py:7: FutureWarning: In the future `np.bool` will be defined as the corresponding NumPy scalar.
  if not hasattr(_np, _name):
D:\Project\AI Engineer\ePillID-benchmark-master\src\image_augmentators.py:7: FutureWarning: In the future `np.object` will be defined as the corresponding NumPy scalar.
  if not hasattr(_np, _name):
D:\Project\AI Engineer\ePillID-benchmark-master\src\image_augmentators.py:7: FutureWarning: In the future `np.str` will be defined as the corresponding NumPy scalar.
  if not hasattr(_np, _name):
D:\Project\AI Engineer\ePillID-benchmark-master\src\image_augmentators.py:7: FutureWarning: In the future `np.bool` will be defined as the corresponding NumPy scalar.
  if not hasattr(_np, _name):
D:\Project\AI Engineer\ePillID-benchmark-master\src\image_augmentators.py:7: FutureWarning: In the future `np.object` will be defined as the corresponding NumPy scalar.
  if not hasattr(_np, _name):
D:\Project\AI Engineer\ePillID-benchmark-master\src\image_augmentators.py:7: FutureWarning: In the future `np.str` will be defined as the corresponding NumPy scalar.
  if not hasattr(_np, _name):
D:\Project\AI Engineer\ePillID-benchmark-master\src\image_augmentators.py:7: FutureWarning: In the future `np.bool` will be defined as the corresponding NumPy scalar.
  if not hasattr(_np, _name):
D:\Project\AI Engineer\ePillID-benchmark-master\src\image_augmentators.py:7: FutureWarning: In the future `np.object` will be defined as the corresponding NumPy scalar.
  if not hasattr(_np, _name):
D:\Project\AI Engineer\ePillID-benchmark-master\src\image_augmentators.py:7: FutureWarning: In the future `np.str` will be defined as the corresponding NumPy scalar.
  if not hasattr(_np, _name):
D:\Project\AI Engineer\ePillID-benchmark-master\src\image_augmentators.py:7: FutureWarning: In the future `np.bool` will be defined as the corresponding NumPy scalar.
  if not hasattr(_np, _name):
D:\Project\AI Engineer\ePillID-benchmark-master\src\image_augmentators.py:7: FutureWarning: In the future `np.object` will be defined as the corresponding NumPy scalar.
  if not hasattr(_np, _name):
D:\Project\AI Engineer\ePillID-benchmark-master\src\image_augmentators.py:7: FutureWarning: In the future `np.str` will be defined as the corresponding NumPy scalar.
  if not hasattr(_np, _name):
D:\Project\AI Engineer\ePillID-benchmark-master\src\image_augmentators.py:7: FutureWarning: In the future `np.bool` will be defined as the corresponding NumPy scalar.
  if not hasattr(_np, _name):
D:\Project\AI Engineer\ePillID-benchmark-master\src\image_augmentators.py:7: FutureWarning: In the future `np.object` will be defined as the corresponding NumPy scalar.
  if not hasattr(_np, _name):
D:\Project\AI Engineer\ePillID-benchmark-master\src\image_augmentators.py:7: FutureWarning: In the future `np.str` will be defined as the corresponding NumPy scalar.
  if not hasattr(_np, _name):
D:\Project\AI Engineer\ePillID-benchmark-master\src\image_augmentators.py:7: FutureWarning: In the future `np.bool` will be defined as the corresponding NumPy scalar.
  if not hasattr(_np, _name):
D:\Project\AI Engineer\ePillID-benchmark-master\src\image_augmentators.py:7: FutureWarning: In the future `np.object` will be defined as the corresponding NumPy scalar.
  if not hasattr(_np, _name):
D:\Project\AI Engineer\ePillID-benchmark-master\src\image_augmentators.py:7: FutureWarning: In the future `np.str` will be defined as the corresponding NumPy scalar.
  if not hasattr(_np, _name):
D:\Project\AI Engineer\ePillID-benchmark-master\src\image_augmentators.py:7: FutureWarning: In the future `np.bool` will be defined as the corresponding NumPy scalar.
  if not hasattr(_np, _name):
D:\Project\AI Engineer\ePillID-benchmark-master\src\image_augmentators.py:7: FutureWarning: In the future `np.object` will be defined as the corresponding NumPy scalar.
  if not hasattr(_np, _name):
D:\Project\AI Engineer\ePillID-benchmark-master\src\image_augmentators.py:7: FutureWarning: In the future `np.str` will be defined as the corresponding NumPy scalar.
  if not hasattr(_np, _name):
D:\Project\AI Engineer\ePillID-benchmark-master\src\image_augmentators.py:7: FutureWarning: In the future `np.bool` will be defined as the corresponding NumPy scalar.
  if not hasattr(_np, _name):
D:\Project\AI Engineer\ePillID-benchmark-master\src\image_augmentators.py:7: FutureWarning: In the future `np.object` will be defined as the corresponding NumPy scalar.
  if not hasattr(_np, _name):
D:\Project\AI Engineer\ePillID-benchmark-master\src\image_augmentators.py:7: FutureWarning: In the future `np.str` will be defined as the corresponding NumPy scalar.
  if not hasattr(_np, _name):
D:\Project\AI Engineer\ePillID-benchmark-master\src\image_augmentators.py:7: FutureWarning: In the future `np.bool` will be defined as the corresponding NumPy scalar.
  if not hasattr(_np, _name):
D:\Project\AI Engineer\ePillID-benchmark-master\src\image_augmentators.py:7: FutureWarning: In the future `np.object` will be defined as the corresponding NumPy scalar.
  if not hasattr(_np, _name):
D:\Project\AI Engineer\ePillID-benchmark-master\src\image_augmentators.py:7: FutureWarning: In the future `np.str` will be defined as the corresponding NumPy scalar.
  if not hasattr(_np, _name):
D:\Project\AI Engineer\ePillID-benchmark-master\src\image_augmentators.py:7: FutureWarning: In the future `np.bool` will be defined as the corresponding NumPy scalar.
  if not hasattr(_np, _name):
D:\Project\AI Engineer\ePillID-benchmark-master\src\image_augmentators.py:7: FutureWarning: In the future `np.object` will be defined as the corresponding NumPy scalar.
  if not hasattr(_np, _name):
D:\Project\AI Engineer\ePillID-benchmark-master\src\image_augmentators.py:7: FutureWarning: In the future `np.str` will be defined as the corresponding NumPy scalar.
  if not hasattr(_np, _name):
D:\Project\AI Engineer\ePillID-benchmark-master\src\image_augmentators.py:7: FutureWarning: In the future `np.bool` will be defined as the corresponding NumPy scalar.
  if not hasattr(_np, _name):
D:\Project\AI Engineer\ePillID-benchmark-master\src\image_augmentators.py:7: FutureWarning: In the future `np.object` will be defined as the corresponding NumPy scalar.
  if not hasattr(_np, _name):
D:\Project\AI Engineer\ePillID-benchmark-master\src\image_augmentators.py:7: FutureWarning: In the future `np.str` will be defined as the corresponding NumPy scalar.
  if not hasattr(_np, _name):
D:\Project\AI Engineer\ePillID-benchmark-master\src\image_augmentators.py:7: FutureWarning: In the future `np.bool` will be defined as the corresponding NumPy scalar.
  if not hasattr(_np, _name):
D:\Project\AI Engineer\ePillID-benchmark-master\src\image_augmentators.py:7: FutureWarning: In the future `np.object` will be defined as the corresponding NumPy scalar.
  if not hasattr(_np, _name):
D:\Project\AI Engineer\ePillID-benchmark-master\src\image_augmentators.py:7: FutureWarning: In the future `np.str` will be defined as the corresponding NumPy scalar.
  if not hasattr(_np, _name):
D:\Project\AI Engineer\ePillID-benchmark-master\src\image_augmentators.py:7: FutureWarning: In the future `np.bool` will be defined as the corresponding NumPy scalar.
  if not hasattr(_np, _name):
D:\Project\AI Engineer\ePillID-benchmark-master\src\image_augmentators.py:7: FutureWarning: In the future `np.object` will be defined as the corresponding NumPy scalar.
  if not hasattr(_np, _name):
D:\Project\AI Engineer\ePillID-benchmark-master\src\image_augmentators.py:7: FutureWarning: In the future `np.str` will be defined as the corresponding NumPy scalar.
  if not hasattr(_np, _name):
D:\Project\AI Engineer\ePillID-benchmark-master\src\image_augmentators.py:7: FutureWarning: In the future `np.bool` will be defined as the corresponding NumPy scalar.
  if not hasattr(_np, _name):
D:\Project\AI Engineer\ePillID-benchmark-master\src\image_augmentators.py:7: FutureWarning: In the future `np.object` will be defined as the corresponding NumPy scalar.
  if not hasattr(_np, _name):
D:\Project\AI Engineer\ePillID-benchmark-master\src\image_augmentators.py:7: FutureWarning: In the future `np.str` will be defined as the corresponding NumPy scalar.
  if not hasattr(_np, _name):
D:\Project\AI Engineer\ePillID-benchmark-master\src\image_augmentators.py:7: FutureWarning: In the future `np.bool` will be defined as the corresponding NumPy scalar.
  if not hasattr(_np, _name):
D:\Project\AI Engineer\ePillID-benchmark-master\src\image_augmentators.py:7: FutureWarning: In the future `np.object` will be defined as the corresponding NumPy scalar.
  if not hasattr(_np, _name):
D:\Project\AI Engineer\ePillID-benchmark-master\src\image_augmentators.py:7: FutureWarning: In the future `np.str` will be defined as the corresponding NumPy scalar.
  if not hasattr(_np, _name):
D:\Project\AI Engineer\ePillID-benchmark-master\src\image_augmentators.py:7: FutureWarning: In the future `np.bool` will be defined as the corresponding NumPy scalar.
  if not hasattr(_np, _name):
D:\Project\AI Engineer\ePillID-benchmark-master\src\image_augmentators.py:7: FutureWarning: In the future `np.object` will be defined as the corresponding NumPy scalar.
  if not hasattr(_np, _name):
D:\Project\AI Engineer\ePillID-benchmark-master\src\image_augmentators.py:7: FutureWarning: In the future `np.str` will be defined as the corresponding NumPy scalar.
  if not hasattr(_np, _name):
D:\Project\AI Engineer\ePillID-benchmark-master\src\image_augmentators.py:7: FutureWarning: In the future `np.bool` will be defined as the corresponding NumPy scalar.
  if not hasattr(_np, _name):
D:\Project\AI Engineer\ePillID-benchmark-master\src\image_augmentators.py:7: FutureWarning: In the future `np.object` will be defined as the corresponding NumPy scalar.
  if not hasattr(_np, _name):
D:\Project\AI Engineer\ePillID-benchmark-master\src\image_augmentators.py:7: FutureWarning: In the future `np.str` will be defined as the corresponding NumPy scalar.
  if not hasattr(_np, _name):
D:\Project\AI Engineer\ePillID-benchmark-master\src\image_augmentators.py:7: FutureWarning: In the future `np.bool` will be defined as the corresponding NumPy scalar.
  if not hasattr(_np, _name):
D:\Project\AI Engineer\ePillID-benchmark-master\src\image_augmentators.py:7: FutureWarning: In the future `np.object` will be defined as the corresponding NumPy scalar.
  if not hasattr(_np, _name):
D:\Project\AI Engineer\ePillID-benchmark-master\src\image_augmentators.py:7: FutureWarning: In the future `np.str` will be defined as the corresponding NumPy scalar.
  if not hasattr(_np, _name):
D:\Project\AI Engineer\ePillID-benchmark-master\src\image_augmentators.py:7: FutureWarning: In the future `np.bool` will be defined as the corresponding NumPy scalar.
  if not hasattr(_np, _name):
D:\Project\AI Engineer\ePillID-benchmark-master\src\image_augmentators.py:7: FutureWarning: In the future `np.object` will be defined as the corresponding NumPy scalar.
  if not hasattr(_np, _name):
D:\Project\AI Engineer\ePillID-benchmark-master\src\image_augmentators.py:7: FutureWarning: In the future `np.str` will be defined as the corresponding NumPy scalar.
  if not hasattr(_np, _name):
D:\Project\AI Engineer\ePillID-benchmark-master\src\image_augmentators.py:7: FutureWarning: In the future `np.bool` will be defined as the corresponding NumPy scalar.
  if not hasattr(_np, _name):
D:\Project\AI Engineer\ePillID-benchmark-master\src\image_augmentators.py:7: FutureWarning: In the future `np.object` will be defined as the corresponding NumPy scalar.
  if not hasattr(_np, _name):
D:\Project\AI Engineer\ePillID-benchmark-master\src\image_augmentators.py:7: FutureWarning: In the future `np.str` will be defined as the corresponding NumPy scalar.
  if not hasattr(_np, _name):
D:\Project\AI Engineer\ePillID-benchmark-master\src\image_augmentators.py:7: FutureWarning: In the future `np.bool` will be defined as the corresponding NumPy scalar.
  if not hasattr(_np, _name):
D:\Project\AI Engineer\ePillID-benchmark-master\src\image_augmentators.py:7: FutureWarning: In the future `np.object` will be defined as the corresponding NumPy scalar.
  if not hasattr(_np, _name):
D:\Project\AI Engineer\ePillID-benchmark-master\src\image_augmentators.py:7: FutureWarning: In the future `np.str` will be defined as the corresponding NumPy scalar.
  if not hasattr(_np, _name):
D:\Project\AI Engineer\ePillID-benchmark-master\src\image_augmentators.py:7: FutureWarning: In the future `np.bool` will be defined as the corresponding NumPy scalar.
  if not hasattr(_np, _name):
D:\Project\AI Engineer\ePillID-benchmark-master\src\image_augmentators.py:7: FutureWarning: In the future `np.object` will be defined as the corresponding NumPy scalar.
  if not hasattr(_np, _name):
D:\Project\AI Engineer\ePillID-benchmark-master\src\image_augmentators.py:7: FutureWarning: In the future `np.str` will be defined as the corresponding NumPy scalar.
  if not hasattr(_np, _name):
D:\Project\AI Engineer\ePillID-benchmark-master\src\image_augmentators.py:7: FutureWarning: In the future `np.bool` will be defined as the corresponding NumPy scalar.
  if not hasattr(_np, _name):
D:\Project\AI Engineer\ePillID-benchmark-master\src\image_augmentators.py:7: FutureWarning: In the future `np.object` will be defined as the corresponding NumPy scalar.
  if not hasattr(_np, _name):
D:\Project\AI Engineer\ePillID-benchmark-master\src\image_augmentators.py:7: FutureWarning: In the future `np.str` will be defined as the corresponding NumPy scalar.
  if not hasattr(_np, _name):
D:\Project\AI Engineer\ePillID-benchmark-master\src\image_augmentators.py:7: FutureWarning: In the future `np.bool` will be defined as the corresponding NumPy scalar.
  if not hasattr(_np, _name):
D:\Project\AI Engineer\ePillID-benchmark-master\src\image_augmentators.py:7: FutureWarning: In the future `np.object` will be defined as the corresponding NumPy scalar.
  if not hasattr(_np, _name):
D:\Project\AI Engineer\ePillID-benchmark-master\src\image_augmentators.py:7: FutureWarning: In the future `np.str` will be defined as the corresponding NumPy scalar.
  if not hasattr(_np, _name):
D:\Project\AI Engineer\ePillID-benchmark-master\src\image_augmentators.py:7: FutureWarning: In the future `np.bool` will be defined as the corresponding NumPy scalar.
  if not hasattr(_np, _name):
D:\Project\AI Engineer\ePillID-benchmark-master\src\image_augmentators.py:7: FutureWarning: In the future `np.object` will be defined as the corresponding NumPy scalar.
  if not hasattr(_np, _name):
D:\Project\AI Engineer\ePillID-benchmark-master\src\image_augmentators.py:7: FutureWarning: In the future `np.str` will be defined as the corresponding NumPy scalar.
  if not hasattr(_np, _name):
D:\Project\AI Engineer\ePillID-benchmark-master\src\image_augmentators.py:7: FutureWarning: In the future `np.bool` will be defined as the corresponding NumPy scalar.
  if not hasattr(_np, _name):
D:\Project\AI Engineer\ePillID-benchmark-master\src\image_augmentators.py:7: FutureWarning: In the future `np.object` will be defined as the corresponding NumPy scalar.
  if not hasattr(_np, _name):
D:\Project\AI Engineer\ePillID-benchmark-master\src\image_augmentators.py:7: FutureWarning: In the future `np.str` will be defined as the corresponding NumPy scalar.
  if not hasattr(_np, _name):
D:\Project\AI Engineer\ePillID-benchmark-master\src\image_augmentators.py:7: FutureWarning: In the future `np.bool` will be defined as the corresponding NumPy scalar.
  if not hasattr(_np, _name):
D:\Project\AI Engineer\ePillID-benchmark-master\src\image_augmentators.py:7: FutureWarning: In the future `np.object` will be defined as the corresponding NumPy scalar.
  if not hasattr(_np, _name):
D:\Project\AI Engineer\ePillID-benchmark-master\src\image_augmentators.py:7: FutureWarning: In the future `np.str` will be defined as the corresponding NumPy scalar.
  if not hasattr(_np, _name):
D:\Project\AI Engineer\ePillID-benchmark-master\src\image_augmentators.py:7: FutureWarning: In the future `np.bool` will be defined as the corresponding NumPy scalar.
  if not hasattr(_np, _name):
D:\Project\AI Engineer\ePillID-benchmark-master\src\image_augmentators.py:7: FutureWarning: In the future `np.object` will be defined as the corresponding NumPy scalar.
  if not hasattr(_np, _name):
D:\Project\AI Engineer\ePillID-benchmark-master\src\image_augmentators.py:7: FutureWarning: In the future `np.str` will be defined as the corresponding NumPy scalar.
  if not hasattr(_np, _name):
D:\Project\AI Engineer\ePillID-benchmark-master\src\image_augmentators.py:7: FutureWarning: In the future `np.bool` will be defined as the corresponding NumPy scalar.
  if not hasattr(_np, _name):
D:\Project\AI Engineer\ePillID-benchmark-master\src\image_augmentators.py:7: FutureWarning: In the future `np.object` will be defined as the corresponding NumPy scalar.
  if not hasattr(_np, _name):
D:\Project\AI Engineer\ePillID-benchmark-master\src\image_augmentators.py:7: FutureWarning: In the future `np.str` will be defined as the corresponding NumPy scalar.
  if not hasattr(_np, _name):
D:\Project\AI Engineer\ePillID-benchmark-master\src\image_augmentators.py:7: FutureWarning: In the future `np.bool` will be defined as the corresponding NumPy scalar.
  if not hasattr(_np, _name):
D:\Project\AI Engineer\ePillID-benchmark-master\src\image_augmentators.py:7: FutureWarning: In the future `np.object` will be defined as the corresponding NumPy scalar.
  if not hasattr(_np, _name):
D:\Project\AI Engineer\ePillID-benchmark-master\src\image_augmentators.py:7: FutureWarning: In the future `np.str` will be defined as the corresponding NumPy scalar.
  if not hasattr(_np, _name):
D:\Project\AI Engineer\ePillID-benchmark-master\src\image_augmentators.py:7: FutureWarning: In the future `np.bool` will be defined as the corresponding NumPy scalar.
  if not hasattr(_np, _name):
D:\Project\AI Engineer\ePillID-benchmark-master\src\image_augmentators.py:7: FutureWarning: In the future `np.object` will be defined as the corresponding NumPy scalar.
  if not hasattr(_np, _name):
D:\Project\AI Engineer\ePillID-benchmark-master\src\image_augmentators.py:7: FutureWarning: In the future `np.str` will be defined as the corresponding NumPy scalar.
  if not hasattr(_np, _name):
D:\Project\AI Engineer\ePillID-benchmark-master\src\image_augmentators.py:7: FutureWarning: In the future `np.bool` will be defined as the corresponding NumPy scalar.
  if not hasattr(_np, _name):
D:\Project\AI Engineer\ePillID-benchmark-master\src\image_augmentators.py:7: FutureWarning: In the future `np.object` will be defined as the corresponding NumPy scalar.
  if not hasattr(_np, _name):
D:\Project\AI Engineer\ePillID-benchmark-master\src\image_augmentators.py:7: FutureWarning: In the future `np.str` will be defined as the corresponding NumPy scalar.
  if not hasattr(_np, _name):
D:\Project\AI Engineer\ePillID-benchmark-master\src\image_augmentators.py:7: FutureWarning: In the future `np.bool` will be defined as the corresponding NumPy scalar.
  if not hasattr(_np, _name):
D:\Project\AI Engineer\ePillID-benchmark-master\src\image_augmentators.py:7: FutureWarning: In the future `np.object` will be defined as the corresponding NumPy scalar.
  if not hasattr(_np, _name):
D:\Project\AI Engineer\ePillID-benchmark-master\src\image_augmentators.py:7: FutureWarning: In the future `np.str` will be defined as the corresponding NumPy scalar.
  if not hasattr(_np, _name):
D:\Project\AI Engineer\ePillID-benchmark-master\src\image_augmentators.py:7: FutureWarning: In the future `np.bool` will be defined as the corresponding NumPy scalar.
  if not hasattr(_np, _name):
D:\Project\AI Engineer\ePillID-benchmark-master\src\image_augmentators.py:7: FutureWarning: In the future `np.object` will be defined as the corresponding NumPy scalar.
  if not hasattr(_np, _name):
D:\Project\AI Engineer\ePillID-benchmark-master\src\image_augmentators.py:7: FutureWarning: In the future `np.str` will be defined as the corresponding NumPy scalar.
  if not hasattr(_np, _name):
D:\Project\AI Engineer\ePillID-benchmark-master\src\image_augmentators.py:7: FutureWarning: In the future `np.bool` will be defined as the corresponding NumPy scalar.
  if not hasattr(_np, _name):
D:\Project\AI Engineer\ePillID-benchmark-master\src\image_augmentators.py:7: FutureWarning: In the future `np.object` will be defined as the corresponding NumPy scalar.
  if not hasattr(_np, _name):
D:\Project\AI Engineer\ePillID-benchmark-master\src\image_augmentators.py:7: FutureWarning: In the future `np.str` will be defined as the corresponding NumPy scalar.
  if not hasattr(_np, _name):
D:\Project\AI Engineer\ePillID-benchmark-master\src\image_augmentators.py:7: FutureWarning: In the future `np.bool` will be defined as the corresponding NumPy scalar.
  if not hasattr(_np, _name):
D:\Project\AI Engineer\ePillID-benchmark-master\src\image_augmentators.py:7: FutureWarning: In the future `np.object` will be defined as the corresponding NumPy scalar.
  if not hasattr(_np, _name):
D:\Project\AI Engineer\ePillID-benchmark-master\src\image_augmentators.py:7: FutureWarning: In the future `np.str` will be defined as the corresponding NumPy scalar.
  if not hasattr(_np, _name):
D:\Project\AI Engineer\ePillID-benchmark-master\src\image_augmentators.py:7: FutureWarning: In the future `np.bool` will be defined as the corresponding NumPy scalar.
  if not hasattr(_np, _name):
D:\Project\AI Engineer\ePillID-benchmark-master\src\image_augmentators.py:7: FutureWarning: In the future `np.object` will be defined as the corresponding NumPy scalar.
  if not hasattr(_np, _name):
D:\Project\AI Engineer\ePillID-benchmark-master\src\image_augmentators.py:7: FutureWarning: In the future `np.str` will be defined as the corresponding NumPy scalar.
  if not hasattr(_np, _name):
D:\Project\AI Engineer\ePillID-benchmark-master\src\image_augmentators.py:7: FutureWarning: In the future `np.bool` will be defined as the corresponding NumPy scalar.
  if not hasattr(_np, _name):
D:\Project\AI Engineer\ePillID-benchmark-master\src\image_augmentators.py:7: FutureWarning: In the future `np.object` will be defined as the corresponding NumPy scalar.
  if not hasattr(_np, _name):
D:\Project\AI Engineer\ePillID-benchmark-master\src\image_augmentators.py:7: FutureWarning: In the future `np.str` will be defined as the corresponding NumPy scalar.
  if not hasattr(_np, _name):
D:\Project\AI Engineer\ePillID-benchmark-master\src\image_augmentators.py:7: FutureWarning: In the future `np.bool` will be defined as the corresponding NumPy scalar.
  if not hasattr(_np, _name):
D:\Project\AI Engineer\ePillID-benchmark-master\src\image_augmentators.py:7: FutureWarning: In the future `np.object` will be defined as the corresponding NumPy scalar.
  if not hasattr(_np, _name):
D:\Project\AI Engineer\ePillID-benchmark-master\src\image_augmentators.py:7: FutureWarning: In the future `np.str` will be defined as the corresponding NumPy scalar.
  if not hasattr(_np, _name):
D:\Project\AI Engineer\ePillID-benchmark-master\src\image_augmentators.py:7: FutureWarning: In the future `np.bool` will be defined as the corresponding NumPy scalar.
  if not hasattr(_np, _name):
D:\Project\AI Engineer\ePillID-benchmark-master\src\image_augmentators.py:7: FutureWarning: In the future `np.object` will be defined as the corresponding NumPy scalar.
  if not hasattr(_np, _name):
D:\Project\AI Engineer\ePillID-benchmark-master\src\image_augmentators.py:7: FutureWarning: In the future `np.str` will be defined as the corresponding NumPy scalar.
  if not hasattr(_np, _name):
D:\Project\AI Engineer\ePillID-benchmark-master\src\image_augmentators.py:7: FutureWarning: In the future `np.bool` will be defined as the corresponding NumPy scalar.
  if not hasattr(_np, _name):
D:\Project\AI Engineer\ePillID-benchmark-master\src\image_augmentators.py:7: FutureWarning: In the future `np.object` will be defined as the corresponding NumPy scalar.
  if not hasattr(_np, _name):
D:\Project\AI Engineer\ePillID-benchmark-master\src\image_augmentators.py:7: FutureWarning: In the future `np.str` will be defined as the corresponding NumPy scalar.
  if not hasattr(_np, _name):
D:\Project\AI Engineer\ePillID-benchmark-master\src\image_augmentators.py:7: FutureWarning: In the future `np.bool` will be defined as the corresponding NumPy scalar.
  if not hasattr(_np, _name):
D:\Project\AI Engineer\ePillID-benchmark-master\src\image_augmentators.py:7: FutureWarning: In the future `np.object` will be defined as the corresponding NumPy scalar.
  if not hasattr(_np, _name):
D:\Project\AI Engineer\ePillID-benchmark-master\src\image_augmentators.py:7: FutureWarning: In the future `np.str` will be defined as the corresponding NumPy scalar.
  if not hasattr(_np, _name):
D:\Project\AI Engineer\ePillID-benchmark-master\src\image_augmentators.py:7: FutureWarning: In the future `np.bool` will be defined as the corresponding NumPy scalar.
  if not hasattr(_np, _name):
D:\Project\AI Engineer\ePillID-benchmark-master\src\image_augmentators.py:7: FutureWarning: In the future `np.object` will be defined as the corresponding NumPy scalar.
  if not hasattr(_np, _name):
D:\Project\AI Engineer\ePillID-benchmark-master\src\image_augmentators.py:7: FutureWarning: In the future `np.str` will be defined as the corresponding NumPy scalar.
  if not hasattr(_np, _name):
D:\Project\AI Engineer\ePillID-benchmark-master\src\image_augmentators.py:7: FutureWarning: In the future `np.bool` will be defined as the corresponding NumPy scalar.
  if not hasattr(_np, _name):
D:\Project\AI Engineer\ePillID-benchmark-master\src\image_augmentators.py:7: FutureWarning: In the future `np.object` will be defined as the corresponding NumPy scalar.
  if not hasattr(_np, _name):
D:\Project\AI Engineer\ePillID-benchmark-master\src\image_augmentators.py:7: FutureWarning: In the future `np.str` will be defined as the corresponding NumPy scalar.
  if not hasattr(_np, _name):
D:\Project\AI Engineer\ePillID-benchmark-master\src\image_augmentators.py:7: FutureWarning: In the future `np.bool` will be defined as the corresponding NumPy scalar.
  if not hasattr(_np, _name):
D:\Project\AI Engineer\ePillID-benchmark-master\src\image_augmentators.py:7: FutureWarning: In the future `np.object` will be defined as the corresponding NumPy scalar.
  if not hasattr(_np, _name):
D:\Project\AI Engineer\ePillID-benchmark-master\src\image_augmentators.py:7: FutureWarning: In the future `np.str` will be defined as the corresponding NumPy scalar.
  if not hasattr(_np, _name):
D:\Project\AI Engineer\ePillID-benchmark-master\src\image_augmentators.py:7: FutureWarning: In the future `np.bool` will be defined as the corresponding NumPy scalar.
  if not hasattr(_np, _name):
D:\Project\AI Engineer\ePillID-benchmark-master\src\image_augmentators.py:7: FutureWarning: In the future `np.object` will be defined as the corresponding NumPy scalar.
  if not hasattr(_np, _name):
D:\Project\AI Engineer\ePillID-benchmark-master\src\image_augmentators.py:7: FutureWarning: In the future `np.str` will be defined as the corresponding NumPy scalar.
  if not hasattr(_np, _name):
D:\Project\AI Engineer\ePillID-benchmark-master\src\image_augmentators.py:7: FutureWarning: In the future `np.bool` will be defined as the corresponding NumPy scalar.
  if not hasattr(_np, _name):
D:\Project\AI Engineer\ePillID-benchmark-master\src\image_augmentators.py:7: FutureWarning: In the future `np.object` will be defined as the corresponding NumPy scalar.
  if not hasattr(_np, _name):
D:\Project\AI Engineer\ePillID-benchmark-master\src\image_augmentators.py:7: FutureWarning: In the future `np.str` will be defined as the corresponding NumPy scalar.
  if not hasattr(_np, _name):
D:\Project\AI Engineer\ePillID-benchmark-master\src\image_augmentators.py:7: FutureWarning: In the future `np.bool` will be defined as the corresponding NumPy scalar.
  if not hasattr(_np, _name):
D:\Project\AI Engineer\ePillID-benchmark-master\src\image_augmentators.py:7: FutureWarning: In the future `np.object` will be defined as the corresponding NumPy scalar.
  if not hasattr(_np, _name):
D:\Project\AI Engineer\ePillID-benchmark-master\src\image_augmentators.py:7: FutureWarning: In the future `np.str` will be defined as the corresponding NumPy scalar.
  if not hasattr(_np, _name):
D:\Project\AI Engineer\ePillID-benchmark-master\src\image_augmentators.py:7: FutureWarning: In the future `np.bool` will be defined as the corresponding NumPy scalar.
  if not hasattr(_np, _name):
D:\Project\AI Engineer\ePillID-benchmark-master\src\image_augmentators.py:7: FutureWarning: In the future `np.object` will be defined as the corresponding NumPy scalar.
  if not hasattr(_np, _name):
D:\Project\AI Engineer\ePillID-benchmark-master\src\image_augmentators.py:7: FutureWarning: In the future `np.str` will be defined as the corresponding NumPy scalar.
  if not hasattr(_np, _name):
D:\Project\AI Engineer\ePillID-benchmark-master\src\image_augmentators.py:7: FutureWarning: In the future `np.bool` will be defined as the corresponding NumPy scalar.
  if not hasattr(_np, _name):
D:\Project\AI Engineer\ePillID-benchmark-master\src\image_augmentators.py:7: FutureWarning: In the future `np.object` will be defined as the corresponding NumPy scalar.
  if not hasattr(_np, _name):
D:\Project\AI Engineer\ePillID-benchmark-master\src\image_augmentators.py:7: FutureWarning: In the future `np.str` will be defined as the corresponding NumPy scalar.
  if not hasattr(_np, _name):
D:\Project\AI Engineer\ePillID-benchmark-master\src\image_augmentators.py:7: FutureWarning: In the future `np.bool` will be defined as the corresponding NumPy scalar.
  if not hasattr(_np, _name):
D:\Project\AI Engineer\ePillID-benchmark-master\src\image_augmentators.py:7: FutureWarning: In the future `np.object` will be defined as the corresponding NumPy scalar.
  if not hasattr(_np, _name):
D:\Project\AI Engineer\ePillID-benchmark-master\src\image_augmentators.py:7: FutureWarning: In the future `np.str` will be defined as the corresponding NumPy scalar.
  if not hasattr(_np, _name):
D:\Project\AI Engineer\ePillID-benchmark-master\src\image_augmentators.py:7: FutureWarning: In the future `np.bool` will be defined as the corresponding NumPy scalar.
  if not hasattr(_np, _name):
D:\Project\AI Engineer\ePillID-benchmark-master\src\image_augmentators.py:7: FutureWarning: In the future `np.object` will be defined as the corresponding NumPy scalar.
  if not hasattr(_np, _name):
D:\Project\AI Engineer\ePillID-benchmark-master\src\image_augmentators.py:7: FutureWarning: In the future `np.str` will be defined as the corresponding NumPy scalar.
  if not hasattr(_np, _name):
D:\Project\AI Engineer\ePillID-benchmark-master\src\image_augmentators.py:7: FutureWarning: In the future `np.bool` will be defined as the corresponding NumPy scalar.
  if not hasattr(_np, _name):
D:\Project\AI Engineer\ePillID-benchmark-master\src\image_augmentators.py:7: FutureWarning: In the future `np.object` will be defined as the corresponding NumPy scalar.
  if not hasattr(_np, _name):
D:\Project\AI Engineer\ePillID-benchmark-master\src\image_augmentators.py:7: FutureWarning: In the future `np.str` will be defined as the corresponding NumPy scalar.
  if not hasattr(_np, _name):
D:\Project\AI Engineer\ePillID-benchmark-master\src\image_augmentators.py:7: FutureWarning: In the future `np.bool` will be defined as the corresponding NumPy scalar.
  if not hasattr(_np, _name):
D:\Project\AI Engineer\ePillID-benchmark-master\src\image_augmentators.py:7: FutureWarning: In the future `np.object` will be defined as the corresponding NumPy scalar.
  if not hasattr(_np, _name):
D:\Project\AI Engineer\ePillID-benchmark-master\src\image_augmentators.py:7: FutureWarning: In the future `np.str` will be defined as the corresponding NumPy scalar.
  if not hasattr(_np, _name):
D:\Project\AI Engineer\ePillID-benchmark-master\src\image_augmentators.py:7: FutureWarning: In the future `np.bool` will be defined as the corresponding NumPy scalar.
  if not hasattr(_np, _name):
D:\Project\AI Engineer\ePillID-benchmark-master\src\image_augmentators.py:7: FutureWarning: In the future `np.object` will be defined as the corresponding NumPy scalar.
  if not hasattr(_np, _name):
D:\Project\AI Engineer\ePillID-benchmark-master\src\image_augmentators.py:7: FutureWarning: In the future `np.str` will be defined as the corresponding NumPy scalar.
  if not hasattr(_np, _name):
D:\Project\AI Engineer\ePillID-benchmark-master\src\image_augmentators.py:7: FutureWarning: In the future `np.bool` will be defined as the corresponding NumPy scalar.
  if not hasattr(_np, _name):
D:\Project\AI Engineer\ePillID-benchmark-master\src\image_augmentators.py:7: FutureWarning: In the future `np.object` will be defined as the corresponding NumPy scalar.
  if not hasattr(_np, _name):
D:\Project\AI Engineer\ePillID-benchmark-master\src\image_augmentators.py:7: FutureWarning: In the future `np.str` will be defined as the corresponding NumPy scalar.
  if not hasattr(_np, _name):
D:\Project\AI Engineer\ePillID-benchmark-master\src\image_augmentators.py:7: FutureWarning: In the future `np.bool` will be defined as the corresponding NumPy scalar.
  if not hasattr(_np, _name):
D:\Project\AI Engineer\ePillID-benchmark-master\src\image_augmentators.py:7: FutureWarning: In the future `np.object` will be defined as the corresponding NumPy scalar.
  if not hasattr(_np, _name):
D:\Project\AI Engineer\ePillID-benchmark-master\src\image_augmentators.py:7: FutureWarning: In the future `np.str` will be defined as the corresponding NumPy scalar.
  if not hasattr(_np, _name):
D:\Project\AI Engineer\ePillID-benchmark-master\src\image_augmentators.py:7: FutureWarning: In the future `np.bool` will be defined as the corresponding NumPy scalar.
  if not hasattr(_np, _name):
D:\Project\AI Engineer\ePillID-benchmark-master\src\image_augmentators.py:7: FutureWarning: In the future `np.object` will be defined as the corresponding NumPy scalar.
  if not hasattr(_np, _name):
D:\Project\AI Engineer\ePillID-benchmark-master\src\image_augmentators.py:7: FutureWarning: In the future `np.str` will be defined as the corresponding NumPy scalar.
  if not hasattr(_np, _name):
D:\Project\AI Engineer\ePillID-benchmark-master\src\image_augmentators.py:7: FutureWarning: In the future `np.bool` will be defined as the corresponding NumPy scalar.
  if not hasattr(_np, _name):
D:\Project\AI Engineer\ePillID-benchmark-master\src\image_augmentators.py:7: FutureWarning: In the future `np.object` will be defined as the corresponding NumPy scalar.
  if not hasattr(_np, _name):
D:\Project\AI Engineer\ePillID-benchmark-master\src\image_augmentators.py:7: FutureWarning: In the future `np.str` will be defined as the corresponding NumPy scalar.
  if not hasattr(_np, _name):
D:\Project\AI Engineer\ePillID-benchmark-master\src\image_augmentators.py:7: FutureWarning: In the future `np.bool` will be defined as the corresponding NumPy scalar.
  if not hasattr(_np, _name):
D:\Project\AI Engineer\ePillID-benchmark-master\src\image_augmentators.py:7: FutureWarning: In the future `np.object` will be defined as the corresponding NumPy scalar.
  if not hasattr(_np, _name):
D:\Project\AI Engineer\ePillID-benchmark-master\src\image_augmentators.py:7: FutureWarning: In the future `np.str` will be defined as the corresponding NumPy scalar.
  if not hasattr(_np, _name):
D:\Project\AI Engineer\ePillID-benchmark-master\src\image_augmentators.py:7: FutureWarning: In the future `np.bool` will be defined as the corresponding NumPy scalar.
  if not hasattr(_np, _name):
D:\Project\AI Engineer\ePillID-benchmark-master\src\image_augmentators.py:7: FutureWarning: In the future `np.object` will be defined as the corresponding NumPy scalar.
  if not hasattr(_np, _name):
D:\Project\AI Engineer\ePillID-benchmark-master\src\image_augmentators.py:7: FutureWarning: In the future `np.str` will be defined as the corresponding NumPy scalar.
  if not hasattr(_np, _name):
D:\Project\AI Engineer\ePillID-benchmark-master\src\image_augmentators.py:7: FutureWarning: In the future `np.bool` will be defined as the corresponding NumPy scalar.
  if not hasattr(_np, _name):
D:\Project\AI Engineer\ePillID-benchmark-master\src\image_augmentators.py:7: FutureWarning: In the future `np.object` will be defined as the corresponding NumPy scalar.
  if not hasattr(_np, _name):
D:\Project\AI Engineer\ePillID-benchmark-master\src\image_augmentators.py:7: FutureWarning: In the future `np.str` will be defined as the corresponding NumPy scalar.
  if not hasattr(_np, _name):
D:\Project\AI Engineer\ePillID-benchmark-master\src\image_augmentators.py:7: FutureWarning: In the future `np.bool` will be defined as the corresponding NumPy scalar.
  if not hasattr(_np, _name):
D:\Project\AI Engineer\ePillID-benchmark-master\src\image_augmentators.py:7: FutureWarning: In the future `np.object` will be defined as the corresponding NumPy scalar.
  if not hasattr(_np, _name):
D:\Project\AI Engineer\ePillID-benchmark-master\src\image_augmentators.py:7: FutureWarning: In the future `np.str` will be defined as the corresponding NumPy scalar.
  if not hasattr(_np, _name):
D:\Project\AI Engineer\ePillID-benchmark-master\src\image_augmentators.py:7: FutureWarning: In the future `np.bool` will be defined as the corresponding NumPy scalar.
  if not hasattr(_np, _name):
D:\Project\AI Engineer\ePillID-benchmark-master\src\image_augmentators.py:7: FutureWarning: In the future `np.object` will be defined as the corresponding NumPy scalar.
  if not hasattr(_np, _name):
D:\Project\AI Engineer\ePillID-benchmark-master\src\image_augmentators.py:7: FutureWarning: In the future `np.str` will be defined as the corresponding NumPy scalar.
  if not hasattr(_np, _name):
D:\Project\AI Engineer\ePillID-benchmark-master\src\image_augmentators.py:7: FutureWarning: In the future `np.bool` will be defined as the corresponding NumPy scalar.
  if not hasattr(_np, _name):
D:\Project\AI Engineer\ePillID-benchmark-master\src\image_augmentators.py:7: FutureWarning: In the future `np.object` will be defined as the corresponding NumPy scalar.
  if not hasattr(_np, _name):
D:\Project\AI Engineer\ePillID-benchmark-master\src\image_augmentators.py:7: FutureWarning: In the future `np.str` will be defined as the corresponding NumPy scalar.
  if not hasattr(_np, _name):
D:\Project\AI Engineer\ePillID-benchmark-master\src\image_augmentators.py:7: FutureWarning: In the future `np.bool` will be defined as the corresponding NumPy scalar.
  if not hasattr(_np, _name):
D:\Project\AI Engineer\ePillID-benchmark-master\src\image_augmentators.py:7: FutureWarning: In the future `np.object` will be defined as the corresponding NumPy scalar.
  if not hasattr(_np, _name):
D:\Project\AI Engineer\ePillID-benchmark-master\src\image_augmentators.py:7: FutureWarning: In the future `np.str` will be defined as the corresponding NumPy scalar.
  if not hasattr(_np, _name):
D:\Project\AI Engineer\ePillID-benchmark-master\src\image_augmentators.py:7: FutureWarning: In the future `np.bool` will be defined as the corresponding NumPy scalar.
  if not hasattr(_np, _name):
D:\Project\AI Engineer\ePillID-benchmark-master\src\image_augmentators.py:7: FutureWarning: In the future `np.object` will be defined as the corresponding NumPy scalar.
  if not hasattr(_np, _name):
D:\Project\AI Engineer\ePillID-benchmark-master\src\image_augmentators.py:7: FutureWarning: In the future `np.str` will be defined as the corresponding NumPy scalar.
  if not hasattr(_np, _name):
D:\Project\AI Engineer\ePillID-benchmark-master\src\image_augmentators.py:7: FutureWarning: In the future `np.bool` will be defined as the corresponding NumPy scalar.
  if not hasattr(_np, _name):
D:\Project\AI Engineer\ePillID-benchmark-master\src\image_augmentators.py:7: FutureWarning: In the future `np.object` will be defined as the corresponding NumPy scalar.
  if not hasattr(_np, _name):
D:\Project\AI Engineer\ePillID-benchmark-master\src\image_augmentators.py:7: FutureWarning: In the future `np.str` will be defined as the corresponding NumPy scalar.
  if not hasattr(_np, _name):
D:\Project\AI Engineer\ePillID-benchmark-master\src\image_augmentators.py:7: FutureWarning: In the future `np.bool` will be defined as the corresponding NumPy scalar.
  if not hasattr(_np, _name):
D:\Project\AI Engineer\ePillID-benchmark-master\src\image_augmentators.py:7: FutureWarning: In the future `np.object` will be defined as the corresponding NumPy scalar.
  if not hasattr(_np, _name):
D:\Project\AI Engineer\ePillID-benchmark-master\src\image_augmentators.py:7: FutureWarning: In the future `np.str` will be defined as the corresponding NumPy scalar.
  if not hasattr(_np, _name):
D:\Project\AI Engineer\ePillID-benchmark-master\src\image_augmentators.py:7: FutureWarning: In the future `np.bool` will be defined as the corresponding NumPy scalar.
  if not hasattr(_np, _name):
D:\Project\AI Engineer\ePillID-benchmark-master\src\image_augmentators.py:7: FutureWarning: In the future `np.object` will be defined as the corresponding NumPy scalar.
  if not hasattr(_np, _name):
D:\Project\AI Engineer\ePillID-benchmark-master\src\image_augmentators.py:7: FutureWarning: In the future `np.str` will be defined as the corresponding NumPy scalar.
  if not hasattr(_np, _name):
Evaluation will be performed in 611 simulated 2-side pairs from 613 consumer images of 141 labels.
Calculate distance matrix between all the labels 4902 and consumer-queries 611
Avg. time elapsed per metric query 0m 0s
qry_lbl_sim_matrix torch.Size([611, 4902])
torch.Size([611, 4902])
torch.Size([611])
torch.Size([611])
torch.Size([611, 4902])
torch.Size([611])
torch.Size([611])
Evaluation complete in 0m 36s
{'top1-acc': 0.8870704174041748, 'top5-acc': 0.9983633756637573}
all_avg_precision (611, 7) (611, 4902) (611, 4902) 4902 611
Saving the best model state dict, 0.7746188030136967, 6

Epoch 31/99
----------
Phase: train
Phase: val

Epoch 32/99
----------
Phase: train
Phase: val

Epoch 33/99
----------
Phase: train
Phase: val

Epoch 34/99
----------
Phase: train
Phase: val

Epoch 35/99
----------
Phase: train
Phase: val
#### Checkpoint ###
Evaluating metric metrics
query_img_paths 745 nunique 745 D:\Data\ePillID_data\ePillID_data\classification_data\fcn_mix_weight/dc_224/10.jpg
query_labels 745 nunique 192
Completed the eval model function. query:torch.Size([745, 2048]), ref:torch.Size([9804, 2048])
Creating Torch cosine sim provider for metric evaluator
Found 4902 classes in the references
Evaluation will be performed in 611 simulated 2-side pairs from 613 consumer images of 141 labels.
Calculate distance matrix between all the labels 4902 and consumer-queries 611
Avg. time elapsed per metric query 0m 0s
qry_lbl_sim_matrix torch.Size([611, 4902])
torch.Size([611, 4902])
torch.Size([611])
torch.Size([611])
torch.Size([611, 4902])
torch.Size([611])
torch.Size([611])
Evaluation complete in 0m 35s
{'top1-acc': 0.8690671324729919, 'top5-acc': 0.9901800751686096}
all_avg_precision (611, 7) (611, 4902) (611, 4902) 4902 611

Epoch 36/99
----------
Phase: train
Phase: val

Epoch 37/99
----------
Phase: train
Phase: val

Epoch 38/99
----------
Phase: train
Phase: val

Epoch 39/99
----------
Phase: train
Phase: val

Epoch 40/99
----------
Phase: train
Phase: val
#### Checkpoint ###
Evaluating metric metrics
query_img_paths 745 nunique 745 D:\Data\ePillID_data\ePillID_data\classification_data\fcn_mix_weight/dc_224/10.jpg
query_labels 745 nunique 192
Completed the eval model function. query:torch.Size([745, 2048]), ref:torch.Size([9804, 2048])
Creating Torch cosine sim provider for metric evaluator
Found 4902 classes in the references
Evaluation will be performed in 611 simulated 2-side pairs from 613 consumer images of 141 labels.
Calculate distance matrix between all the labels 4902 and consumer-queries 611
Avg. time elapsed per metric query 0m 0s
qry_lbl_sim_matrix torch.Size([611, 4902])
torch.Size([611, 4902])
torch.Size([611])
torch.Size([611])
torch.Size([611, 4902])
torch.Size([611])
torch.Size([611])
Evaluation complete in 0m 34s
{'top1-acc': 0.8887070417404175, 'top5-acc': 0.9885433912277222}
all_avg_precision (611, 7) (611, 4902) (611, 4902) 4902 611

Epoch 41/99
----------
Phase: train
Phase: val

Epoch 42/99
----------
Phase: train
Phase: val

Epoch 43/99
----------
Phase: train
Phase: val

Epoch 44/99
----------
Phase: train
Phase: val

Epoch 45/99
----------
Phase: train
Phase: val
#### Checkpoint ###
Evaluating metric metrics
query_img_paths 745 nunique 745 D:\Data\ePillID_data\ePillID_data\classification_data\fcn_mix_weight/dc_224/10.jpg
query_labels 745 nunique 192
Completed the eval model function. query:torch.Size([745, 2048]), ref:torch.Size([9804, 2048])
Creating Torch cosine sim provider for metric evaluator
Found 4902 classes in the references
Evaluation will be performed in 611 simulated 2-side pairs from 613 consumer images of 141 labels.
Calculate distance matrix between all the labels 4902 and consumer-queries 611
Avg. time elapsed per metric query 0m 0s
qry_lbl_sim_matrix torch.Size([611, 4902])
torch.Size([611, 4902])
torch.Size([611])
torch.Size([611])
torch.Size([611, 4902])
torch.Size([611])
torch.Size([611])
Evaluation complete in 0m 35s
{'top1-acc': 0.9018003344535828, 'top5-acc': 0.9983633756637573}
all_avg_precision (611, 7) (611, 4902) (611, 4902) 4902 611
Saving the best model state dict, 0.7986996751238408, 9

Epoch 46/99
----------
Phase: train
Phase: val

Epoch 47/99
----------
Phase: train
Phase: val

Epoch 48/99
----------
Phase: train
Phase: val

Epoch 49/99
----------
Phase: train
Phase: val

Epoch 50/99
----------
Phase: train
Phase: val
#### Checkpoint ###
Evaluating metric metrics
query_img_paths 745 nunique 745 D:\Data\ePillID_data\ePillID_data\classification_data\fcn_mix_weight/dc_224/10.jpg
query_labels 745 nunique 192
Completed the eval model function. query:torch.Size([745, 2048]), ref:torch.Size([9804, 2048])
Creating Torch cosine sim provider for metric evaluator
Found 4902 classes in the references
Evaluation will be performed in 611 simulated 2-side pairs from 613 consumer images of 141 labels.
Calculate distance matrix between all the labels 4902 and consumer-queries 611
Avg. time elapsed per metric query 0m 0s
qry_lbl_sim_matrix torch.Size([611, 4902])
torch.Size([611, 4902])
torch.Size([611])
torch.Size([611])
torch.Size([611, 4902])
torch.Size([611])
torch.Size([611])
Evaluation complete in 0m 34s
{'top1-acc': 0.8903437256813049, 'top5-acc': 0.9950900077819824}
all_avg_precision (611, 7) (611, 4902) (611, 4902) 4902 611

Epoch 51/99
----------
Phase: train
Phase: val

Epoch 52/99
----------
Phase: train
Phase: val

Epoch 53/99
----------
Phase: train
Phase: val

Epoch 54/99
----------
Phase: train
Phase: val

Epoch 55/99
----------
Phase: train
Phase: val
#### Checkpoint ###
Evaluating metric metrics
query_img_paths 745 nunique 745 D:\Data\ePillID_data\ePillID_data\classification_data\fcn_mix_weight/dc_224/10.jpg
query_labels 745 nunique 192
Completed the eval model function. query:torch.Size([745, 2048]), ref:torch.Size([9804, 2048])
Creating Torch cosine sim provider for metric evaluator
Found 4902 classes in the references
Evaluation will be performed in 611 simulated 2-side pairs from 613 consumer images of 141 labels.
Calculate distance matrix between all the labels 4902 and consumer-queries 611
Avg. time elapsed per metric query 0m 0s
qry_lbl_sim_matrix torch.Size([611, 4902])
torch.Size([611, 4902])
torch.Size([611])
torch.Size([611])
torch.Size([611, 4902])
torch.Size([611])
torch.Size([611])
Evaluation complete in 0m 36s
{'top1-acc': 0.8756137490272522, 'top5-acc': 0.9983633756637573}
all_avg_precision (611, 7) (611, 4902) (611, 4902) 4902 611
Saving the best model state dict, 0.8012846278201134, 11

Epoch 56/99
----------
Phase: train
Phase: val

Epoch 57/99
----------
Phase: train
Phase: val

Epoch 58/99
----------
Phase: train
Phase: val

Epoch 59/99
----------
Phase: train
Phase: val

Epoch 60/99
----------
Phase: train
Phase: val
#### Checkpoint ###
Evaluating metric metrics
query_img_paths 745 nunique 745 D:\Data\ePillID_data\ePillID_data\classification_data\fcn_mix_weight/dc_224/10.jpg
query_labels 745 nunique 192
Completed the eval model function. query:torch.Size([745, 2048]), ref:torch.Size([9804, 2048])
Creating Torch cosine sim provider for metric evaluator
Found 4902 classes in the references
Evaluation will be performed in 611 simulated 2-side pairs from 613 consumer images of 141 labels.
Calculate distance matrix between all the labels 4902 and consumer-queries 611
Avg. time elapsed per metric query 0m 0s
qry_lbl_sim_matrix torch.Size([611, 4902])
torch.Size([611, 4902])
torch.Size([611])
torch.Size([611])
torch.Size([611, 4902])
torch.Size([611])
torch.Size([611])
Evaluation complete in 0m 34s
{'top1-acc': 0.9181669354438782, 'top5-acc': 0.9983633756637573}
all_avg_precision (611, 7) (611, 4902) (611, 4902) 4902 611
Saving the best model state dict, 0.8038796242650408, 12

Epoch 61/99
----------
Phase: train
Phase: val

Epoch 62/99
----------
Phase: train
Phase: val

Epoch 63/99
----------
Phase: train
Phase: val

Epoch 64/99
----------
Phase: train
Phase: val
D:\Project\AI Engineer\ePillID-benchmark-master\src\image_augmentators.py:7: FutureWarning: In the future `np.bool` will be defined as the corresponding NumPy scalar.
  if not hasattr(_np, _name):
D:\Project\AI Engineer\ePillID-benchmark-master\src\image_augmentators.py:7: FutureWarning: In the future `np.object` will be defined as the corresponding NumPy scalar.
  if not hasattr(_np, _name):
D:\Project\AI Engineer\ePillID-benchmark-master\src\image_augmentators.py:7: FutureWarning: In the future `np.str` will be defined as the corresponding NumPy scalar.
  if not hasattr(_np, _name):
D:\Project\AI Engineer\ePillID-benchmark-master\src\image_augmentators.py:7: FutureWarning: In the future `np.bool` will be defined as the corresponding NumPy scalar.
  if not hasattr(_np, _name):
D:\Project\AI Engineer\ePillID-benchmark-master\src\image_augmentators.py:7: FutureWarning: In the future `np.object` will be defined as the corresponding NumPy scalar.
  if not hasattr(_np, _name):
D:\Project\AI Engineer\ePillID-benchmark-master\src\image_augmentators.py:7: FutureWarning: In the future `np.str` will be defined as the corresponding NumPy scalar.
  if not hasattr(_np, _name):
D:\Project\AI Engineer\ePillID-benchmark-master\src\image_augmentators.py:7: FutureWarning: In the future `np.bool` will be defined as the corresponding NumPy scalar.
  if not hasattr(_np, _name):
D:\Project\AI Engineer\ePillID-benchmark-master\src\image_augmentators.py:7: FutureWarning: In the future `np.object` will be defined as the corresponding NumPy scalar.
  if not hasattr(_np, _name):
D:\Project\AI Engineer\ePillID-benchmark-master\src\image_augmentators.py:7: FutureWarning: In the future `np.str` will be defined as the corresponding NumPy scalar.
  if not hasattr(_np, _name):
D:\Project\AI Engineer\ePillID-benchmark-master\src\image_augmentators.py:7: FutureWarning: In the future `np.bool` will be defined as the corresponding NumPy scalar.
  if not hasattr(_np, _name):
D:\Project\AI Engineer\ePillID-benchmark-master\src\image_augmentators.py:7: FutureWarning: In the future `np.object` will be defined as the corresponding NumPy scalar.
  if not hasattr(_np, _name):
D:\Project\AI Engineer\ePillID-benchmark-master\src\image_augmentators.py:7: FutureWarning: In the future `np.str` will be defined as the corresponding NumPy scalar.
  if not hasattr(_np, _name):
D:\Project\AI Engineer\ePillID-benchmark-master\src\image_augmentators.py:7: FutureWarning: In the future `np.bool` will be defined as the corresponding NumPy scalar.
  if not hasattr(_np, _name):
D:\Project\AI Engineer\ePillID-benchmark-master\src\image_augmentators.py:7: FutureWarning: In the future `np.object` will be defined as the corresponding NumPy scalar.
  if not hasattr(_np, _name):
D:\Project\AI Engineer\ePillID-benchmark-master\src\image_augmentators.py:7: FutureWarning: In the future `np.str` will be defined as the corresponding NumPy scalar.
  if not hasattr(_np, _name):
D:\Project\AI Engineer\ePillID-benchmark-master\src\image_augmentators.py:7: FutureWarning: In the future `np.bool` will be defined as the corresponding NumPy scalar.
  if not hasattr(_np, _name):
D:\Project\AI Engineer\ePillID-benchmark-master\src\image_augmentators.py:7: FutureWarning: In the future `np.object` will be defined as the corresponding NumPy scalar.
  if not hasattr(_np, _name):
D:\Project\AI Engineer\ePillID-benchmark-master\src\image_augmentators.py:7: FutureWarning: In the future `np.str` will be defined as the corresponding NumPy scalar.
  if not hasattr(_np, _name):
D:\Project\AI Engineer\ePillID-benchmark-master\src\image_augmentators.py:7: FutureWarning: In the future `np.bool` will be defined as the corresponding NumPy scalar.
  if not hasattr(_np, _name):
D:\Project\AI Engineer\ePillID-benchmark-master\src\image_augmentators.py:7: FutureWarning: In the future `np.object` will be defined as the corresponding NumPy scalar.
  if not hasattr(_np, _name):
D:\Project\AI Engineer\ePillID-benchmark-master\src\image_augmentators.py:7: FutureWarning: In the future `np.str` will be defined as the corresponding NumPy scalar.
  if not hasattr(_np, _name):
D:\Project\AI Engineer\ePillID-benchmark-master\src\image_augmentators.py:7: FutureWarning: In the future `np.bool` will be defined as the corresponding NumPy scalar.
  if not hasattr(_np, _name):
D:\Project\AI Engineer\ePillID-benchmark-master\src\image_augmentators.py:7: FutureWarning: In the future `np.object` will be defined as the corresponding NumPy scalar.
  if not hasattr(_np, _name):
D:\Project\AI Engineer\ePillID-benchmark-master\src\image_augmentators.py:7: FutureWarning: In the future `np.str` will be defined as the corresponding NumPy scalar.
  if not hasattr(_np, _name):
D:\Project\AI Engineer\ePillID-benchmark-master\src\image_augmentators.py:7: FutureWarning: In the future `np.bool` will be defined as the corresponding NumPy scalar.
  if not hasattr(_np, _name):
D:\Project\AI Engineer\ePillID-benchmark-master\src\image_augmentators.py:7: FutureWarning: In the future `np.object` will be defined as the corresponding NumPy scalar.
  if not hasattr(_np, _name):
D:\Project\AI Engineer\ePillID-benchmark-master\src\image_augmentators.py:7: FutureWarning: In the future `np.str` will be defined as the corresponding NumPy scalar.
  if not hasattr(_np, _name):
D:\Project\AI Engineer\ePillID-benchmark-master\src\image_augmentators.py:7: FutureWarning: In the future `np.bool` will be defined as the corresponding NumPy scalar.
  if not hasattr(_np, _name):
D:\Project\AI Engineer\ePillID-benchmark-master\src\image_augmentators.py:7: FutureWarning: In the future `np.object` will be defined as the corresponding NumPy scalar.
  if not hasattr(_np, _name):
D:\Project\AI Engineer\ePillID-benchmark-master\src\image_augmentators.py:7: FutureWarning: In the future `np.str` will be defined as the corresponding NumPy scalar.
  if not hasattr(_np, _name):
D:\Project\AI Engineer\ePillID-benchmark-master\src\image_augmentators.py:7: FutureWarning: In the future `np.bool` will be defined as the corresponding NumPy scalar.
  if not hasattr(_np, _name):
D:\Project\AI Engineer\ePillID-benchmark-master\src\image_augmentators.py:7: FutureWarning: In the future `np.object` will be defined as the corresponding NumPy scalar.
  if not hasattr(_np, _name):
D:\Project\AI Engineer\ePillID-benchmark-master\src\image_augmentators.py:7: FutureWarning: In the future `np.str` will be defined as the corresponding NumPy scalar.
  if not hasattr(_np, _name):
D:\Project\AI Engineer\ePillID-benchmark-master\src\image_augmentators.py:7: FutureWarning: In the future `np.bool` will be defined as the corresponding NumPy scalar.
  if not hasattr(_np, _name):
D:\Project\AI Engineer\ePillID-benchmark-master\src\image_augmentators.py:7: FutureWarning: In the future `np.object` will be defined as the corresponding NumPy scalar.
  if not hasattr(_np, _name):
D:\Project\AI Engineer\ePillID-benchmark-master\src\image_augmentators.py:7: FutureWarning: In the future `np.str` will be defined as the corresponding NumPy scalar.
  if not hasattr(_np, _name):
D:\Project\AI Engineer\ePillID-benchmark-master\src\image_augmentators.py:7: FutureWarning: In the future `np.bool` will be defined as the corresponding NumPy scalar.
  if not hasattr(_np, _name):
D:\Project\AI Engineer\ePillID-benchmark-master\src\image_augmentators.py:7: FutureWarning: In the future `np.object` will be defined as the corresponding NumPy scalar.
  if not hasattr(_np, _name):
D:\Project\AI Engineer\ePillID-benchmark-master\src\image_augmentators.py:7: FutureWarning: In the future `np.str` will be defined as the corresponding NumPy scalar.
  if not hasattr(_np, _name):
D:\Project\AI Engineer\ePillID-benchmark-master\src\image_augmentators.py:7: FutureWarning: In the future `np.bool` will be defined as the corresponding NumPy scalar.
  if not hasattr(_np, _name):
D:\Project\AI Engineer\ePillID-benchmark-master\src\image_augmentators.py:7: FutureWarning: In the future `np.object` will be defined as the corresponding NumPy scalar.
  if not hasattr(_np, _name):
D:\Project\AI Engineer\ePillID-benchmark-master\src\image_augmentators.py:7: FutureWarning: In the future `np.str` will be defined as the corresponding NumPy scalar.
  if not hasattr(_np, _name):
D:\Project\AI Engineer\ePillID-benchmark-master\src\image_augmentators.py:7: FutureWarning: In the future `np.bool` will be defined as the corresponding NumPy scalar.
  if not hasattr(_np, _name):
D:\Project\AI Engineer\ePillID-benchmark-master\src\image_augmentators.py:7: FutureWarning: In the future `np.object` will be defined as the corresponding NumPy scalar.
  if not hasattr(_np, _name):
D:\Project\AI Engineer\ePillID-benchmark-master\src\image_augmentators.py:7: FutureWarning: In the future `np.str` will be defined as the corresponding NumPy scalar.
  if not hasattr(_np, _name):
D:\Project\AI Engineer\ePillID-benchmark-master\src\image_augmentators.py:7: FutureWarning: In the future `np.bool` will be defined as the corresponding NumPy scalar.
  if not hasattr(_np, _name):
D:\Project\AI Engineer\ePillID-benchmark-master\src\image_augmentators.py:7: FutureWarning: In the future `np.object` will be defined as the corresponding NumPy scalar.
  if not hasattr(_np, _name):
D:\Project\AI Engineer\ePillID-benchmark-master\src\image_augmentators.py:7: FutureWarning: In the future `np.str` will be defined as the corresponding NumPy scalar.
  if not hasattr(_np, _name):
D:\Project\AI Engineer\ePillID-benchmark-master\src\image_augmentators.py:7: FutureWarning: In the future `np.bool` will be defined as the corresponding NumPy scalar.
  if not hasattr(_np, _name):
D:\Project\AI Engineer\ePillID-benchmark-master\src\image_augmentators.py:7: FutureWarning: In the future `np.object` will be defined as the corresponding NumPy scalar.
  if not hasattr(_np, _name):
D:\Project\AI Engineer\ePillID-benchmark-master\src\image_augmentators.py:7: FutureWarning: In the future `np.str` will be defined as the corresponding NumPy scalar.
  if not hasattr(_np, _name):
D:\Project\AI Engineer\ePillID-benchmark-master\src\image_augmentators.py:7: FutureWarning: In the future `np.bool` will be defined as the corresponding NumPy scalar.
  if not hasattr(_np, _name):
D:\Project\AI Engineer\ePillID-benchmark-master\src\image_augmentators.py:7: FutureWarning: In the future `np.object` will be defined as the corresponding NumPy scalar.
  if not hasattr(_np, _name):
D:\Project\AI Engineer\ePillID-benchmark-master\src\image_augmentators.py:7: FutureWarning: In the future `np.str` will be defined as the corresponding NumPy scalar.
  if not hasattr(_np, _name):
D:\Project\AI Engineer\ePillID-benchmark-master\src\image_augmentators.py:7: FutureWarning: In the future `np.bool` will be defined as the corresponding NumPy scalar.
  if not hasattr(_np, _name):
D:\Project\AI Engineer\ePillID-benchmark-master\src\image_augmentators.py:7: FutureWarning: In the future `np.object` will be defined as the corresponding NumPy scalar.
  if not hasattr(_np, _name):
D:\Project\AI Engineer\ePillID-benchmark-master\src\image_augmentators.py:7: FutureWarning: In the future `np.str` will be defined as the corresponding NumPy scalar.
  if not hasattr(_np, _name):
D:\Project\AI Engineer\ePillID-benchmark-master\src\image_augmentators.py:7: FutureWarning: In the future `np.bool` will be defined as the corresponding NumPy scalar.
  if not hasattr(_np, _name):
D:\Project\AI Engineer\ePillID-benchmark-master\src\image_augmentators.py:7: FutureWarning: In the future `np.object` will be defined as the corresponding NumPy scalar.
  if not hasattr(_np, _name):
D:\Project\AI Engineer\ePillID-benchmark-master\src\image_augmentators.py:7: FutureWarning: In the future `np.str` will be defined as the corresponding NumPy scalar.
  if not hasattr(_np, _name):
D:\Project\AI Engineer\ePillID-benchmark-master\src\image_augmentators.py:7: FutureWarning: In the future `np.bool` will be defined as the corresponding NumPy scalar.
  if not hasattr(_np, _name):
D:\Project\AI Engineer\ePillID-benchmark-master\src\image_augmentators.py:7: FutureWarning: In the future `np.object` will be defined as the corresponding NumPy scalar.
  if not hasattr(_np, _name):
D:\Project\AI Engineer\ePillID-benchmark-master\src\image_augmentators.py:7: FutureWarning: In the future `np.str` will be defined as the corresponding NumPy scalar.
  if not hasattr(_np, _name):
D:\Project\AI Engineer\ePillID-benchmark-master\src\image_augmentators.py:7: FutureWarning: In the future `np.bool` will be defined as the corresponding NumPy scalar.
  if not hasattr(_np, _name):
D:\Project\AI Engineer\ePillID-benchmark-master\src\image_augmentators.py:7: FutureWarning: In the future `np.object` will be defined as the corresponding NumPy scalar.
  if not hasattr(_np, _name):
D:\Project\AI Engineer\ePillID-benchmark-master\src\image_augmentators.py:7: FutureWarning: In the future `np.str` will be defined as the corresponding NumPy scalar.
  if not hasattr(_np, _name):
D:\Project\AI Engineer\ePillID-benchmark-master\src\image_augmentators.py:7: FutureWarning: In the future `np.bool` will be defined as the corresponding NumPy scalar.
  if not hasattr(_np, _name):
D:\Project\AI Engineer\ePillID-benchmark-master\src\image_augmentators.py:7: FutureWarning: In the future `np.object` will be defined as the corresponding NumPy scalar.
  if not hasattr(_np, _name):
D:\Project\AI Engineer\ePillID-benchmark-master\src\image_augmentators.py:7: FutureWarning: In the future `np.str` will be defined as the corresponding NumPy scalar.
  if not hasattr(_np, _name):
D:\Project\AI Engineer\ePillID-benchmark-master\src\image_augmentators.py:7: FutureWarning: In the future `np.bool` will be defined as the corresponding NumPy scalar.
  if not hasattr(_np, _name):
D:\Project\AI Engineer\ePillID-benchmark-master\src\image_augmentators.py:7: FutureWarning: In the future `np.object` will be defined as the corresponding NumPy scalar.
  if not hasattr(_np, _name):
D:\Project\AI Engineer\ePillID-benchmark-master\src\image_augmentators.py:7: FutureWarning: In the future `np.str` will be defined as the corresponding NumPy scalar.
  if not hasattr(_np, _name):
D:\Project\AI Engineer\ePillID-benchmark-master\src\image_augmentators.py:7: FutureWarning: In the future `np.bool` will be defined as the corresponding NumPy scalar.
  if not hasattr(_np, _name):
D:\Project\AI Engineer\ePillID-benchmark-master\src\image_augmentators.py:7: FutureWarning: In the future `np.object` will be defined as the corresponding NumPy scalar.
  if not hasattr(_np, _name):
D:\Project\AI Engineer\ePillID-benchmark-master\src\image_augmentators.py:7: FutureWarning: In the future `np.str` will be defined as the corresponding NumPy scalar.
  if not hasattr(_np, _name):
D:\Project\AI Engineer\ePillID-benchmark-master\src\image_augmentators.py:7: FutureWarning: In the future `np.bool` will be defined as the corresponding NumPy scalar.
  if not hasattr(_np, _name):
D:\Project\AI Engineer\ePillID-benchmark-master\src\image_augmentators.py:7: FutureWarning: In the future `np.object` will be defined as the corresponding NumPy scalar.
  if not hasattr(_np, _name):
D:\Project\AI Engineer\ePillID-benchmark-master\src\image_augmentators.py:7: FutureWarning: In the future `np.str` will be defined as the corresponding NumPy scalar.
  if not hasattr(_np, _name):
D:\Project\AI Engineer\ePillID-benchmark-master\src\image_augmentators.py:7: FutureWarning: In the future `np.bool` will be defined as the corresponding NumPy scalar.
  if not hasattr(_np, _name):
D:\Project\AI Engineer\ePillID-benchmark-master\src\image_augmentators.py:7: FutureWarning: In the future `np.object` will be defined as the corresponding NumPy scalar.
  if not hasattr(_np, _name):
D:\Project\AI Engineer\ePillID-benchmark-master\src\image_augmentators.py:7: FutureWarning: In the future `np.str` will be defined as the corresponding NumPy scalar.
  if not hasattr(_np, _name):
D:\Project\AI Engineer\ePillID-benchmark-master\src\image_augmentators.py:7: FutureWarning: In the future `np.bool` will be defined as the corresponding NumPy scalar.
  if not hasattr(_np, _name):
D:\Project\AI Engineer\ePillID-benchmark-master\src\image_augmentators.py:7: FutureWarning: In the future `np.object` will be defined as the corresponding NumPy scalar.
  if not hasattr(_np, _name):
D:\Project\AI Engineer\ePillID-benchmark-master\src\image_augmentators.py:7: FutureWarning: In the future `np.str` will be defined as the corresponding NumPy scalar.
  if not hasattr(_np, _name):
D:\Project\AI Engineer\ePillID-benchmark-master\src\image_augmentators.py:7: FutureWarning: In the future `np.bool` will be defined as the corresponding NumPy scalar.
  if not hasattr(_np, _name):
D:\Project\AI Engineer\ePillID-benchmark-master\src\image_augmentators.py:7: FutureWarning: In the future `np.object` will be defined as the corresponding NumPy scalar.
  if not hasattr(_np, _name):
D:\Project\AI Engineer\ePillID-benchmark-master\src\image_augmentators.py:7: FutureWarning: In the future `np.str` will be defined as the corresponding NumPy scalar.
  if not hasattr(_np, _name):
D:\Project\AI Engineer\ePillID-benchmark-master\src\image_augmentators.py:7: FutureWarning: In the future `np.bool` will be defined as the corresponding NumPy scalar.
  if not hasattr(_np, _name):
D:\Project\AI Engineer\ePillID-benchmark-master\src\image_augmentators.py:7: FutureWarning: In the future `np.object` will be defined as the corresponding NumPy scalar.
  if not hasattr(_np, _name):
D:\Project\AI Engineer\ePillID-benchmark-master\src\image_augmentators.py:7: FutureWarning: In the future `np.str` will be defined as the corresponding NumPy scalar.
  if not hasattr(_np, _name):
D:\Project\AI Engineer\ePillID-benchmark-master\src\image_augmentators.py:7: FutureWarning: In the future `np.bool` will be defined as the corresponding NumPy scalar.
  if not hasattr(_np, _name):
D:\Project\AI Engineer\ePillID-benchmark-master\src\image_augmentators.py:7: FutureWarning: In the future `np.object` will be defined as the corresponding NumPy scalar.
  if not hasattr(_np, _name):
D:\Project\AI Engineer\ePillID-benchmark-master\src\image_augmentators.py:7: FutureWarning: In the future `np.str` will be defined as the corresponding NumPy scalar.
  if not hasattr(_np, _name):
D:\Project\AI Engineer\ePillID-benchmark-master\src\image_augmentators.py:7: FutureWarning: In the future `np.bool` will be defined as the corresponding NumPy scalar.
  if not hasattr(_np, _name):
D:\Project\AI Engineer\ePillID-benchmark-master\src\image_augmentators.py:7: FutureWarning: In the future `np.object` will be defined as the corresponding NumPy scalar.
  if not hasattr(_np, _name):
D:\Project\AI Engineer\ePillID-benchmark-master\src\image_augmentators.py:7: FutureWarning: In the future `np.str` will be defined as the corresponding NumPy scalar.
  if not hasattr(_np, _name):
D:\Project\AI Engineer\ePillID-benchmark-master\src\image_augmentators.py:7: FutureWarning: In the future `np.bool` will be defined as the corresponding NumPy scalar.
  if not hasattr(_np, _name):
D:\Project\AI Engineer\ePillID-benchmark-master\src\image_augmentators.py:7: FutureWarning: In the future `np.object` will be defined as the corresponding NumPy scalar.
  if not hasattr(_np, _name):
D:\Project\AI Engineer\ePillID-benchmark-master\src\image_augmentators.py:7: FutureWarning: In the future `np.str` will be defined as the corresponding NumPy scalar.
  if not hasattr(_np, _name):
D:\Project\AI Engineer\ePillID-benchmark-master\src\image_augmentators.py:7: FutureWarning: In the future `np.bool` will be defined as the corresponding NumPy scalar.
  if not hasattr(_np, _name):
D:\Project\AI Engineer\ePillID-benchmark-master\src\image_augmentators.py:7: FutureWarning: In the future `np.object` will be defined as the corresponding NumPy scalar.
  if not hasattr(_np, _name):
D:\Project\AI Engineer\ePillID-benchmark-master\src\image_augmentators.py:7: FutureWarning: In the future `np.str` will be defined as the corresponding NumPy scalar.
  if not hasattr(_np, _name):
D:\Project\AI Engineer\ePillID-benchmark-master\src\image_augmentators.py:7: FutureWarning: In the future `np.bool` will be defined as the corresponding NumPy scalar.
  if not hasattr(_np, _name):
D:\Project\AI Engineer\ePillID-benchmark-master\src\image_augmentators.py:7: FutureWarning: In the future `np.object` will be defined as the corresponding NumPy scalar.
  if not hasattr(_np, _name):
D:\Project\AI Engineer\ePillID-benchmark-master\src\image_augmentators.py:7: FutureWarning: In the future `np.str` will be defined as the corresponding NumPy scalar.
  if not hasattr(_np, _name):
D:\Project\AI Engineer\ePillID-benchmark-master\src\image_augmentators.py:7: FutureWarning: In the future `np.bool` will be defined as the corresponding NumPy scalar.
  if not hasattr(_np, _name):
D:\Project\AI Engineer\ePillID-benchmark-master\src\image_augmentators.py:7: FutureWarning: In the future `np.object` will be defined as the corresponding NumPy scalar.
  if not hasattr(_np, _name):
D:\Project\AI Engineer\ePillID-benchmark-master\src\image_augmentators.py:7: FutureWarning: In the future `np.str` will be defined as the corresponding NumPy scalar.
  if not hasattr(_np, _name):
D:\Project\AI Engineer\ePillID-benchmark-master\src\image_augmentators.py:7: FutureWarning: In the future `np.bool` will be defined as the corresponding NumPy scalar.
  if not hasattr(_np, _name):
D:\Project\AI Engineer\ePillID-benchmark-master\src\image_augmentators.py:7: FutureWarning: In the future `np.object` will be defined as the corresponding NumPy scalar.
  if not hasattr(_np, _name):
D:\Project\AI Engineer\ePillID-benchmark-master\src\image_augmentators.py:7: FutureWarning: In the future `np.str` will be defined as the corresponding NumPy scalar.
  if not hasattr(_np, _name):
D:\Project\AI Engineer\ePillID-benchmark-master\src\image_augmentators.py:7: FutureWarning: In the future `np.bool` will be defined as the corresponding NumPy scalar.
  if not hasattr(_np, _name):
D:\Project\AI Engineer\ePillID-benchmark-master\src\image_augmentators.py:7: FutureWarning: In the future `np.object` will be defined as the corresponding NumPy scalar.
  if not hasattr(_np, _name):
D:\Project\AI Engineer\ePillID-benchmark-master\src\image_augmentators.py:7: FutureWarning: In the future `np.str` will be defined as the corresponding NumPy scalar.
  if not hasattr(_np, _name):
D:\Project\AI Engineer\ePillID-benchmark-master\src\image_augmentators.py:7: FutureWarning: In the future `np.bool` will be defined as the corresponding NumPy scalar.
  if not hasattr(_np, _name):
D:\Project\AI Engineer\ePillID-benchmark-master\src\image_augmentators.py:7: FutureWarning: In the future `np.object` will be defined as the corresponding NumPy scalar.
  if not hasattr(_np, _name):
D:\Project\AI Engineer\ePillID-benchmark-master\src\image_augmentators.py:7: FutureWarning: In the future `np.str` will be defined as the corresponding NumPy scalar.
  if not hasattr(_np, _name):
D:\Project\AI Engineer\ePillID-benchmark-master\src\image_augmentators.py:7: FutureWarning: In the future `np.bool` will be defined as the corresponding NumPy scalar.
  if not hasattr(_np, _name):
D:\Project\AI Engineer\ePillID-benchmark-master\src\image_augmentators.py:7: FutureWarning: In the future `np.object` will be defined as the corresponding NumPy scalar.
  if not hasattr(_np, _name):
D:\Project\AI Engineer\ePillID-benchmark-master\src\image_augmentators.py:7: FutureWarning: In the future `np.str` will be defined as the corresponding NumPy scalar.
  if not hasattr(_np, _name):
D:\Project\AI Engineer\ePillID-benchmark-master\src\image_augmentators.py:7: FutureWarning: In the future `np.bool` will be defined as the corresponding NumPy scalar.
  if not hasattr(_np, _name):
D:\Project\AI Engineer\ePillID-benchmark-master\src\image_augmentators.py:7: FutureWarning: In the future `np.object` will be defined as the corresponding NumPy scalar.
  if not hasattr(_np, _name):
D:\Project\AI Engineer\ePillID-benchmark-master\src\image_augmentators.py:7: FutureWarning: In the future `np.str` will be defined as the corresponding NumPy scalar.
  if not hasattr(_np, _name):
D:\Project\AI Engineer\ePillID-benchmark-master\src\image_augmentators.py:7: FutureWarning: In the future `np.bool` will be defined as the corresponding NumPy scalar.
  if not hasattr(_np, _name):
D:\Project\AI Engineer\ePillID-benchmark-master\src\image_augmentators.py:7: FutureWarning: In the future `np.object` will be defined as the corresponding NumPy scalar.
  if not hasattr(_np, _name):
D:\Project\AI Engineer\ePillID-benchmark-master\src\image_augmentators.py:7: FutureWarning: In the future `np.str` will be defined as the corresponding NumPy scalar.
  if not hasattr(_np, _name):
D:\Project\AI Engineer\ePillID-benchmark-master\src\image_augmentators.py:7: FutureWarning: In the future `np.bool` will be defined as the corresponding NumPy scalar.
  if not hasattr(_np, _name):
D:\Project\AI Engineer\ePillID-benchmark-master\src\image_augmentators.py:7: FutureWarning: In the future `np.object` will be defined as the corresponding NumPy scalar.
  if not hasattr(_np, _name):
D:\Project\AI Engineer\ePillID-benchmark-master\src\image_augmentators.py:7: FutureWarning: In the future `np.str` will be defined as the corresponding NumPy scalar.
  if not hasattr(_np, _name):
D:\Project\AI Engineer\ePillID-benchmark-master\src\image_augmentators.py:7: FutureWarning: In the future `np.bool` will be defined as the corresponding NumPy scalar.
  if not hasattr(_np, _name):
D:\Project\AI Engineer\ePillID-benchmark-master\src\image_augmentators.py:7: FutureWarning: In the future `np.object` will be defined as the corresponding NumPy scalar.
  if not hasattr(_np, _name):
D:\Project\AI Engineer\ePillID-benchmark-master\src\image_augmentators.py:7: FutureWarning: In the future `np.str` will be defined as the corresponding NumPy scalar.
  if not hasattr(_np, _name):
D:\Project\AI Engineer\ePillID-benchmark-master\src\image_augmentators.py:7: FutureWarning: In the future `np.bool` will be defined as the corresponding NumPy scalar.
  if not hasattr(_np, _name):
D:\Project\AI Engineer\ePillID-benchmark-master\src\image_augmentators.py:7: FutureWarning: In the future `np.object` will be defined as the corresponding NumPy scalar.
  if not hasattr(_np, _name):
D:\Project\AI Engineer\ePillID-benchmark-master\src\image_augmentators.py:7: FutureWarning: In the future `np.str` will be defined as the corresponding NumPy scalar.
  if not hasattr(_np, _name):
D:\Project\AI Engineer\ePillID-benchmark-master\src\image_augmentators.py:7: FutureWarning: In the future `np.bool` will be defined as the corresponding NumPy scalar.
  if not hasattr(_np, _name):
D:\Project\AI Engineer\ePillID-benchmark-master\src\image_augmentators.py:7: FutureWarning: In the future `np.object` will be defined as the corresponding NumPy scalar.
  if not hasattr(_np, _name):
D:\Project\AI Engineer\ePillID-benchmark-master\src\image_augmentators.py:7: FutureWarning: In the future `np.str` will be defined as the corresponding NumPy scalar.
  if not hasattr(_np, _name):
D:\Project\AI Engineer\ePillID-benchmark-master\src\image_augmentators.py:7: FutureWarning: In the future `np.bool` will be defined as the corresponding NumPy scalar.
  if not hasattr(_np, _name):
D:\Project\AI Engineer\ePillID-benchmark-master\src\image_augmentators.py:7: FutureWarning: In the future `np.object` will be defined as the corresponding NumPy scalar.
  if not hasattr(_np, _name):
D:\Project\AI Engineer\ePillID-benchmark-master\src\image_augmentators.py:7: FutureWarning: In the future `np.str` will be defined as the corresponding NumPy scalar.
  if not hasattr(_np, _name):
D:\Project\AI Engineer\ePillID-benchmark-master\src\image_augmentators.py:7: FutureWarning: In the future `np.bool` will be defined as the corresponding NumPy scalar.
  if not hasattr(_np, _name):
D:\Project\AI Engineer\ePillID-benchmark-master\src\image_augmentators.py:7: FutureWarning: In the future `np.object` will be defined as the corresponding NumPy scalar.
  if not hasattr(_np, _name):
D:\Project\AI Engineer\ePillID-benchmark-master\src\image_augmentators.py:7: FutureWarning: In the future `np.str` will be defined as the corresponding NumPy scalar.
  if not hasattr(_np, _name):

Epoch 65/99
----------
Phase: train
Phase: val
#### Checkpoint ###
Evaluating metric metrics
query_img_paths 745 nunique 745 D:\Data\ePillID_data\ePillID_data\classification_data\fcn_mix_weight/dc_224/10.jpg
query_labels 745 nunique 192
Completed the eval model function. query:torch.Size([745, 2048]), ref:torch.Size([9804, 2048])
Creating Torch cosine sim provider for metric evaluator
Found 4902 classes in the references
Evaluation will be performed in 611 simulated 2-side pairs from 613 consumer images of 141 labels.
Calculate distance matrix between all the labels 4902 and consumer-queries 611
Avg. time elapsed per metric query 0m 0s
qry_lbl_sim_matrix torch.Size([611, 4902])
torch.Size([611, 4902])
torch.Size([611])
torch.Size([611])
torch.Size([611, 4902])
torch.Size([611])
torch.Size([611])
Evaluation complete in 0m 36s
{'top1-acc': 0.9001637101173401, 'top5-acc': 0.9983633756637573}
all_avg_precision (611, 7) (611, 4902) (611, 4902) 4902 611

Epoch 66/99
----------
Phase: train
Phase: val

Epoch 67/99
----------
Phase: train
Phase: val

Epoch 68/99
----------
Phase: train
Phase: val

Epoch 69/99
----------
Phase: train
Phase: val

Epoch 70/99
----------
Phase: train
Phase: val
#### Checkpoint ###
Evaluating metric metrics
query_img_paths 745 nunique 745 D:\Data\ePillID_data\ePillID_data\classification_data\fcn_mix_weight/dc_224/10.jpg
query_labels 745 nunique 192
Completed the eval model function. query:torch.Size([745, 2048]), ref:torch.Size([9804, 2048])
Creating Torch cosine sim provider for metric evaluator
Found 4902 classes in the references
Evaluation will be performed in 611 simulated 2-side pairs from 613 consumer images of 141 labels.
Calculate distance matrix between all the labels 4902 and consumer-queries 611
Avg. time elapsed per metric query 0m 0s
qry_lbl_sim_matrix torch.Size([611, 4902])
torch.Size([611, 4902])
torch.Size([611])
torch.Size([611])
torch.Size([611, 4902])
torch.Size([611])
torch.Size([611])
Evaluation complete in 0m 35s
{'top1-acc': 0.9099836349487305, 'top5-acc': 1.0}
all_avg_precision (611, 7) (611, 4902) (611, 4902) 4902 611
Saving the best model state dict, 0.8204728257531912, 14

Epoch 71/99
----------
Phase: train
Phase: val

Epoch 72/99
----------
Phase: train
Phase: val

Epoch 73/99
----------
Phase: train
Phase: val

Epoch 74/99
----------
Phase: train
Phase: val

Epoch 75/99
----------
Phase: train
Phase: val
#### Checkpoint ###
Evaluating metric metrics
query_img_paths 745 nunique 745 D:\Data\ePillID_data\ePillID_data\classification_data\fcn_mix_weight/dc_224/10.jpg
query_labels 745 nunique 192
Completed the eval model function. query:torch.Size([745, 2048]), ref:torch.Size([9804, 2048])
Creating Torch cosine sim provider for metric evaluator
Found 4902 classes in the references
Evaluation will be performed in 611 simulated 2-side pairs from 613 consumer images of 141 labels.
Calculate distance matrix between all the labels 4902 and consumer-queries 611
Avg. time elapsed per metric query 0m 0s
qry_lbl_sim_matrix torch.Size([611, 4902])
torch.Size([611, 4902])
torch.Size([611])
torch.Size([611])
torch.Size([611, 4902])
torch.Size([611])
torch.Size([611])
Evaluation complete in 0m 34s
{'top1-acc': 0.8985270261764526, 'top5-acc': 0.9967266917228699}
all_avg_precision (611, 7) (611, 4902) (611, 4902) 4902 611

Epoch 76/99
----------
Phase: train
Phase: val

Epoch 77/99
----------
Phase: train
Phase: val

Epoch 78/99
----------
Phase: train
Phase: val

Epoch 79/99
----------
Phase: train
Phase: val

Epoch 80/99
----------
Phase: train
Phase: val
#### Checkpoint ###
Evaluating metric metrics
query_img_paths 745 nunique 745 D:\Data\ePillID_data\ePillID_data\classification_data\fcn_mix_weight/dc_224/10.jpg
query_labels 745 nunique 192
Completed the eval model function. query:torch.Size([745, 2048]), ref:torch.Size([9804, 2048])
Creating Torch cosine sim provider for metric evaluator
Found 4902 classes in the references
Evaluation will be performed in 611 simulated 2-side pairs from 613 consumer images of 141 labels.
Calculate distance matrix between all the labels 4902 and consumer-queries 611
Avg. time elapsed per metric query 0m 0s
qry_lbl_sim_matrix torch.Size([611, 4902])
torch.Size([611, 4902])
torch.Size([611])
torch.Size([611])
torch.Size([611, 4902])
torch.Size([611])
torch.Size([611])
Evaluation complete in 0m 34s
{'top1-acc': 0.9001637101173401, 'top5-acc': 0.9950900077819824}
all_avg_precision (611, 7) (611, 4902) (611, 4902) 4902 611

Epoch 81/99
----------
Phase: train
Phase: val

Epoch 82/99
----------
Phase: train
Phase: val

Epoch 83/99
----------
Phase: train
Phase: val

Epoch 84/99
----------
Phase: train
Phase: val

Epoch 85/99
----------
Phase: train
Phase: val
#### Checkpoint ###
Evaluating metric metrics
query_img_paths 745 nunique 745 D:\Data\ePillID_data\ePillID_data\classification_data\fcn_mix_weight/dc_224/10.jpg
query_labels 745 nunique 192
Completed the eval model function. query:torch.Size([745, 2048]), ref:torch.Size([9804, 2048])
Creating Torch cosine sim provider for metric evaluator
Found 4902 classes in the references
Evaluation will be performed in 611 simulated 2-side pairs from 613 consumer images of 141 labels.
Calculate distance matrix between all the labels 4902 and consumer-queries 611
Avg. time elapsed per metric query 0m 0s
qry_lbl_sim_matrix torch.Size([611, 4902])
torch.Size([611, 4902])
torch.Size([611])
torch.Size([611])
torch.Size([611, 4902])
torch.Size([611])
torch.Size([611])
Evaluation complete in 0m 34s
{'top1-acc': 0.8854337334632874, 'top5-acc': 0.9983633756637573}
all_avg_precision (611, 7) (611, 4902) (611, 4902) 4902 611

Epoch 86/99
----------
Phase: train
Phase: val

Epoch 87/99
----------
Phase: train
Phase: val

Epoch 88/99
----------
Phase: train
Phase: val

Epoch 89/99
----------
Phase: train
Phase: val

Epoch 90/99
----------
Phase: train
Phase: val
#### Checkpoint ###
Evaluating metric metrics
query_img_paths 745 nunique 745 D:\Data\ePillID_data\ePillID_data\classification_data\fcn_mix_weight/dc_224/10.jpg
query_labels 745 nunique 192
Completed the eval model function. query:torch.Size([745, 2048]), ref:torch.Size([9804, 2048])
Creating Torch cosine sim provider for metric evaluator
Found 4902 classes in the references
Evaluation will be performed in 611 simulated 2-side pairs from 613 consumer images of 141 labels.
Calculate distance matrix between all the labels 4902 and consumer-queries 611
Avg. time elapsed per metric query 0m 0s
qry_lbl_sim_matrix torch.Size([611, 4902])
torch.Size([611, 4902])
torch.Size([611])
torch.Size([611])
torch.Size([611, 4902])
torch.Size([611])
torch.Size([611])
Evaluation complete in 0m 34s
{'top1-acc': 0.8854337334632874, 'top5-acc': 1.0}
all_avg_precision (611, 7) (611, 4902) (611, 4902) 4902 611

Epoch 91/99
----------
Phase: train
Phase: val

Epoch 92/99
----------
Phase: train
Phase: val

Epoch 93/99
----------
Phase: train
Phase: val

Epoch 94/99
----------
Phase: train
Phase: val

Epoch 95/99
----------
Phase: train
Phase: val
#### Checkpoint ###
Evaluating metric metrics
query_img_paths 745 nunique 745 D:\Data\ePillID_data\ePillID_data\classification_data\fcn_mix_weight/dc_224/10.jpg
query_labels 745 nunique 192
Completed the eval model function. query:torch.Size([745, 2048]), ref:torch.Size([9804, 2048])
Creating Torch cosine sim provider for metric evaluator
Found 4902 classes in the references
Evaluation will be performed in 611 simulated 2-side pairs from 613 consumer images of 141 labels.
Calculate distance matrix between all the labels 4902 and consumer-queries 611
Avg. time elapsed per metric query 0m 0s
qry_lbl_sim_matrix torch.Size([611, 4902])
torch.Size([611, 4902])
torch.Size([611])
torch.Size([611])
torch.Size([611, 4902])
torch.Size([611])
torch.Size([611])
Evaluation complete in 0m 35s
{'top1-acc': 0.9083470106124878, 'top5-acc': 1.0}
all_avg_precision (611, 7) (611, 4902) (611, 4902) 4902 611

Epoch 96/99
----------
Phase: train
Phase: val

Epoch 97/99
----------
Phase: train
Phase: val

Epoch 98/99
----------
Phase: train
Phase: val

Epoch 99/99
----------
Phase: train
Phase: val

Training complete in 172m 56s
completed train()
val_metrics {'best_epoch': 14, 'acc1': 0.01959183725167294, 'acc5': 0.053061226357002646, 'loss': 14.463306405203683, 'metric_loss': 0.4557632273435593, 'ce': 11.400282213249985, 'arcface': 26.072608662819377, 'contrastive': 0.15957957072525608, 'triplet': 0.2961836555782629, 'triplet_pos_distances': 0.12969451684218186, 'triplet_neg_distances': 0.8422917084566652, 'contrastive_pos_distances': 0.1296945172866435, 'contrastive_neg_distances': 0.18579687949802196, 'triplet_dist_diff': 0.7125971916144833, 'triplet_pw-avg-precision': 0.9972373499553122, 'contrastive_dist_diff': 0.05610236221137846, 'contrastive_pw-avg-precision': 0.5074415244457455, 'top1-acc': 0.9099836349487305, 'top5-acc': 1.0, 'map': 0.9518548827059464, 'map_at_1': 0.9099836333878887, 'gap': 0.8204728257531912, 'gap_at_1': 0.9325686784706932, 'micro-ap': 0.8204728257531912}
Evaluating holdout-logit
Eval holdout-logit: 745 images from 745 total images
query_img_paths 745 nunique 745 D:\Data\ePillID_data\ePillID_data\classification_data\fcn_mix_weight/dc_224/1010.jpg
query_labels 745 nunique 192
Evaluation will be performed in 626 simulated 2-side pairs from 630 consumer images of 145 labels.
query_outputs.shape torch.Size([745, 4902])
Calculate distance matrix between all the labels 4902 and consumer-queries 626
torch.Size([626, 4902])
torch.Size([626])
torch.Size([626])
torch.Size([626, 4902])
torch.Size([626])
torch.Size([626])
all_avg_precision (626, 7) (626, 4902) (626, 4902) 4902 626
torch.Size([626, 4902])
torch.Size([626])
torch.Size([626])
torch.Size([626, 4902])
torch.Size([626])
torch.Size([626])
all_avg_precision (626, 7) (626, 4902) (626, 4902) 4902 626
all_avg_precision (1252, 7) (1252, 4902) (1252, 4902) 4902 1252
qry_lbl_sim_matrix.shape torch.Size([626, 4902])
Avg. time elapsed per metric query 0m 0s
qry_lbl_sim_matrix torch.Size([626, 4902])
torch.Size([626, 4902])
torch.Size([626])
torch.Size([626])
torch.Size([626, 4902])
torch.Size([626])
torch.Size([626])
Evaluation complete in 0m 16s
all_avg_precision (626, 7) (626, 4902) (626, 4902) 4902 626
Evaluating holdout
Eval holdout: 745 images from 745 total images
query_img_paths 745 nunique 745 D:\Data\ePillID_data\ePillID_data\classification_data\fcn_mix_weight/dc_224/1010.jpg
query_labels 745 nunique 192
Completed the eval model function. query:torch.Size([745, 2048]), ref:torch.Size([9804, 2048])
Creating Torch cosine sim provider for metric evaluator
Found 4902 classes in the references
Evaluation will be performed in 626 simulated 2-side pairs from 630 consumer images of 145 labels.
Calculate distance matrix between all the labels 4902 and consumer-queries 626
torch.Size([626, 4902])
torch.Size([626])
torch.Size([626])
torch.Size([626, 4902])
torch.Size([626])
torch.Size([626])
all_avg_precision (626, 7) (626, 4902) (626, 4902) 4902 626
torch.Size([626, 4902])
torch.Size([626])
torch.Size([626])
torch.Size([626, 4902])
torch.Size([626])
torch.Size([626])
all_avg_precision (626, 7) (626, 4902) (626, 4902) 4902 626
all_avg_precision (1252, 7) (1252, 4902) (1252, 4902) 4902 1252
Avg. time elapsed per metric query 0m 0s
qry_lbl_sim_matrix torch.Size([626, 4902])
torch.Size([626, 4902])
torch.Size([626])
torch.Size([626])
torch.Size([626, 4902])
torch.Size([626])
torch.Size([626])
Evaluation complete in 0m 50s
{'f_top1-acc': 0.7428115010261536, 'f_top5-acc': 0.9376996755599976, 'f_map': 0.8289099366444449, 'f_map_at_1': 0.7428115015974441, 'f_gap': 0.5460823780044743, 'f_gap_at_1': 0.8188096105190069, 'f_micro-ap': 0.5460823780044743, 'f_PR-curve': <module 'matplotlib.pyplot' from 'C:\\Users\\Minh Nhat\\AppData\\Roaming\\Python\\Python311\\site-packages\\matplotlib\\pyplot.py'>, 'b_top1-acc': 0.7300319075584412, 'b_top5-acc': 0.9313098788261414, 'b_map': 0.8177660442525924, 'b_map_at_1': 0.7300319488817891, 'b_gap': 0.48886689747089973, 'b_gap_at_1': 0.7578363299306003, 'b_micro-ap': 0.48886689747089973, 'b_PR-curve': <module 'matplotlib.pyplot' from 'C:\\Users\\Minh Nhat\\AppData\\Roaming\\Python\\Python311\\site-packages\\matplotlib\\pyplot.py'>, 's_map': 0.8233379904485186, 's_map_at_1': 0.7364217252396166, 's_gap': 0.5150659601336186, 's_gap_at_1': 0.7859276642964828, 's_micro-ap': 0.5150659601336186, 's_PR-curve': <module 'matplotlib.pyplot' from 'C:\\Users\\Minh Nhat\\AppData\\Roaming\\Python\\Python311\\site-packages\\matplotlib\\pyplot.py'>, 'top1-acc': 0.8913738131523132, 'top5-acc': 0.9968050718307495}
all_avg_precision (626, 7) (626, 4902) (626, 4902) 4902 626
saving predictions D:/Project/AI Engineer/ePillID-benchmark-master/src/visual_results_convnext\lr0.0001_dr0.0_lrpatience2_lrfactor0.5_convnext_tiny_202607120635
saving predictions outputs

[run_visual_train] DONE.
[run_visual_train] metrics (holdout):
                                   val_imgs_csv       dataset       name    value
pilltypeid_nih_sidelbls0.01_metric_5folds_3.csv           val        map 0.951855
pilltypeid_nih_sidelbls0.01_metric_5folds_3.csv           val   map_at_1 0.909984
pilltypeid_nih_sidelbls0.01_metric_5folds_3.csv holdout-logit      f_map 0.323145
pilltypeid_nih_sidelbls0.01_metric_5folds_3.csv holdout-logit f_map_at_1 0.198083
pilltypeid_nih_sidelbls0.01_metric_5folds_3.csv holdout-logit      b_map 0.315909
pilltypeid_nih_sidelbls0.01_metric_5folds_3.csv holdout-logit b_map_at_1 0.190096
pilltypeid_nih_sidelbls0.01_metric_5folds_3.csv holdout-logit      s_map 0.319527
pilltypeid_nih_sidelbls0.01_metric_5folds_3.csv holdout-logit s_map_at_1 0.194089
pilltypeid_nih_sidelbls0.01_metric_5folds_3.csv holdout-logit        map 0.407350
pilltypeid_nih_sidelbls0.01_metric_5folds_3.csv holdout-logit   map_at_1 0.266773
pilltypeid_nih_sidelbls0.01_metric_5folds_3.csv       holdout      f_map 0.828910
pilltypeid_nih_sidelbls0.01_metric_5folds_3.csv       holdout f_map_at_1 0.742812
pilltypeid_nih_sidelbls0.01_metric_5folds_3.csv       holdout      b_map 0.817766
pilltypeid_nih_sidelbls0.01_metric_5folds_3.csv       holdout b_map_at_1 0.730032
pilltypeid_nih_sidelbls0.01_metric_5folds_3.csv       holdout      s_map 0.823338
pilltypeid_nih_sidelbls0.01_metric_5folds_3.csv       holdout s_map_at_1 0.736422
pilltypeid_nih_sidelbls0.01_metric_5folds_3.csv       holdout        map 0.942739
pilltypeid_nih_sidelbls0.01_metric_5folds_3.csv       holdout   map_at_1 0.891374
[run_visual_train] model + predictions saved under D:/Project/AI Engineer/ePillID-benchmark-master/src/visual_results_convnext
