full_path,domain,label_prod_code,splimprint,is_front
D:/Data/ePillID_data/ePillID_data\classification_data\fcn_mix_weight/dr_224/00002-3238-30_PART_1_OF_1_CHAL10_SB_361E1B30.jpg,reference,2-3238,LILLY;3238;18;mg,False
D:/Data/ePillID_data/ePillID_data\classification_data\fcn_mix_weight/dr_224/00002-3238-30_PART_1_OF_1_CHAL10_SF_361E1B30.jpg,reference,2-3238,LILLY;3238;18;mg,True
D:/Data/ePillID_data/ePillID_data\classification_data\fcn_mix_weight/dr_224/00002-3250-30_PART_1_OF_1_CHAL10_SB_431E21C1.jpg,reference,2-3250,LILLY;3250;80;mg,False
D:/Data/ePillID_data/ePillID_data\classification_data\fcn_mix_weight/dr_224/00002-3250-30_PART_1_OF_1_CHAL10_SF_431E21C1.jpg,reference,2-3250,LILLY;3250;80;mg,True
D:/Data/ePillID_data/ePillID_data\classification_data\fcn_mix_weight/dr_224/00002-4463-30_PART_1_OF_1_CHAL10_SB_B5155ACA.jpg,reference,2-4463,C;10,False
D:/Data/ePillID_data/ePillID_data\classification_data\fcn_mix_weight/dr_224/00002-4463-30_PART_1_OF_1_CHAL10_SF_B5155ACA.jpg,reference,2-4463,C;10,True
D:/Data/ePillID_data/ePillID_data\classification_data\fcn_mix_weight/dr_224/00002-4464-30_PART_1_OF_1_CHAL10_SB_B8155C1A.jpg,reference,2-4464,C;20,False
D:/Data/ePillID_data/ePillID_data\classification_data\fcn_mix_weight/dr_224/00002-4464-30_PART_1_OF_1_CHAL10_SF_B8155C1A.jpg,reference,2-4464,C;20,True
D:/Data/ePillID_data/ePillID_data\classification_data\fcn_mix_weight/dr_224/00003-4222-16_PART_1_OF_1_CHAL10_SB_F215F93F.jpg,reference,3-4222,2;5;1000;4222,False
D:/Data/ePillID_data/ePillID_data\classification_data\fcn_mix_weight/dr_224/00003-4222-16_PART_1_OF_1_CHAL10_SF_F215F93F.jpg,reference,3-4222,2;5;1000;4222,True
D:/Data/ePillID_data/ePillID_data\classification_data\fcn_mix_weight/dr_224/00007-4892-20_PART_1_OF_1_CHAL10_SB_BE18DF56.jpg,reference,7-4892,SB;4892,False
D:/Data/ePillID_data/ePillID_data\classification_data\fcn_mix_weight/dr_224/00007-4892-20_PART_1_OF_1_CHAL10_SF_BE18DF56.jpg,reference,7-4892,SB;4892,True
D:/Data/ePillID_data/ePillID_data\classification_data\fcn_mix_weight/dr_224/00023-9350-07_PART_1_OF_1_CHAL10_SB_D4196A7B.jpg,reference,23-9350,SAN;60,False
D:/Data/ePillID_data/ePillID_data\classification_data\fcn_mix_weight/dr_224/00023-9350-07_PART_1_OF_1_CHAL10_SF_D4196A7B.jpg,reference,23-9350,SAN;60,True
D:/Data/ePillID_data/ePillID_data\classification_data\fcn_mix_weight/dr_224/00037-2250-10_PART_1_OF_1_CHAL10_SB_BD1D5EFA.jpg,reference,37-2250,SOMA;250,False
D:/Data/ePillID_data/ePillID_data\classification_data\fcn_mix_weight/dr_224/00037-2250-10_PART_1_OF_1_CHAL10_SF_BD1D5EFA.jpg,reference,37-2250,SOMA;250,True
D:/Data/ePillID_data/ePillID_data\classification_data\fcn_mix_weight/dr_224/00054-0017-25_PART_1_OF_1_CHAL10_SB_F7217BFB.jpg,reference,54-17,54;899,False
D:/Data/ePillID_data/ePillID_data\classification_data\fcn_mix_weight/dr_224/00054-0017-25_PART_1_OF_1_CHAL10_SF_F7217BFB.jpg,reference,54-17,54;899,True
D:/Data/ePillID_data/ePillID_data\classification_data\fcn_mix_weight/dr_224/00054-0166-25_PART_1_OF_1_CHAL10_SB_6A1DB56D.jpg,reference,54-166,54;135,False
D:/Data/ePillID_data/ePillID_data\classification_data\fcn_mix_weight/dr_224/00054-0166-25_PART_1_OF_1_CHAL10_SF_6A1DB56D.jpg,reference,54-166,54;135,True
D:/Data/ePillID_data/ePillID_data\classification_data\fcn_mix_weight/dr_224/00054-4182-25_PART_1_OF_1_CHAL10_SB_77233BF9.jpg,reference,54-4182,54;943,False
D:/Data/ePillID_data/ePillID_data\classification_data\fcn_mix_weight/dr_224/00054-4182-25_PART_1_OF_1_CHAL10_SF_77233BF9.jpg,reference,54-4182,54;943,True
D:/Data/ePillID_data/ePillID_data\classification_data\fcn_mix_weight/dr_224/00056-0176-70_PART_1_OF_1_CHAL10_SB_99134CAA.jpg,reference,56-176,2;1;2;COUMADIN,False
D:/Data/ePillID_data/ePillID_data\classification_data\fcn_mix_weight/dr_224/00056-0176-70_PART_1_OF_1_CHAL10_SF_99134CAA.jpg,reference,56-176,2;1;2;COUMADIN,True
D:/Data/ePillID_data/ePillID_data\classification_data\fcn_mix_weight/dr_224/00062-2085-12_PART_1_OF_1_CHAL10_SB_06130328.jpg,reference,62-2085,A,False
D:/Data/ePillID_data/ePillID_data\classification_data\fcn_mix_weight/dr_224/00062-2085-12_PART_1_OF_1_CHAL10_SF_06130328.jpg,reference,62-2085,A,True
D:/Data/ePillID_data/ePillID_data\classification_data\fcn_mix_weight/dr_224/00069-4210-30_PART_1_OF_1_CHAL10_SB_641DB26D.jpg,reference,69-4210,VGR50;Pfizer,False
D:/Data/ePillID_data/ePillID_data\classification_data\fcn_mix_weight/dr_224/00069-4210-30_PART_1_OF_1_CHAL10_SF_641DB26D.jpg,reference,69-4210,VGR50;Pfizer,True
D:/Data/ePillID_data/ePillID_data\classification_data\fcn_mix_weight/dr_224/00074-5182-19_PART_1_OF_1_CHAL10_SB_AF1D57AA.jpg,reference,74-5182,SYNTHROID;75,False
D:/Data/ePillID_data/ePillID_data\classification_data\fcn_mix_weight/dr_224/00074-5182-19_PART_1_OF_1_CHAL10_SF_AF1D57AA.jpg,reference,74-5182,SYNTHROID;75,True
D:/Data/ePillID_data/ePillID_data\classification_data\fcn_mix_weight/dr_224/00074-6594-90_PART_1_OF_1_CHAL10_SB_AB1D55FA.jpg,reference,74-6594,SYNTHROID;88,False
D:/Data/ePillID_data/ePillID_data\classification_data\fcn_mix_weight/dr_224/00074-6594-90_PART_1_OF_1_CHAL10_SF_AB1D55FA.jpg,reference,74-6594,SYNTHROID;88,True
D:/Data/ePillID_data/ePillID_data\classification_data\fcn_mix_weight/dr_224/00074-7068-19_PART_1_OF_1_CHAL10_SB_A31D51AA.jpg,reference,74-7068,SYNTHROID;125,False
D:/Data/ePillID_data/ePillID_data\classification_data\fcn_mix_weight/dr_224/00074-7068-19_PART_1_OF_1_CHAL10_SF_A31D51AA.jpg,reference,74-7068,SYNTHROID;125,True
D:/Data/ePillID_data/ePillID_data\classification_data\fcn_mix_weight/dr_224/00075-7700-60_PART_1_OF_1_CHAL10_SB_E51C72E3.jpg,reference,75-7700,RPR;202,False
D:/Data/ePillID_data/ePillID_data\classification_data\fcn_mix_weight/dr_224/00075-7700-60_PART_1_OF_1_CHAL10_SF_E51C72E3.jpg,reference,75-7700,RPR;202,True
D:/Data/ePillID_data/ePillID_data\classification_data\fcn_mix_weight/dr_224/00078-0358-34_PART_1_OF_1_CHAL10_SB_EA15750B.jpg,reference,78-358,NVR;DV,False
D:/Data/ePillID_data/ePillID_data\classification_data\fcn_mix_weight/dr_224/00078-0358-34_PART_1_OF_1_CHAL10_SF_EA15750B.jpg,reference,78-358,NVR;DV,True
D:/Data/ePillID_data/ePillID_data\classification_data\fcn_mix_weight/dr_224/00078-0359-34_PART_1_OF_1_CHAL10_SB_EC15765B.jpg,reference,78-359,NVR;DX,False
D:/Data/ePillID_data/ePillID_data\classification_data\fcn_mix_weight/dr_224/00078-0359-34_PART_1_OF_1_CHAL10_SF_EC15765B.jpg,reference,78-359,NVR;DX,True
D:/Data/ePillID_data/ePillID_data\classification_data\fcn_mix_weight/dr_224/00078-0486-15_PART_1_OF_1_CHAL10_SB_E61D736B.jpg,reference,78-486,NVR;IU,False
D:/Data/ePillID_data/ePillID_data\classification_data\fcn_mix_weight/dr_224/00078-0486-15_PART_1_OF_1_CHAL10_SF_E61D736B.jpg,reference,78-486,NVR;IU,True
D:/Data/ePillID_data/ePillID_data\classification_data\fcn_mix_weight/dr_224/00078-0521-15_PART_1_OF_1_CHAL10_SB_E51D72AB.jpg,reference,78-521,NVR;LCI,False
D:/Data/ePillID_data/ePillID_data\classification_data\fcn_mix_weight/dr_224/00078-0521-15_PART_1_OF_1_CHAL10_SF_E51D72AB.jpg,reference,78-521,NVR;LCI,True
D:/Data/ePillID_data/ePillID_data\classification_data\fcn_mix_weight/dr_224/00093-0027-01_PART_1_OF_1_CHAL10_SB_1D298EAC.jpg,reference,93-27,93;27,False
D:/Data/ePillID_data/ePillID_data\classification_data\fcn_mix_weight/dr_224/00093-0027-01_PART_1_OF_1_CHAL10_SF_1D298EAC.jpg,reference,93-27,93;27,True
D:/Data/ePillID_data/ePillID_data\classification_data\fcn_mix_weight/dr_224/00093-0039-01_PART_1_OF_1_CHAL10_SB_4F29A7CD.jpg,reference,93-39,9;3;39,False
D:/Data/ePillID_data/ePillID_data\classification_data\fcn_mix_weight/dr_224/00093-0039-01_PART_1_OF_1_CHAL10_SF_4F29A7CD.jpg,reference,93-39,9;3;39,True
D:/Data/ePillID_data/ePillID_data\classification_data\fcn_mix_weight/dr_224/00093-0051-01_PART_1_OF_1_CHAL10_SB_3E281F50.jpg,reference,93-51,TV;51,False
D:/Data/ePillID_data/ePillID_data\classification_data\fcn_mix_weight/dr_224/00093-0051-01_PART_1_OF_1_CHAL10_SB_A022D026.jpg,reference,93-51,TV;51,False
D:/Data/ePillID_data/ePillID_data\classification_data\fcn_mix_weight/dr_224/00093-0051-01_PART_1_OF_1_CHAL10_SF_3E281F50.jpg,reference,93-51,TV;51,True
D:/Data/ePillID_data/ePillID_data\classification_data\fcn_mix_weight/dr_224/00093-0051-01_PART_1_OF_1_CHAL10_SF_A022D026.jpg,reference,93-51,TV;51,True
D:/Data/ePillID_data/ePillID_data\classification_data\fcn_mix_weight/dr_224/00093-0083-98_PART_1_OF_1_CHAL10_SB_3B299DDC.jpg,reference,93-83,93;83,False
D:/Data/ePillID_data/ePillID_data\classification_data\fcn_mix_weight/dr_224/00093-0083-98_PART_1_OF_1_CHAL10_SF_3B299DDC.jpg,reference,93-83,93;83,True
D:/Data/ePillID_data/ePillID_data\classification_data\fcn_mix_weight/dr_224/00093-0109-01_PART_1_OF_1_CHAL10_SB_40202051.jpg,reference,93-109,109;TEVA,False
D:/Data/ePillID_data/ePillID_data\classification_data\fcn_mix_weight/dr_224/00093-0109-01_PART_1_OF_1_CHAL10_SF_40202051.jpg,reference,93-109,109;TEVA,True
D:/Data/ePillID_data/ePillID_data\classification_data\fcn_mix_weight/dr_224/00093-0174-56_PART_1_OF_1_CHAL10_SB_96294B5A.jpg,reference,93-174,174;93,False
D:/Data/ePillID_data/ePillID_data\classification_data\fcn_mix_weight/dr_224/00093-0174-56_PART_1_OF_1_CHAL10_SF_96294B5A.jpg,reference,93-174,174;93,True
D:/Data/ePillID_data/ePillID_data\classification_data\fcn_mix_weight/dr_224/00093-0199-01_PART_1_OF_1_CHAL10_SB_B6295B4A.jpg,reference,93-199,9;3;199,False
D:/Data/ePillID_data/ePillID_data\classification_data\fcn_mix_weight/dr_224/00093-0199-01_PART_1_OF_1_CHAL10_SB_CD266683.jpg,reference,93-199,9;3;199,False
D:/Data/ePillID_data/ePillID_data\classification_data\fcn_mix_weight/dr_224/00093-0199-01_PART_1_OF_1_CHAL10_SF_B6295B4A.jpg,reference,93-199,9;3;199,True
D:/Data/ePillID_data/ePillID_data\classification_data\fcn_mix_weight/dr_224/00093-0199-01_PART_1_OF_1_CHAL10_SF_CD266683.jpg,reference,93-199,9;3;199,True
D:/Data/ePillID_data/ePillID_data\classification_data\fcn_mix_weight/dr_224/00093-0308-01_PART_1_OF_1_CHAL10_SB_342B1A18.jpg,reference,93-308,93;308,False
D:/Data/ePillID_data/ePillID_data\classification_data\fcn_mix_weight/dr_224/00093-0308-01_PART_1_OF_1_CHAL10_SF_342B1A18.jpg,reference,93-308,93;308,True
D:/Data/ePillID_data/ePillID_data\classification_data\fcn_mix_weight/dr_224/00093-0463-01_PART_1_OF_1_CHAL10_SB_5429AA3D.jpg,reference,93-463,9;3;463,False
D:/Data/ePillID_data/ePillID_data\classification_data\fcn_mix_weight/dr_224/00093-0463-01_PART_1_OF_1_CHAL10_SF_5429AA3D.jpg,reference,93-463,9;3;463,True
D:/Data/ePillID_data/ePillID_data\classification_data\fcn_mix_weight/dr_224/00093-0536-01_PART_1_OF_1_CHAL10_SB_992B4CEA.jpg,reference,93-536,93;536,False
D:/Data/ePillID_data/ePillID_data\classification_data\fcn_mix_weight/dr_224/00093-0536-01_PART_1_OF_1_CHAL10_SF_992B4CEA.jpg,reference,93-536,93;536,True
D:/Data/ePillID_data/ePillID_data\classification_data\fcn_mix_weight/dr_224/00093-0657-01_PART_1_OF_1_CHAL10_SB_302B1808.jpg,reference,93-657,93;657,False
D:/Data/ePillID_data/ePillID_data\classification_data\fcn_mix_weight/dr_224/00093-0657-01_PART_1_OF_1_CHAL10_SF_302B1808.jpg,reference,93-657,93;657,True
D:/Data/ePillID_data/ePillID_data\classification_data\fcn_mix_weight/dr_224/00093-0658-01_PART_1_OF_1_CHAL10_SB_2B2B15C8.jpg,reference,93-658,93;658,False
D:/Data/ePillID_data/ePillID_data\classification_data\fcn_mix_weight/dr_224/00093-0658-01_PART_1_OF_1_CHAL10_SF_2B2B15C8.jpg,reference,93-658,93;658,True
D:/Data/ePillID_data/ePillID_data\classification_data\fcn_mix_weight/dr_224/00093-0733-01_PART_1_OF_1_CHAL10_SB_1E210F08.jpg,reference,93-733,93;733,False
D:/Data/ePillID_data/ePillID_data\classification_data\fcn_mix_weight/dr_224/00093-0733-01_PART_1_OF_1_CHAL10_SB_672B3399.jpg,reference,93-733,93;733,False
D:/Data/ePillID_data/ePillID_data\classification_data\fcn_mix_weight/dr_224/00093-0733-01_PART_1_OF_1_CHAL10_SF_1E210F08.jpg,reference,93-733,93;733,True
D:/Data/ePillID_data/ePillID_data\classification_data\fcn_mix_weight/dr_224/00093-0733-01_PART_1_OF_1_CHAL10_SF_672B3399.jpg,reference,93-733,93;733,True
D:/Data/ePillID_data/ePillID_data\classification_data\fcn_mix_weight/dr_224/00093-0753-01_PART_1_OF_1_CHAL10_SB_A526D2E6.jpg,reference,93-753,753;TEVA,False
D:/Data/ePillID_data/ePillID_data\classification_data\fcn_mix_weight/dr_224/00093-0753-01_PART_1_OF_1_CHAL10_SF_A526D2E6.jpg,reference,93-753,753;TEVA,True
D:/Data/ePillID_data/ePillID_data\classification_data\fcn_mix_weight/dr_224/00093-0784-06_PART_1_OF_1_CHAL10_SB_3D2B1E98.jpg,reference,93-784,93;784,False
D:/Data/ePillID_data/ePillID_data\classification_data\fcn_mix_weight/dr_224/00093-0784-06_PART_1_OF_1_CHAL10_SF_3D2B1E98.jpg,reference,93-784,93;784,True
D:/Data/ePillID_data/ePillID_data\classification_data\fcn_mix_weight/dr_224/00093-0787-01_PART_1_OF_1_CHAL10_SB_AE26D766.jpg,reference,93-787,787;TEVA,False
D:/Data/ePillID_data/ePillID_data\classification_data\fcn_mix_weight/dr_224/00093-0787-01_PART_1_OF_1_CHAL10_SF_AE26D766.jpg,reference,93-787,787;TEVA,True
D:/Data/ePillID_data/ePillID_data\classification_data\fcn_mix_weight/dr_224/00093-0810-01_PART_1_OF_1_CHAL10_SB_24231228.jpg,reference,93-810,TEVA;10mg;0810,False
D:/Data/ePillID_data/ePillID_data\classification_data\fcn_mix_weight/dr_224/00093-0810-01_PART_1_OF_1_CHAL10_SB_34271A58.jpg,reference,93-810,TEVA;10mg;0810,False
D:/Data/ePillID_data/ePillID_data\classification_data\fcn_mix_weight/dr_224/00093-0810-01_PART_1_OF_1_CHAL10_SF_24231228.jpg,reference,93-810,TEVA;10mg;0810,True
D:/Data/ePillID_data/ePillID_data\classification_data\fcn_mix_weight/dr_224/00093-0810-01_PART_1_OF_1_CHAL10_SF_34271A58.jpg,reference,93-810,TEVA;10mg;0810,True
D:/Data/ePillID_data/ePillID_data\classification_data\fcn_mix_weight/dr_224/00093-0926-06_PART_1_OF_1_CHAL10_SB_9826CC56.jpg,reference,93-926,926;TEVA,False
D:/Data/ePillID_data/ePillID_data\classification_data\fcn_mix_weight/dr_224/00093-0926-06_PART_1_OF_1_CHAL10_SF_9826CC56.jpg,reference,93-926,926;TEVA,True
D:/Data/ePillID_data/ePillID_data\classification_data\fcn_mix_weight/dr_224/00093-0983-01_PART_1_OF_1_CHAL10_SB_7A29BD5D.jpg,reference,93-983,93;983,False
D:/Data/ePillID_data/ePillID_data\classification_data\fcn_mix_weight/dr_224/00093-0983-01_PART_1_OF_1_CHAL10_SF_7A29BD5D.jpg,reference,93-983,93;983,True
D:/Data/ePillID_data/ePillID_data\classification_data\fcn_mix_weight/dr_224/00093-1061-01_PART_1_OF_1_CHAL10_SB_9329C9EE.jpg,reference,93-1061,93;61,False
D:/Data/ePillID_data/ePillID_data\classification_data\fcn_mix_weight/dr_224/00093-1061-01_PART_1_OF_1_CHAL10_SF_9329C9EE.jpg,reference,93-1061,93;61,True
D:/Data/ePillID_data/ePillID_data\classification_data\fcn_mix_weight/dr_224/00093-1063-01_PART_1_OF_1_CHAL10_SB_22269114.jpg,reference,93-1063,93;63,False
D:/Data/ePillID_data/ePillID_data\classification_data\fcn_mix_weight/dr_224/00093-1063-01_PART_1_OF_1_CHAL10_SB_A029D07E.jpg,reference,93-1063,93;63,False
D:/Data/ePillID_data/ePillID_data\classification_data\fcn_mix_weight/dr_224/00093-1063-01_PART_1_OF_1_CHAL10_SF_22269114.jpg,reference,93-1063,93;63,True
D:/Data/ePillID_data/ePillID_data\classification_data\fcn_mix_weight/dr_224/00093-1063-01_PART_1_OF_1_CHAL10_SF_A029D07E.jpg,reference,93-1063,93;63,True
D:/Data/ePillID_data/ePillID_data\classification_data\fcn_mix_weight/dr_224/00093-1118-01_PART_1_OF_1_CHAL10_SB_D32969BB.jpg,reference,93-1118,93;1118,False
D:/Data/ePillID_data/ePillID_data\classification_data\fcn_mix_weight/dr_224/00093-1118-01_PART_1_OF_1_CHAL10_SF_D32969BB.jpg,reference,93-1118,93;1118,True
D:/Data/ePillID_data/ePillID_data\classification_data\fcn_mix_weight/dr_224/00093-1172-01_PART_1_OF_1_CHAL10_SB_CC2DE65F.jpg,reference,93-1172,93;1172,False
D:/Data/ePillID_data/ePillID_data\classification_data\fcn_mix_weight/dr_224/00093-1172-01_PART_1_OF_1_CHAL10_SF_CC2DE65F.jpg,reference,93-1172,93;1172,True
D:/Data/ePillID_data/ePillID_data\classification_data\fcn_mix_weight/dr_224/00093-1177-01_PART_1_OF_1_CHAL10_SB_4F2B27C9.jpg,reference,93-1177,93;1177,False
D:/Data/ePillID_data/ePillID_data\classification_data\fcn_mix_weight/dr_224/00093-1177-01_PART_1_OF_1_CHAL10_SF_4F2B27C9.jpg,reference,93-1177,93;1177,True
D:/Data/ePillID_data/ePillID_data\classification_data\fcn_mix_weight/dr_224/00093-2046-56_PART_1_OF_1_CHAL10_SB_EE29773B.jpg,reference,93-2046,ACTOS;45,False
D:/Data/ePillID_data/ePillID_data\classification_data\fcn_mix_weight/dr_224/00093-2046-56_PART_1_OF_1_CHAL10_SF_EE29773B.jpg,reference,93-2046,ACTOS;45,True
D:/Data/ePillID_data/ePillID_data\classification_data\fcn_mix_weight/dr_224/00093-2048-56_PART_1_OF_1_CHAL10_SB_632B3189.jpg,reference,93-2048,ACTOS;15,False
D:/Data/ePillID_data/ePillID_data\classification_data\fcn_mix_weight/dr_224/00093-2048-56_PART_1_OF_1_CHAL10_SF_632B3189.jpg,reference,93-2048,ACTOS;15,True
D:/Data/ePillID_data/ePillID_data\classification_data\fcn_mix_weight/dr_224/00093-2055-06_PART_1_OF_1_CHAL10_SB_B12B588A.jpg,reference,93-2055,DT,False
D:/Data/ePillID_data/ePillID_data\classification_data\fcn_mix_weight/dr_224/00093-2055-06_PART_1_OF_1_CHAL10_SF_B12B588A.jpg,reference,93-2055,DT,True
D:/Data/ePillID_data/ePillID_data\classification_data\fcn_mix_weight/dr_224/00093-2080-01_PART_1_OF_1_CHAL10_SB_D326E9C7.jpg,reference,93-2080,TEVA;2080,False
D:/Data/ePillID_data/ePillID_data\classification_data\fcn_mix_weight/dr_224/00093-2080-01_PART_1_OF_1_CHAL10_SF_D326E9C7.jpg,reference,93-2080,TEVA;2080,True
D:/Data/ePillID_data/ePillID_data\classification_data\fcn_mix_weight/dr_224/00093-2130-01_PART_1_OF_1_CHAL10_SB_E329F1AF.jpg,reference,93-2130,Z;Zenith;50mg;2130,False
D:/Data/ePillID_data/ePillID_data\classification_data\fcn_mix_weight/dr_224/00093-2130-01_PART_1_OF_1_CHAL10_SF_E329F1AF.jpg,reference,93-2130,Z;Zenith;50mg;2130,True
D:/Data/ePillID_data/ePillID_data\classification_data\fcn_mix_weight/dr_224/00093-2263-01_PART_1_OF_1_CHAL10_SB_0029803C.jpg,reference,93-2263,93;2263,False
D:/Data/ePillID_data/ePillID_data\classification_data\fcn_mix_weight/dr_224/00093-2263-01_PART_1_OF_1_CHAL10_SF_0029803C.jpg,reference,93-2263,93;2263,True
D:/Data/ePillID_data/ePillID_data\classification_data\fcn_mix_weight/dr_224/00093-2264-01_PART_1_OF_1_CHAL10_SB_DE296F5B.jpg,reference,93-2264,93;2264,False
D:/Data/ePillID_data/ePillID_data\classification_data\fcn_mix_weight/dr_224/00093-2264-01_PART_1_OF_1_CHAL10_SF_DE296F5B.jpg,reference,93-2264,93;2264,True
D:/Data/ePillID_data/ePillID_data\classification_data\fcn_mix_weight/dr_224/00093-2268-01_PART_1_OF_1_CHAL10_SB_D5296ADB.jpg,reference,93-2268,9;3;2268,False
D:/Data/ePillID_data/ePillID_data\classification_data\fcn_mix_weight/dr_224/00093-2268-01_PART_1_OF_1_CHAL10_SF_D5296ADB.jpg,reference,93-2268,9;3;2268,True
D:/Data/ePillID_data/ePillID_data\classification_data\fcn_mix_weight/dr_224/00093-2272-34_PART_1_OF_1_CHAL10_SB_DD2D6EBB.jpg,reference,93-2272,93;2272,False
D:/Data/ePillID_data/ePillID_data\classification_data\fcn_mix_weight/dr_224/00093-2272-34_PART_1_OF_1_CHAL10_SF_DD2D6EBB.jpg,reference,93-2272,93;2272,True
D:/Data/ePillID_data/ePillID_data\classification_data\fcn_mix_weight/dr_224/00093-2929-01_PART_1_OF_1_CHAL10_SB_E52972BB.jpg,reference,93-2929,2929;93,False
D:/Data/ePillID_data/ePillID_data\classification_data\fcn_mix_weight/dr_224/00093-2929-01_PART_1_OF_1_CHAL10_SF_E52972BB.jpg,reference,93-2929,2929;93,True
D:/Data/ePillID_data/ePillID_data\classification_data\fcn_mix_weight/dr_224/00093-3010-84_PART_1_OF_1_CHAL10_SB_F72CFBF7.jpg,reference,93-3010,A08,False
D:/Data/ePillID_data/ePillID_data\classification_data\fcn_mix_weight/dr_224/00093-3010-84_PART_1_OF_1_CHAL10_SF_F72CFBF7.jpg,reference,93-3010,A08,True
D:/Data/ePillID_data/ePillID_data\classification_data\fcn_mix_weight/dr_224/00093-3012-84_PART_1_OF_1_CHAL10_SB_F32CF987.jpg,reference,93-3012,A06,False
D:/Data/ePillID_data/ePillID_data\classification_data\fcn_mix_weight/dr_224/00093-3012-84_PART_1_OF_1_CHAL10_SF_F32CF987.jpg,reference,93-3012,A06,True
D:/Data/ePillID_data/ePillID_data\classification_data\fcn_mix_weight/dr_224/00093-3127-01_PART_1_OF_1_CHAL10_SB_C12DE08F.jpg,reference,93-3127,93;3127;93;3127,False
D:/Data/ePillID_data/ePillID_data\classification_data\fcn_mix_weight/dr_224/00093-3127-01_PART_1_OF_1_CHAL10_SF_C12DE08F.jpg,reference,93-3127,93;3127;93;3127,True
D:/Data/ePillID_data/ePillID_data\classification_data\fcn_mix_weight/dr_224/00093-3147-01_PART_1_OF_1_CHAL10_SB_24231258.jpg,reference,93-3147,TEVA;3147,False
D:/Data/ePillID_data/ePillID_data\classification_data\fcn_mix_weight/dr_224/00093-3147-01_PART_1_OF_1_CHAL10_SB_C51962CB.jpg,reference,93-3147,TEVA;3147,False
D:/Data/ePillID_data/ePillID_data\classification_data\fcn_mix_weight/dr_224/00093-3147-01_PART_1_OF_1_CHAL10_SF_24231258.jpg,reference,93-3147,TEVA;3147,True
D:/Data/ePillID_data/ePillID_data\classification_data\fcn_mix_weight/dr_224/00093-3147-01_PART_1_OF_1_CHAL10_SF_C51962CB.jpg,reference,93-3147,TEVA;3147,True
D:/Data/ePillID_data/ePillID_data\classification_data\fcn_mix_weight/dr_224/00093-3167-53_PART_1_OF_1_CHAL10_SB_10270828.jpg,reference,93-3167,TEVA;3167,False
D:/Data/ePillID_data/ePillID_data\classification_data\fcn_mix_weight/dr_224/00093-3167-53_PART_1_OF_1_CHAL10_SB_F7267B83.jpg,reference,93-3167,TEVA;3167,False
D:/Data/ePillID_data/ePillID_data\classification_data\fcn_mix_weight/dr_224/00093-3167-53_PART_1_OF_1_CHAL10_SF_10270828.jpg,reference,93-3167,TEVA;3167,True
D:/Data/ePillID_data/ePillID_data\classification_data\fcn_mix_weight/dr_224/00093-3167-53_PART_1_OF_1_CHAL10_SF_F7267B83.jpg,reference,93-3167,TEVA;3167,True
D:/Data/ePillID_data/ePillID_data\classification_data\fcn_mix_weight/dr_224/00093-3195-01_PART_1_OF_1_CHAL10_SB_BF295F9A.jpg,reference,93-3195,TEVA;3195,False
D:/Data/ePillID_data/ePillID_data\classification_data\fcn_mix_weight/dr_224/00093-3195-01_PART_1_OF_1_CHAL10_SF_BF295F9A.jpg,reference,93-3195,TEVA;3195,True
D:/Data/ePillID_data/ePillID_data\classification_data\fcn_mix_weight/dr_224/00093-4059-53_PART_1_OF_1_CHAL10_SB_FD2D7EDB.jpg,reference,93-4059,9;3;4059,False
D:/Data/ePillID_data/ePillID_data\classification_data\fcn_mix_weight/dr_224/00093-4059-53_PART_1_OF_1_CHAL10_SF_FD2D7EDB.jpg,reference,93-4059,9;3;4059,True
D:/Data/ePillID_data/ePillID_data\classification_data\fcn_mix_weight/dr_224/00093-4236-01_PART_1_OF_1_CHAL10_SB_112388AC.jpg,reference,93-4236,40;Z;4236,False
D:/Data/ePillID_data/ePillID_data\classification_data\fcn_mix_weight/dr_224/00093-4236-01_PART_1_OF_1_CHAL10_SB_262D937C.jpg,reference,93-4236,40;Z;4236,False
D:/Data/ePillID_data/ePillID_data\classification_data\fcn_mix_weight/dr_224/00093-4236-01_PART_1_OF_1_CHAL10_SF_112388AC.jpg,reference,93-4236,40;Z;4236,True
D:/Data/ePillID_data/ePillID_data\classification_data\fcn_mix_weight/dr_224/00093-4236-01_PART_1_OF_1_CHAL10_SF_262D937C.jpg,reference,93-4236,40;Z;4236,True
D:/Data/ePillID_data/ePillID_data\classification_data\fcn_mix_weight/dr_224/00093-4237-01_PART_1_OF_1_CHAL10_SB_2B2D958C.jpg,reference,93-4237,80;Z;4237,False
D:/Data/ePillID_data/ePillID_data\classification_data\fcn_mix_weight/dr_224/00093-4237-01_PART_1_OF_1_CHAL10_SB_A323D19E.jpg,reference,93-4237,80;Z;4237,False
D:/Data/ePillID_data/ePillID_data\classification_data\fcn_mix_weight/dr_224/00093-4237-01_PART_1_OF_1_CHAL10_SF_2B2D958C.jpg,reference,93-4237,80;Z;4237,True
D:/Data/ePillID_data/ePillID_data\classification_data\fcn_mix_weight/dr_224/00093-4237-01_PART_1_OF_1_CHAL10_SF_A323D19E.jpg,reference,93-4237,80;Z;4237,True
D:/Data/ePillID_data/ePillID_data\classification_data\fcn_mix_weight/dr_224/00093-4336-01_PART_1_OF_1_CHAL10_SB_CA2DE50F.jpg,reference,93-4336,4336;1;mg,False
D:/Data/ePillID_data/ePillID_data\classification_data\fcn_mix_weight/dr_224/00093-4336-01_PART_1_OF_1_CHAL10_SF_CA2DE50F.jpg,reference,93-4336,4336;1;mg,True
D:/Data/ePillID_data/ePillID_data\classification_data\fcn_mix_weight/dr_224/00093-4405-01_PART_1_OF_1_CHAL10_SB_072D838C.jpg,reference,93-4405,4405;200,False
D:/Data/ePillID_data/ePillID_data\classification_data\fcn_mix_weight/dr_224/00093-4405-01_PART_1_OF_1_CHAL10_SF_072D838C.jpg,reference,93-4405,4405;200,True
D:/Data/ePillID_data/ePillID_data\classification_data\fcn_mix_weight/dr_224/00093-4741-01_PART_1_OF_1_CHAL10_SB_F42D7A5B.jpg,reference,93-4741,4741;9;3,False
D:/Data/ePillID_data/ePillID_data\classification_data\fcn_mix_weight/dr_224/00093-4741-01_PART_1_OF_1_CHAL10_SF_F42D7A5B.jpg,reference,93-4741,4741;9;3,True
D:/Data/ePillID_data/ePillID_data\classification_data\fcn_mix_weight/dr_224/00093-4742-01_PART_1_OF_1_CHAL10_SB_E62D736B.jpg,reference,93-4742,4742;9;3,False
D:/Data/ePillID_data/ePillID_data\classification_data\fcn_mix_weight/dr_224/00093-4742-01_PART_1_OF_1_CHAL10_SF_E62D736B.jpg,reference,93-4742,4742;9;3,True
D:/Data/ePillID_data/ePillID_data\classification_data\fcn_mix_weight/dr_224/00093-5050-06_PART_1_OF_1_CHAL10_SB_992D4C9A.jpg,reference,93-5050,4833M;15;850,False
D:/Data/ePillID_data/ePillID_data\classification_data\fcn_mix_weight/dr_224/00093-5050-06_PART_1_OF_1_CHAL10_SF_992D4C9A.jpg,reference,93-5050,4833M;15;850,True
D:/Data/ePillID_data/ePillID_data\classification_data\fcn_mix_weight/dr_224/00093-5112-98_PART_1_OF_1_CHAL10_SB_4E2D2719.jpg,reference,93-5112,BVF;120;BVF;120,False
D:/Data/ePillID_data/ePillID_data\classification_data\fcn_mix_weight/dr_224/00093-5112-98_PART_1_OF_1_CHAL10_SF_4E2D2719.jpg,reference,93-5112,BVF;120;BVF;120,True
D:/Data/ePillID_data/ePillID_data\classification_data\fcn_mix_weight/dr_224/00093-5126-01_PART_1_OF_1_CHAL10_SB_382D9C7C.jpg,reference,93-5126,93;5126,False
D:/Data/ePillID_data/ePillID_data\classification_data\fcn_mix_weight/dr_224/00093-5126-01_PART_1_OF_1_CHAL10_SF_382D9C7C.jpg,reference,93-5126,93;5126,True
D:/Data/ePillID_data/ePillID_data\classification_data\fcn_mix_weight/dr_224/00093-5140-56_PART_1_OF_1_CHAL10_SB_1B2D0DF8.jpg,reference,93-5140,93;5140,False
D:/Data/ePillID_data/ePillID_data\classification_data\fcn_mix_weight/dr_224/00093-5140-56_PART_1_OF_1_CHAL10_SF_1B2D0DF8.jpg,reference,93-5140,93;5140,True
D:/Data/ePillID_data/ePillID_data\classification_data\fcn_mix_weight/dr_224/00093-5171-20_PART_1_OF_1_CHAL10_SB_4C2DA60D.jpg,reference,93-5171,93;5171,False
D:/Data/ePillID_data/ePillID_data\classification_data\fcn_mix_weight/dr_224/00093-5171-20_PART_1_OF_1_CHAL10_SF_4C2DA60D.jpg,reference,93-5171,93;5171,True
D:/Data/ePillID_data/ePillID_data\classification_data\fcn_mix_weight/dr_224/00093-5214-01_PART_1_OF_1_CHAL10_SB_5A2BAD7D.jpg,reference,93-5214,9;3;5214,False
D:/Data/ePillID_data/ePillID_data\classification_data\fcn_mix_weight/dr_224/00093-5214-01_PART_1_OF_1_CHAL10_SF_5A2BAD7D.jpg,reference,93-5214,9;3;5214,True
D:/Data/ePillID_data/ePillID_data\classification_data\fcn_mix_weight/dr_224/00093-5215-01_PART_1_OF_1_CHAL10_SB_562BAB0D.jpg,reference,93-5215,9;3;5215,False
D:/Data/ePillID_data/ePillID_data\classification_data\fcn_mix_weight/dr_224/00093-5215-01_PART_1_OF_1_CHAL10_SF_562BAB0D.jpg,reference,93-5215,9;3;5215,True
D:/Data/ePillID_data/ePillID_data\classification_data\fcn_mix_weight/dr_224/00093-5246-65_PART_1_OF_1_CHAL10_SB_9326C9E6.jpg,reference,93-5246,TV;U2;10,False
D:/Data/ePillID_data/ePillID_data\classification_data\fcn_mix_weight/dr_224/00093-5246-65_PART_1_OF_1_CHAL10_SF_9326C9E6.jpg,reference,93-5246,TV;U2;10,True
D:/Data/ePillID_data/ePillID_data\classification_data\fcn_mix_weight/dr_224/00093-5247-65_PART_1_OF_1_CHAL10_SB_8F26C7D6.jpg,reference,93-5247,TV;U7;15,False
D:/Data/ePillID_data/ePillID_data\classification_data\fcn_mix_weight/dr_224/00093-5247-65_PART_1_OF_1_CHAL10_SF_8F26C7D6.jpg,reference,93-5247,TV;U7;15,True
D:/Data/ePillID_data/ePillID_data\classification_data\fcn_mix_weight/dr_224/00093-5256-68_PART_1_OF_1_CHAL10_SB_15268A84.jpg,reference,93-5256,TEVA;5256,False
D:/Data/ePillID_data/ePillID_data\classification_data\fcn_mix_weight/dr_224/00093-5256-68_PART_1_OF_1_CHAL10_SB_8727C3AE.jpg,reference,93-5256,TEVA;5256,False
D:/Data/ePillID_data/ePillID_data\classification_data\fcn_mix_weight/dr_224/00093-5256-68_PART_1_OF_1_CHAL10_SF_15268A84.jpg,reference,93-5256,TEVA;5256,True
D:/Data/ePillID_data/ePillID_data\classification_data\fcn_mix_weight/dr_224/00093-5256-68_PART_1_OF_1_CHAL10_SF_8727C3AE.jpg,reference,93-5256,TEVA;5256,True
D:/Data/ePillID_data/ePillID_data\classification_data\fcn_mix_weight/dr_224/00093-5271-56_PART_1_OF_1_CHAL10_SB_EB2D75AB.jpg,reference,93-5271,93;5271,False
D:/Data/ePillID_data/ePillID_data\classification_data\fcn_mix_weight/dr_224/00093-5271-56_PART_1_OF_1_CHAL10_SF_EB2D75AB.jpg,reference,93-5271,93;5271,True
D:/Data/ePillID_data/ePillID_data\classification_data\fcn_mix_weight/dr_224/00093-5420-88_PART_1_OF_1_CHAL10_SB_8E2BC72E.jpg,reference,93-5420,0;5;5420,False
D:/Data/ePillID_data/ePillID_data\classification_data\fcn_mix_weight/dr_224/00093-5420-88_PART_1_OF_1_CHAL10_SF_8E2BC72E.jpg,reference,93-5420,0;5;5420,True
D:/Data/ePillID_data/ePillID_data\classification_data\fcn_mix_weight/dr_224/00093-5504-56_PART_1_OF_1_CHAL10_SB_292714E8.jpg,reference,93-5504,TEVA;5504,False
D:/Data/ePillID_data/ePillID_data\classification_data\fcn_mix_weight/dr_224/00093-5504-56_PART_1_OF_1_CHAL10_SF_292714E8.jpg,reference,93-5504,TEVA;5504,True
D:/Data/ePillID_data/ePillID_data\classification_data\fcn_mix_weight/dr_224/00093-5507-56_PART_1_OF_1_CHAL10_SB_0C270618.jpg,reference,93-5507,TEVA;5507,False
D:/Data/ePillID_data/ePillID_data\classification_data\fcn_mix_weight/dr_224/00093-5507-56_PART_1_OF_1_CHAL10_SF_0C270618.jpg,reference,93-5507,TEVA;5507,True
D:/Data/ePillID_data/ePillID_data\classification_data\fcn_mix_weight/dr_224/00093-5710-01_PART_1_OF_1_CHAL10_SB_3F2B9FCC.jpg,reference,93-5710,5710;1;25;250,False
D:/Data/ePillID_data/ePillID_data\classification_data\fcn_mix_weight/dr_224/00093-5710-01_PART_1_OF_1_CHAL10_SF_3F2B9FCC.jpg,reference,93-5710,5710;1;25;250,True
D:/Data/ePillID_data/ePillID_data\classification_data\fcn_mix_weight/dr_224/00093-5712-01_PART_1_OF_1_CHAL10_SB_242B924C.jpg,reference,93-5712,5712;5;500,False
D:/Data/ePillID_data/ePillID_data\classification_data\fcn_mix_weight/dr_224/00093-5712-01_PART_1_OF_1_CHAL10_SF_242B924C.jpg,reference,93-5712,5712;5;500,True
D:/Data/ePillID_data/ePillID_data\classification_data\fcn_mix_weight/dr_224/00093-5770-56_PART_1_OF_1_CHAL10_SB_E927F4FF.jpg,reference,93-5770,TEVA;5770,False
D:/Data/ePillID_data/ePillID_data\classification_data\fcn_mix_weight/dr_224/00093-5770-56_PART_1_OF_1_CHAL10_SF_E927F4FF.jpg,reference,93-5770,TEVA;5770,True
D:/Data/ePillID_data/ePillID_data\classification_data\fcn_mix_weight/dr_224/00093-5852-01_PART_1_OF_1_CHAL10_SB_512BA8FD.jpg,reference,93-5852,5852;20,False
D:/Data/ePillID_data/ePillID_data\classification_data\fcn_mix_weight/dr_224/00093-5852-01_PART_1_OF_1_CHAL10_SF_512BA8FD.jpg,reference,93-5852,5852;20,True
D:/Data/ePillID_data/ePillID_data\classification_data\fcn_mix_weight/dr_224/00093-7158-06_PART_1_OF_1_CHAL10_SB_312B98DC.jpg,reference,93-7158,93;7158,False
D:/Data/ePillID_data/ePillID_data\classification_data\fcn_mix_weight/dr_224/00093-7158-06_PART_1_OF_1_CHAL10_SF_312B98DC.jpg,reference,93-7158,93;7158,True
D:/Data/ePillID_data/ePillID_data\classification_data\fcn_mix_weight/dr_224/00093-7167-98_PART_1_OF_1_CHAL10_SB_6129B0CD.jpg,reference,93-7167,93;7167,False
D:/Data/ePillID_data/ePillID_data\classification_data\fcn_mix_weight/dr_224/00093-7167-98_PART_1_OF_1_CHAL10_SF_6129B0CD.jpg,reference,93-7167,93;7167,True
D:/Data/ePillID_data/ePillID_data\classification_data\fcn_mix_weight/dr_224/00093-7178-01_PART_1_OF_1_CHAL10_SB_D329E9CF.jpg,reference,93-7178,7178;93,False
D:/Data/ePillID_data/ePillID_data\classification_data\fcn_mix_weight/dr_224/00093-7178-01_PART_1_OF_1_CHAL10_SF_D329E9CF.jpg,reference,93-7178,7178;93,True
D:/Data/ePillID_data/ePillID_data\classification_data\fcn_mix_weight/dr_224/00093-7212-01_PART_1_OF_1_CHAL10_SB_9F23CF8E.jpg,reference,93-7212,93;7212,False
D:/Data/ePillID_data/ePillID_data\classification_data\fcn_mix_weight/dr_224/00093-7212-01_PART_1_OF_1_CHAL10_SB_C92FE4DF.jpg,reference,93-7212,93;7212,False
D:/Data/ePillID_data/ePillID_data\classification_data\fcn_mix_weight/dr_224/00093-7212-01_PART_1_OF_1_CHAL10_SF_9F23CF8E.jpg,reference,93-7212,93;7212,True
D:/Data/ePillID_data/ePillID_data\classification_data\fcn_mix_weight/dr_224/00093-7212-01_PART_1_OF_1_CHAL10_SF_C92FE4DF.jpg,reference,93-7212,93;7212,True
D:/Data/ePillID_data/ePillID_data\classification_data\fcn_mix_weight/dr_224/00093-7220-06_PART_1_OF_1_CHAL10_SB_692934D9.jpg,reference,93-7220,93;7220,False
D:/Data/ePillID_data/ePillID_data\classification_data\fcn_mix_weight/dr_224/00093-7220-06_PART_1_OF_1_CHAL10_SF_692934D9.jpg,reference,93-7220,93;7220,True
D:/Data/ePillID_data/ePillID_data\classification_data\fcn_mix_weight/dr_224/00093-7234-01_PART_1_OF_1_CHAL10_SB_B13058E2.jpg,reference,93-7234,93;7234,False
D:/Data/ePillID_data/ePillID_data\classification_data\fcn_mix_weight/dr_224/00093-7234-01_PART_1_OF_1_CHAL10_SF_B13058E2.jpg,reference,93-7234,93;7234,True
D:/Data/ePillID_data/ePillID_data\classification_data\fcn_mix_weight/dr_224/00093-7242-06_PART_1_OF_1_CHAL10_SB_76293B69.jpg,reference,93-7242,93;7242,False
D:/Data/ePillID_data/ePillID_data\classification_data\fcn_mix_weight/dr_224/00093-7242-06_PART_1_OF_1_CHAL10_SF_76293B69.jpg,reference,93-7242,93;7242,True
D:/Data/ePillID_data/ePillID_data\classification_data\fcn_mix_weight/dr_224/00093-7247-06_PART_1_OF_1_CHAL10_SB_7329B9CD.jpg,reference,93-7247,9;3;7247,False
D:/Data/ePillID_data/ePillID_data\classification_data\fcn_mix_weight/dr_224/00093-7247-06_PART_1_OF_1_CHAL10_SF_7329B9CD.jpg,reference,93-7247,9;3;7247,True
D:/Data/ePillID_data/ePillID_data\classification_data\fcn_mix_weight/dr_224/00093-7256-01_PART_1_OF_1_CHAL10_SB_6C2F3619.jpg,reference,93-7256,9;3;72;56,False
D:/Data/ePillID_data/ePillID_data\classification_data\fcn_mix_weight/dr_224/00093-7256-01_PART_1_OF_1_CHAL10_SB_EA267553.jpg,reference,93-7256,9;3;72;56,False
D:/Data/ePillID_data/ePillID_data\classification_data\fcn_mix_weight/dr_224/00093-7256-01_PART_1_OF_1_CHAL10_SF_6C2F3619.jpg,reference,93-7256,9;3;72;56,True
D:/Data/ePillID_data/ePillID_data\classification_data\fcn_mix_weight/dr_224/00093-7256-01_PART_1_OF_1_CHAL10_SF_EA267553.jpg,reference,93-7256,9;3;72;56,True
D:/Data/ePillID_data/ePillID_data\classification_data\fcn_mix_weight/dr_224/00093-7304-65_PART_1_OF_1_CHAL10_SB_712F3889.jpg,reference,93-7304,93;7304,False
D:/Data/ePillID_data/ePillID_data\classification_data\fcn_mix_weight/dr_224/00093-7304-65_PART_1_OF_1_CHAL10_SF_712F3889.jpg,reference,93-7304,93;7304,True
D:/Data/ePillID_data/ePillID_data\classification_data\fcn_mix_weight/dr_224/00093-7305-65_PART_1_OF_1_CHAL10_SB_7C2F3E59.jpg,reference,93-7305,93;7305,False
D:/Data/ePillID_data/ePillID_data\classification_data\fcn_mix_weight/dr_224/00093-7305-65_PART_1_OF_1_CHAL10_SF_7C2F3E59.jpg,reference,93-7305,93;7305,True
D:/Data/ePillID_data/ePillID_data\classification_data\fcn_mix_weight/dr_224/00093-7334-01_PART_1_OF_1_CHAL10_SB_A929548A.jpg,reference,93-7334,TEVA;7334,False
D:/Data/ePillID_data/ePillID_data\classification_data\fcn_mix_weight/dr_224/00093-7334-01_PART_1_OF_1_CHAL10_SF_A929548A.jpg,reference,93-7334,TEVA;7334,True
D:/Data/ePillID_data/ePillID_data\classification_data\fcn_mix_weight/dr_224/00093-7336-06_PART_1_OF_1_CHAL10_SB_FA26FD17.jpg,reference,93-7336,TEVA;7336,False
D:/Data/ePillID_data/ePillID_data\classification_data\fcn_mix_weight/dr_224/00093-7336-06_PART_1_OF_1_CHAL10_SF_FA26FD17.jpg,reference,93-7336,TEVA;7336,True
D:/Data/ePillID_data/ePillID_data\classification_data\fcn_mix_weight/dr_224/00093-7338-01_PART_1_OF_1_CHAL10_SB_642D3229.jpg,reference,93-7338,93;7338;93;7338,False
D:/Data/ePillID_data/ePillID_data\classification_data\fcn_mix_weight/dr_224/00093-7338-01_PART_1_OF_1_CHAL10_SF_642D3229.jpg,reference,93-7338,93;7338;93;7338,True
D:/Data/ePillID_data/ePillID_data\classification_data\fcn_mix_weight/dr_224/00093-7365-56_PART_1_OF_1_CHAL10_SB_AA305552.jpg,reference,93-7365,9;3;7365,False
D:/Data/ePillID_data/ePillID_data\classification_data\fcn_mix_weight/dr_224/00093-7365-56_PART_1_OF_1_CHAL10_SF_AA305552.jpg,reference,93-7365,9;3;7365,True
D:/Data/ePillID_data/ePillID_data\classification_data\fcn_mix_weight/dr_224/00093-7370-01_PART_1_OF_1_CHAL10_SB_C419623B.jpg,reference,93-7370,TEVA;7370,False
D:/Data/ePillID_data/ePillID_data\classification_data\fcn_mix_weight/dr_224/00093-7370-01_PART_1_OF_1_CHAL10_SB_F026F807.jpg,reference,93-7370,TEVA;7370,False
D:/Data/ePillID_data/ePillID_data\classification_data\fcn_mix_weight/dr_224/00093-7370-01_PART_1_OF_1_CHAL10_SF_C419623B.jpg,reference,93-7370,TEVA;7370,True
D:/Data/ePillID_data/ePillID_data\classification_data\fcn_mix_weight/dr_224/00093-7370-01_PART_1_OF_1_CHAL10_SF_F026F807.jpg,reference,93-7370,TEVA;7370,True
D:/Data/ePillID_data/ePillID_data\classification_data\fcn_mix_weight/dr_224/00093-7380-01_PART_1_OF_1_CHAL10_SB_A0265062.jpg,reference,93-7380,9;3;7380,False
D:/Data/ePillID_data/ePillID_data\classification_data\fcn_mix_weight/dr_224/00093-7380-01_PART_1_OF_1_CHAL10_SB_B12958DA.jpg,reference,93-7380,9;3;7380,False
D:/Data/ePillID_data/ePillID_data\classification_data\fcn_mix_weight/dr_224/00093-7380-01_PART_1_OF_1_CHAL10_SF_A0265062.jpg,reference,93-7380,9;3;7380,True
D:/Data/ePillID_data/ePillID_data\classification_data\fcn_mix_weight/dr_224/00093-7380-01_PART_1_OF_1_CHAL10_SF_B12958DA.jpg,reference,93-7380,9;3;7380,True
D:/Data/ePillID_data/ePillID_data\classification_data\fcn_mix_weight/dr_224/00093-7385-56_PART_1_OF_1_CHAL10_SB_002F802C.jpg,reference,93-7385,93;7385;93;7385,False
D:/Data/ePillID_data/ePillID_data\classification_data\fcn_mix_weight/dr_224/00093-7385-56_PART_1_OF_1_CHAL10_SF_002F802C.jpg,reference,93-7385,93;7385;93;7385,True
D:/Data/ePillID_data/ePillID_data\classification_data\fcn_mix_weight/dr_224/00093-7426-56_PART_1_OF_1_CHAL10_SB_DC27EE6F.jpg,reference,93-7426,TV;7426,False
D:/Data/ePillID_data/ePillID_data\classification_data\fcn_mix_weight/dr_224/00093-7426-56_PART_1_OF_1_CHAL10_SF_DC27EE6F.jpg,reference,93-7426,TV;7426,True
D:/Data/ePillID_data/ePillID_data\classification_data\fcn_mix_weight/dr_224/00093-7436-01_PART_1_OF_1_CHAL10_SB_8D3046B2.jpg,reference,93-7436,93;7436;93;7436,False
D:/Data/ePillID_data/ePillID_data\classification_data\fcn_mix_weight/dr_224/00093-7436-01_PART_1_OF_1_CHAL10_SF_8D3046B2.jpg,reference,93-7436,93;7436;93;7436,True
D:/Data/ePillID_data/ePillID_data\classification_data\fcn_mix_weight/dr_224/00093-7438-01_PART_1_OF_1_CHAL10_SB_84304232.jpg,reference,93-7438,93;7438;93;7438,False
D:/Data/ePillID_data/ePillID_data\classification_data\fcn_mix_weight/dr_224/00093-7438-01_PART_1_OF_1_CHAL10_SF_84304232.jpg,reference,93-7438,93;7438;93;7438,True
D:/Data/ePillID_data/ePillID_data\classification_data\fcn_mix_weight/dr_224/00093-7443-56_PART_1_OF_1_CHAL10_SB_052702B8.jpg,reference,93-7443,TEVA;7443,False
D:/Data/ePillID_data/ePillID_data\classification_data\fcn_mix_weight/dr_224/00093-7443-56_PART_1_OF_1_CHAL10_SF_052702B8.jpg,reference,93-7443,TEVA;7443,True
D:/Data/ePillID_data/ePillID_data\classification_data\fcn_mix_weight/dr_224/00093-7465-98_PART_1_OF_1_CHAL10_SB_761DBB6D.jpg,reference,93-7465,TEVA;7465,False
D:/Data/ePillID_data/ePillID_data\classification_data\fcn_mix_weight/dr_224/00093-7465-98_PART_1_OF_1_CHAL10_SF_761DBB6D.jpg,reference,93-7465,TEVA;7465,True
D:/Data/ePillID_data/ePillID_data\classification_data\fcn_mix_weight/dr_224/00093-8035-01_PART_1_OF_1_CHAL10_SB_DC266E63.jpg,reference,93-8035,3;035;N,False
D:/Data/ePillID_data/ePillID_data\classification_data\fcn_mix_weight/dr_224/00093-8035-01_PART_1_OF_1_CHAL10_SF_DC266E63.jpg,reference,93-8035,3;035;N,True
D:/Data/ePillID_data/ePillID_data\classification_data\fcn_mix_weight/dr_224/00093-8036-01_PART_1_OF_1_CHAL10_SB_C2266173.jpg,reference,93-8036,6;036;N,False
D:/Data/ePillID_data/ePillID_data\classification_data\fcn_mix_weight/dr_224/00093-8036-01_PART_1_OF_1_CHAL10_SF_C2266173.jpg,reference,93-8036,6;036;N,True
D:/Data/ePillID_data/ePillID_data\classification_data\fcn_mix_weight/dr_224/00143-9920-01_PART_1_OF_1_CHAL10_SB_A4265272.jpg,reference,143-9920,H5,False
D:/Data/ePillID_data/ePillID_data\classification_data\fcn_mix_weight/dr_224/00143-9920-01_PART_1_OF_1_CHAL10_SF_A4265272.jpg,reference,143-9920,H5,True
D:/Data/ePillID_data/ePillID_data\classification_data\fcn_mix_weight/dr_224/00149-0007-05_PART_1_OF_1_CHAL10_SB_AB1FD58E.jpg,reference,149-7,Macrodantin;25;mg;0149-0007,False
D:/Data/ePillID_data/ePillID_data\classification_data\fcn_mix_weight/dr_224/00149-0007-05_PART_1_OF_1_CHAL10_SF_AB1FD58E.jpg,reference,149-7,Macrodantin;25;mg;0149-0007,True
D:/Data/ePillID_data/ePillID_data\classification_data\fcn_mix_weight/dr_224/00172-3650-70_PART_1_OF_1_CHAL10_SB_7626BB45.jpg,reference,172-3650,9200;TEVA,False
D:/Data/ePillID_data/ePillID_data\classification_data\fcn_mix_weight/dr_224/00172-3650-70_PART_1_OF_1_CHAL10_SF_7626BB45.jpg,reference,172-3650,9200;TEVA,True
D:/Data/ePillID_data/ePillID_data\classification_data\fcn_mix_weight/dr_224/00172-3761-60_PART_1_OF_1_CHAL10_SB_0E2D0708.jpg,reference,172-3761,3761,False
D:/Data/ePillID_data/ePillID_data\classification_data\fcn_mix_weight/dr_224/00172-3761-60_PART_1_OF_1_CHAL10_SB_5226A915.jpg,reference,172-3761,3761,False
D:/Data/ePillID_data/ePillID_data\classification_data\fcn_mix_weight/dr_224/00172-3761-60_PART_1_OF_1_CHAL10_SF_0E2D0708.jpg,reference,172-3761,3761,True
D:/Data/ePillID_data/ePillID_data\classification_data\fcn_mix_weight/dr_224/00172-3761-60_PART_1_OF_1_CHAL10_SF_5226A915.jpg,reference,172-3761,3761,True
D:/Data/ePillID_data/ePillID_data\classification_data\fcn_mix_weight/dr_224/00172-4280-60_PART_1_OF_1_CHAL10_SB_1D2D8EFC.jpg,reference,172-4280,7300,False
D:/Data/ePillID_data/ePillID_data\classification_data\fcn_mix_weight/dr_224/00172-4280-60_PART_1_OF_1_CHAL10_SB_8F21C7EE.jpg,reference,172-4280,7300,False
D:/Data/ePillID_data/ePillID_data\classification_data\fcn_mix_weight/dr_224/00172-4280-60_PART_1_OF_1_CHAL10_SF_1D2D8EFC.jpg,reference,172-4280,7300,True
D:/Data/ePillID_data/ePillID_data\classification_data\fcn_mix_weight/dr_224/00172-4280-60_PART_1_OF_1_CHAL10_SF_8F21C7EE.jpg,reference,172-4280,7300,True
D:/Data/ePillID_data/ePillID_data\classification_data\fcn_mix_weight/dr_224/00172-4626-60_PART_1_OF_1_CHAL10_SB_6B2DB59D.jpg,reference,172-4626,20;4626,False
D:/Data/ePillID_data/ePillID_data\classification_data\fcn_mix_weight/dr_224/00172-4626-60_PART_1_OF_1_CHAL10_SF_6B2DB59D.jpg,reference,172-4626,20;4626,True
D:/Data/ePillID_data/ePillID_data\classification_data\fcn_mix_weight/dr_224/00172-5032-60_PART_1_OF_1_CHAL10_SB_002D0078.jpg,reference,172-5032,5032;20;25,False
D:/Data/ePillID_data/ePillID_data\classification_data\fcn_mix_weight/dr_224/00172-5032-60_PART_1_OF_1_CHAL10_SF_002D0078.jpg,reference,172-5032,5032;20;25,True
D:/Data/ePillID_data/ePillID_data\classification_data\fcn_mix_weight/dr_224/00172-5033-60_PART_1_OF_1_CHAL10_SB_BD2D5E9A.jpg,reference,172-5033,5033;10;12;5,False
D:/Data/ePillID_data/ePillID_data\classification_data\fcn_mix_weight/dr_224/00172-5033-60_PART_1_OF_1_CHAL10_SF_BD2D5E9A.jpg,reference,172-5033,5033;10;12;5,True
D:/Data/ePillID_data/ePillID_data\classification_data\fcn_mix_weight/dr_224/00172-5034-60_PART_1_OF_1_CHAL10_SB_052D0288.jpg,reference,172-5034,5034;20;12;5,False
D:/Data/ePillID_data/ePillID_data\classification_data\fcn_mix_weight/dr_224/00172-5034-60_PART_1_OF_1_CHAL10_SF_052D0288.jpg,reference,172-5034,5034;20;12;5,True
D:/Data/ePillID_data/ePillID_data\classification_data\fcn_mix_weight/dr_224/00172-5410-46_PART_1_OF_1_CHAL10_SB_502DA81D.jpg,reference,172-5410,5410;50,False
D:/Data/ePillID_data/ePillID_data\classification_data\fcn_mix_weight/dr_224/00172-5410-46_PART_1_OF_1_CHAL10_SF_502DA81D.jpg,reference,172-5410,5410;50,True
D:/Data/ePillID_data/ePillID_data\classification_data\fcn_mix_weight/dr_224/00172-5411-46_PART_1_OF_1_CHAL10_SB_552DAA8D.jpg,reference,172-5411,5411;100,False
D:/Data/ePillID_data/ePillID_data\classification_data\fcn_mix_weight/dr_224/00172-5411-46_PART_1_OF_1_CHAL10_SF_552DAA8D.jpg,reference,172-5411,5411;100,True
D:/Data/ePillID_data/ePillID_data\classification_data\fcn_mix_weight/dr_224/00172-5412-79_PART_1_OF_1_CHAL10_SB_862DC31E.jpg,reference,172-5412,5412;150,False
D:/Data/ePillID_data/ePillID_data\classification_data\fcn_mix_weight/dr_224/00172-5412-79_PART_1_OF_1_CHAL10_SF_862DC31E.jpg,reference,172-5412,5412;150,True
D:/Data/ePillID_data/ePillID_data\classification_data\fcn_mix_weight/dr_224/00172-7312-46_PART_1_OF_1_CHAL10_SB_972BCBDE.jpg,reference,172-7312,100;mg,False
D:/Data/ePillID_data/ePillID_data\classification_data\fcn_mix_weight/dr_224/00172-7312-46_PART_1_OF_1_CHAL10_SF_972BCBDE.jpg,reference,172-7312,100;mg,True
D:/Data/ePillID_data/ePillID_data\classification_data\fcn_mix_weight/dr_224/00173-0562-00_PART_1_OF_1_CHAL10_SB_A01C5002.jpg,reference,173-562,GX;CE5,False
D:/Data/ePillID_data/ePillID_data\classification_data\fcn_mix_weight/dr_224/00173-0562-00_PART_1_OF_1_CHAL10_SF_A01C5002.jpg,reference,173-562,GX;CE5,True
D:/Data/ePillID_data/ePillID_data\classification_data\fcn_mix_weight/dr_224/00173-0565-04_PART_1_OF_1_CHAL10_SB_461DA30D.jpg,reference,173-565,VALTREX;1;gram,False
D:/Data/ePillID_data/ePillID_data\classification_data\fcn_mix_weight/dr_224/00173-0565-04_PART_1_OF_1_CHAL10_SF_461DA30D.jpg,reference,173-565,VALTREX;1;gram,True
D:/Data/ePillID_data/ePillID_data\classification_data\fcn_mix_weight/dr_224/00185-0124-01_PART_1_OF_1_CHAL10_SB_AA23551A.jpg,reference,185-124,E124,False
D:/Data/ePillID_data/ePillID_data\classification_data\fcn_mix_weight/dr_224/00185-0124-01_PART_1_OF_1_CHAL10_SF_AA23551A.jpg,reference,185-124,E124,True
D:/Data/ePillID_data/ePillID_data\classification_data\fcn_mix_weight/dr_224/00186-0520-60_PART_1_OF_1_CHAL10_SB_C41DE20F.jpg,reference,186-520,500;20,False
D:/Data/ePillID_data/ePillID_data\classification_data\fcn_mix_weight/dr_224/00186-0520-60_PART_1_OF_1_CHAL10_SF_C41DE20F.jpg,reference,186-520,500;20,True
D:/Data/ePillID_data/ePillID_data\classification_data\fcn_mix_weight/dr_224/00228-2127-10_PART_1_OF_1_CHAL10_SB_5321A9ED.jpg,reference,228-2127,R127,False
D:/Data/ePillID_data/ePillID_data\classification_data\fcn_mix_weight/dr_224/00228-2127-10_PART_1_OF_1_CHAL10_SF_5321A9ED.jpg,reference,228-2127,R127,True
D:/Data/ePillID_data/ePillID_data\classification_data\fcn_mix_weight/dr_224/00228-2550-06_PART_1_OF_1_CHAL10_SB_412320F9.jpg,reference,228-2550,R;550,False
D:/Data/ePillID_data/ePillID_data\classification_data\fcn_mix_weight/dr_224/00228-2550-06_PART_1_OF_1_CHAL10_SF_412320F9.jpg,reference,228-2550,R;550,True
D:/Data/ePillID_data/ePillID_data\classification_data\fcn_mix_weight/dr_224/00245-0041-11_PART_1_OF_1_CHAL10_SB_9623CB0E.jpg,reference,245-41,KC;10,False
D:/Data/ePillID_data/ePillID_data\classification_data\fcn_mix_weight/dr_224/00245-0041-11_PART_1_OF_1_CHAL10_SF_9623CB0E.jpg,reference,245-41,KC;10,True
D:/Data/ePillID_data/ePillID_data\classification_data\fcn_mix_weight/dr_224/00310-0282-60_PART_1_OF_1_CHAL10_SB_0F1C87E4.jpg,reference,310-282,XR;200,False
D:/Data/ePillID_data/ePillID_data\classification_data\fcn_mix_weight/dr_224/00310-0282-60_PART_1_OF_1_CHAL10_SF_0F1C87E4.jpg,reference,310-282,XR;200,True
D:/Data/ePillID_data/ePillID_data\classification_data\fcn_mix_weight/dr_224/00378-0186-01_PART_1_OF_1_CHAL10_SB_5626AB25.jpg,reference,378-186,MYLAN;186,False
D:/Data/ePillID_data/ePillID_data\classification_data\fcn_mix_weight/dr_224/00378-0186-01_PART_1_OF_1_CHAL10_SF_5626AB25.jpg,reference,378-186,MYLAN;186,True
D:/Data/ePillID_data/ePillID_data\classification_data\fcn_mix_weight/dr_224/00378-0216-01_PART_1_OF_1_CHAL10_SB_74203A31.jpg,reference,378-216,MYLAN;216;40,False
D:/Data/ePillID_data/ePillID_data\classification_data\fcn_mix_weight/dr_224/00378-0216-01_PART_1_OF_1_CHAL10_SF_74203A31.jpg,reference,378-216,MYLAN;216;40,True
D:/Data/ePillID_data/ePillID_data\classification_data\fcn_mix_weight/dr_224/00378-0232-01_PART_1_OF_1_CHAL10_SB_86204302.jpg,reference,378-232,MYLAN;232;80,False
D:/Data/ePillID_data/ePillID_data\classification_data\fcn_mix_weight/dr_224/00378-0232-01_PART_1_OF_1_CHAL10_SF_86204302.jpg,reference,378-232,MYLAN;232;80,True
D:/Data/ePillID_data/ePillID_data\classification_data\fcn_mix_weight/dr_224/00378-1105-01_PART_1_OF_1_CHAL10_SB_D822EC47.jpg,reference,378-1105,MYLAN;G1,False
D:/Data/ePillID_data/ePillID_data\classification_data\fcn_mix_weight/dr_224/00378-1105-01_PART_1_OF_1_CHAL10_SF_D822EC47.jpg,reference,378-1105,MYLAN;G1,True
D:/Data/ePillID_data/ePillID_data\classification_data\fcn_mix_weight/dr_224/00378-1150-01_PART_1_OF_1_CHAL10_SB_8B23458A.jpg,reference,378-1150,M;B2,False
D:/Data/ePillID_data/ePillID_data\classification_data\fcn_mix_weight/dr_224/00378-1150-01_PART_1_OF_1_CHAL10_SF_8B23458A.jpg,reference,378-1150,M;B2,True
D:/Data/ePillID_data/ePillID_data\classification_data\fcn_mix_weight/dr_224/00378-1165-91_PART_1_OF_1_CHAL10_SB_3E201F00.jpg,reference,378-1165,M;B3;5;5;5,False
D:/Data/ePillID_data/ePillID_data\classification_data\fcn_mix_weight/dr_224/00378-1165-91_PART_1_OF_1_CHAL10_SF_3E201F00.jpg,reference,378-1165,M;B3;5;5;5,True
D:/Data/ePillID_data/ePillID_data\classification_data\fcn_mix_weight/dr_224/00378-1813-01_PART_1_OF_1_CHAL10_SB_4823A43D.jpg,reference,378-1813,M;L;10,False
D:/Data/ePillID_data/ePillID_data\classification_data\fcn_mix_weight/dr_224/00378-1813-01_PART_1_OF_1_CHAL10_SF_4823A43D.jpg,reference,378-1813,M;L;10,True
D:/Data/ePillID_data/ePillID_data\classification_data\fcn_mix_weight/dr_224/00378-1819-01_PART_1_OF_1_CHAL10_SB_3F239FBC.jpg,reference,378-1819,M;L;13,False
D:/Data/ePillID_data/ePillID_data\classification_data\fcn_mix_weight/dr_224/00378-1819-01_PART_1_OF_1_CHAL10_SF_3F239FBC.jpg,reference,378-1819,M;L;13,True
D:/Data/ePillID_data/ePillID_data\classification_data\fcn_mix_weight/dr_224/00378-1821-01_PART_1_OF_1_CHAL10_SB_4D23A6AD.jpg,reference,378-1821,M;L;14,False
D:/Data/ePillID_data/ePillID_data\classification_data\fcn_mix_weight/dr_224/00378-1821-01_PART_1_OF_1_CHAL10_SF_4D23A6AD.jpg,reference,378-1821,M;L;14,True
D:/Data/ePillID_data/ePillID_data\classification_data\fcn_mix_weight/dr_224/00378-2072-01_PART_1_OF_1_CHAL10_SB_8621435A.jpg,reference,378-2072,L;22;M,False
D:/Data/ePillID_data/ePillID_data\classification_data\fcn_mix_weight/dr_224/00378-2072-01_PART_1_OF_1_CHAL10_SF_8621435A.jpg,reference,378-2072,L;22;M,True
D:/Data/ePillID_data/ePillID_data\classification_data\fcn_mix_weight/dr_224/00378-2074-01_PART_1_OF_1_CHAL10_SB_8B2145CA.jpg,reference,378-2074,L;24;M,False
D:/Data/ePillID_data/ePillID_data\classification_data\fcn_mix_weight/dr_224/00378-2074-01_PART_1_OF_1_CHAL10_SF_8B2145CA.jpg,reference,378-2074,L;24;M,True
D:/Data/ePillID_data/ePillID_data\classification_data\fcn_mix_weight/dr_224/00378-2076-01_PART_1_OF_1_CHAL10_SB_5A23AD6D.jpg,reference,378-2076,L;26;M,False
D:/Data/ePillID_data/ePillID_data\classification_data\fcn_mix_weight/dr_224/00378-2076-01_PART_1_OF_1_CHAL10_SF_5A23AD6D.jpg,reference,378-2076,L;26;M,True
D:/Data/ePillID_data/ePillID_data\classification_data\fcn_mix_weight/dr_224/00378-2077-01_PART_1_OF_1_CHAL10_SB_4426A255.jpg,reference,378-2077,L;27;M,False
D:/Data/ePillID_data/ePillID_data\classification_data\fcn_mix_weight/dr_224/00378-2077-01_PART_1_OF_1_CHAL10_SF_4426A255.jpg,reference,378-2077,L;27;M,True
D:/Data/ePillID_data/ePillID_data\classification_data\fcn_mix_weight/dr_224/00378-3482-01_PART_1_OF_1_CHAL10_SB_3023980C.jpg,reference,378-3482,M;482,False
D:/Data/ePillID_data/ePillID_data\classification_data\fcn_mix_weight/dr_224/00378-3482-01_PART_1_OF_1_CHAL10_SF_3023980C.jpg,reference,378-3482,M;482,True
D:/Data/ePillID_data/ePillID_data\classification_data\fcn_mix_weight/dr_224/00378-3495-01_PART_1_OF_1_CHAL10_SB_15238AEC.jpg,reference,378-3495,M;495,False
D:/Data/ePillID_data/ePillID_data\classification_data\fcn_mix_weight/dr_224/00378-3495-01_PART_1_OF_1_CHAL10_SF_15238AEC.jpg,reference,378-3495,M;495,True
D:/Data/ePillID_data/ePillID_data\classification_data\fcn_mix_weight/dr_224/00378-3632-01_PART_1_OF_1_CHAL10_SB_4B242591.jpg,reference,378-3632,M;C32,False
D:/Data/ePillID_data/ePillID_data\classification_data\fcn_mix_weight/dr_224/00378-3632-01_PART_1_OF_1_CHAL10_SF_4B242591.jpg,reference,378-3632,M;C32,True
D:/Data/ePillID_data/ePillID_data\classification_data\fcn_mix_weight/dr_224/00378-4151-01_PART_1_OF_1_CHAL10_SB_2A21954C.jpg,reference,378-4151,M;T7,False
D:/Data/ePillID_data/ePillID_data\classification_data\fcn_mix_weight/dr_224/00378-4151-01_PART_1_OF_1_CHAL10_SF_2A21954C.jpg,reference,378-4151,M;T7,True
D:/Data/ePillID_data/ePillID_data\classification_data\fcn_mix_weight/dr_224/00378-5123-01_PART_1_OF_1_CHAL10_SB_D223E93F.jpg,reference,378-5123,M;S23,False
D:/Data/ePillID_data/ePillID_data\classification_data\fcn_mix_weight/dr_224/00378-5123-01_PART_1_OF_1_CHAL10_SF_D223E93F.jpg,reference,378-5123,M;S23,True
D:/Data/ePillID_data/ePillID_data\classification_data\fcn_mix_weight/dr_224/00378-6233-01_PART_1_OF_1_CHAL10_SB_47242381.jpg,reference,378-6233,MX33,False
D:/Data/ePillID_data/ePillID_data\classification_data\fcn_mix_weight/dr_224/00378-6233-01_PART_1_OF_1_CHAL10_SF_47242381.jpg,reference,378-6233,MX33,True
D:/Data/ePillID_data/ePillID_data\classification_data\fcn_mix_weight/dr_224/00378-7003-93_PART_1_OF_1_CHAL10_SB_74243A01.jpg,reference,378-7003,M;N3,False
D:/Data/ePillID_data/ePillID_data\classification_data\fcn_mix_weight/dr_224/00378-7003-93_PART_1_OF_1_CHAL10_SF_74243A01.jpg,reference,378-7003,M;N3,True
D:/Data/ePillID_data/ePillID_data\classification_data\fcn_mix_weight/dr_224/00456-0457-01_PART_1_OF_1_CHAL10_SB_D51D6AFB.jpg,reference,456-457,A;TC,False
D:/Data/ePillID_data/ePillID_data\classification_data\fcn_mix_weight/dr_224/00456-0457-01_PART_1_OF_1_CHAL10_SF_D51D6AFB.jpg,reference,456-457,A;TC,True
D:/Data/ePillID_data/ePillID_data\classification_data\fcn_mix_weight/dr_224/00456-1550-60_PART_1_OF_1_CHAL10_SB_0D1C8694.jpg,reference,456-1550,FL;50,False
D:/Data/ePillID_data/ePillID_data\classification_data\fcn_mix_weight/dr_224/00456-1550-60_PART_1_OF_1_CHAL10_SF_0D1C8694.jpg,reference,456-1550,FL;50,True
D:/Data/ePillID_data/ePillID_data\classification_data\fcn_mix_weight/dr_224/00555-0071-01_PART_1_OF_1_CHAL10_SB_BF2B5FAA.jpg,reference,555-71,b;071;300,False
D:/Data/ePillID_data/ePillID_data\classification_data\fcn_mix_weight/dr_224/00555-0071-01_PART_1_OF_1_CHAL10_SF_BF2B5FAA.jpg,reference,555-71,b;071;300,True
D:/Data/ePillID_data/ePillID_data\classification_data\fcn_mix_weight/dr_224/00555-0139-09_PART_1_OF_1_CHAL10_SB_EE2B774B.jpg,reference,555-139,b8;139,False
D:/Data/ePillID_data/ePillID_data\classification_data\fcn_mix_weight/dr_224/00555-0139-09_PART_1_OF_1_CHAL10_SF_EE2B774B.jpg,reference,555-139,b8;139,True
D:/Data/ePillID_data/ePillID_data\classification_data\fcn_mix_weight/dr_224/00555-0485-27_PART_1_OF_1_CHAL10_SB_0D2B86DC.jpg,reference,555-485,b;485,False
D:/Data/ePillID_data/ePillID_data\classification_data\fcn_mix_weight/dr_224/00555-0485-27_PART_1_OF_1_CHAL10_SF_0D2B86DC.jpg,reference,555-485,b;485,True
D:/Data/ePillID_data/ePillID_data\classification_data\fcn_mix_weight/dr_224/00555-0607-02_PART_1_OF_1_CHAL10_SB_3F2F1F98.jpg,reference,555-607,555;607;barr,False
D:/Data/ePillID_data/ePillID_data\classification_data\fcn_mix_weight/dr_224/00555-0607-02_PART_1_OF_1_CHAL10_SF_3F2F1F98.jpg,reference,555-607,555;607;barr,True
D:/Data/ePillID_data/ePillID_data\classification_data\fcn_mix_weight/dr_224/00555-0633-02_PART_1_OF_1_CHAL10_SB_72303931.jpg,reference,555-633,barr;633,False
D:/Data/ePillID_data/ePillID_data\classification_data\fcn_mix_weight/dr_224/00555-0633-02_PART_1_OF_1_CHAL10_SF_72303931.jpg,reference,555-633,barr;633,True
D:/Data/ePillID_data/ePillID_data\classification_data\fcn_mix_weight/dr_224/00555-0808-02_PART_1_OF_1_CHAL10_SB_62303121.jpg,reference,555-808,barr;808,False
D:/Data/ePillID_data/ePillID_data\classification_data\fcn_mix_weight/dr_224/00555-0808-02_PART_1_OF_1_CHAL10_SF_62303121.jpg,reference,555-808,barr;808,True
D:/Data/ePillID_data/ePillID_data\classification_data\fcn_mix_weight/dr_224/00555-0969-02_PART_1_OF_1_CHAL10_SB_0C300600.jpg,reference,555-969,b;969;100,False
D:/Data/ePillID_data/ePillID_data\classification_data\fcn_mix_weight/dr_224/00555-0969-02_PART_1_OF_1_CHAL10_SF_0C300600.jpg,reference,555-969,b;969;100,True
D:/Data/ePillID_data/ePillID_data\classification_data\fcn_mix_weight/dr_224/00555-0980-37_PART_1_OF_1_CHAL10_SB_96304B32.jpg,reference,555-980,b;980,False
D:/Data/ePillID_data/ePillID_data\classification_data\fcn_mix_weight/dr_224/00555-0980-37_PART_1_OF_1_CHAL10_SF_96304B32.jpg,reference,555-980,b;980,True
D:/Data/ePillID_data/ePillID_data\classification_data\fcn_mix_weight/dr_224/00555-1021-01_PART_1_OF_1_CHAL10_SB_D52B6AEB.jpg,reference,555-1021,barr;16;mg;1021,False
D:/Data/ePillID_data/ePillID_data\classification_data\fcn_mix_weight/dr_224/00555-1021-01_PART_1_OF_1_CHAL10_SF_D52B6AEB.jpg,reference,555-1021,barr;16;mg;1021,True
D:/Data/ePillID_data/ePillID_data\classification_data\fcn_mix_weight/dr_224/00555-1057-86_PART_1_OF_1_CHAL10_SB_DE306F63.jpg,reference,555-1057,barr;936,False
D:/Data/ePillID_data/ePillID_data\classification_data\fcn_mix_weight/dr_224/00555-1057-86_PART_1_OF_1_CHAL10_SF_DE306F63.jpg,reference,555-1057,barr;936,True
D:/Data/ePillID_data/ePillID_data\classification_data\fcn_mix_weight/dr_224/00555-9008-67_PART_1_OF_2_CHAL10_SB_252F928C.jpg,reference,555-9008,b;944,False
D:/Data/ePillID_data/ePillID_data\classification_data\fcn_mix_weight/dr_224/00555-9008-67_PART_1_OF_2_CHAL10_SF_252F928C.jpg,reference,555-9008,b;944,True
D:/Data/ePillID_data/ePillID_data\classification_data\fcn_mix_weight/dr_224/00555-9008-67_PART_2_OF_2_CHAL10_SB_292F949C.jpg,reference,555-9008,b;944,False
D:/Data/ePillID_data/ePillID_data\classification_data\fcn_mix_weight/dr_224/00555-9008-67_PART_2_OF_2_CHAL10_SF_292F949C.jpg,reference,555-9008,b;944,True
D:/Data/ePillID_data/ePillID_data\classification_data\fcn_mix_weight/dr_224/00555-9010-58_PART_1_OF_2_CHAL10_SB_372F9B8C.jpg,reference,555-9010,b;944,False
D:/Data/ePillID_data/ePillID_data\classification_data\fcn_mix_weight/dr_224/00555-9010-58_PART_1_OF_2_CHAL10_SF_372F9B8C.jpg,reference,555-9010,b;944,True
D:/Data/ePillID_data/ePillID_data\classification_data\fcn_mix_weight/dr_224/00555-9010-58_PART_2_OF_2_CHAL10_SB_3B2F9D9C.jpg,reference,555-9010,b;944,False
D:/Data/ePillID_data/ePillID_data\classification_data\fcn_mix_weight/dr_224/00555-9010-58_PART_2_OF_2_CHAL10_SF_3B2F9D9C.jpg,reference,555-9010,b;944,True
D:/Data/ePillID_data/ePillID_data\classification_data\fcn_mix_weight/dr_224/00555-9014-67_PART_1_OF_2_CHAL10_SB_952FCACE.jpg,reference,555-9014,b;208,False
D:/Data/ePillID_data/ePillID_data\classification_data\fcn_mix_weight/dr_224/00555-9014-67_PART_1_OF_2_CHAL10_SF_952FCACE.jpg,reference,555-9014,b;208,True
D:/Data/ePillID_data/ePillID_data\classification_data\fcn_mix_weight/dr_224/00555-9014-67_PART_2_OF_2_CHAL10_SB_9B2FCDCE.jpg,reference,555-9014,b;208,False
D:/Data/ePillID_data/ePillID_data\classification_data\fcn_mix_weight/dr_224/00555-9014-67_PART_2_OF_2_CHAL10_SF_9B2FCDCE.jpg,reference,555-9014,b;208,True
D:/Data/ePillID_data/ePillID_data\classification_data\fcn_mix_weight/dr_224/00555-9016-58_PART_1_OF_2_CHAL10_SB_492FA48D.jpg,reference,555-9016,b;987,False
D:/Data/ePillID_data/ePillID_data\classification_data\fcn_mix_weight/dr_224/00555-9016-58_PART_1_OF_2_CHAL10_SF_492FA48D.jpg,reference,555-9016,b;987,True
D:/Data/ePillID_data/ePillID_data\classification_data\fcn_mix_weight/dr_224/00555-9016-58_PART_2_OF_2_CHAL10_SB_4D2FA69D.jpg,reference,555-9016,b;987,False
D:/Data/ePillID_data/ePillID_data\classification_data\fcn_mix_weight/dr_224/00555-9016-58_PART_2_OF_2_CHAL10_SF_4D2FA69D.jpg,reference,555-9016,b;987,True
D:/Data/ePillID_data/ePillID_data\classification_data\fcn_mix_weight/dr_224/00555-9026-58_PART_1_OF_2_CHAL10_SB_1B2F8DDC.jpg,reference,555-9026,b;247,False
D:/Data/ePillID_data/ePillID_data\classification_data\fcn_mix_weight/dr_224/00555-9026-58_PART_1_OF_2_CHAL10_SF_1B2F8DDC.jpg,reference,555-9026,b;247,True
D:/Data/ePillID_data/ePillID_data\classification_data\fcn_mix_weight/dr_224/00555-9026-58_PART_2_OF_2_CHAL10_SB_202F901C.jpg,reference,555-9026,b;247,False
D:/Data/ePillID_data/ePillID_data\classification_data\fcn_mix_weight/dr_224/00555-9026-58_PART_2_OF_2_CHAL10_SF_202F901C.jpg,reference,555-9026,b;247,True
D:/Data/ePillID_data/ePillID_data\classification_data\fcn_mix_weight/dr_224/00555-9027-42_PART_1_OF_1_CHAL10_SB_F72F7BDB.jpg,reference,555-9027,b;978,False
D:/Data/ePillID_data/ePillID_data\classification_data\fcn_mix_weight/dr_224/00555-9027-42_PART_1_OF_1_CHAL10_SF_F72F7BDB.jpg,reference,555-9027,b;978,True
D:/Data/ePillID_data/ePillID_data\classification_data\fcn_mix_weight/dr_224/00591-3210-60_PART_1_OF_1_CHAL10_SB_341C9A14.jpg,reference,591-3210,WATSON;3210,False
D:/Data/ePillID_data/ePillID_data\classification_data\fcn_mix_weight/dr_224/00591-3210-60_PART_1_OF_1_CHAL10_SF_341C9A14.jpg,reference,591-3210,WATSON;3210,True
D:/Data/ePillID_data/ePillID_data\classification_data\fcn_mix_weight/dr_224/00591-5788-01_PART_1_OF_1_CHAL10_SB_C51FE2DF.jpg,reference,591-5788,NORTRIPTYLINE;DAN;50;mg,False
D:/Data/ePillID_data/ePillID_data\classification_data\fcn_mix_weight/dr_224/00591-5788-01_PART_1_OF_1_CHAL10_SF_C51FE2DF.jpg,reference,591-5788,NORTRIPTYLINE;DAN;50;mg,True
D:/Data/ePillID_data/ePillID_data\classification_data\fcn_mix_weight/dr_224/00597-0046-60_PART_1_OF_1_CHAL10_SB_C01DE05F.jpg,reference,597-46,54;193,False
D:/Data/ePillID_data/ePillID_data\classification_data\fcn_mix_weight/dr_224/00597-0046-60_PART_1_OF_1_CHAL10_SF_C01DE05F.jpg,reference,597-46,54;193,True
D:/Data/ePillID_data/ePillID_data\classification_data\fcn_mix_weight/dr_224/00603-3741-21_PART_1_OF_1_CHAL10_SB_DD22EEE7.jpg,reference,603-3741,3171;V,False
D:/Data/ePillID_data/ePillID_data\classification_data\fcn_mix_weight/dr_224/00603-3741-21_PART_1_OF_1_CHAL10_SF_DD22EEE7.jpg,reference,603-3741,3171;V,True
D:/Data/ePillID_data/ePillID_data\classification_data\fcn_mix_weight/dr_224/00603-3856-21_PART_1_OF_1_CHAL10_SB_AC265632.jpg,reference,603-3856,3571;V,False
D:/Data/ePillID_data/ePillID_data\classification_data\fcn_mix_weight/dr_224/00603-3856-21_PART_1_OF_1_CHAL10_SF_AC265632.jpg,reference,603-3856,3571;V,True
D:/Data/ePillID_data/ePillID_data\classification_data\fcn_mix_weight/dr_224/00777-3105-02_PART_1_OF_1_CHAL10_SB_061C8364.jpg,reference,777-3105,DISTA;3105;Prozac;20;mg,False
D:/Data/ePillID_data/ePillID_data\classification_data\fcn_mix_weight/dr_224/00777-3105-02_PART_1_OF_1_CHAL10_SF_061C8364.jpg,reference,777-3105,DISTA;3105;Prozac;20;mg,True
D:/Data/ePillID_data/ePillID_data\classification_data\fcn_mix_weight/dr_224/00781-1506-01_PART_1_OF_1_CHAL10_SB_36201B40.jpg,reference,781-1506,GG263,False
D:/Data/ePillID_data/ePillID_data\classification_data\fcn_mix_weight/dr_224/00781-1506-01_PART_1_OF_1_CHAL10_SF_36201B40.jpg,reference,781-1506,GG263,True
D:/Data/ePillID_data/ePillID_data\classification_data\fcn_mix_weight/dr_224/00781-1507-01_PART_1_OF_1_CHAL10_SB_39201C90.jpg,reference,781-1507,GG264,False
D:/Data/ePillID_data/ePillID_data\classification_data\fcn_mix_weight/dr_224/00781-1507-01_PART_1_OF_1_CHAL10_SF_39201C90.jpg,reference,781-1507,GG264,True
D:/Data/ePillID_data/ePillID_data\classification_data\fcn_mix_weight/dr_224/00781-2053-01_PART_1_OF_1_CHAL10_SB_521E2911.jpg,reference,781-2053,GG623,False
D:/Data/ePillID_data/ePillID_data\classification_data\fcn_mix_weight/dr_224/00781-2053-01_PART_1_OF_1_CHAL10_SF_521E2911.jpg,reference,781-2053,GG623,True
D:/Data/ePillID_data/ePillID_data\classification_data\fcn_mix_weight/dr_224/00781-5185-01_PART_1_OF_1_CHAL10_SB_8323C1DE.jpg,reference,781-5185,112;GG;336,False
D:/Data/ePillID_data/ePillID_data\classification_data\fcn_mix_weight/dr_224/00781-5185-01_PART_1_OF_1_CHAL10_SF_8323C1DE.jpg,reference,781-5185,112;GG;336,True
D:/Data/ePillID_data/ePillID_data\classification_data\fcn_mix_weight/dr_224/00781-5186-01_PART_1_OF_1_CHAL10_SB_7A23BD5D.jpg,reference,781-5186,125;GG;337,False
D:/Data/ePillID_data/ePillID_data\classification_data\fcn_mix_weight/dr_224/00781-5186-01_PART_1_OF_1_CHAL10_SF_7A23BD5D.jpg,reference,781-5186,125;GG;337,True
D:/Data/ePillID_data/ePillID_data\classification_data\fcn_mix_weight/dr_224/00781-5189-01_PART_1_OF_1_CHAL10_SB_7523BAED.jpg,reference,781-5189,200;GG;340,False
D:/Data/ePillID_data/ePillID_data\classification_data\fcn_mix_weight/dr_224/00781-5189-01_PART_1_OF_1_CHAL10_SF_7523BAED.jpg,reference,781-5189,200;GG;340,True
D:/Data/ePillID_data/ePillID_data\classification_data\fcn_mix_weight/dr_224/00832-1025-00_PART_1_OF_1_CHAL10_SB_73233989.jpg,reference,832-1025,832;BC20,False
D:/Data/ePillID_data/ePillID_data\classification_data\fcn_mix_weight/dr_224/00832-1025-00_PART_1_OF_1_CHAL10_SF_73233989.jpg,reference,832-1025,832;BC20,True
D:/Data/ePillID_data/ePillID_data\classification_data\fcn_mix_weight/dr_224/00832-1080-00_PART_1_OF_1_CHAL10_SB_C0266053.jpg,reference,832-1080,832;BM05,False
D:/Data/ePillID_data/ePillID_data\classification_data\fcn_mix_weight/dr_224/00832-1080-00_PART_1_OF_1_CHAL10_SF_C0266053.jpg,reference,832-1080,832;BM05,True
D:/Data/ePillID_data/ePillID_data\classification_data\fcn_mix_weight/dr_224/13811-0583-30_PART_1_OF_1_CHAL10_SB_911DC8BE.jpg,reference,13811-583,T583,False
D:/Data/ePillID_data/ePillID_data\classification_data\fcn_mix_weight/dr_224/13811-0583-30_PART_1_OF_1_CHAL10_SF_911DC8BE.jpg,reference,13811-583,T583,True
D:/Data/ePillID_data/ePillID_data\classification_data\fcn_mix_weight/dr_224/29033-0020-12_PART_1_OF_1_CHAL10_SB_BE135F6A.jpg,reference,29033-20,NC;200,False
D:/Data/ePillID_data/ePillID_data\classification_data\fcn_mix_weight/dr_224/29033-0020-12_PART_1_OF_1_CHAL10_SF_BE135F6A.jpg,reference,29033-20,NC;200,True
D:/Data/ePillID_data/ePillID_data\classification_data\fcn_mix_weight/dr_224/47781-0307-01_PART_1_OF_1_CHAL10_SB_C41C6263.jpg,reference,47781-307,MACRODANTIN;50;mg;52427;287,False
D:/Data/ePillID_data/ePillID_data\classification_data\fcn_mix_weight/dr_224/47781-0307-01_PART_1_OF_1_CHAL10_SF_C41C6263.jpg,reference,47781-307,MACRODANTIN;50;mg;52427;287,True
D:/Data/ePillID_data/ePillID_data\classification_data\fcn_mix_weight/dr_224/49884-0401-91_PART_1_OF_1_CHAL10_SB_421CA105.jpg,reference,49884-401,P;401,False
D:/Data/ePillID_data/ePillID_data\classification_data\fcn_mix_weight/dr_224/49884-0401-91_PART_1_OF_1_CHAL10_SF_421CA105.jpg,reference,49884-401,P;401,True
D:/Data/ePillID_data/ePillID_data\classification_data\fcn_mix_weight/dr_224/50111-0327-01_PART_1_OF_1_CHAL10_SB_253012F0.jpg,reference,50111-327,PLIVA;327,False
D:/Data/ePillID_data/ePillID_data\classification_data\fcn_mix_weight/dr_224/50111-0327-01_PART_1_OF_1_CHAL10_SF_253012F0.jpg,reference,50111-327,PLIVA;327,True
D:/Data/ePillID_data/ePillID_data\classification_data\fcn_mix_weight/dr_224/50111-0328-01_PART_1_OF_1_CHAL10_SB_00300060.jpg,reference,50111-328,PLIVA;328,False
D:/Data/ePillID_data/ePillID_data\classification_data\fcn_mix_weight/dr_224/50111-0328-01_PART_1_OF_1_CHAL10_SB_55212A99.jpg,reference,50111-328,PLIVA;328,False
D:/Data/ePillID_data/ePillID_data\classification_data\fcn_mix_weight/dr_224/50111-0328-01_PART_1_OF_1_CHAL10_SF_00300060.jpg,reference,50111-328,PLIVA;328,True
D:/Data/ePillID_data/ePillID_data\classification_data\fcn_mix_weight/dr_224/50111-0328-01_PART_1_OF_1_CHAL10_SF_55212A99.jpg,reference,50111-328,PLIVA;328,True
D:/Data/ePillID_data/ePillID_data\classification_data\fcn_mix_weight/dr_224/50111-0393-01_PART_1_OF_1_CHAL10_SB_61233089.jpg,reference,50111-393,b;1114,False
D:/Data/ePillID_data/ePillID_data\classification_data\fcn_mix_weight/dr_224/50111-0393-01_PART_1_OF_1_CHAL10_SF_61233089.jpg,reference,50111-393,b;1114,True
D:/Data/ePillID_data/ePillID_data\classification_data\fcn_mix_weight/dr_224/50111-0395-01_PART_1_OF_1_CHAL10_SB_AF2F57DA.jpg,reference,50111-395,b;1116,False
D:/Data/ePillID_data/ePillID_data\classification_data\fcn_mix_weight/dr_224/50111-0395-01_PART_1_OF_1_CHAL10_SF_AF2F57DA.jpg,reference,50111-395,b;1116,True
D:/Data/ePillID_data/ePillID_data\classification_data\fcn_mix_weight/dr_224/50111-0433-01_PART_1_OF_1_CHAL10_SB_21301080.jpg,reference,50111-433,PLIVA;433,False
D:/Data/ePillID_data/ePillID_data\classification_data\fcn_mix_weight/dr_224/50111-0433-01_PART_1_OF_1_CHAL10_SF_21301080.jpg,reference,50111-433,PLIVA;433,True
D:/Data/ePillID_data/ePillID_data\classification_data\fcn_mix_weight/dr_224/50111-0647-01_PART_1_OF_1_CHAL10_SB_893044A2.jpg,reference,50111-647,PLIVA;647;PLIVA;647,False
D:/Data/ePillID_data/ePillID_data\classification_data\fcn_mix_weight/dr_224/50111-0647-01_PART_1_OF_1_CHAL10_SF_893044A2.jpg,reference,50111-647,PLIVA;647;PLIVA;647,True
D:/Data/ePillID_data/ePillID_data\classification_data\fcn_mix_weight/dr_224/50111-0648-01_PART_1_OF_1_CHAL10_SB_6E303721.jpg,reference,50111-648,PLIVA;648,False
D:/Data/ePillID_data/ePillID_data\classification_data\fcn_mix_weight/dr_224/50111-0648-01_PART_1_OF_1_CHAL10_SF_6E303721.jpg,reference,50111-648,PLIVA;648,True
D:/Data/ePillID_data/ePillID_data\classification_data\fcn_mix_weight/dr_224/50111-0787-66_PART_1_OF_1_CHAL10_SB_C42FE26F.jpg,reference,50111-787,PLIVA;787,False
D:/Data/ePillID_data/ePillID_data\classification_data\fcn_mix_weight/dr_224/50111-0787-66_PART_1_OF_1_CHAL10_SF_C42FE26F.jpg,reference,50111-787,PLIVA;787,True
D:/Data/ePillID_data/ePillID_data\classification_data\fcn_mix_weight/dr_224/50111-0901-01_PART_1_OF_1_CHAL10_SB_8B3245D2.jpg,reference,50111-901,PA1000,False
D:/Data/ePillID_data/ePillID_data\classification_data\fcn_mix_weight/dr_224/50111-0901-01_PART_1_OF_1_CHAL10_SF_8B3245D2.jpg,reference,50111-901,PA1000,True
D:/Data/ePillID_data/ePillID_data\classification_data\fcn_mix_weight/dr_224/50458-0551-01_PART_1_OF_1_CHAL10_SB_0F1607A0.jpg,reference,50458-551,PAL;6,False
D:/Data/ePillID_data/ePillID_data\classification_data\fcn_mix_weight/dr_224/50458-0551-01_PART_1_OF_1_CHAL10_SF_0F1607A0.jpg,reference,50458-551,PAL;6,True
D:/Data/ePillID_data/ePillID_data\classification_data\fcn_mix_weight/dr_224/51285-0087-87_PART_1_OF_2_CHAL10_SB_8C2FC64E.jpg,reference,51285-87,b;556,False
D:/Data/ePillID_data/ePillID_data\classification_data\fcn_mix_weight/dr_224/51285-0087-87_PART_1_OF_2_CHAL10_SF_8C2FC64E.jpg,reference,51285-87,b;556,True
D:/Data/ePillID_data/ePillID_data\classification_data\fcn_mix_weight/dr_224/51285-0087-87_PART_2_OF_2_CHAL10_SB_912FC8BE.jpg,reference,51285-87,b;556,False
D:/Data/ePillID_data/ePillID_data\classification_data\fcn_mix_weight/dr_224/51285-0087-87_PART_2_OF_2_CHAL10_SF_912FC8BE.jpg,reference,51285-87,b;556,True
D:/Data/ePillID_data/ePillID_data\classification_data\fcn_mix_weight/dr_224/51285-0406-02_PART_1_OF_1_CHAL10_SB_E91FF4AF.jpg,reference,51285-406,E;1,False
D:/Data/ePillID_data/ePillID_data\classification_data\fcn_mix_weight/dr_224/51285-0406-02_PART_1_OF_1_CHAL10_SF_E91FF4AF.jpg,reference,51285-406,E;1,True
D:/Data/ePillID_data/ePillID_data\classification_data\fcn_mix_weight/dr_224/51285-0523-02_PART_1_OF_1_CHAL10_SB_2F3017D0.jpg,reference,51285-523,OP;706,False
D:/Data/ePillID_data/ePillID_data\classification_data\fcn_mix_weight/dr_224/51285-0523-02_PART_1_OF_1_CHAL10_SF_2F3017D0.jpg,reference,51285-523,OP;706,True
D:/Data/ePillID_data/ePillID_data\classification_data\fcn_mix_weight/dr_224/51285-0538-02_PART_1_OF_1_CHAL10_SB_9F304FB2.jpg,reference,51285-538,OP;718,False
D:/Data/ePillID_data/ePillID_data\classification_data\fcn_mix_weight/dr_224/51285-0538-02_PART_1_OF_1_CHAL10_SF_9F304FB2.jpg,reference,51285-538,OP;718,True
D:/Data/ePillID_data/ePillID_data\classification_data\fcn_mix_weight/dr_224/51285-0539-02_PART_1_OF_1_CHAL10_SB_D13068D3.jpg,reference,51285-539,OP;719,False
D:/Data/ePillID_data/ePillID_data\classification_data\fcn_mix_weight/dr_224/51285-0539-02_PART_1_OF_1_CHAL10_SF_D13068D3.jpg,reference,51285-539,OP;719,True
D:/Data/ePillID_data/ePillID_data\classification_data\fcn_mix_weight/dr_224/51285-0691-02_PART_1_OF_1_CHAL10_SB_5F2F2F89.jpg,reference,51285-691,OP;704,False
D:/Data/ePillID_data/ePillID_data\classification_data\fcn_mix_weight/dr_224/51285-0691-02_PART_1_OF_1_CHAL10_SF_5F2F2F89.jpg,reference,51285-691,OP;704,True
D:/Data/ePillID_data/ePillID_data\classification_data\fcn_mix_weight/dr_224/51285-0697-02_PART_1_OF_1_CHAL10_SB_8E2F475A.jpg,reference,51285-697,OP;697,False
D:/Data/ePillID_data/ePillID_data\classification_data\fcn_mix_weight/dr_224/51285-0697-02_PART_1_OF_1_CHAL10_SF_8E2F475A.jpg,reference,51285-697,OP;697,True
D:/Data/ePillID_data/ePillID_data\classification_data\fcn_mix_weight/dr_224/51672-4016-01_PART_1_OF_1_CHAL10_SB_09268484.jpg,reference,51672-4016,ETO;200;MG,False
D:/Data/ePillID_data/ePillID_data\classification_data\fcn_mix_weight/dr_224/51672-4016-01_PART_1_OF_1_CHAL10_SF_09268484.jpg,reference,51672-4016,ETO;200;MG,True
D:/Data/ePillID_data/ePillID_data\classification_data\fcn_mix_weight/dr_224/51672-4030-01_PART_1_OF_1_CHAL10_SB_D12668F3.jpg,reference,51672-4030,3;WARFARIN;TARO,False
D:/Data/ePillID_data/ePillID_data\classification_data\fcn_mix_weight/dr_224/51672-4030-01_PART_1_OF_1_CHAL10_SF_D12668F3.jpg,reference,51672-4030,3;WARFARIN;TARO,True
D:/Data/ePillID_data/ePillID_data\classification_data\fcn_mix_weight/dr_224/52544-0913-01_PART_1_OF_1_CHAL10_SB_AB1B558A.jpg,reference,52544-913,WATSON;913,False
D:/Data/ePillID_data/ePillID_data\classification_data\fcn_mix_weight/dr_224/52544-0913-01_PART_1_OF_1_CHAL10_SF_AB1B558A.jpg,reference,52544-913,WATSON;913,True
D:/Data/ePillID_data/ePillID_data\classification_data\fcn_mix_weight/dr_224/53489-0143-01_PART_1_OF_1_CHAL10_SB_62213159.jpg,reference,53489-143,MP;35,False
D:/Data/ePillID_data/ePillID_data\classification_data\fcn_mix_weight/dr_224/53489-0143-01_PART_1_OF_1_CHAL10_SF_62213159.jpg,reference,53489-143,MP;35,True
D:/Data/ePillID_data/ePillID_data\classification_data\fcn_mix_weight/dr_224/53489-0146-01_PART_1_OF_1_CHAL10_SB_8021C06E.jpg,reference,53489-146,MP;85,False
D:/Data/ePillID_data/ePillID_data\classification_data\fcn_mix_weight/dr_224/53489-0146-01_PART_1_OF_1_CHAL10_SF_8021C06E.jpg,reference,53489-146,MP;85,True
D:/Data/ePillID_data/ePillID_data\classification_data\fcn_mix_weight/dr_224/53489-0648-01_PART_1_OF_1_CHAL10_SB_D31DE9BF.jpg,reference,53489-648,Mutual;866,False
D:/Data/ePillID_data/ePillID_data\classification_data\fcn_mix_weight/dr_224/53489-0648-01_PART_1_OF_1_CHAL10_SF_D31DE9BF.jpg,reference,53489-648,Mutual;866,True
D:/Data/ePillID_data/ePillID_data\classification_data\fcn_mix_weight/dr_224/53746-0190-05_PART_1_OF_1_CHAL10_SB_CD1D66AB.jpg,reference,53746-190,IP190;500,False
D:/Data/ePillID_data/ePillID_data\classification_data\fcn_mix_weight/dr_224/53746-0190-05_PART_1_OF_1_CHAL10_SF_CD1D66AB.jpg,reference,53746-190,IP190;500,True
D:/Data/ePillID_data/ePillID_data\classification_data\fcn_mix_weight/dr_224/55111-0180-15_PART_1_OF_1_CHAL10_SB_D31D69AB.jpg,reference,55111-180,R;180,False
D:/Data/ePillID_data/ePillID_data\classification_data\fcn_mix_weight/dr_224/55111-0180-15_PART_1_OF_1_CHAL10_SF_D31D69AB.jpg,reference,55111-180,R;180,True
D:/Data/ePillID_data/ePillID_data\classification_data\fcn_mix_weight/dr_224/55111-0268-30_PART_1_OF_1_CHAL10_SB_C422E227.jpg,reference,55111-268,RDY;268,False
D:/Data/ePillID_data/ePillID_data\classification_data\fcn_mix_weight/dr_224/55111-0268-30_PART_1_OF_1_CHAL10_SF_C422E227.jpg,reference,55111-268,RDY;268,True
D:/Data/ePillID_data/ePillID_data\classification_data\fcn_mix_weight/dr_224/55111-0343-30_PART_1_OF_1_CHAL10_SB_4826A465.jpg,reference,55111-343,RDY;343,False
D:/Data/ePillID_data/ePillID_data\classification_data\fcn_mix_weight/dr_224/55111-0343-30_PART_1_OF_1_CHAL10_SF_4826A465.jpg,reference,55111-343,RDY;343,True
D:/Data/ePillID_data/ePillID_data\classification_data\fcn_mix_weight/dr_224/59148-0006-13_PART_1_OF_1_CHAL10_SB_97154BCA.jpg,reference,59148-6,A;006;2,False
D:/Data/ePillID_data/ePillID_data\classification_data\fcn_mix_weight/dr_224/59148-0006-13_PART_1_OF_1_CHAL10_SF_97154BCA.jpg,reference,59148-6,A;006;2,True
D:/Data/ePillID_data/ePillID_data\classification_data\fcn_mix_weight/dr_224/59762-2004-01_PART_1_OF_1_CHAL10_SB_E61DF31F.jpg,reference,59762-2004,G;2004,False
D:/Data/ePillID_data/ePillID_data\classification_data\fcn_mix_weight/dr_224/59762-2004-01_PART_1_OF_1_CHAL10_SF_E61DF31F.jpg,reference,59762-2004,G;2004,True
D:/Data/ePillID_data/ePillID_data\classification_data\fcn_mix_weight/dr_224/59762-5019-01_PART_1_OF_1_CHAL10_SB_232191EC.jpg,reference,59762-5019,G;022;5,False
D:/Data/ePillID_data/ePillID_data\classification_data\fcn_mix_weight/dr_224/59762-5019-01_PART_1_OF_1_CHAL10_SF_232191EC.jpg,reference,59762-5019,G;022;5,True
D:/Data/ePillID_data/ePillID_data\classification_data\fcn_mix_weight/dr_224/59762-5024-01_PART_1_OF_1_CHAL10_SB_4D26A6A5.jpg,reference,59762-5024,G;22,False
D:/Data/ePillID_data/ePillID_data\classification_data\fcn_mix_weight/dr_224/59762-5024-01_PART_1_OF_1_CHAL10_SF_4D26A6A5.jpg,reference,59762-5024,G;22,True
D:/Data/ePillID_data/ePillID_data\classification_data\fcn_mix_weight/dr_224/59762-5033-02_PART_1_OF_1_CHAL10_SB_8015C00E.jpg,reference,59762-5033,GLIPIZIDE;XL;10,False
D:/Data/ePillID_data/ePillID_data\classification_data\fcn_mix_weight/dr_224/59762-5033-02_PART_1_OF_1_CHAL10_SF_8015C00E.jpg,reference,59762-5033,GLIPIZIDE;XL;10,True
D:/Data/ePillID_data/ePillID_data\classification_data\fcn_mix_weight/dr_224/63304-0827-90_PART_1_OF_1_CHAL10_SB_F51C7A93.jpg,reference,63304-827,RX12,False
D:/Data/ePillID_data/ePillID_data\classification_data\fcn_mix_weight/dr_224/63304-0827-90_PART_1_OF_1_CHAL10_SF_F51C7A93.jpg,reference,63304-827,RX12,True
D:/Data/ePillID_data/ePillID_data\classification_data\fcn_mix_weight/dr_224/63304-0829-90_PART_1_OF_1_CHAL10_SB_D91C6CE3.jpg,reference,63304-829,RX829,False
D:/Data/ePillID_data/ePillID_data\classification_data\fcn_mix_weight/dr_224/63304-0829-90_PART_1_OF_1_CHAL10_SF_D91C6CE3.jpg,reference,63304-829,RX829,True
D:/Data/ePillID_data/ePillID_data\classification_data\fcn_mix_weight/dr_224/63459-0215-30_PART_1_OF_1_CHAL10_SB_D11C6893.jpg,reference,63459-215,C;215,False
D:/Data/ePillID_data/ePillID_data\classification_data\fcn_mix_weight/dr_224/63459-0215-30_PART_1_OF_1_CHAL10_SF_D11C6893.jpg,reference,63459-215,C;215,True
D:/Data/ePillID_data/ePillID_data\classification_data\fcn_mix_weight/dr_224/63459-0700-60_PART_1_OF_1_CHAL10_SB_572D2B99.jpg,reference,63459-700,15;mg;C;Cephalon,False
D:/Data/ePillID_data/ePillID_data\classification_data\fcn_mix_weight/dr_224/63459-0700-60_PART_1_OF_1_CHAL10_SF_572D2B99.jpg,reference,63459-700,15;mg;C;Cephalon,True
D:/Data/ePillID_data/ePillID_data\classification_data\fcn_mix_weight/dr_224/64764-0918-30_PART_1_OF_1_CHAL10_SB_351D9A9C.jpg,reference,64764-918,TAP;40,False
D:/Data/ePillID_data/ePillID_data\classification_data\fcn_mix_weight/dr_224/64764-0918-30_PART_1_OF_1_CHAL10_SF_351D9A9C.jpg,reference,64764-918,TAP;40,True
D:/Data/ePillID_data/ePillID_data\classification_data\fcn_mix_weight/dr_224/64980-0112-01_PART_1_OF_1_CHAL10_SB_DC236E0B.jpg,reference,64980-112,cor;144,False
D:/Data/ePillID_data/ePillID_data\classification_data\fcn_mix_weight/dr_224/64980-0112-01_PART_1_OF_1_CHAL10_SF_DC236E0B.jpg,reference,64980-112,cor;144,True
D:/Data/ePillID_data/ePillID_data\classification_data\fcn_mix_weight/dr_224/65597-0118-30_PART_1_OF_1_CHAL10_SB_071D83EC.jpg,reference,65597-118,C57,False
D:/Data/ePillID_data/ePillID_data\classification_data\fcn_mix_weight/dr_224/65597-0118-30_PART_1_OF_1_CHAL10_SF_071D83EC.jpg,reference,65597-118,C57,True
D:/Data/ePillID_data/ePillID_data\classification_data\fcn_mix_weight/dr_224/65597-0701-18_PART_1_OF_1_CHAL10_SB_AD1DD6FE.jpg,reference,65597-701,Sankyo;C01,False
D:/Data/ePillID_data/ePillID_data\classification_data\fcn_mix_weight/dr_224/65597-0701-18_PART_1_OF_1_CHAL10_SF_AD1DD6FE.jpg,reference,65597-701,Sankyo;C01,True
D:/Data/ePillID_data/ePillID_data\classification_data\fcn_mix_weight/dr_224/66582-0313-31_PART_1_OF_1_CHAL10_SB_931DC9AE.jpg,reference,66582-313,313,False
D:/Data/ePillID_data/ePillID_data\classification_data\fcn_mix_weight/dr_224/66582-0313-31_PART_1_OF_1_CHAL10_SF_931DC9AE.jpg,reference,66582-313,313,True
D:/Data/ePillID_data/ePillID_data\classification_data\fcn_mix_weight/dr_224/68180-0478-01_PART_1_OF_1_CHAL10_SB_AB21558A.jpg,reference,68180-478,LL;C02,False
D:/Data/ePillID_data/ePillID_data\classification_data\fcn_mix_weight/dr_224/68180-0478-01_PART_1_OF_1_CHAL10_SF_AB21558A.jpg,reference,68180-478,LL;C02,True
D:/Data/ePillID_data/ePillID_data\classification_data\fcn_mix_weight/dr_224/68180-0479-01_PART_1_OF_1_CHAL10_SB_B4215A0A.jpg,reference,68180-479,LL;C03,False
D:/Data/ePillID_data/ePillID_data\classification_data\fcn_mix_weight/dr_224/68180-0479-01_PART_1_OF_1_CHAL10_SF_B4215A0A.jpg,reference,68180-479,LL;C03,True
D:/Data/ePillID_data/ePillID_data\classification_data\fcn_mix_weight/dr_224/68382-0024-01_PART_1_OF_1_CHAL10_SB_A12050B2.jpg,reference,68382-24,Z;67,False
D:/Data/ePillID_data/ePillID_data\classification_data\fcn_mix_weight/dr_224/68382-0024-01_PART_1_OF_1_CHAL10_SF_A12050B2.jpg,reference,68382-24,Z;67,True
D:/Data/ePillID_data/ePillID_data\classification_data\fcn_mix_weight/dr_224/68453-0850-75_PART_1_OF_1_CHAL10_SB_12200910.jpg,reference,68453-850,N;500,False
D:/Data/ePillID_data/ePillID_data\classification_data\fcn_mix_weight/dr_224/68453-0850-75_PART_1_OF_1_CHAL10_SF_12200910.jpg,reference,68453-850,N;500,True
D:/Data/ePillID_data/ePillID_data\classification_data\fcn_mix_weight/dr_224/68462-0163-01_PART_1_OF_1_CHAL10_SB_DC216E7B.jpg,reference,68462-163,G;41,False
D:/Data/ePillID_data/ePillID_data\classification_data\fcn_mix_weight/dr_224/68462-0163-01_PART_1_OF_1_CHAL10_SF_DC216E7B.jpg,reference,68462-163,G;41,True
D:/Data/ePillID_data/ePillID_data\classification_data\fcn_mix_weight/dr_224/68462-0358-05_PART_1_OF_1_CHAL10_SB_A71C53C2.jpg,reference,68462-358,IG;257,False
D:/Data/ePillID_data/ePillID_data\classification_data\fcn_mix_weight/dr_224/68462-0358-05_PART_1_OF_1_CHAL10_SF_A71C53C2.jpg,reference,68462-358,IG;257,True
D:/Data/ePillID_data/ePillID_data\classification_data\fcn_mix_weight/dr_224/68462-0360-01_PART_1_OF_1_CHAL10_SB_06230358.jpg,reference,68462-360,IG;275,False
D:/Data/ePillID_data/ePillID_data\classification_data\fcn_mix_weight/dr_224/68462-0360-01_PART_1_OF_1_CHAL10_SF_06230358.jpg,reference,68462-360,IG;275,True
D:/Data/ePillID_data/ePillID_data\classification_data\fcn_mix_weight/dr_224/68968-3500-01_PART_1_OF_1_CHAL10_SB_581E2C71.jpg,reference,68968-3500,NVN2,False
D:/Data/ePillID_data/ePillID_data\classification_data\fcn_mix_weight/dr_224/68968-3500-01_PART_1_OF_1_CHAL10_SF_581E2C71.jpg,reference,68968-3500,NVN2,True
D:/Data/ePillID_data/ePillID_data\classification_data\fcn_mix_weight/dr_224/99207-0461-30_PART_1_OF_1_CHAL10_SB_EF1C7793.jpg,reference,99207-461,DYN;090,False
D:/Data/ePillID_data/ePillID_data\classification_data\fcn_mix_weight/dr_224/99207-0461-30_PART_1_OF_1_CHAL10_SF_EF1C7793.jpg,reference,99207-461,DYN;090,True
D:/Data/ePillID_data/ePillID_data\classification_data\fcn_mix_weight/dr_224/99207-0467-30_PART_1_OF_1_CHAL10_SB_C11D60AB.jpg,reference,99207-467,DYN;105,False
D:/Data/ePillID_data/ePillID_data\classification_data\fcn_mix_weight/dr_224/99207-0467-30_PART_1_OF_1_CHAL10_SF_C11D60AB.jpg,reference,99207-467,DYN;105,True
D:/Data/ePillID_data/ePillID_data\classification_data\segmented_nih_pills_224/0002-5123_0_0.jpg,reference,2-5123,10;5123,True
D:/Data/ePillID_data/ePillID_data\classification_data\segmented_nih_pills_224/0002-5123_0_1.jpg,reference,2-5123,10;5123,False
D:/Data/ePillID_data/ePillID_data\classification_data\segmented_nih_pills_224/0006-0221_0_0.jpg,reference,6-221,221,True
D:/Data/ePillID_data/ePillID_data\classification_data\segmented_nih_pills_224/0006-0221_0_1.jpg,reference,6-221,221,False
D:/Data/ePillID_data/ePillID_data\classification_data\segmented_nih_pills_224/0006-0575_0_0.jpg,reference,6-575,575,True
D:/Data/ePillID_data/ePillID_data\classification_data\segmented_nih_pills_224/0006-0575_0_1.jpg,reference,6-575,575,False
D:/Data/ePillID_data/ePillID_data\classification_data\segmented_nih_pills_224/0006-0747_0_0.jpg,reference,6-747,747,True
D:/Data/ePillID_data/ePillID_data\classification_data\segmented_nih_pills_224/0006-0747_0_1.jpg,reference,6-747,747,False
D:/Data/ePillID_data/ePillID_data\classification_data\segmented_nih_pills_224/0006-0960_0_0.jpg,reference,6-960,960,True
D:/Data/ePillID_data/ePillID_data\classification_data\segmented_nih_pills_224/0006-0960_0_1.jpg,reference,6-960,960,False
D:/Data/ePillID_data/ePillID_data\classification_data\segmented_nih_pills_224/0007-4883_0_0.jpg,reference,7-4883,GS;11F,True
D:/Data/ePillID_data/ePillID_data\classification_data\segmented_nih_pills_224/0007-4883_0_1.jpg,reference,7-4883,GS;11F,False
D:/Data/ePillID_data/ePillID_data\classification_data\segmented_nih_pills_224/0008-0836_0_0.jpg,reference,8-836,W;EffexorXR;150,True
D:/Data/ePillID_data/ePillID_data\classification_data\segmented_nih_pills_224/0008-0836_0_1.jpg,reference,8-836,W;EffexorXR;150,False
D:/Data/ePillID_data/ePillID_data\classification_data\segmented_nih_pills_224/0009-5190_0_0.jpg,reference,9-5190,2,True
D:/Data/ePillID_data/ePillID_data\classification_data\segmented_nih_pills_224/0009-5190_0_1.jpg,reference,9-5190,2,False
D:/Data/ePillID_data/ePillID_data\classification_data\segmented_nih_pills_224/0039-0067_0_0.jpg,reference,39-67,LASIX,True
D:/Data/ePillID_data/ePillID_data\classification_data\segmented_nih_pills_224/0039-0067_0_1.jpg,reference,39-67,LASIX,False
D:/Data/ePillID_data/ePillID_data\classification_data\segmented_nih_pills_224/0046-1104_0_0.jpg,reference,46-1104,PREMARIN;125,True
D:/Data/ePillID_data/ePillID_data\classification_data\segmented_nih_pills_224/0046-1104_0_1.jpg,reference,46-1104,PREMARIN;125,False
D:/Data/ePillID_data/ePillID_data\classification_data\segmented_nih_pills_224/0049-2340_0_0.jpg,reference,49-2340,REP40;Pfizer,True
D:/Data/ePillID_data/ePillID_data\classification_data\segmented_nih_pills_224/0049-2340_0_1.jpg,reference,49-2340,REP40;Pfizer,False
D:/Data/ePillID_data/ePillID_data\classification_data\segmented_nih_pills_224/0054-0021_0_0.jpg,reference,54-21,54;107,True
D:/Data/ePillID_data/ePillID_data\classification_data\segmented_nih_pills_224/0054-0021_0_1.jpg,reference,54-21,54;107,False
D:/Data/ePillID_data/ePillID_data\classification_data\segmented_nih_pills_224/0054-0037_0_0.jpg,reference,54-37,54;312,True
D:/Data/ePillID_data/ePillID_data\classification_data\segmented_nih_pills_224/0054-0037_0_1.jpg,reference,54-37,54;312,False
D:/Data/ePillID_data/ePillID_data\classification_data\segmented_nih_pills_224/0054-0269_0_0.jpg,reference,54-269,54;753,True
D:/Data/ePillID_data/ePillID_data\classification_data\segmented_nih_pills_224/0054-0269_0_1.jpg,reference,54-269,54;753,False
D:/Data/ePillID_data/ePillID_data\classification_data\segmented_nih_pills_224/0054-2531_0_0.jpg,reference,54-2531,54;702,True
D:/Data/ePillID_data/ePillID_data\classification_data\segmented_nih_pills_224/0054-2531_0_1.jpg,reference,54-2531,54;702,False
D:/Data/ePillID_data/ePillID_data\classification_data\segmented_nih_pills_224/0056-0169_0_0.jpg,reference,56-169,1;COUMADIN,True
D:/Data/ePillID_data/ePillID_data\classification_data\segmented_nih_pills_224/0056-0169_0_1.jpg,reference,56-169,1;COUMADIN,False
D:/Data/ePillID_data/ePillID_data\classification_data\segmented_nih_pills_224/0069-2180_0_0.jpg,reference,69-2180,Pfizer;CDT;102,True
D:/Data/ePillID_data/ePillID_data\classification_data\segmented_nih_pills_224/0069-2180_0_1.jpg,reference,69-2180,Pfizer;CDT;102,False
D:/Data/ePillID_data/ePillID_data\classification_data\segmented_nih_pills_224/0071-0417_0_0.jpg,reference,71-417,N;3,True
D:/Data/ePillID_data/ePillID_data\classification_data\segmented_nih_pills_224/0071-0417_0_1.jpg,reference,71-417,N;3,False
D:/Data/ePillID_data/ePillID_data\classification_data\segmented_nih_pills_224/0071-1014_0_0.jpg,reference,71-1014,Pfizer;PGN;75,True
D:/Data/ePillID_data/ePillID_data\classification_data\segmented_nih_pills_224/0071-1014_0_1.jpg,reference,71-1014,Pfizer;PGN;75,False
D:/Data/ePillID_data/ePillID_data\classification_data\segmented_nih_pills_224/0076-0901_0_0.jpg,reference,76-901,SAT;901,True
D:/Data/ePillID_data/ePillID_data\classification_data\segmented_nih_pills_224/0076-0901_0_1.jpg,reference,76-901,SAT;901,False
D:/Data/ePillID_data/ePillID_data\classification_data\segmented_nih_pills_224/0078-0456_0_0.jpg,reference,78-456,T;D;C;G,True
D:/Data/ePillID_data/ePillID_data\classification_data\segmented_nih_pills_224/0078-0456_0_1.jpg,reference,78-456,T;D;C;G,False
D:/Data/ePillID_data/ePillID_data\classification_data\segmented_nih_pills_224/0078-0485_0_0.jpg,reference,78-485,NVR;IL,True
D:/Data/ePillID_data/ePillID_data\classification_data\segmented_nih_pills_224/0078-0485_0_1.jpg,reference,78-485,NVR;IL,False
D:/Data/ePillID_data/ePillID_data\classification_data\segmented_nih_pills_224/0078-0488_0_0.jpg,reference,78-488,NVR;ECE,True
D:/Data/ePillID_data/ePillID_data\classification_data\segmented_nih_pills_224/0078-0488_0_1.jpg,reference,78-488,NVR;ECE,False
D:/Data/ePillID_data/ePillID_data\classification_data\segmented_nih_pills_224/0088-1090_0_0.jpg,reference,88-1090,06;012D,True
D:/Data/ePillID_data/ePillID_data\classification_data\segmented_nih_pills_224/0088-1090_0_1.jpg,reference,88-1090,06;012D,False
D:/Data/ePillID_data/ePillID_data\classification_data\segmented_nih_pills_224/0093-0832_0_0.jpg,reference,93-832,832;TEVA,True
D:/Data/ePillID_data/ePillID_data\classification_data\segmented_nih_pills_224/0093-0832_0_1.jpg,reference,93-832,832;TEVA,False
D:/Data/ePillID_data/ePillID_data\classification_data\segmented_nih_pills_224/0093-1135_0_0.jpg,reference,93-1135,TEVA;1135,True
D:/Data/ePillID_data/ePillID_data\classification_data\segmented_nih_pills_224/0093-1135_0_1.jpg,reference,93-1135,TEVA;1135,False
D:/Data/ePillID_data/ePillID_data\classification_data\segmented_nih_pills_224/0093-2056_0_0.jpg,reference,93-2056,TO,True
D:/Data/ePillID_data/ePillID_data\classification_data\segmented_nih_pills_224/0093-2056_0_1.jpg,reference,93-2056,TO,False
D:/Data/ePillID_data/ePillID_data\classification_data\segmented_nih_pills_224/0093-2067_0_0.jpg,reference,93-2067,TV;598;8,True
D:/Data/ePillID_data/ePillID_data\classification_data\segmented_nih_pills_224/0093-2067_0_1.jpg,reference,93-2067,TV;598;8,False
D:/Data/ePillID_data/ePillID_data\classification_data\segmented_nih_pills_224/0093-5060_0_0.jpg,reference,93-5060,TV;307,True
D:/Data/ePillID_data/ePillID_data\classification_data\segmented_nih_pills_224/0093-5060_0_1.jpg,reference,93-5060,TV;307,False
D:/Data/ePillID_data/ePillID_data\classification_data\segmented_nih_pills_224/0093-5292_0_0.jpg,reference,93-5292,93;5292;93;5292,True
D:/Data/ePillID_data/ePillID_data\classification_data\segmented_nih_pills_224/0093-5292_0_1.jpg,reference,93-5292,93;5292;93;5292,False
D:/Data/ePillID_data/ePillID_data\classification_data\segmented_nih_pills_224/0093-5379_0_0.jpg,reference,93-5379,799;b,True
D:/Data/ePillID_data/ePillID_data\classification_data\segmented_nih_pills_224/0093-5379_0_1.jpg,reference,93-5379,799;b,False
D:/Data/ePillID_data/ePillID_data\classification_data\segmented_nih_pills_224/0093-5509_0_0.jpg,reference,93-5509,T21,True
D:/Data/ePillID_data/ePillID_data\classification_data\segmented_nih_pills_224/0093-5509_0_1.jpg,reference,93-5509,T21,False
D:/Data/ePillID_data/ePillID_data\classification_data\segmented_nih_pills_224/0093-5553_0_0.jpg,reference,93-5553,TEVA;5553,True
D:/Data/ePillID_data/ePillID_data\classification_data\segmented_nih_pills_224/0093-5553_0_1.jpg,reference,93-5553,TEVA;5553,False
D:/Data/ePillID_data/ePillID_data\classification_data\segmented_nih_pills_224/0093-5742_0_0.jpg,reference,93-5742,100;mg,True
D:/Data/ePillID_data/ePillID_data\classification_data\segmented_nih_pills_224/0093-5742_0_1.jpg,reference,93-5742,100;mg,False
D:/Data/ePillID_data/ePillID_data\classification_data\segmented_nih_pills_224/0093-6450_0_0.jpg,reference,93-6450,6450;20;mg,True
D:/Data/ePillID_data/ePillID_data\classification_data\segmented_nih_pills_224/0093-6450_0_1.jpg,reference,93-6450,6450;20;mg,False
D:/Data/ePillID_data/ePillID_data\classification_data\segmented_nih_pills_224/0093-7373_0_0.jpg,reference,93-7373,TEVA;7373,True
D:/Data/ePillID_data/ePillID_data\classification_data\segmented_nih_pills_224/0093-7373_0_1.jpg,reference,93-7373,TEVA;7373,False
D:/Data/ePillID_data/ePillID_data\classification_data\segmented_nih_pills_224/0093-7387_0_0.jpg,reference,93-7387,TEVA;7387,True
D:/Data/ePillID_data/ePillID_data\classification_data\segmented_nih_pills_224/0093-7387_0_1.jpg,reference,93-7387,TEVA;7387,False
D:/Data/ePillID_data/ePillID_data\classification_data\segmented_nih_pills_224/0093-7424_0_0.jpg,reference,93-7424,TV;7424,True
D:/Data/ePillID_data/ePillID_data\classification_data\segmented_nih_pills_224/0093-7424_0_1.jpg,reference,93-7424,TV;7424,False
D:/Data/ePillID_data/ePillID_data\classification_data\segmented_nih_pills_224/0093-7472_0_0.jpg,reference,93-7472,93;7472,True
D:/Data/ePillID_data/ePillID_data\classification_data\segmented_nih_pills_224/0093-7472_0_1.jpg,reference,93-7472,93;7472,False
D:/Data/ePillID_data/ePillID_data\classification_data\segmented_nih_pills_224/0093-7581_0_0.jpg,reference,93-7581,TV;7581,True
D:/Data/ePillID_data/ePillID_data\classification_data\segmented_nih_pills_224/0093-7581_0_1.jpg,reference,93-7581,TV;7581,False
D:/Data/ePillID_data/ePillID_data\classification_data\segmented_nih_pills_224/0115-4433_0_0.jpg,reference,115-4433,G443,True
D:/Data/ePillID_data/ePillID_data\classification_data\segmented_nih_pills_224/0115-4433_0_1.jpg,reference,115-4433,G443,False
D:/Data/ePillID_data/ePillID_data\classification_data\segmented_nih_pills_224/0131-3268_0_0.jpg,reference,131-3268,OS304,True
D:/Data/ePillID_data/ePillID_data\classification_data\segmented_nih_pills_224/0131-3268_0_1.jpg,reference,131-3268,OS304,False
D:/Data/ePillID_data/ePillID_data\classification_data\segmented_nih_pills_224/0143-1333_0_0.jpg,reference,143-1333,WW;33,True
D:/Data/ePillID_data/ePillID_data\classification_data\segmented_nih_pills_224/0143-1333_0_1.jpg,reference,143-1333,WW;33,False
D:/Data/ePillID_data/ePillID_data\classification_data\segmented_nih_pills_224/0143-1445_0_0.jpg,reference,143-1445,Westward;445,True
D:/Data/ePillID_data/ePillID_data\classification_data\segmented_nih_pills_224/0143-1445_0_1.jpg,reference,143-1445,Westward;445,False
D:/Data/ePillID_data/ePillID_data\classification_data\segmented_nih_pills_224/0143-1450_0_0.jpg,reference,143-1450,Westward;450,True
D:/Data/ePillID_data/ePillID_data\classification_data\segmented_nih_pills_224/0143-1450_0_1.jpg,reference,143-1450,Westward;450,False
D:/Data/ePillID_data/ePillID_data\classification_data\segmented_nih_pills_224/0143-3018_0_0.jpg,reference,143-3018,Westward;118,True
D:/Data/ePillID_data/ePillID_data\classification_data\segmented_nih_pills_224/0143-3018_0_1.jpg,reference,143-3018,Westward;118,False
D:/Data/ePillID_data/ePillID_data\classification_data\segmented_nih_pills_224/0173-0387_0_0.jpg,reference,173-387,GX;ES7,True
D:/Data/ePillID_data/ePillID_data\classification_data\segmented_nih_pills_224/0173-0387_0_1.jpg,reference,173-387,GX;ES7,False
D:/Data/ePillID_data/ePillID_data\classification_data\segmented_nih_pills_224/0173-0393_0_0.jpg,reference,173-393,ZANTAC;300;Glaxo,True
D:/Data/ePillID_data/ePillID_data\classification_data\segmented_nih_pills_224/0173-0393_0_1.jpg,reference,173-393,ZANTAC;300;Glaxo,False
D:/Data/ePillID_data/ePillID_data\classification_data\segmented_nih_pills_224/0173-0643_0_0.jpg,reference,173-643,LAMICTAL;150,True
D:/Data/ePillID_data/ePillID_data\classification_data\segmented_nih_pills_224/0173-0643_0_1.jpg,reference,173-643,LAMICTAL;150,False
D:/Data/ePillID_data/ePillID_data\classification_data\segmented_nih_pills_224/0173-0712_0_0.jpg,reference,173-712,GX;CE2,True
D:/Data/ePillID_data/ePillID_data\classification_data\segmented_nih_pills_224/0173-0712_0_1.jpg,reference,173-712,GX;CE2,False
D:/Data/ePillID_data/ePillID_data\classification_data\segmented_nih_pills_224/0173-0756_0_0.jpg,reference,173-756,LAMICTAL;XR;100,True
D:/Data/ePillID_data/ePillID_data\classification_data\segmented_nih_pills_224/0173-0756_0_1.jpg,reference,173-756,LAMICTAL;XR;100,False
D:/Data/ePillID_data/ePillID_data\classification_data\segmented_nih_pills_224/0173-0777_0_0.jpg,reference,173-777,LAMICTAL;200,True
D:/Data/ePillID_data/ePillID_data\classification_data\segmented_nih_pills_224/0173-0777_0_1.jpg,reference,173-777,LAMICTAL;200,False
D:/Data/ePillID_data/ePillID_data\classification_data\segmented_nih_pills_224/0173-0809_0_0.jpg,reference,173-809,GZ;7CZ,True
D:/Data/ePillID_data/ePillID_data\classification_data\segmented_nih_pills_224/0173-0809_0_1.jpg,reference,173-809,GZ;7CZ,False
D:/Data/ePillID_data/ePillID_data\classification_data\segmented_nih_pills_224/0179-0025_0_0.jpg,reference,179-25,GG;929,True
D:/Data/ePillID_data/ePillID_data\classification_data\segmented_nih_pills_224/0179-0025_0_1.jpg,reference,179-25,GG;929,False
D:/Data/ePillID_data/ePillID_data\classification_data\segmented_nih_pills_224/0179-0071_0_0.jpg,reference,179-71,9;3;7207,True
D:/Data/ePillID_data/ePillID_data\classification_data\segmented_nih_pills_224/0179-0071_0_1.jpg,reference,179-71,9;3;7207,False
D:/Data/ePillID_data/ePillID_data\classification_data\segmented_nih_pills_224/0179-0083_0_0.jpg,reference,179-83,P1,True
D:/Data/ePillID_data/ePillID_data\classification_data\segmented_nih_pills_224/0179-0083_0_1.jpg,reference,179-83,P1,False
D:/Data/ePillID_data/ePillID_data\classification_data\segmented_nih_pills_224/0179-0128_0_0.jpg,reference,179-128,7152;TV,True
D:/Data/ePillID_data/ePillID_data\classification_data\segmented_nih_pills_224/0179-0128_0_1.jpg,reference,179-128,7152;TV,False
D:/Data/ePillID_data/ePillID_data\classification_data\segmented_nih_pills_224/0179-0158_0_0.jpg,reference,179-158,HP;248,True
D:/Data/ePillID_data/ePillID_data\classification_data\segmented_nih_pills_224/0179-0158_0_1.jpg,reference,179-158,HP;248,False
D:/Data/ePillID_data/ePillID_data\classification_data\segmented_nih_pills_224/0179-0161_0_0.jpg,reference,179-161,E;73,True
D:/Data/ePillID_data/ePillID_data\classification_data\segmented_nih_pills_224/0179-0161_0_1.jpg,reference,179-161,E;73,False
D:/Data/ePillID_data/ePillID_data\classification_data\segmented_nih_pills_224/0179-0219_0_0.jpg,reference,179-219,7156;TV,True
D:/Data/ePillID_data/ePillID_data\classification_data\segmented_nih_pills_224/0179-0219_0_1.jpg,reference,179-219,7156;TV,False
D:/Data/ePillID_data/ePillID_data\classification_data\segmented_nih_pills_224/0179-1431_0_0.jpg,reference,179-1431,3927;TEVA,True
D:/Data/ePillID_data/ePillID_data\classification_data\segmented_nih_pills_224/0179-1431_0_1.jpg,reference,179-1431,3927;TEVA,False
D:/Data/ePillID_data/ePillID_data\classification_data\segmented_nih_pills_224/0179-1899_0_0.jpg,reference,179-1899,7153;TV,True
D:/Data/ePillID_data/ePillID_data\classification_data\segmented_nih_pills_224/0179-1899_0_1.jpg,reference,179-1899,7153;TV,False
D:/Data/ePillID_data/ePillID_data\classification_data\segmented_nih_pills_224/0185-0047_0_0.jpg,reference,185-47,E;47,True
D:/Data/ePillID_data/ePillID_data\classification_data\segmented_nih_pills_224/0185-0047_0_1.jpg,reference,185-47,E;47,False
D:/Data/ePillID_data/ePillID_data\classification_data\segmented_nih_pills_224/0185-0118_0_0.jpg,reference,185-118,E118,True
D:/Data/ePillID_data/ePillID_data\classification_data\segmented_nih_pills_224/0185-0118_0_1.jpg,reference,185-118,E118,False
D:/Data/ePillID_data/ePillID_data\classification_data\segmented_nih_pills_224/0185-0630_0_0.jpg,reference,185-630,E103,True
D:/Data/ePillID_data/ePillID_data\classification_data\segmented_nih_pills_224/0185-0630_0_1.jpg,reference,185-630,E103,False
D:/Data/ePillID_data/ePillID_data\classification_data\segmented_nih_pills_224/0228-2129_0_0.jpg,reference,228-2129,R129,True
D:/Data/ePillID_data/ePillID_data\classification_data\segmented_nih_pills_224/0228-2129_0_1.jpg,reference,228-2129,R129,False
D:/Data/ePillID_data/ePillID_data\classification_data\segmented_nih_pills_224/0228-2751_0_0.jpg,reference,228-2751,R;751,True
D:/Data/ePillID_data/ePillID_data\classification_data\segmented_nih_pills_224/0228-2751_0_1.jpg,reference,228-2751,R;751,False
D:/Data/ePillID_data/ePillID_data\classification_data\segmented_nih_pills_224/0228-2780_0_0.jpg,reference,228-2780,R;2780,True
D:/Data/ePillID_data/ePillID_data\classification_data\segmented_nih_pills_224/0228-2780_0_1.jpg,reference,228-2780,R;2780,False
D:/Data/ePillID_data/ePillID_data\classification_data\segmented_nih_pills_224/0245-0040_0_0.jpg,reference,245-40,KC;8,True
D:/Data/ePillID_data/ePillID_data\classification_data\segmented_nih_pills_224/0245-0040_0_1.jpg,reference,245-40,KC;8,False
D:/Data/ePillID_data/ePillID_data\classification_data\segmented_nih_pills_224/0245-0084_0_0.jpg,reference,245-84,UPSHER;SMITH;0084;60mg,True
D:/Data/ePillID_data/ePillID_data\classification_data\segmented_nih_pills_224/0245-0084_0_1.jpg,reference,245-84,UPSHER;SMITH;0084;60mg,False
D:/Data/ePillID_data/ePillID_data\classification_data\segmented_nih_pills_224/0245-0087_0_0.jpg,reference,245-87,UPSHER;SMITH;0087;160mg,True
D:/Data/ePillID_data/ePillID_data\classification_data\segmented_nih_pills_224/0245-0087_0_1.jpg,reference,245-87,UPSHER;SMITH;0087;160mg,False
D:/Data/ePillID_data/ePillID_data\classification_data\segmented_nih_pills_224/0245-0213_0_0.jpg,reference,245-213,US;10;213,True
D:/Data/ePillID_data/ePillID_data\classification_data\segmented_nih_pills_224/0245-0213_0_1.jpg,reference,245-213,US;10;213,False
D:/Data/ePillID_data/ePillID_data\classification_data\segmented_nih_pills_224/0310-0131_0_0.jpg,reference,310-131,ZESTRIL10;131,True
D:/Data/ePillID_data/ePillID_data\classification_data\segmented_nih_pills_224/0310-0131_0_1.jpg,reference,310-131,ZESTRIL10;131,False
D:/Data/ePillID_data/ePillID_data\classification_data\segmented_nih_pills_224/0363-0572_0_0.jpg,reference,363-572,L;2,True
D:/Data/ePillID_data/ePillID_data\classification_data\segmented_nih_pills_224/0363-0572_0_1.jpg,reference,363-572,L;2,False
D:/Data/ePillID_data/ePillID_data\classification_data\segmented_nih_pills_224/0378-0069_0_0.jpg,reference,378-69,M;69,True
D:/Data/ePillID_data/ePillID_data\classification_data\segmented_nih_pills_224/0378-0069_0_1.jpg,reference,378-69,M;69,False
D:/Data/ePillID_data/ePillID_data\classification_data\segmented_nih_pills_224/0378-0162_0_0.jpg,reference,378-162,MYLAN;162,True
D:/Data/ePillID_data/ePillID_data\classification_data\segmented_nih_pills_224/0378-0162_0_1.jpg,reference,378-162,MYLAN;162,False
D:/Data/ePillID_data/ePillID_data\classification_data\segmented_nih_pills_224/0378-0353_0_0.jpg,reference,378-353,M;NE;30,True
D:/Data/ePillID_data/ePillID_data\classification_data\segmented_nih_pills_224/0378-0353_0_1.jpg,reference,378-353,M;NE;30,False
D:/Data/ePillID_data/ePillID_data\classification_data\segmented_nih_pills_224/0378-0712_0_0.jpg,reference,378-712,M;712,True
D:/Data/ePillID_data/ePillID_data\classification_data\segmented_nih_pills_224/0378-0712_0_1.jpg,reference,378-712,M;712,False
D:/Data/ePillID_data/ePillID_data\classification_data\segmented_nih_pills_224/0378-1175_0_0.jpg,reference,378-1175,M;B4;10;10;10,True
D:/Data/ePillID_data/ePillID_data\classification_data\segmented_nih_pills_224/0378-1175_0_1.jpg,reference,378-1175,M;B4;10;10;10,False
D:/Data/ePillID_data/ePillID_data\classification_data\segmented_nih_pills_224/0378-1805_0_0.jpg,reference,378-1805,M;L;6,True
D:/Data/ePillID_data/ePillID_data\classification_data\segmented_nih_pills_224/0378-1805_0_1.jpg,reference,378-1805,M;L;6,False
D:/Data/ePillID_data/ePillID_data\classification_data\segmented_nih_pills_224/0378-2097_0_0.jpg,reference,378-2097,M;NE;17,True
D:/Data/ePillID_data/ePillID_data\classification_data\segmented_nih_pills_224/0378-2097_0_1.jpg,reference,378-2097,M;NE;17,False
D:/Data/ePillID_data/ePillID_data\classification_data\segmented_nih_pills_224/0378-2264_0_0.jpg,reference,378-2264,MYLAN;2264,True
D:/Data/ePillID_data/ePillID_data\classification_data\segmented_nih_pills_224/0378-2264_0_1.jpg,reference,378-2264,MYLAN;2264,False
D:/Data/ePillID_data/ePillID_data\classification_data\segmented_nih_pills_224/0378-2302_0_0.jpg,reference,378-2302,MYLAN;2302,True
D:/Data/ePillID_data/ePillID_data\classification_data\segmented_nih_pills_224/0378-2302_0_1.jpg,reference,378-2302,MYLAN;2302,False
D:/Data/ePillID_data/ePillID_data\classification_data\segmented_nih_pills_224/0378-3950_0_0.jpg,reference,378-3950,10,True
D:/Data/ePillID_data/ePillID_data\classification_data\segmented_nih_pills_224/0378-3950_0_1.jpg,reference,378-3950,10,False
D:/Data/ePillID_data/ePillID_data\classification_data\segmented_nih_pills_224/0378-4140_0_0.jpg,reference,378-4140,M;DS;2,True
D:/Data/ePillID_data/ePillID_data\classification_data\segmented_nih_pills_224/0378-4140_0_1.jpg,reference,378-4140,M;DS;2,False
D:/Data/ePillID_data/ePillID_data\classification_data\segmented_nih_pills_224/0378-4162_0_0.jpg,reference,378-4162,A;P;2;M,True
D:/Data/ePillID_data/ePillID_data\classification_data\segmented_nih_pills_224/0378-4162_0_1.jpg,reference,378-4162,A;P;2;M,False
D:/Data/ePillID_data/ePillID_data\classification_data\segmented_nih_pills_224/0378-5121_0_0.jpg,reference,378-5121,M;F21,True
D:/Data/ePillID_data/ePillID_data\classification_data\segmented_nih_pills_224/0378-5121_0_1.jpg,reference,378-5121,M;F21,False
D:/Data/ePillID_data/ePillID_data\classification_data\segmented_nih_pills_224/0378-5125_0_0.jpg,reference,378-5125,M;S25,True
D:/Data/ePillID_data/ePillID_data\classification_data\segmented_nih_pills_224/0378-5125_0_1.jpg,reference,378-5125,M;S25,False
D:/Data/ePillID_data/ePillID_data\classification_data\segmented_nih_pills_224/0378-6089_0_0.jpg,reference,378-6089,MYLAN;6089,True
D:/Data/ePillID_data/ePillID_data\classification_data\segmented_nih_pills_224/0378-6089_0_1.jpg,reference,378-6089,MYLAN;6089,False
D:/Data/ePillID_data/ePillID_data\classification_data\segmented_nih_pills_224/0378-6380_0_0.jpg,reference,378-6380,MYLAN;6380,True
D:/Data/ePillID_data/ePillID_data\classification_data\segmented_nih_pills_224/0378-6380_0_1.jpg,reference,378-6380,MYLAN;6380,False
D:/Data/ePillID_data/ePillID_data\classification_data\segmented_nih_pills_224/0378-8200_0_0.jpg,reference,378-8200,MYLAN;8200,True
D:/Data/ePillID_data/ePillID_data\classification_data\segmented_nih_pills_224/0378-8200_0_1.jpg,reference,378-8200,MYLAN;8200,False
D:/Data/ePillID_data/ePillID_data\classification_data\segmented_nih_pills_224/0378-8630_0_0.jpg,reference,378-8630,MYLAN;FE;200,True
D:/Data/ePillID_data/ePillID_data\classification_data\segmented_nih_pills_224/0378-8630_0_1.jpg,reference,378-8630,MYLAN;FE;200,False
D:/Data/ePillID_data/ePillID_data\classification_data\segmented_nih_pills_224/0430-0170_0_0.jpg,reference,430-170,DF;7;5,True
D:/Data/ePillID_data/ePillID_data\classification_data\segmented_nih_pills_224/0430-0170_0_1.jpg,reference,430-170,DF;7;5,False
D:/Data/ePillID_data/ePillID_data\classification_data\segmented_nih_pills_224/0430-0472_0_0.jpg,reference,430-472,RSN;35;MG,True
D:/Data/ePillID_data/ePillID_data\classification_data\segmented_nih_pills_224/0430-0472_0_1.jpg,reference,430-472,RSN;35;MG,False
D:/Data/ePillID_data/ePillID_data\classification_data\segmented_nih_pills_224/0440-1866_0_0.jpg,reference,440-1866,Z;Zenith;100;mg;2131,True
D:/Data/ePillID_data/ePillID_data\classification_data\segmented_nih_pills_224/0440-1866_0_1.jpg,reference,440-1866,Z;Zenith;100;mg;2131,False
D:/Data/ePillID_data/ePillID_data\classification_data\segmented_nih_pills_224/0440-7384_0_0.jpg,reference,440-7384,LANNETT;0586,True
D:/Data/ePillID_data/ePillID_data\classification_data\segmented_nih_pills_224/0440-7384_0_1.jpg,reference,440-7384,LANNETT;0586,False
D:/Data/ePillID_data/ePillID_data\classification_data\segmented_nih_pills_224/0440-8165_0_0.jpg,reference,440-8165,DAN;DAN;5052,True
D:/Data/ePillID_data/ePillID_data\classification_data\segmented_nih_pills_224/0440-8165_0_1.jpg,reference,440-8165,DAN;DAN;5052,False
D:/Data/ePillID_data/ePillID_data\classification_data\segmented_nih_pills_224/0456-1510_0_0.jpg,reference,456-1510,FL;100,True
D:/Data/ePillID_data/ePillID_data\classification_data\segmented_nih_pills_224/0456-1510_0_1.jpg,reference,456-1510,FL;100,False
D:/Data/ePillID_data/ePillID_data\classification_data\segmented_nih_pills_224/0469-0607_0_0.jpg,reference,469-607,f;607;05;mg,True
D:/Data/ePillID_data/ePillID_data\classification_data\segmented_nih_pills_224/0469-0607_0_1.jpg,reference,469-607,f;607;05;mg,False
D:/Data/ePillID_data/ePillID_data\classification_data\segmented_nih_pills_224/0527-1324_0_0.jpg,reference,527-1324,JSP;544,True
D:/Data/ePillID_data/ePillID_data\classification_data\segmented_nih_pills_224/0527-1324_0_1.jpg,reference,527-1324,JSP;544,False
D:/Data/ePillID_data/ePillID_data\classification_data\segmented_nih_pills_224/0527-1345_0_0.jpg,reference,527-1345,JSP;516,True
D:/Data/ePillID_data/ePillID_data\classification_data\segmented_nih_pills_224/0527-1345_0_1.jpg,reference,527-1345,JSP;516,False
D:/Data/ePillID_data/ePillID_data\classification_data\segmented_nih_pills_224/0555-0095_0_0.jpg,reference,555-95,b;95;1;4,True
D:/Data/ePillID_data/ePillID_data\classification_data\segmented_nih_pills_224/0555-0095_0_1.jpg,reference,555-95,b;95;1;4,False
D:/Data/ePillID_data/ePillID_data\classification_data\segmented_nih_pills_224/0555-0097_0_0.jpg,reference,555-97,b;97;1,True
D:/Data/ePillID_data/ePillID_data\classification_data\segmented_nih_pills_224/0555-0097_0_1.jpg,reference,555-97,b;97;1,False
D:/Data/ePillID_data/ePillID_data\classification_data\segmented_nih_pills_224/0555-0606_0_0.jpg,reference,555-606,555;606;b,True
D:/Data/ePillID_data/ePillID_data\classification_data\segmented_nih_pills_224/0555-0606_0_1.jpg,reference,555-606,555;606;b,False
D:/Data/ePillID_data/ePillID_data\classification_data\segmented_nih_pills_224/0555-0701_0_0.jpg,reference,555-701,b;701;150,True
D:/Data/ePillID_data/ePillID_data\classification_data\segmented_nih_pills_224/0555-0701_0_1.jpg,reference,555-701,b;701;150,False
D:/Data/ePillID_data/ePillID_data\classification_data\segmented_nih_pills_224/0555-0789_0_0.jpg,reference,555-789,M;Amphet;Salts;30;mg,True
D:/Data/ePillID_data/ePillID_data\classification_data\segmented_nih_pills_224/0555-0789_0_1.jpg,reference,555-789,M;Amphet;Salts;30;mg,False
D:/Data/ePillID_data/ePillID_data\classification_data\segmented_nih_pills_224/0555-0790_0_0.jpg,reference,555-790,M;Amphet;Salts;5;mg,True
D:/Data/ePillID_data/ePillID_data\classification_data\segmented_nih_pills_224/0555-0790_0_1.jpg,reference,555-790,M;Amphet;Salts;5;mg,False
D:/Data/ePillID_data/ePillID_data\classification_data\segmented_nih_pills_224/0555-0792_0_0.jpg,reference,555-792,M;Amphet;Salts;25;mg,True
D:/Data/ePillID_data/ePillID_data\classification_data\segmented_nih_pills_224/0555-0792_0_1.jpg,reference,555-792,M;Amphet;Salts;25;mg,False
D:/Data/ePillID_data/ePillID_data\classification_data\segmented_nih_pills_224/0555-0923_0_0.jpg,reference,555-923,b;923;400,True
D:/Data/ePillID_data/ePillID_data\classification_data\segmented_nih_pills_224/0555-0923_0_1.jpg,reference,555-923,b;923;400,False
D:/Data/ePillID_data/ePillID_data\classification_data\segmented_nih_pills_224/0555-0955_0_0.jpg,reference,555-955,barr;955,True
D:/Data/ePillID_data/ePillID_data\classification_data\segmented_nih_pills_224/0555-0955_0_1.jpg,reference,555-955,barr;955,False
D:/Data/ePillID_data/ePillID_data\classification_data\segmented_nih_pills_224/0555-0956_0_0.jpg,reference,555-956,barr;956,True
D:/Data/ePillID_data/ePillID_data\classification_data\segmented_nih_pills_224/0555-0956_0_1.jpg,reference,555-956,barr;956,False
D:/Data/ePillID_data/ePillID_data\classification_data\segmented_nih_pills_224/0573-2660_0_0.jpg,reference,573-2660,Alavert;D12,True
D:/Data/ePillID_data/ePillID_data\classification_data\segmented_nih_pills_224/0573-2660_0_1.jpg,reference,573-2660,Alavert;D12,False
D:/Data/ePillID_data/ePillID_data\classification_data\segmented_nih_pills_224/0574-0106_0_0.jpg,reference,574-106,PAD;0106,True
D:/Data/ePillID_data/ePillID_data\classification_data\segmented_nih_pills_224/0574-0106_0_1.jpg,reference,574-106,PAD;0106,False
D:/Data/ePillID_data/ePillID_data\classification_data\segmented_nih_pills_224/0591-0398_0_0.jpg,reference,591-398,0398,True
D:/Data/ePillID_data/ePillID_data\classification_data\segmented_nih_pills_224/0591-0398_0_1.jpg,reference,591-398,0398,False
D:/Data/ePillID_data/ePillID_data\classification_data\segmented_nih_pills_224/0591-0453_0_0.jpg,reference,591-453,WATSON;453,True
D:/Data/ePillID_data/ePillID_data\classification_data\segmented_nih_pills_224/0591-0453_0_1.jpg,reference,591-453,WATSON;453,False
D:/Data/ePillID_data/ePillID_data\classification_data\segmented_nih_pills_224/0591-0844_0_0.jpg,reference,591-844,WPI;844,True
D:/Data/ePillID_data/ePillID_data\classification_data\segmented_nih_pills_224/0591-0844_0_1.jpg,reference,591-844,WPI;844,False
D:/Data/ePillID_data/ePillID_data\classification_data\segmented_nih_pills_224/0591-0861_0_0.jpg,reference,591-861,WATSON;861,True
D:/Data/ePillID_data/ePillID_data\classification_data\segmented_nih_pills_224/0591-0861_0_1.jpg,reference,591-861,WATSON;861,False
D:/Data/ePillID_data/ePillID_data\classification_data\segmented_nih_pills_224/0591-2317_0_0.jpg,reference,591-2317,VH3,True
D:/Data/ePillID_data/ePillID_data\classification_data\segmented_nih_pills_224/0591-2317_0_1.jpg,reference,591-2317,VH3,False
D:/Data/ePillID_data/ePillID_data\classification_data\segmented_nih_pills_224/0591-2318_0_0.jpg,reference,591-2318,VH4,True
D:/Data/ePillID_data/ePillID_data\classification_data\segmented_nih_pills_224/0591-2318_0_1.jpg,reference,591-2318,VH4,False
D:/Data/ePillID_data/ePillID_data\classification_data\segmented_nih_pills_224/0591-2367_0_0.jpg,reference,591-2367,WPI,True
D:/Data/ePillID_data/ePillID_data\classification_data\segmented_nih_pills_224/0591-2367_0_1.jpg,reference,591-2367,WPI,False
D:/Data/ePillID_data/ePillID_data\classification_data\segmented_nih_pills_224/0591-3248_0_0.jpg,reference,591-3248,WPI;3248,True
D:/Data/ePillID_data/ePillID_data\classification_data\segmented_nih_pills_224/0591-3248_0_1.jpg,reference,591-3248,WPI;3248,False
D:/Data/ePillID_data/ePillID_data\classification_data\segmented_nih_pills_224/0591-5319_0_0.jpg,reference,591-5319,DAN;5319,True
D:/Data/ePillID_data/ePillID_data\classification_data\segmented_nih_pills_224/0591-5319_0_1.jpg,reference,591-5319,DAN;5319,False
D:/Data/ePillID_data/ePillID_data\classification_data\segmented_nih_pills_224/0591-5325_0_0.jpg,reference,591-5325,DAN;DAN;5325,True
D:/Data/ePillID_data/ePillID_data\classification_data\segmented_nih_pills_224/0591-5325_0_1.jpg,reference,591-5325,DAN;DAN;5325,False
D:/Data/ePillID_data/ePillID_data\classification_data\segmented_nih_pills_224/0591-5382_0_0.jpg,reference,591-5382,DAN;DAN;5382,True
D:/Data/ePillID_data/ePillID_data\classification_data\segmented_nih_pills_224/0591-5382_0_1.jpg,reference,591-5382,DAN;DAN;5382,False
D:/Data/ePillID_data/ePillID_data\classification_data\segmented_nih_pills_224/0603-2540_0_0.jpg,reference,603-2540,MIA;106,True
D:/Data/ePillID_data/ePillID_data\classification_data\segmented_nih_pills_224/0603-2540_0_1.jpg,reference,603-2540,MIA;106,False
D:/Data/ePillID_data/ePillID_data\classification_data\segmented_nih_pills_224/0603-4211_0_0.jpg,reference,603-4211,3972;V,True
D:/Data/ePillID_data/ePillID_data\classification_data\segmented_nih_pills_224/0603-4211_0_1.jpg,reference,603-4211,3972;V,False
D:/Data/ePillID_data/ePillID_data\classification_data\segmented_nih_pills_224/0603-5803_0_0.jpg,reference,603-5803,5905;V,True
D:/Data/ePillID_data/ePillID_data\classification_data\segmented_nih_pills_224/0603-5803_0_1.jpg,reference,603-5803,5905;V,False
D:/Data/ePillID_data/ePillID_data\classification_data\segmented_nih_pills_224/0603-6161_0_0.jpg,reference,603-6161,61;61;V,True
D:/Data/ePillID_data/ePillID_data\classification_data\segmented_nih_pills_224/0603-6161_0_1.jpg,reference,603-6161,61;61;V,False
D:/Data/ePillID_data/ePillID_data\classification_data\segmented_nih_pills_224/0615-2305_0_0.jpg,reference,615-2305,Omeprazole;20;mg;R;158,True
D:/Data/ePillID_data/ePillID_data\classification_data\segmented_nih_pills_224/0615-2305_0_1.jpg,reference,615-2305,Omeprazole;20;mg;R;158,False
D:/Data/ePillID_data/ePillID_data\classification_data\segmented_nih_pills_224/0615-2562_0_0.jpg,reference,615-2562,Mylan;183;20,True
D:/Data/ePillID_data/ePillID_data\classification_data\segmented_nih_pills_224/0615-2562_0_1.jpg,reference,615-2562,Mylan;183;20,False
D:/Data/ePillID_data/ePillID_data\classification_data\segmented_nih_pills_224/0615-2563_0_0.jpg,reference,615-2563,Mylan;184;40,True
D:/Data/ePillID_data/ePillID_data\classification_data\segmented_nih_pills_224/0615-2563_0_1.jpg,reference,615-2563,Mylan;184;40,False
D:/Data/ePillID_data/ePillID_data\classification_data\segmented_nih_pills_224/0615-2596_0_0.jpg,reference,615-2596,MYLAN;214,True
D:/Data/ePillID_data/ePillID_data\classification_data\segmented_nih_pills_224/0615-2596_0_1.jpg,reference,615-2596,MYLAN;214,False
D:/Data/ePillID_data/ePillID_data\classification_data\segmented_nih_pills_224/0615-3550_0_0.jpg,reference,615-3550,M135,True
D:/Data/ePillID_data/ePillID_data\classification_data\segmented_nih_pills_224/0615-3550_0_1.jpg,reference,615-3550,M135,False
D:/Data/ePillID_data/ePillID_data\classification_data\segmented_nih_pills_224/0615-4507_0_0.jpg,reference,615-4507,551,True
D:/Data/ePillID_data/ePillID_data\classification_data\segmented_nih_pills_224/0615-4507_0_1.jpg,reference,615-4507,551,False
D:/Data/ePillID_data/ePillID_data\classification_data\segmented_nih_pills_224/0615-5550_0_0.jpg,reference,615-5550,R620,True
D:/Data/ePillID_data/ePillID_data\classification_data\segmented_nih_pills_224/0615-5550_0_1.jpg,reference,615-5550,R620,False
D:/Data/ePillID_data/ePillID_data\classification_data\segmented_nih_pills_224/0615-7575_0_0.jpg,reference,615-7575,B;384,True
D:/Data/ePillID_data/ePillID_data\classification_data\segmented_nih_pills_224/0615-7575_0_1.jpg,reference,615-7575,B;384,False
D:/Data/ePillID_data/ePillID_data\classification_data\segmented_nih_pills_224/0615-7605_0_0.jpg,reference,615-7605,9;3;7365,True
D:/Data/ePillID_data/ePillID_data\classification_data\segmented_nih_pills_224/0615-7605_0_1.jpg,reference,615-7605,9;3;7365,False
D:/Data/ePillID_data/ePillID_data\classification_data\segmented_nih_pills_224/0615-7640_0_0.jpg,reference,615-7640,W928,True
D:/Data/ePillID_data/ePillID_data\classification_data\segmented_nih_pills_224/0615-7640_0_1.jpg,reference,615-7640,W928,False
D:/Data/ePillID_data/ePillID_data\classification_data\segmented_nih_pills_224/0615-7712_0_0.jpg,reference,615-7712,L498,True
D:/Data/ePillID_data/ePillID_data\classification_data\segmented_nih_pills_224/0615-7712_0_1.jpg,reference,615-7712,L498,False
D:/Data/ePillID_data/ePillID_data\classification_data\segmented_nih_pills_224/0615-7716_0_0.jpg,reference,615-7716,TEVA;7230,True
D:/Data/ePillID_data/ePillID_data\classification_data\segmented_nih_pills_224/0615-7716_0_1.jpg,reference,615-7716,TEVA;7230,False
D:/Data/ePillID_data/ePillID_data\classification_data\segmented_nih_pills_224/0615-7740_0_0.jpg,reference,615-7740,TEVA;7270,True
D:/Data/ePillID_data/ePillID_data\classification_data\segmented_nih_pills_224/0615-7740_0_1.jpg,reference,615-7740,TEVA;7270,False
D:/Data/ePillID_data/ePillID_data\classification_data\segmented_nih_pills_224/0615-7768_0_0.jpg,reference,615-7768,60;60;1105,True
D:/Data/ePillID_data/ePillID_data\classification_data\segmented_nih_pills_224/0615-7768_0_1.jpg,reference,615-7768,60;60;1105,False
D:/Data/ePillID_data/ePillID_data\classification_data\segmented_nih_pills_224/0615-7771_0_0.jpg,reference,615-7771,RDY;123,True
D:/Data/ePillID_data/ePillID_data\classification_data\segmented_nih_pills_224/0615-7771_0_1.jpg,reference,615-7771,RDY;123,False
D:/Data/ePillID_data/ePillID_data\classification_data\segmented_nih_pills_224/0615-7814_0_0.jpg,reference,615-7814,AN;361,True
D:/Data/ePillID_data/ePillID_data\classification_data\segmented_nih_pills_224/0615-7814_0_1.jpg,reference,615-7814,AN;361,False
D:/Data/ePillID_data/ePillID_data\classification_data\segmented_nih_pills_224/0615-7902_0_0.jpg,reference,615-7902,GG26,True
D:/Data/ePillID_data/ePillID_data\classification_data\segmented_nih_pills_224/0615-7902_0_1.jpg,reference,615-7902,GG26,False
D:/Data/ePillID_data/ePillID_data\classification_data\segmented_nih_pills_224/0615-7916_0_0.jpg,reference,615-7916,93;11,True
D:/Data/ePillID_data/ePillID_data\classification_data\segmented_nih_pills_224/0615-7916_0_1.jpg,reference,615-7916,93;11,False
D:/Data/ePillID_data/ePillID_data\classification_data\segmented_nih_pills_224/0615-7938_0_0.jpg,reference,615-7938,54;583,True
D:/Data/ePillID_data/ePillID_data\classification_data\segmented_nih_pills_224/0615-7938_0_1.jpg,reference,615-7938,54;583,False
D:/Data/ePillID_data/ePillID_data\classification_data\segmented_nih_pills_224/0615-7978_0_0.jpg,reference,615-7978,90;H,True
D:/Data/ePillID_data/ePillID_data\classification_data\segmented_nih_pills_224/0615-7978_0_1.jpg,reference,615-7978,90;H,False
D:/Data/ePillID_data/ePillID_data\classification_data\segmented_nih_pills_224/0615-8015_0_0.jpg,reference,615-8015,A;12,True
D:/Data/ePillID_data/ePillID_data\classification_data\segmented_nih_pills_224/0615-8015_0_1.jpg,reference,615-8015,A;12,False
D:/Data/ePillID_data/ePillID_data\classification_data\segmented_nih_pills_224/0615-8025_0_0.jpg,reference,615-8025,A;mo,True
D:/Data/ePillID_data/ePillID_data\classification_data\segmented_nih_pills_224/0615-8025_0_1.jpg,reference,615-8025,A;mo,False
D:/Data/ePillID_data/ePillID_data\classification_data\segmented_nih_pills_224/0677-1979_0_0.jpg,reference,677-1979,SCI;501,True
D:/Data/ePillID_data/ePillID_data\classification_data\segmented_nih_pills_224/0677-1979_0_1.jpg,reference,677-1979,SCI;501,False
D:/Data/ePillID_data/ePillID_data\classification_data\segmented_nih_pills_224/0781-1049_0_0.jpg,reference,781-1049,GG109,True
D:/Data/ePillID_data/ePillID_data\classification_data\segmented_nih_pills_224/0781-1049_0_1.jpg,reference,781-1049,GG109,False
D:/Data/ePillID_data/ePillID_data\classification_data\segmented_nih_pills_224/0781-1392_0_0.jpg,reference,781-1392,GG;123,True
D:/Data/ePillID_data/ePillID_data\classification_data\segmented_nih_pills_224/0781-1392_0_1.jpg,reference,781-1392,GG;123,False
D:/Data/ePillID_data/ePillID_data\classification_data\segmented_nih_pills_224/0781-1436_0_0.jpg,reference,781-1436,GG97,True
D:/Data/ePillID_data/ePillID_data\classification_data\segmented_nih_pills_224/0781-1436_0_1.jpg,reference,781-1436,GG97,False
D:/Data/ePillID_data/ePillID_data\classification_data\segmented_nih_pills_224/0781-1764_0_0.jpg,reference,781-1764,GG;47,True
D:/Data/ePillID_data/ePillID_data\classification_data\segmented_nih_pills_224/0781-1764_0_1.jpg,reference,781-1764,GG;47,False
D:/Data/ePillID_data/ePillID_data\classification_data\segmented_nih_pills_224/0781-1789_0_0.jpg,reference,781-1789,GG739,True
D:/Data/ePillID_data/ePillID_data\classification_data\segmented_nih_pills_224/0781-1789_0_1.jpg,reference,781-1789,GG739,False
D:/Data/ePillID_data/ePillID_data\classification_data\segmented_nih_pills_224/0781-1943_0_0.jpg,reference,781-1943,SZ137,True
D:/Data/ePillID_data/ePillID_data\classification_data\segmented_nih_pills_224/0781-1943_0_1.jpg,reference,781-1943,SZ137,False
D:/Data/ePillID_data/ePillID_data\classification_data\segmented_nih_pills_224/0781-2145_0_0.jpg,reference,781-2145,GG851;GG851,True
D:/Data/ePillID_data/ePillID_data\classification_data\segmented_nih_pills_224/0781-2145_0_1.jpg,reference,781-2145,GG851;GG851,False
D:/Data/ePillID_data/ePillID_data\classification_data\segmented_nih_pills_224/0781-5426_0_0.jpg,reference,781-5426,SZ;271,True
D:/Data/ePillID_data/ePillID_data\classification_data\segmented_nih_pills_224/0781-5426_0_1.jpg,reference,781-5426,SZ;271,False
D:/Data/ePillID_data/ePillID_data\classification_data\segmented_nih_pills_224/0781-5626_0_0.jpg,reference,781-5626,SZ441,True
D:/Data/ePillID_data/ePillID_data\classification_data\segmented_nih_pills_224/0781-5626_0_1.jpg,reference,781-5626,SZ441,False
D:/Data/ePillID_data/ePillID_data\classification_data\segmented_nih_pills_224/0832-1082_0_0.jpg,reference,832-1082,832;BM2,True
D:/Data/ePillID_data/ePillID_data\classification_data\segmented_nih_pills_224/0832-1082_0_1.jpg,reference,832-1082,832;BM2,False
D:/Data/ePillID_data/ePillID_data\classification_data\segmented_nih_pills_224/0904-0202_0_0.jpg,reference,904-202,GG;431,True
D:/Data/ePillID_data/ePillID_data\classification_data\segmented_nih_pills_224/0904-0202_0_1.jpg,reference,904-202,GG;431,False
D:/Data/ePillID_data/ePillID_data\classification_data\segmented_nih_pills_224/0904-0428_0_0.jpg,reference,904-428,WestWard;3142,True
D:/Data/ePillID_data/ePillID_data\classification_data\segmented_nih_pills_224/0904-0428_0_1.jpg,reference,904-428,WestWard;3142,False
D:/Data/ePillID_data/ePillID_data\classification_data\segmented_nih_pills_224/0904-1057_0_0.jpg,reference,904-1057,cor;145,True
D:/Data/ePillID_data/ePillID_data\classification_data\segmented_nih_pills_224/0904-1057_0_1.jpg,reference,904-1057,cor;145,False
D:/Data/ePillID_data/ePillID_data\classification_data\segmented_nih_pills_224/0904-3854_0_0.jpg,reference,904-3854,271,True
D:/Data/ePillID_data/ePillID_data\classification_data\segmented_nih_pills_224/0904-3854_0_1.jpg,reference,904-3854,271,False
D:/Data/ePillID_data/ePillID_data\classification_data\segmented_nih_pills_224/0904-5522_0_0.jpg,reference,904-5522,APO;093,True
D:/Data/ePillID_data/ePillID_data\classification_data\segmented_nih_pills_224/0904-5522_0_1.jpg,reference,904-5522,APO;093,False
D:/Data/ePillID_data/ePillID_data\classification_data\segmented_nih_pills_224/0904-5785_0_0.jpg,reference,904-5785,PLIVA;648,True
D:/Data/ePillID_data/ePillID_data\classification_data\segmented_nih_pills_224/0904-5785_0_1.jpg,reference,904-5785,PLIVA;648,False
D:/Data/ePillID_data/ePillID_data\classification_data\segmented_nih_pills_224/0904-5800_0_0.jpg,reference,904-5800,RDY;198,True
D:/Data/ePillID_data/ePillID_data\classification_data\segmented_nih_pills_224/0904-5800_0_1.jpg,reference,904-5800,RDY;198,False
D:/Data/ePillID_data/ePillID_data\classification_data\segmented_nih_pills_224/0904-6425_0_0.jpg,reference,904-6425,TCR;1,True
D:/Data/ePillID_data/ePillID_data\classification_data\segmented_nih_pills_224/0904-6425_0_1.jpg,reference,904-6425,TCR;1,False
D:/Data/ePillID_data/ePillID_data\classification_data\segmented_nih_pills_224/0904-6506_0_0.jpg,reference,904-6506,RDY;597,True
D:/Data/ePillID_data/ePillID_data\classification_data\segmented_nih_pills_224/0904-6506_0_1.jpg,reference,904-6506,RDY;597,False
D:/Data/ePillID_data/ePillID_data\classification_data\segmented_nih_pills_224/0904-7809_0_0.jpg,reference,904-7809,DAN;5658,True
D:/Data/ePillID_data/ePillID_data\classification_data\segmented_nih_pills_224/0904-7809_0_1.jpg,reference,904-7809,DAN;5658,False
D:/Data/ePillID_data/ePillID_data\classification_data\segmented_nih_pills_224/0955-1737_0_0.jpg,reference,955-1737,ZBO,True
D:/Data/ePillID_data/ePillID_data\classification_data\segmented_nih_pills_224/0955-1737_0_1.jpg,reference,955-1737,ZBO,False
D:/Data/ePillID_data/ePillID_data\classification_data\segmented_nih_pills_224/10370-534_0_0.jpg,reference,10370-534,A534;2;mg,True
D:/Data/ePillID_data/ePillID_data\classification_data\segmented_nih_pills_224/10370-534_0_1.jpg,reference,10370-534,A534;2;mg,False
D:/Data/ePillID_data/ePillID_data\classification_data\segmented_nih_pills_224/10544-065_0_0.jpg,reference,10544-65,E;91,True
D:/Data/ePillID_data/ePillID_data\classification_data\segmented_nih_pills_224/10544-065_0_1.jpg,reference,10544-65,E;91,False
D:/Data/ePillID_data/ePillID_data\classification_data\segmented_nih_pills_224/10544-122_0_0.jpg,reference,10544-122,WC404,True
D:/Data/ePillID_data/ePillID_data\classification_data\segmented_nih_pills_224/10544-122_0_1.jpg,reference,10544-122,WC404,False
D:/Data/ePillID_data/ePillID_data\classification_data\segmented_nih_pills_224/10544-165_0_0.jpg,reference,10544-165,9;3;2268,True
D:/Data/ePillID_data/ePillID_data\classification_data\segmented_nih_pills_224/10544-165_0_1.jpg,reference,10544-165,9;3;2268,False
D:/Data/ePillID_data/ePillID_data\classification_data\segmented_nih_pills_224/10544-181_0_0.jpg,reference,10544-181,PLIVA;648,True
D:/Data/ePillID_data/ePillID_data\classification_data\segmented_nih_pills_224/10544-181_0_1.jpg,reference,10544-181,PLIVA;648,False
D:/Data/ePillID_data/ePillID_data\classification_data\segmented_nih_pills_224/10544-199_0_0.jpg,reference,10544-199,25;42;V,True
D:/Data/ePillID_data/ePillID_data\classification_data\segmented_nih_pills_224/10544-199_0_1.jpg,reference,10544-199,25;42;V,False
D:/Data/ePillID_data/ePillID_data\classification_data\segmented_nih_pills_224/10544-213_0_0.jpg,reference,10544-213,IP;464,True
D:/Data/ePillID_data/ePillID_data\classification_data\segmented_nih_pills_224/10544-213_0_1.jpg,reference,10544-213,IP;464,False
D:/Data/ePillID_data/ePillID_data\classification_data\segmented_nih_pills_224/10544-242_0_0.jpg,reference,10544-242,CTI;143,True
D:/Data/ePillID_data/ePillID_data\classification_data\segmented_nih_pills_224/10544-242_0_1.jpg,reference,10544-242,CTI;143,False
D:/Data/ePillID_data/ePillID_data\classification_data\segmented_nih_pills_224/10544-252_0_0.jpg,reference,10544-252,7;5,True
D:/Data/ePillID_data/ePillID_data\classification_data\segmented_nih_pills_224/10544-252_0_1.jpg,reference,10544-252,7;5,False
D:/Data/ePillID_data/ePillID_data\classification_data\segmented_nih_pills_224/10544-266_0_0.jpg,reference,10544-266,JSP;520,True
D:/Data/ePillID_data/ePillID_data\classification_data\segmented_nih_pills_224/10544-266_0_1.jpg,reference,10544-266,JSP;520,False
D:/Data/ePillID_data/ePillID_data\classification_data\segmented_nih_pills_224/10544-271_0_0.jpg,reference,10544-271,IG;258,True
D:/Data/ePillID_data/ePillID_data\classification_data\segmented_nih_pills_224/10544-271_0_1.jpg,reference,10544-271,IG;258,False
D:/Data/ePillID_data/ePillID_data\classification_data\segmented_nih_pills_224/10544-288_0_0.jpg,reference,10544-288,5904;V,True
D:/Data/ePillID_data/ePillID_data\classification_data\segmented_nih_pills_224/10544-288_0_1.jpg,reference,10544-288,5904;V,False
D:/Data/ePillID_data/ePillID_data\classification_data\segmented_nih_pills_224/10544-585_0_0.jpg,reference,10544-585,42;10;V,True
D:/Data/ePillID_data/ePillID_data\classification_data\segmented_nih_pills_224/10544-585_0_1.jpg,reference,10544-585,42;10;V,False
D:/Data/ePillID_data/ePillID_data\classification_data\segmented_nih_pills_224/10544-606_0_0.jpg,reference,10544-606,5312;500,True
D:/Data/ePillID_data/ePillID_data\classification_data\segmented_nih_pills_224/10544-606_0_1.jpg,reference,10544-606,5312;500,False
D:/Data/ePillID_data/ePillID_data\classification_data\segmented_nih_pills_224/10544-904_0_0.jpg,reference,10544-904,E102,True
D:/Data/ePillID_data/ePillID_data\classification_data\segmented_nih_pills_224/10544-904_0_1.jpg,reference,10544-904,E102,False
D:/Data/ePillID_data/ePillID_data\classification_data\segmented_nih_pills_224/10544-952_0_0.jpg,reference,10544-952,54;312,True
D:/Data/ePillID_data/ePillID_data\classification_data\segmented_nih_pills_224/10544-952_0_1.jpg,reference,10544-952,54;312,False
D:/Data/ePillID_data/ePillID_data\classification_data\segmented_nih_pills_224/11534-168_0_0.jpg,reference,11534-168,N;10,True
D:/Data/ePillID_data/ePillID_data\classification_data\segmented_nih_pills_224/11534-168_0_1.jpg,reference,11534-168,N;10,False
D:/Data/ePillID_data/ePillID_data\classification_data\segmented_nih_pills_224/11819-351_0_0.jpg,reference,11819-351,CR;250,True
D:/Data/ePillID_data/ePillID_data\classification_data\segmented_nih_pills_224/11819-351_0_1.jpg,reference,11819-351,CR;250,False
D:/Data/ePillID_data/ePillID_data\classification_data\segmented_nih_pills_224/11822-0532_0_0.jpg,reference,11822-532,44;532,True
D:/Data/ePillID_data/ePillID_data\classification_data\segmented_nih_pills_224/11822-0532_0_1.jpg,reference,11822-532,44;532,False
D:/Data/ePillID_data/ePillID_data\classification_data\segmented_nih_pills_224/12634-179_0_0.jpg,reference,12634-179,78;54;SANDOZ,True
D:/Data/ePillID_data/ePillID_data\classification_data\segmented_nih_pills_224/12634-179_0_1.jpg,reference,12634-179,78;54;SANDOZ,False
D:/Data/ePillID_data/ePillID_data\classification_data\segmented_nih_pills_224/12634-786_0_0.jpg,reference,12634-786,AN;627,True
D:/Data/ePillID_data/ePillID_data\classification_data\segmented_nih_pills_224/12634-786_0_1.jpg,reference,12634-786,AN;627,False
D:/Data/ePillID_data/ePillID_data\classification_data\segmented_nih_pills_224/12634-910_0_0.jpg,reference,12634-910,E;5254,True
D:/Data/ePillID_data/ePillID_data\classification_data\segmented_nih_pills_224/12634-910_0_1.jpg,reference,12634-910,E;5254,False
D:/Data/ePillID_data/ePillID_data\classification_data\segmented_nih_pills_224/13668-070_0_0.jpg,reference,13668-70,1070,True
D:/Data/ePillID_data/ePillID_data\classification_data\segmented_nih_pills_224/13668-070_0_1.jpg,reference,13668-70,1070,False
D:/Data/ePillID_data/ePillID_data\classification_data\segmented_nih_pills_224/13668-086_0_0.jpg,reference,13668-86,86;5,True
D:/Data/ePillID_data/ePillID_data\classification_data\segmented_nih_pills_224/13668-086_0_1.jpg,reference,13668-86,86;5,False
D:/Data/ePillID_data/ePillID_data\classification_data\segmented_nih_pills_224/13668-118_0_0.jpg,reference,13668-118,1118,True
D:/Data/ePillID_data/ePillID_data\classification_data\segmented_nih_pills_224/13668-118_0_1.jpg,reference,13668-118,1118,False
D:/Data/ePillID_data/ePillID_data\classification_data\segmented_nih_pills_224/13668-134_0_0.jpg,reference,13668-134,34;10,True
D:/Data/ePillID_data/ePillID_data\classification_data\segmented_nih_pills_224/13668-134_0_1.jpg,reference,13668-134,34;10,False
D:/Data/ePillID_data/ePillID_data\classification_data\segmented_nih_pills_224/13668-140_0_0.jpg,reference,13668-140,140;15,True
D:/Data/ePillID_data/ePillID_data\classification_data\segmented_nih_pills_224/13668-140_0_1.jpg,reference,13668-140,140;15,False
D:/Data/ePillID_data/ePillID_data\classification_data\segmented_nih_pills_224/13668-158_0_0.jpg,reference,13668-158,1158;80,True
D:/Data/ePillID_data/ePillID_data\classification_data\segmented_nih_pills_224/13668-158_0_1.jpg,reference,13668-158,1158;80,False
D:/Data/ePillID_data/ePillID_data\classification_data\segmented_nih_pills_224/13668-190_0_0.jpg,reference,13668-190,1190,True
D:/Data/ePillID_data/ePillID_data\classification_data\segmented_nih_pills_224/13668-190_0_1.jpg,reference,13668-190,1190,False
D:/Data/ePillID_data/ePillID_data\classification_data\segmented_nih_pills_224/13668-217_0_0.jpg,reference,13668-217,5;17,True
D:/Data/ePillID_data/ePillID_data\classification_data\segmented_nih_pills_224/13668-217_0_1.jpg,reference,13668-217,5;17,False
D:/Data/ePillID_data/ePillID_data\classification_data\segmented_nih_pills_224/13668-332_0_0.jpg,reference,13668-332,13;32;505050,True
D:/Data/ePillID_data/ePillID_data\classification_data\segmented_nih_pills_224/13668-332_0_1.jpg,reference,13668-332,13;32;505050,False
D:/Data/ePillID_data/ePillID_data\classification_data\segmented_nih_pills_224/13913-004_0_0.jpg,reference,13913-4,SLV;300,True
D:/Data/ePillID_data/ePillID_data\classification_data\segmented_nih_pills_224/13913-004_0_1.jpg,reference,13913-4,SLV;300,False
D:/Data/ePillID_data/ePillID_data\classification_data\segmented_nih_pills_224/13913-008_0_0.jpg,reference,13913-8,X592,True
D:/Data/ePillID_data/ePillID_data\classification_data\segmented_nih_pills_224/13913-008_0_1.jpg,reference,13913-8,X592,False
D:/Data/ePillID_data/ePillID_data\classification_data\segmented_nih_pills_224/15338-100_0_0.jpg,reference,15338-100,west;ward;3142,True
D:/Data/ePillID_data/ePillID_data\classification_data\segmented_nih_pills_224/15338-100_0_1.jpg,reference,15338-100,west;ward;3142,False
D:/Data/ePillID_data/ePillID_data\classification_data\segmented_nih_pills_224/16110-259_0_0.jpg,reference,16110-259,MONODOX;100;M;259,True
D:/Data/ePillID_data/ePillID_data\classification_data\segmented_nih_pills_224/16110-259_0_1.jpg,reference,16110-259,MONODOX;100;M;259,False
D:/Data/ePillID_data/ePillID_data\classification_data\segmented_nih_pills_224/16110-502_0_0.jpg,reference,16110-502,A;A;A,True
D:/Data/ePillID_data/ePillID_data\classification_data\segmented_nih_pills_224/16110-502_0_1.jpg,reference,16110-502,A;A;A,False
D:/Data/ePillID_data/ePillID_data\classification_data\segmented_nih_pills_224/16252-527_0_0.jpg,reference,16252-527,PV20,True
D:/Data/ePillID_data/ePillID_data\classification_data\segmented_nih_pills_224/16252-527_0_1.jpg,reference,16252-527,PV20,False
D:/Data/ePillID_data/ePillID_data\classification_data\segmented_nih_pills_224/16252-543_0_0.jpg,reference,16252-543,TN4,True
D:/Data/ePillID_data/ePillID_data\classification_data\segmented_nih_pills_224/16252-543_0_1.jpg,reference,16252-543,TN4,False
D:/Data/ePillID_data/ePillID_data\classification_data\segmented_nih_pills_224/16252-618_0_0.jpg,reference,16252-618,RU40,True
D:/Data/ePillID_data/ePillID_data\classification_data\segmented_nih_pills_224/16252-618_0_1.jpg,reference,16252-618,RU40,False
D:/Data/ePillID_data/ePillID_data\classification_data\segmented_nih_pills_224/16571-413_0_0.jpg,reference,16571-413,P;750,True
D:/Data/ePillID_data/ePillID_data\classification_data\segmented_nih_pills_224/16571-413_0_1.jpg,reference,16571-413,P;750,False
D:/Data/ePillID_data/ePillID_data\classification_data\segmented_nih_pills_224/16590-052_0_0.jpg,reference,16590-52,899;1;2;B,True
D:/Data/ePillID_data/ePillID_data\classification_data\segmented_nih_pills_224/16590-052_0_1.jpg,reference,16590-52,899;1;2;B,False
D:/Data/ePillID_data/ePillID_data\classification_data\segmented_nih_pills_224/16590-134_0_0.jpg,reference,16590-134,ucb;500,True
D:/Data/ePillID_data/ePillID_data\classification_data\segmented_nih_pills_224/16590-134_0_1.jpg,reference,16590-134,ucb;500,False
D:/Data/ePillID_data/ePillID_data\classification_data\segmented_nih_pills_224/16590-216_0_0.jpg,reference,16590-216,Z;2416,True
D:/Data/ePillID_data/ePillID_data\classification_data\segmented_nih_pills_224/16590-216_0_1.jpg,reference,16590-216,Z;2416,False
D:/Data/ePillID_data/ePillID_data\classification_data\segmented_nih_pills_224/16590-250_0_0.jpg,reference,16590-250,ZOLOFT;50;mg,True
D:/Data/ePillID_data/ePillID_data\classification_data\segmented_nih_pills_224/16590-250_0_1.jpg,reference,16590-250,ZOLOFT;50;mg,False
D:/Data/ePillID_data/ePillID_data\classification_data\segmented_nih_pills_224/16590-279_0_0.jpg,reference,16590-279,X10,True
D:/Data/ePillID_data/ePillID_data\classification_data\segmented_nih_pills_224/16590-279_0_1.jpg,reference,16590-279,X10,False
D:/Data/ePillID_data/ePillID_data\classification_data\segmented_nih_pills_224/16590-294_0_0.jpg,reference,16590-294,2089,True
D:/Data/ePillID_data/ePillID_data\classification_data\segmented_nih_pills_224/16590-294_0_1.jpg,reference,16590-294,2089,False
D:/Data/ePillID_data/ePillID_data\classification_data\segmented_nih_pills_224/16590-320_0_0.jpg,reference,16590-320,250;MG;1014,True
D:/Data/ePillID_data/ePillID_data\classification_data\segmented_nih_pills_224/16590-320_0_1.jpg,reference,16590-320,250;MG;1014,False
D:/Data/ePillID_data/ePillID_data\classification_data\segmented_nih_pills_224/16590-437_0_0.jpg,reference,16590-437,M;38,True
D:/Data/ePillID_data/ePillID_data\classification_data\segmented_nih_pills_224/16590-437_0_1.jpg,reference,16590-437,M;38,False
D:/Data/ePillID_data/ePillID_data\classification_data\segmented_nih_pills_224/16590-544_0_0.jpg,reference,16590-544,WATSON;3256,True
D:/Data/ePillID_data/ePillID_data\classification_data\segmented_nih_pills_224/16590-544_0_1.jpg,reference,16590-544,WATSON;3256,False
D:/Data/ePillID_data/ePillID_data\classification_data\segmented_nih_pills_224/16590-596_0_0.jpg,reference,16590-596,15mg;Cephalon,True
D:/Data/ePillID_data/ePillID_data\classification_data\segmented_nih_pills_224/16590-596_0_1.jpg,reference,16590-596,15mg;Cephalon,False
D:/Data/ePillID_data/ePillID_data\classification_data\segmented_nih_pills_224/16590-755_0_0.jpg,reference,16590-755,SOMA;250,True
D:/Data/ePillID_data/ePillID_data\classification_data\segmented_nih_pills_224/16590-755_0_1.jpg,reference,16590-755,SOMA;250,False
D:/Data/ePillID_data/ePillID_data\classification_data\segmented_nih_pills_224/16590-756_0_0.jpg,reference,16590-756,6;MG,True
D:/Data/ePillID_data/ePillID_data\classification_data\segmented_nih_pills_224/16590-756_0_1.jpg,reference,16590-756,6;MG,False
D:/Data/ePillID_data/ePillID_data\classification_data\segmented_nih_pills_224/16590-832_0_0.jpg,reference,16590-832,412,True
D:/Data/ePillID_data/ePillID_data\classification_data\segmented_nih_pills_224/16590-832_0_1.jpg,reference,16590-832,412,False
D:/Data/ePillID_data/ePillID_data\classification_data\segmented_nih_pills_224/16590-881_0_0.jpg,reference,16590-881,BAYER;M400,True
D:/Data/ePillID_data/ePillID_data\classification_data\segmented_nih_pills_224/16590-881_0_1.jpg,reference,16590-881,BAYER;M400,False
D:/Data/ePillID_data/ePillID_data\classification_data\segmented_nih_pills_224/16714-041_0_0.jpg,reference,16714-41,N020,True
D:/Data/ePillID_data/ePillID_data\classification_data\segmented_nih_pills_224/16714-041_0_1.jpg,reference,16714-41,N020,False
D:/Data/ePillID_data/ePillID_data\classification_data\segmented_nih_pills_224/16714-296_0_0.jpg,reference,16714-296,X;33,True
D:/Data/ePillID_data/ePillID_data\classification_data\segmented_nih_pills_224/16714-296_0_1.jpg,reference,16714-296,X;33,False
D:/Data/ePillID_data/ePillID_data\classification_data\segmented_nih_pills_224/16714-300_0_0.jpg,reference,16714-300,X;48,True
D:/Data/ePillID_data/ePillID_data\classification_data\segmented_nih_pills_224/16714-300_0_1.jpg,reference,16714-300,X;48,False
D:/Data/ePillID_data/ePillID_data\classification_data\segmented_nih_pills_224/16714-356_0_0.jpg,reference,16714-356,E;12,True
D:/Data/ePillID_data/ePillID_data\classification_data\segmented_nih_pills_224/16714-356_0_1.jpg,reference,16714-356,E;12,False
D:/Data/ePillID_data/ePillID_data\classification_data\segmented_nih_pills_224/16714-400_0_0.jpg,reference,16714-400,A33,True
D:/Data/ePillID_data/ePillID_data\classification_data\segmented_nih_pills_224/16714-400_0_1.jpg,reference,16714-400,A33,False
D:/Data/ePillID_data/ePillID_data\classification_data\segmented_nih_pills_224/16714-417_0_0.jpg,reference,16714-417,L;230,True
D:/Data/ePillID_data/ePillID_data\classification_data\segmented_nih_pills_224/16714-417_0_1.jpg,reference,16714-417,L;230,False
D:/Data/ePillID_data/ePillID_data\classification_data\segmented_nih_pills_224/16714-449_0_0.jpg,reference,16714-449,GG451,True
D:/Data/ePillID_data/ePillID_data\classification_data\segmented_nih_pills_224/16714-449_0_1.jpg,reference,16714-449,GG451,False
D:/Data/ePillID_data/ePillID_data\classification_data\segmented_nih_pills_224/16714-531_0_0.jpg,reference,16714-531,S;102,True
D:/Data/ePillID_data/ePillID_data\classification_data\segmented_nih_pills_224/16714-531_0_1.jpg,reference,16714-531,S;102,False
D:/Data/ePillID_data/ePillID_data\classification_data\segmented_nih_pills_224/16714-532_0_0.jpg,reference,16714-532,S;103,True
D:/Data/ePillID_data/ePillID_data\classification_data\segmented_nih_pills_224/16714-532_0_1.jpg,reference,16714-532,S;103,False
D:/Data/ePillID_data/ePillID_data\classification_data\segmented_nih_pills_224/16714-533_0_0.jpg,reference,16714-533,S;104,True
D:/Data/ePillID_data/ePillID_data\classification_data\segmented_nih_pills_224/16714-533_0_1.jpg,reference,16714-533,S;104,False
D:/Data/ePillID_data/ePillID_data\classification_data\segmented_nih_pills_224/16714-691_0_0.jpg,reference,16714-691,C;05,True
D:/Data/ePillID_data/ePillID_data\classification_data\segmented_nih_pills_224/16714-691_0_1.jpg,reference,16714-691,C;05,False
D:/Data/ePillID_data/ePillID_data\classification_data\segmented_nih_pills_224/16729-021_0_0.jpg,reference,16729-21,PIO;30,True
D:/Data/ePillID_data/ePillID_data\classification_data\segmented_nih_pills_224/16729-021_0_1.jpg,reference,16729-21,PIO;30,False
D:/Data/ePillID_data/ePillID_data\classification_data\segmented_nih_pills_224/16729-156_0_0.jpg,reference,16729-156,SI,True
D:/Data/ePillID_data/ePillID_data\classification_data\segmented_nih_pills_224/16729-156_0_1.jpg,reference,16729-156,SI,False
D:/Data/ePillID_data/ePillID_data\classification_data\segmented_nih_pills_224/16729-173_0_0.jpg,reference,16729-173,I3,True
D:/Data/ePillID_data/ePillID_data\classification_data\segmented_nih_pills_224/16729-173_0_1.jpg,reference,16729-173,I3,False
D:/Data/ePillID_data/ePillID_data\classification_data\segmented_nih_pills_224/21695-041_0_0.jpg,reference,21695-41,TEVA;7293,True
D:/Data/ePillID_data/ePillID_data\classification_data\segmented_nih_pills_224/21695-041_0_1.jpg,reference,21695-41,TEVA;7293,False
D:/Data/ePillID_data/ePillID_data\classification_data\segmented_nih_pills_224/21695-063_0_0.jpg,reference,21695-63,Pfizer;399,True
D:/Data/ePillID_data/ePillID_data\classification_data\segmented_nih_pills_224/21695-063_0_1.jpg,reference,21695-63,Pfizer;399,False
D:/Data/ePillID_data/ePillID_data\classification_data\segmented_nih_pills_224/21695-068_0_0.jpg,reference,21695-68,81,True
D:/Data/ePillID_data/ePillID_data\classification_data\segmented_nih_pills_224/21695-068_0_1.jpg,reference,21695-68,81,False
D:/Data/ePillID_data/ePillID_data\classification_data\segmented_nih_pills_224/21695-092_0_0.jpg,reference,21695-92,NEXIUM40mg,True
D:/Data/ePillID_data/ePillID_data\classification_data\segmented_nih_pills_224/21695-092_0_1.jpg,reference,21695-92,NEXIUM40mg,False
D:/Data/ePillID_data/ePillID_data\classification_data\segmented_nih_pills_224/21695-120_0_0.jpg,reference,21695-120,SEROQUEL;200,True
D:/Data/ePillID_data/ePillID_data\classification_data\segmented_nih_pills_224/21695-120_0_1.jpg,reference,21695-120,SEROQUEL;200,False
D:/Data/ePillID_data/ePillID_data\classification_data\segmented_nih_pills_224/21695-157_0_0.jpg,reference,21695-157,VGR50;Pfizer,True
D:/Data/ePillID_data/ePillID_data\classification_data\segmented_nih_pills_224/21695-157_0_1.jpg,reference,21695-157,VGR50;Pfizer,False
D:/Data/ePillID_data/ePillID_data\classification_data\segmented_nih_pills_224/21695-175_0_0.jpg,reference,21695-175,7113;93,True
D:/Data/ePillID_data/ePillID_data\classification_data\segmented_nih_pills_224/21695-175_0_1.jpg,reference,21695-175,7113;93,False
D:/Data/ePillID_data/ePillID_data\classification_data\segmented_nih_pills_224/21695-179_0_0.jpg,reference,21695-179,PV;20,True
D:/Data/ePillID_data/ePillID_data\classification_data\segmented_nih_pills_224/21695-179_0_1.jpg,reference,21695-179,PV;20,False
D:/Data/ePillID_data/ePillID_data\classification_data\segmented_nih_pills_224/21695-181_0_0.jpg,reference,21695-181,E;149,True
D:/Data/ePillID_data/ePillID_data\classification_data\segmented_nih_pills_224/21695-181_0_1.jpg,reference,21695-181,E;149,False
D:/Data/ePillID_data/ePillID_data\classification_data\segmented_nih_pills_224/21695-232_0_0.jpg,reference,21695-232,5;FL,True
D:/Data/ePillID_data/ePillID_data\classification_data\segmented_nih_pills_224/21695-232_0_1.jpg,reference,21695-232,5;FL,False
D:/Data/ePillID_data/ePillID_data\classification_data\segmented_nih_pills_224/21695-260_0_0.jpg,reference,21695-260,93;832,True
D:/Data/ePillID_data/ePillID_data\classification_data\segmented_nih_pills_224/21695-260_0_1.jpg,reference,21695-260,93;832,False
D:/Data/ePillID_data/ePillID_data\classification_data\segmented_nih_pills_224/21695-262_0_0.jpg,reference,21695-262,93;834,True
D:/Data/ePillID_data/ePillID_data\classification_data\segmented_nih_pills_224/21695-262_0_1.jpg,reference,21695-262,93;834,False
D:/Data/ePillID_data/ePillID_data\classification_data\segmented_nih_pills_224/21695-285_0_0.jpg,reference,21695-285,93;757,True
D:/Data/ePillID_data/ePillID_data\classification_data\segmented_nih_pills_224/21695-285_0_1.jpg,reference,21695-285,93;757,False
D:/Data/ePillID_data/ePillID_data\classification_data\segmented_nih_pills_224/21695-304_0_0.jpg,reference,21695-304,PH;014,True
D:/Data/ePillID_data/ePillID_data\classification_data\segmented_nih_pills_224/21695-304_0_1.jpg,reference,21695-304,PH;014,False
D:/Data/ePillID_data/ePillID_data\classification_data\segmented_nih_pills_224/21695-371_0_0.jpg,reference,21695-371,MP;657,True
D:/Data/ePillID_data/ePillID_data\classification_data\segmented_nih_pills_224/21695-371_0_1.jpg,reference,21695-371,MP;657,False
D:/Data/ePillID_data/ePillID_data\classification_data\segmented_nih_pills_224/21695-418_0_0.jpg,reference,21695-418,93;2268,True
D:/Data/ePillID_data/ePillID_data\classification_data\segmented_nih_pills_224/21695-418_0_1.jpg,reference,21695-418,93;2268,False
D:/Data/ePillID_data/ePillID_data\classification_data\segmented_nih_pills_224/21695-433_0_0.jpg,reference,21695-433,T45,True
D:/Data/ePillID_data/ePillID_data\classification_data\segmented_nih_pills_224/21695-433_0_1.jpg,reference,21695-433,T45,False
D:/Data/ePillID_data/ePillID_data\classification_data\segmented_nih_pills_224/21695-461_0_0.jpg,reference,21695-461,194;R,True
D:/Data/ePillID_data/ePillID_data\classification_data\segmented_nih_pills_224/21695-461_0_1.jpg,reference,21695-461,194;R,False
D:/Data/ePillID_data/ePillID_data\classification_data\segmented_nih_pills_224/21695-497_0_0.jpg,reference,21695-497,GG;172,True
D:/Data/ePillID_data/ePillID_data\classification_data\segmented_nih_pills_224/21695-497_0_1.jpg,reference,21695-497,GG;172,False
D:/Data/ePillID_data/ePillID_data\classification_data\segmented_nih_pills_224/21695-499_0_0.jpg,reference,21695-499,RX;526,True
D:/Data/ePillID_data/ePillID_data\classification_data\segmented_nih_pills_224/21695-499_0_1.jpg,reference,21695-499,RX;526,False
D:/Data/ePillID_data/ePillID_data\classification_data\segmented_nih_pills_224/21695-544_0_0.jpg,reference,21695-544,GG962;875,True
D:/Data/ePillID_data/ePillID_data\classification_data\segmented_nih_pills_224/21695-544_0_1.jpg,reference,21695-544,GG962;875,False
D:/Data/ePillID_data/ePillID_data\classification_data\segmented_nih_pills_224/21695-654_0_0.jpg,reference,21695-654,259;259,True
D:/Data/ePillID_data/ePillID_data\classification_data\segmented_nih_pills_224/21695-654_0_1.jpg,reference,21695-654,259;259,False
D:/Data/ePillID_data/ePillID_data\classification_data\segmented_nih_pills_224/21695-656_0_0.jpg,reference,21695-656,BI;01A,True
D:/Data/ePillID_data/ePillID_data\classification_data\segmented_nih_pills_224/21695-656_0_1.jpg,reference,21695-656,BI;01A,False
D:/Data/ePillID_data/ePillID_data\classification_data\segmented_nih_pills_224/21695-669_0_0.jpg,reference,21695-669,DAN;5556;40,True
D:/Data/ePillID_data/ePillID_data\classification_data\segmented_nih_pills_224/21695-669_0_1.jpg,reference,21695-669,DAN;5556;40,False
D:/Data/ePillID_data/ePillID_data\classification_data\segmented_nih_pills_224/21695-699_0_0.jpg,reference,21695-699,Par821,True
D:/Data/ePillID_data/ePillID_data\classification_data\segmented_nih_pills_224/21695-699_0_1.jpg,reference,21695-699,Par821,False
D:/Data/ePillID_data/ePillID_data\classification_data\segmented_nih_pills_224/21695-735_0_0.jpg,reference,21695-735,WATSON;862,True
D:/Data/ePillID_data/ePillID_data\classification_data\segmented_nih_pills_224/21695-735_0_1.jpg,reference,21695-735,WATSON;862,False
D:/Data/ePillID_data/ePillID_data\classification_data\segmented_nih_pills_224/21695-750_0_0.jpg,reference,21695-750,JSP;515,True
D:/Data/ePillID_data/ePillID_data\classification_data\segmented_nih_pills_224/21695-750_0_1.jpg,reference,21695-750,JSP;515,False
D:/Data/ePillID_data/ePillID_data\classification_data\segmented_nih_pills_224/21695-755_0_0.jpg,reference,21695-755,JSP;564,True
D:/Data/ePillID_data/ePillID_data\classification_data\segmented_nih_pills_224/21695-755_0_1.jpg,reference,21695-755,JSP;564,False
D:/Data/ePillID_data/ePillID_data\classification_data\segmented_nih_pills_224/21695-781_0_0.jpg,reference,21695-781,Sankyo;C01,True
D:/Data/ePillID_data/ePillID_data\classification_data\segmented_nih_pills_224/21695-781_0_1.jpg,reference,21695-781,Sankyo;C01,False
D:/Data/ePillID_data/ePillID_data\classification_data\segmented_nih_pills_224/21695-821_0_0.jpg,reference,21695-821,RP;2;5,True
D:/Data/ePillID_data/ePillID_data\classification_data\segmented_nih_pills_224/21695-821_0_1.jpg,reference,21695-821,RP;2;5,False
D:/Data/ePillID_data/ePillID_data\classification_data\segmented_nih_pills_224/21695-822_0_0.jpg,reference,21695-822,RP;5,True
D:/Data/ePillID_data/ePillID_data\classification_data\segmented_nih_pills_224/21695-822_0_1.jpg,reference,21695-822,RP;5,False
D:/Data/ePillID_data/ePillID_data\classification_data\segmented_nih_pills_224/21695-906_0_0.jpg,reference,21695-906,N;500,True
D:/Data/ePillID_data/ePillID_data\classification_data\segmented_nih_pills_224/21695-906_0_1.jpg,reference,21695-906,N;500,False
D:/Data/ePillID_data/ePillID_data\classification_data\segmented_nih_pills_224/21695-950_0_0.jpg,reference,21695-950,832,True
D:/Data/ePillID_data/ePillID_data\classification_data\segmented_nih_pills_224/21695-950_0_1.jpg,reference,21695-950,832,False
D:/Data/ePillID_data/ePillID_data\classification_data\segmented_nih_pills_224/21695-965_0_0.jpg,reference,21695-965,WPI;3249,True
D:/Data/ePillID_data/ePillID_data\classification_data\segmented_nih_pills_224/21695-965_0_1.jpg,reference,21695-965,WPI;3249,False
D:/Data/ePillID_data/ePillID_data\classification_data\segmented_nih_pills_224/21695-988_0_0.jpg,reference,21695-988,WATSON;607,True
D:/Data/ePillID_data/ePillID_data\classification_data\segmented_nih_pills_224/21695-988_0_1.jpg,reference,21695-988,WATSON;607,False
D:/Data/ePillID_data/ePillID_data\classification_data\segmented_nih_pills_224/23155-006_0_0.jpg,reference,23155-6,HP;6,True
D:/Data/ePillID_data/ePillID_data\classification_data\segmented_nih_pills_224/23155-006_0_1.jpg,reference,23155-6,HP;6,False
D:/Data/ePillID_data/ePillID_data\classification_data\segmented_nih_pills_224/23155-051_0_0.jpg,reference,23155-51,HP;51,True
D:/Data/ePillID_data/ePillID_data\classification_data\segmented_nih_pills_224/23155-051_0_1.jpg,reference,23155-51,HP;51,False
D:/Data/ePillID_data/ePillID_data\classification_data\segmented_nih_pills_224/23155-116_0_0.jpg,reference,23155-116,U785,True
D:/Data/ePillID_data/ePillID_data\classification_data\segmented_nih_pills_224/23155-116_0_1.jpg,reference,23155-116,U785,False
D:/Data/ePillID_data/ePillID_data\classification_data\segmented_nih_pills_224/23155-117_0_0.jpg,reference,23155-117,U786,True
D:/Data/ePillID_data/ePillID_data\classification_data\segmented_nih_pills_224/23155-117_0_1.jpg,reference,23155-117,U786,False
D:/Data/ePillID_data/ePillID_data\classification_data\segmented_nih_pills_224/23155-120_0_0.jpg,reference,23155-120,HP120,True
D:/Data/ePillID_data/ePillID_data\classification_data\segmented_nih_pills_224/23155-120_0_1.jpg,reference,23155-120,HP120,False
D:/Data/ePillID_data/ePillID_data\classification_data\segmented_nih_pills_224/23155-133_0_0.jpg,reference,23155-133,I61,True
D:/Data/ePillID_data/ePillID_data\classification_data\segmented_nih_pills_224/23155-133_0_1.jpg,reference,23155-133,I61,False
D:/Data/ePillID_data/ePillID_data\classification_data\segmented_nih_pills_224/24090-491_0_0.jpg,reference,24090-491,E,True
D:/Data/ePillID_data/ePillID_data\classification_data\segmented_nih_pills_224/24090-491_0_1.jpg,reference,24090-491,E,False
D:/Data/ePillID_data/ePillID_data\classification_data\segmented_nih_pills_224/24090-494_0_0.jpg,reference,24090-494,J,True
D:/Data/ePillID_data/ePillID_data\classification_data\segmented_nih_pills_224/24090-494_0_1.jpg,reference,24090-494,J,False
D:/Data/ePillID_data/ePillID_data\classification_data\segmented_nih_pills_224/24236-313_0_0.jpg,reference,24236-313,LAMICTAL;25,True
D:/Data/ePillID_data/ePillID_data\classification_data\segmented_nih_pills_224/24236-313_0_1.jpg,reference,24236-313,LAMICTAL;25,False
D:/Data/ePillID_data/ePillID_data\classification_data\segmented_nih_pills_224/24338-126_0_0.jpg,reference,24338-126,A;ED,True
D:/Data/ePillID_data/ePillID_data\classification_data\segmented_nih_pills_224/24338-126_0_1.jpg,reference,24338-126,A;ED,False
D:/Data/ePillID_data/ePillID_data\classification_data\segmented_nih_pills_224/29300-125_0_0.jpg,reference,29300-125,U;L;15,True
D:/Data/ePillID_data/ePillID_data\classification_data\segmented_nih_pills_224/29300-125_0_1.jpg,reference,29300-125,U;L;15,False
D:/Data/ePillID_data/ePillID_data\classification_data\segmented_nih_pills_224/29300-187_0_0.jpg,reference,29300-187,UL;l,True
D:/Data/ePillID_data/ePillID_data\classification_data\segmented_nih_pills_224/29300-187_0_1.jpg,reference,29300-187,UL;l,False
D:/Data/ePillID_data/ePillID_data\classification_data\segmented_nih_pills_224/29300-243_0_0.jpg,reference,29300-243,U;243,True
D:/Data/ePillID_data/ePillID_data\classification_data\segmented_nih_pills_224/29300-243_0_1.jpg,reference,29300-243,U;243,False
D:/Data/ePillID_data/ePillID_data\classification_data\segmented_nih_pills_224/30698-421_0_0.jpg,reference,30698-421,SPD417;SPD417;200;mg,True
D:/Data/ePillID_data/ePillID_data\classification_data\segmented_nih_pills_224/30698-421_0_1.jpg,reference,30698-421,SPD417;SPD417;200;mg,False
D:/Data/ePillID_data/ePillID_data\classification_data\segmented_nih_pills_224/31722-256_0_0.jpg,reference,31722-256,IG;256,True
D:/Data/ePillID_data/ePillID_data\classification_data\segmented_nih_pills_224/31722-256_0_1.jpg,reference,31722-256,IG;256,False
D:/Data/ePillID_data/ePillID_data\classification_data\segmented_nih_pills_224/31722-267_0_0.jpg,reference,31722-267,267;IG,True
D:/Data/ePillID_data/ePillID_data\classification_data\segmented_nih_pills_224/31722-267_0_1.jpg,reference,31722-267,267;IG,False
D:/Data/ePillID_data/ePillID_data\classification_data\segmented_nih_pills_224/31722-526_0_0.jpg,reference,31722-526,H;36,True
D:/Data/ePillID_data/ePillID_data\classification_data\segmented_nih_pills_224/31722-526_0_1.jpg,reference,31722-526,H;36,False
D:/Data/ePillID_data/ePillID_data\classification_data\segmented_nih_pills_224/31722-713_0_0.jpg,reference,31722-713,H;126,True
D:/Data/ePillID_data/ePillID_data\classification_data\segmented_nih_pills_224/31722-713_0_1.jpg,reference,31722-713,H;126,False
D:/Data/ePillID_data/ePillID_data\classification_data\segmented_nih_pills_224/31722-727_0_0.jpg,reference,31722-727,I;112,True
D:/Data/ePillID_data/ePillID_data\classification_data\segmented_nih_pills_224/31722-727_0_1.jpg,reference,31722-727,I;112,False
D:/Data/ePillID_data/ePillID_data\classification_data\segmented_nih_pills_224/33261-100_0_0.jpg,reference,33261-100,E11,True
D:/Data/ePillID_data/ePillID_data\classification_data\segmented_nih_pills_224/33261-100_0_1.jpg,reference,33261-100,E11,False
D:/Data/ePillID_data/ePillID_data\classification_data\segmented_nih_pills_224/33261-137_0_0.jpg,reference,33261-137,A45,True
D:/Data/ePillID_data/ePillID_data\classification_data\segmented_nih_pills_224/33261-137_0_1.jpg,reference,33261-137,A45,False
D:/Data/ePillID_data/ePillID_data\classification_data\segmented_nih_pills_224/33261-400_0_0.jpg,reference,33261-400,IG;279,True
D:/Data/ePillID_data/ePillID_data\classification_data\segmented_nih_pills_224/33261-400_0_1.jpg,reference,33261-400,IG;279,False
D:/Data/ePillID_data/ePillID_data\classification_data\segmented_nih_pills_224/33261-416_0_0.jpg,reference,33261-416,LL;B02,True
D:/Data/ePillID_data/ePillID_data\classification_data\segmented_nih_pills_224/33261-416_0_1.jpg,reference,33261-416,LL;B02,False
D:/Data/ePillID_data/ePillID_data\classification_data\segmented_nih_pills_224/33261-441_0_0.jpg,reference,33261-441,Omeprazole;40mg;R159,True
D:/Data/ePillID_data/ePillID_data\classification_data\segmented_nih_pills_224/33261-441_0_1.jpg,reference,33261-441,Omeprazole;40mg;R159,False
D:/Data/ePillID_data/ePillID_data\classification_data\segmented_nih_pills_224/33261-547_0_0.jpg,reference,33261-547,791,True
D:/Data/ePillID_data/ePillID_data\classification_data\segmented_nih_pills_224/33261-547_0_1.jpg,reference,33261-547,791,False
D:/Data/ePillID_data/ePillID_data\classification_data\segmented_nih_pills_224/33261-548_0_0.jpg,reference,33261-548,792,True
D:/Data/ePillID_data/ePillID_data\classification_data\segmented_nih_pills_224/33261-548_0_1.jpg,reference,33261-548,792,False
D:/Data/ePillID_data/ePillID_data\classification_data\segmented_nih_pills_224/33261-554_0_0.jpg,reference,33261-554,93;5171,True
D:/Data/ePillID_data/ePillID_data\classification_data\segmented_nih_pills_224/33261-554_0_1.jpg,reference,33261-554,93;5171,False
D:/Data/ePillID_data/ePillID_data\classification_data\segmented_nih_pills_224/33261-825_0_0.jpg,reference,33261-825,RDY;341,True
D:/Data/ePillID_data/ePillID_data\classification_data\segmented_nih_pills_224/33261-825_0_1.jpg,reference,33261-825,RDY;341,False
D:/Data/ePillID_data/ePillID_data\classification_data\segmented_nih_pills_224/33261-852_0_0.jpg,reference,33261-852,98;H,True
D:/Data/ePillID_data/ePillID_data\classification_data\segmented_nih_pills_224/33261-852_0_1.jpg,reference,33261-852,98;H,False
D:/Data/ePillID_data/ePillID_data\classification_data\segmented_nih_pills_224/33342-032_0_0.jpg,reference,33342-32,CL;3,True
D:/Data/ePillID_data/ePillID_data\classification_data\segmented_nih_pills_224/33342-032_0_1.jpg,reference,33342-32,CL;3,False
D:/Data/ePillID_data/ePillID_data\classification_data\segmented_nih_pills_224/33342-054_0_0.jpg,reference,33342-54,ML86,True
D:/Data/ePillID_data/ePillID_data\classification_data\segmented_nih_pills_224/33342-054_0_1.jpg,reference,33342-54,ML86,False
D:/Data/ePillID_data/ePillID_data\classification_data\segmented_nih_pills_224/35356-033_0_0.jpg,reference,35356-33,G;4960;25;mg,True
D:/Data/ePillID_data/ePillID_data\classification_data\segmented_nih_pills_224/35356-033_0_1.jpg,reference,35356-33,G;4960;25;mg,False
D:/Data/ePillID_data/ePillID_data\classification_data\segmented_nih_pills_224/35356-387_0_0.jpg,reference,35356-387,952;5;b,True
D:/Data/ePillID_data/ePillID_data\classification_data\segmented_nih_pills_224/35356-387_0_1.jpg,reference,35356-387,952;5;b,False
D:/Data/ePillID_data/ePillID_data\classification_data\segmented_nih_pills_224/35356-398_0_0.jpg,reference,35356-398,Pfizer;PGN;300,True
D:/Data/ePillID_data/ePillID_data\classification_data\segmented_nih_pills_224/35356-398_0_1.jpg,reference,35356-398,Pfizer;PGN;300,False
D:/Data/ePillID_data/ePillID_data\classification_data\segmented_nih_pills_224/35356-732_0_0.jpg,reference,35356-732,CR;500,True
D:/Data/ePillID_data/ePillID_data\classification_data\segmented_nih_pills_224/35356-732_0_1.jpg,reference,35356-732,CR;500,False
D:/Data/ePillID_data/ePillID_data\classification_data\segmented_nih_pills_224/35356-763_0_0.jpg,reference,35356-763,42;16;V;4,True
D:/Data/ePillID_data/ePillID_data\classification_data\segmented_nih_pills_224/35356-763_0_1.jpg,reference,35356-763,42;16;V;4,False
D:/Data/ePillID_data/ePillID_data\classification_data\segmented_nih_pills_224/35356-784_0_0.jpg,reference,35356-784,9;3;7701,True
D:/Data/ePillID_data/ePillID_data\classification_data\segmented_nih_pills_224/35356-784_0_1.jpg,reference,35356-784,9;3;7701,False
D:/Data/ePillID_data/ePillID_data\classification_data\segmented_nih_pills_224/35356-922_0_0.jpg,reference,35356-922,A;13,True
D:/Data/ePillID_data/ePillID_data\classification_data\segmented_nih_pills_224/35356-922_0_1.jpg,reference,35356-922,A;13,False
D:/Data/ePillID_data/ePillID_data\classification_data\segmented_nih_pills_224/35356-927_0_0.jpg,reference,35356-927,N;596;4,True
D:/Data/ePillID_data/ePillID_data\classification_data\segmented_nih_pills_224/35356-927_0_1.jpg,reference,35356-927,N;596;4,False
D:/Data/ePillID_data/ePillID_data\classification_data\segmented_nih_pills_224/35356-932_0_0.jpg,reference,35356-932,5710;1;25;250,True
D:/Data/ePillID_data/ePillID_data\classification_data\segmented_nih_pills_224/35356-932_0_1.jpg,reference,35356-932,5710;1;25;250,False
D:/Data/ePillID_data/ePillID_data\classification_data\segmented_nih_pills_224/35356-984_0_0.jpg,reference,35356-984,A;6;7,True
D:/Data/ePillID_data/ePillID_data\classification_data\segmented_nih_pills_224/35356-984_0_1.jpg,reference,35356-984,A;6;7,False
D:/Data/ePillID_data/ePillID_data\classification_data\segmented_nih_pills_224/42254-043_0_0.jpg,reference,42254-43,Omeprazole;10;mg;R;157,True
D:/Data/ePillID_data/ePillID_data\classification_data\segmented_nih_pills_224/42254-043_0_1.jpg,reference,42254-43,Omeprazole;10;mg;R;157,False
D:/Data/ePillID_data/ePillID_data\classification_data\segmented_nih_pills_224/42254-094_0_0.jpg,reference,42254-94,20;Z;4235,True
D:/Data/ePillID_data/ePillID_data\classification_data\segmented_nih_pills_224/42254-094_0_1.jpg,reference,42254-94,20;Z;4235,False
D:/Data/ePillID_data/ePillID_data\classification_data\segmented_nih_pills_224/42254-106_0_0.jpg,reference,42254-106,791,True
D:/Data/ePillID_data/ePillID_data\classification_data\segmented_nih_pills_224/42254-106_0_1.jpg,reference,42254-106,791,False
D:/Data/ePillID_data/ePillID_data\classification_data\segmented_nih_pills_224/42254-134_0_0.jpg,reference,42254-134,Pfizer;PGN;225,True
D:/Data/ePillID_data/ePillID_data\classification_data\segmented_nih_pills_224/42254-134_0_1.jpg,reference,42254-134,Pfizer;PGN;225,False
D:/Data/ePillID_data/ePillID_data\classification_data\segmented_nih_pills_224/42254-177_0_0.jpg,reference,42254-177,93;3160,True
D:/Data/ePillID_data/ePillID_data\classification_data\segmented_nih_pills_224/42254-177_0_1.jpg,reference,42254-177,93;3160,False
D:/Data/ePillID_data/ePillID_data\classification_data\segmented_nih_pills_224/42291-162_0_0.jpg,reference,42291-162,53;A,True
D:/Data/ePillID_data/ePillID_data\classification_data\segmented_nih_pills_224/42291-162_0_1.jpg,reference,42291-162,53;A,False
D:/Data/ePillID_data/ePillID_data\classification_data\segmented_nih_pills_224/42291-232_0_0.jpg,reference,42291-232,0397,True
D:/Data/ePillID_data/ePillID_data\classification_data\segmented_nih_pills_224/42291-232_0_1.jpg,reference,42291-232,0397,False
D:/Data/ePillID_data/ePillID_data\classification_data\segmented_nih_pills_224/42291-234_0_0.jpg,reference,42291-234,93;3127;93;3127,True
D:/Data/ePillID_data/ePillID_data\classification_data\segmented_nih_pills_224/42291-234_0_1.jpg,reference,42291-234,93;3127;93;3127,False
D:/Data/ePillID_data/ePillID_data\classification_data\segmented_nih_pills_224/42291-240_0_0.jpg,reference,42291-240,5,True
D:/Data/ePillID_data/ePillID_data\classification_data\segmented_nih_pills_224/42291-240_0_1.jpg,reference,42291-240,5,False
D:/Data/ePillID_data/ePillID_data\classification_data\segmented_nih_pills_224/42291-276_0_0.jpg,reference,42291-276,8118;93,True
D:/Data/ePillID_data/ePillID_data\classification_data\segmented_nih_pills_224/42291-276_0_1.jpg,reference,42291-276,8118;93,False
D:/Data/ePillID_data/ePillID_data\classification_data\segmented_nih_pills_224/42291-305_0_0.jpg,reference,42291-305,93;7456,True
D:/Data/ePillID_data/ePillID_data\classification_data\segmented_nih_pills_224/42291-305_0_1.jpg,reference,42291-305,93;7456,False
D:/Data/ePillID_data/ePillID_data\classification_data\segmented_nih_pills_224/42291-342_0_0.jpg,reference,42291-342,TEVA;7238,True
D:/Data/ePillID_data/ePillID_data\classification_data\segmented_nih_pills_224/42291-342_0_1.jpg,reference,42291-342,TEVA;7238,False
D:/Data/ePillID_data/ePillID_data\classification_data\segmented_nih_pills_224/42291-586_0_0.jpg,reference,42291-586,b;214;1000,True
D:/Data/ePillID_data/ePillID_data\classification_data\segmented_nih_pills_224/42291-586_0_1.jpg,reference,42291-586,b;214;1000,False
D:/Data/ePillID_data/ePillID_data\classification_data\segmented_nih_pills_224/42291-726_0_0.jpg,reference,42291-726,7290;93,True
D:/Data/ePillID_data/ePillID_data\classification_data\segmented_nih_pills_224/42291-726_0_1.jpg,reference,42291-726,7290;93,False
D:/Data/ePillID_data/ePillID_data\classification_data\segmented_nih_pills_224/42291-819_0_0.jpg,reference,42291-819,PA;918,True
D:/Data/ePillID_data/ePillID_data\classification_data\segmented_nih_pills_224/42291-819_0_1.jpg,reference,42291-819,PA;918,False
D:/Data/ePillID_data/ePillID_data\classification_data\segmented_nih_pills_224/42291-841_0_0.jpg,reference,42291-841,LANNETT;1632,True
D:/Data/ePillID_data/ePillID_data\classification_data\segmented_nih_pills_224/42291-841_0_1.jpg,reference,42291-841,LANNETT;1632,False
D:/Data/ePillID_data/ePillID_data\classification_data\segmented_nih_pills_224/42291-850_0_0.jpg,reference,42291-850,E503,True
D:/Data/ePillID_data/ePillID_data\classification_data\segmented_nih_pills_224/42291-850_0_1.jpg,reference,42291-850,E503,False
D:/Data/ePillID_data/ePillID_data\classification_data\segmented_nih_pills_224/42549-496_0_0.jpg,reference,42549-496,869;2;barr,True
D:/Data/ePillID_data/ePillID_data\classification_data\segmented_nih_pills_224/42549-496_0_1.jpg,reference,42549-496,869;2;barr,False
D:/Data/ePillID_data/ePillID_data\classification_data\segmented_nih_pills_224/42799-119_0_0.jpg,reference,42799-119,BUMEX;0;5,True
D:/Data/ePillID_data/ePillID_data\classification_data\segmented_nih_pills_224/42799-119_0_1.jpg,reference,42799-119,BUMEX;0;5,False
D:/Data/ePillID_data/ePillID_data\classification_data\segmented_nih_pills_224/42799-806_0_0.jpg,reference,42799-806,806,True
D:/Data/ePillID_data/ePillID_data\classification_data\segmented_nih_pills_224/42799-806_0_1.jpg,reference,42799-806,806,False
D:/Data/ePillID_data/ePillID_data\classification_data\segmented_nih_pills_224/42865-302_0_0.jpg,reference,42865-302,APTALIS;15,True
D:/Data/ePillID_data/ePillID_data\classification_data\segmented_nih_pills_224/42865-302_0_1.jpg,reference,42865-302,APTALIS;15,False
D:/Data/ePillID_data/ePillID_data\classification_data\segmented_nih_pills_224/42937-701_0_0.jpg,reference,42937-701,701,True
D:/Data/ePillID_data/ePillID_data\classification_data\segmented_nih_pills_224/42937-701_0_1.jpg,reference,42937-701,701,False
D:/Data/ePillID_data/ePillID_data\classification_data\segmented_nih_pills_224/43063-119_0_0.jpg,reference,43063-119,M;125,True
D:/Data/ePillID_data/ePillID_data\classification_data\segmented_nih_pills_224/43063-119_0_1.jpg,reference,43063-119,M;125,False
D:/Data/ePillID_data/ePillID_data\classification_data\segmented_nih_pills_224/43063-133_0_0.jpg,reference,43063-133,E171,True
D:/Data/ePillID_data/ePillID_data\classification_data\segmented_nih_pills_224/43063-133_0_1.jpg,reference,43063-133,E171,False
D:/Data/ePillID_data/ePillID_data\classification_data\segmented_nih_pills_224/43063-176_0_0.jpg,reference,43063-176,TV;5;1721,True
D:/Data/ePillID_data/ePillID_data\classification_data\segmented_nih_pills_224/43063-176_0_1.jpg,reference,43063-176,TV;5;1721,False
D:/Data/ePillID_data/ePillID_data\classification_data\segmented_nih_pills_224/43063-194_0_0.jpg,reference,43063-194,West;ward;986,True
D:/Data/ePillID_data/ePillID_data\classification_data\segmented_nih_pills_224/43063-194_0_1.jpg,reference,43063-194,West;ward;986,False
D:/Data/ePillID_data/ePillID_data\classification_data\segmented_nih_pills_224/43063-209_0_0.jpg,reference,43063-209,M;L;7,True
D:/Data/ePillID_data/ePillID_data\classification_data\segmented_nih_pills_224/43063-209_0_1.jpg,reference,43063-209,M;L;7,False
D:/Data/ePillID_data/ePillID_data\classification_data\segmented_nih_pills_224/43063-230_0_0.jpg,reference,43063-230,M;L;9,True
D:/Data/ePillID_data/ePillID_data\classification_data\segmented_nih_pills_224/43063-230_0_1.jpg,reference,43063-230,M;L;9,False
D:/Data/ePillID_data/ePillID_data\classification_data\segmented_nih_pills_224/43063-284_0_0.jpg,reference,43063-284,M;433,True
D:/Data/ePillID_data/ePillID_data\classification_data\segmented_nih_pills_224/43063-284_0_1.jpg,reference,43063-284,M;433,False
D:/Data/ePillID_data/ePillID_data\classification_data\segmented_nih_pills_224/43063-303_0_0.jpg,reference,43063-303,LUPIN;RAMIPRIL;10;mg,True
D:/Data/ePillID_data/ePillID_data\classification_data\segmented_nih_pills_224/43063-303_0_1.jpg,reference,43063-303,LUPIN;RAMIPRIL;10;mg,False
D:/Data/ePillID_data/ePillID_data\classification_data\segmented_nih_pills_224/43063-342_0_0.jpg,reference,43063-342,GGN4,True
D:/Data/ePillID_data/ePillID_data\classification_data\segmented_nih_pills_224/43063-342_0_1.jpg,reference,43063-342,GGN4,False
D:/Data/ePillID_data/ePillID_data\classification_data\segmented_nih_pills_224/43063-364_0_0.jpg,reference,43063-364,S902,True
D:/Data/ePillID_data/ePillID_data\classification_data\segmented_nih_pills_224/43063-364_0_1.jpg,reference,43063-364,S902,False
D:/Data/ePillID_data/ePillID_data\classification_data\segmented_nih_pills_224/43063-400_0_0.jpg,reference,43063-400,MACRODANTIN;100mg;52427;288,True
D:/Data/ePillID_data/ePillID_data\classification_data\segmented_nih_pills_224/43063-400_0_1.jpg,reference,43063-400,MACRODANTIN;100mg;52427;288,False
D:/Data/ePillID_data/ePillID_data\classification_data\segmented_nih_pills_224/43063-402_0_0.jpg,reference,43063-402,TEVA;7372,True
D:/Data/ePillID_data/ePillID_data\classification_data\segmented_nih_pills_224/43063-402_0_1.jpg,reference,43063-402,TEVA;7372,False
D:/Data/ePillID_data/ePillID_data\classification_data\segmented_nih_pills_224/43063-411_0_0.jpg,reference,43063-411,G;4900;50;mg,True
D:/Data/ePillID_data/ePillID_data\classification_data\segmented_nih_pills_224/43063-411_0_1.jpg,reference,43063-411,G;4900;50;mg,False
D:/Data/ePillID_data/ePillID_data\classification_data\segmented_nih_pills_224/43063-442_0_0.jpg,reference,43063-442,GG172,True
D:/Data/ePillID_data/ePillID_data\classification_data\segmented_nih_pills_224/43063-442_0_1.jpg,reference,43063-442,GG172,False
D:/Data/ePillID_data/ePillID_data\classification_data\segmented_nih_pills_224/43063-502_0_0.jpg,reference,43063-502,LUPIN;RAMIPRIL;2;5;mg,True
D:/Data/ePillID_data/ePillID_data\classification_data\segmented_nih_pills_224/43063-502_0_1.jpg,reference,43063-502,LUPIN;RAMIPRIL;2;5;mg,False
D:/Data/ePillID_data/ePillID_data\classification_data\segmented_nih_pills_224/43063-544_0_0.jpg,reference,43063-544,IP220;1000,True
D:/Data/ePillID_data/ePillID_data\classification_data\segmented_nih_pills_224/43063-544_0_1.jpg,reference,43063-544,IP220;1000,False
D:/Data/ePillID_data/ePillID_data\classification_data\segmented_nih_pills_224/43063-558_0_0.jpg,reference,43063-558,LCI;1311,True
D:/Data/ePillID_data/ePillID_data\classification_data\segmented_nih_pills_224/43063-558_0_1.jpg,reference,43063-558,LCI;1311,False
D:/Data/ePillID_data/ePillID_data\classification_data\segmented_nih_pills_224/43063-569_0_0.jpg,reference,43063-569,A;EH,True
D:/Data/ePillID_data/ePillID_data\classification_data\segmented_nih_pills_224/43063-569_0_1.jpg,reference,43063-569,A;EH,False
D:/Data/ePillID_data/ePillID_data\classification_data\segmented_nih_pills_224/43063-643_0_0.jpg,reference,43063-643,Westward;475,True
D:/Data/ePillID_data/ePillID_data\classification_data\segmented_nih_pills_224/43063-643_0_1.jpg,reference,43063-643,Westward;475,False
D:/Data/ePillID_data/ePillID_data\classification_data\segmented_nih_pills_224/43063-695_0_0.jpg,reference,43063-695,CTI;121,True
D:/Data/ePillID_data/ePillID_data\classification_data\segmented_nih_pills_224/43063-695_0_1.jpg,reference,43063-695,CTI;121,False
D:/Data/ePillID_data/ePillID_data\classification_data\segmented_nih_pills_224/43199-014_0_0.jpg,reference,43199-14,CL;14,True
D:/Data/ePillID_data/ePillID_data\classification_data\segmented_nih_pills_224/43199-014_0_1.jpg,reference,43199-14,CL;14,False
D:/Data/ePillID_data/ePillID_data\classification_data\segmented_nih_pills_224/43353-031_0_0.jpg,reference,43353-31,40;crestor,True
D:/Data/ePillID_data/ePillID_data\classification_data\segmented_nih_pills_224/43353-031_0_1.jpg,reference,43353-31,40;crestor,False
D:/Data/ePillID_data/ePillID_data\classification_data\segmented_nih_pills_224/43353-032_0_0.jpg,reference,43353-32,FO,True
D:/Data/ePillID_data/ePillID_data\classification_data\segmented_nih_pills_224/43353-032_0_1.jpg,reference,43353-32,FO,False
D:/Data/ePillID_data/ePillID_data\classification_data\segmented_nih_pills_224/43353-290_0_0.jpg,reference,43353-290,10;crestor,True
D:/Data/ePillID_data/ePillID_data\classification_data\segmented_nih_pills_224/43353-290_0_1.jpg,reference,43353-290,10;crestor,False
D:/Data/ePillID_data/ePillID_data\classification_data\segmented_nih_pills_224/43353-535_0_0.jpg,reference,43353-535,0;8;A,True
D:/Data/ePillID_data/ePillID_data\classification_data\segmented_nih_pills_224/43353-535_0_1.jpg,reference,43353-535,0;8;A,False
D:/Data/ePillID_data/ePillID_data\classification_data\segmented_nih_pills_224/43353-689_0_0.jpg,reference,43353-689,6148;V,True
D:/Data/ePillID_data/ePillID_data\classification_data\segmented_nih_pills_224/43353-689_0_1.jpg,reference,43353-689,6148;V,False
D:/Data/ePillID_data/ePillID_data\classification_data\segmented_nih_pills_224/43353-747_0_0.jpg,reference,43353-747,54;840,True
D:/Data/ePillID_data/ePillID_data\classification_data\segmented_nih_pills_224/43353-747_0_1.jpg,reference,43353-747,54;840,False
D:/Data/ePillID_data/ePillID_data\classification_data\segmented_nih_pills_224/43353-769_0_0.jpg,reference,43353-769,271;KU,True
D:/Data/ePillID_data/ePillID_data\classification_data\segmented_nih_pills_224/43353-769_0_1.jpg,reference,43353-769,271;KU,False
D:/Data/ePillID_data/ePillID_data\classification_data\segmented_nih_pills_224/43353-790_0_0.jpg,reference,43353-790,KTAB;a,True
D:/Data/ePillID_data/ePillID_data\classification_data\segmented_nih_pills_224/43353-790_0_1.jpg,reference,43353-790,KTAB;a,False
D:/Data/ePillID_data/ePillID_data\classification_data\segmented_nih_pills_224/43353-926_0_0.jpg,reference,43353-926,717,True
D:/Data/ePillID_data/ePillID_data\classification_data\segmented_nih_pills_224/43353-926_0_1.jpg,reference,43353-926,717,False
D:/Data/ePillID_data/ePillID_data\classification_data\segmented_nih_pills_224/43353-961_0_0.jpg,reference,43353-961,MYLAN;183;20,True
D:/Data/ePillID_data/ePillID_data\classification_data\segmented_nih_pills_224/43353-961_0_1.jpg,reference,43353-961,MYLAN;183;20,False
D:/Data/ePillID_data/ePillID_data\classification_data\segmented_nih_pills_224/43353-978_0_0.jpg,reference,43353-978,832;38,True
D:/Data/ePillID_data/ePillID_data\classification_data\segmented_nih_pills_224/43353-978_0_1.jpg,reference,43353-978,832;38,False
D:/Data/ePillID_data/ePillID_data\classification_data\segmented_nih_pills_224/43478-903_0_0.jpg,reference,43478-903,AK;160,True
D:/Data/ePillID_data/ePillID_data\classification_data\segmented_nih_pills_224/43478-903_0_1.jpg,reference,43478-903,AK;160,False
D:/Data/ePillID_data/ePillID_data\classification_data\segmented_nih_pills_224/43547-275_0_0.jpg,reference,43547-275,HH205,True
D:/Data/ePillID_data/ePillID_data\classification_data\segmented_nih_pills_224/43547-275_0_1.jpg,reference,43547-275,HH205,False
D:/Data/ePillID_data/ePillID_data\classification_data\segmented_nih_pills_224/43547-330_0_0.jpg,reference,43547-330,325;HH,True
D:/Data/ePillID_data/ePillID_data\classification_data\segmented_nih_pills_224/43547-330_0_1.jpg,reference,43547-330,325;HH,False
D:/Data/ePillID_data/ePillID_data\classification_data\segmented_nih_pills_224/43547-367_0_0.jpg,reference,43547-367,HH;341,True
D:/Data/ePillID_data/ePillID_data\classification_data\segmented_nih_pills_224/43547-367_0_1.jpg,reference,43547-367,HH;341,False
D:/Data/ePillID_data/ePillID_data\classification_data\segmented_nih_pills_224/43547-369_0_0.jpg,reference,43547-369,HH;343,True
D:/Data/ePillID_data/ePillID_data\classification_data\segmented_nih_pills_224/43547-369_0_1.jpg,reference,43547-369,HH;343,False
D:/Data/ePillID_data/ePillID_data\classification_data\segmented_nih_pills_224/43598-221_0_0.jpg,reference,43598-221,AUGMENTIN;875,True
D:/Data/ePillID_data/ePillID_data\classification_data\segmented_nih_pills_224/43598-221_0_1.jpg,reference,43598-221,AUGMENTIN;875,False
D:/Data/ePillID_data/ePillID_data\classification_data\segmented_nih_pills_224/43598-315_0_0.jpg,reference,43598-315,R;416,True
D:/Data/ePillID_data/ePillID_data\classification_data\segmented_nih_pills_224/43598-315_0_1.jpg,reference,43598-315,R;416,False
D:/Data/ePillID_data/ePillID_data\classification_data\segmented_nih_pills_224/43598-319_0_0.jpg,reference,43598-319,R;411,True
D:/Data/ePillID_data/ePillID_data\classification_data\segmented_nih_pills_224/43598-319_0_1.jpg,reference,43598-319,R;411,False
D:/Data/ePillID_data/ePillID_data\classification_data\segmented_nih_pills_224/44946-1008_0_0.jpg,reference,44946-1008,SCI;6,True
D:/Data/ePillID_data/ePillID_data\classification_data\segmented_nih_pills_224/44946-1008_0_1.jpg,reference,44946-1008,SCI;6,False
D:/Data/ePillID_data/ePillID_data\classification_data\segmented_nih_pills_224/44946-1009_0_0.jpg,reference,44946-1009,SCI;1007,True
D:/Data/ePillID_data/ePillID_data\classification_data\segmented_nih_pills_224/44946-1009_0_1.jpg,reference,44946-1009,SCI;1007,False
D:/Data/ePillID_data/ePillID_data\classification_data\segmented_nih_pills_224/44946-1010_0_0.jpg,reference,44946-1010,SCI;4,True
D:/Data/ePillID_data/ePillID_data\classification_data\segmented_nih_pills_224/44946-1010_0_1.jpg,reference,44946-1010,SCI;4,False
D:/Data/ePillID_data/ePillID_data\classification_data\segmented_nih_pills_224/45802-721_0_0.jpg,reference,45802-721,5029;5;120,True
D:/Data/ePillID_data/ePillID_data\classification_data\segmented_nih_pills_224/45802-721_0_1.jpg,reference,45802-721,5029;5;120,False
D:/Data/ePillID_data/ePillID_data\classification_data\segmented_nih_pills_224/45865-432_0_0.jpg,reference,45865-432,I2,True
D:/Data/ePillID_data/ePillID_data\classification_data\segmented_nih_pills_224/45865-432_0_1.jpg,reference,45865-432,I2,False
D:/Data/ePillID_data/ePillID_data\classification_data\segmented_nih_pills_224/45865-471_0_0.jpg,reference,45865-471,P;500,True
D:/Data/ePillID_data/ePillID_data\classification_data\segmented_nih_pills_224/45865-471_0_1.jpg,reference,45865-471,P;500,False
D:/Data/ePillID_data/ePillID_data\classification_data\segmented_nih_pills_224/45865-670_0_0.jpg,reference,45865-670,5093;V,True
D:/Data/ePillID_data/ePillID_data\classification_data\segmented_nih_pills_224/45865-670_0_1.jpg,reference,45865-670,5093;V,False
D:/Data/ePillID_data/ePillID_data\classification_data\segmented_nih_pills_224/47335-539_0_0.jpg,reference,47335-539,S;500,True
D:/Data/ePillID_data/ePillID_data\classification_data\segmented_nih_pills_224/47335-539_0_1.jpg,reference,47335-539,S;500,False
D:/Data/ePillID_data/ePillID_data\classification_data\segmented_nih_pills_224/47335-614_0_0.jpg,reference,47335-614,S;750,True
D:/Data/ePillID_data/ePillID_data\classification_data\segmented_nih_pills_224/47335-614_0_1.jpg,reference,47335-614,S;750,False
D:/Data/ePillID_data/ePillID_data\classification_data\segmented_nih_pills_224/47781-103_0_0.jpg,reference,47781-103,ID;150,True
D:/Data/ePillID_data/ePillID_data\classification_data\segmented_nih_pills_224/47781-103_0_1.jpg,reference,47781-103,ID;150,False
D:/Data/ePillID_data/ePillID_data\classification_data\segmented_nih_pills_224/47781-108_0_0.jpg,reference,47781-108,25,True
D:/Data/ePillID_data/ePillID_data\classification_data\segmented_nih_pills_224/47781-108_0_1.jpg,reference,47781-108,25,False
D:/Data/ePillID_data/ePillID_data\classification_data\segmented_nih_pills_224/49349-998_0_0.jpg,reference,49349-998,J;248,True
D:/Data/ePillID_data/ePillID_data\classification_data\segmented_nih_pills_224/49349-998_0_1.jpg,reference,49349-998,J;248,False
D:/Data/ePillID_data/ePillID_data\classification_data\segmented_nih_pills_224/49702-204_0_0.jpg,reference,49702-204,GX;EJ7,True
D:/Data/ePillID_data/ePillID_data\classification_data\segmented_nih_pills_224/49702-204_0_1.jpg,reference,49702-204,GX;EJ7,False
D:/Data/ePillID_data/ePillID_data\classification_data\segmented_nih_pills_224/49884-277_0_0.jpg,reference,49884-277,277;par,True
D:/Data/ePillID_data/ePillID_data\classification_data\segmented_nih_pills_224/49884-277_0_1.jpg,reference,49884-277,277;par,False
D:/Data/ePillID_data/ePillID_data\classification_data\segmented_nih_pills_224/49884-405_0_0.jpg,reference,49884-405,m;50,True
D:/Data/ePillID_data/ePillID_data\classification_data\segmented_nih_pills_224/49884-405_0_1.jpg,reference,49884-405,m;50,False
D:/Data/ePillID_data/ePillID_data\classification_data\segmented_nih_pills_224/49884-413_0_0.jpg,reference,49884-413,257,True
D:/Data/ePillID_data/ePillID_data\classification_data\segmented_nih_pills_224/49884-413_0_1.jpg,reference,49884-413,257,False
D:/Data/ePillID_data/ePillID_data\classification_data\segmented_nih_pills_224/49884-455_0_0.jpg,reference,49884-455,par;455,True
D:/Data/ePillID_data/ePillID_data\classification_data\segmented_nih_pills_224/49884-455_0_1.jpg,reference,49884-455,par;455,False
D:/Data/ePillID_data/ePillID_data\classification_data\segmented_nih_pills_224/49884-564_0_0.jpg,reference,49884-564,Par;564,True
D:/Data/ePillID_data/ePillID_data\classification_data\segmented_nih_pills_224/49884-564_0_1.jpg,reference,49884-564,Par;564,False
D:/Data/ePillID_data/ePillID_data\classification_data\segmented_nih_pills_224/49884-576_0_0.jpg,reference,49884-576,p;576,True
D:/Data/ePillID_data/ePillID_data\classification_data\segmented_nih_pills_224/49884-576_0_1.jpg,reference,49884-576,p;576,False
D:/Data/ePillID_data/ePillID_data\classification_data\segmented_nih_pills_224/49884-658_0_0.jpg,reference,49884-658,ACF;004,True
D:/Data/ePillID_data/ePillID_data\classification_data\segmented_nih_pills_224/49884-658_0_1.jpg,reference,49884-658,ACF;004,False
D:/Data/ePillID_data/ePillID_data\classification_data\segmented_nih_pills_224/49999-100_0_0.jpg,reference,49999-100,TEVA;4030,True
D:/Data/ePillID_data/ePillID_data\classification_data\segmented_nih_pills_224/49999-100_0_1.jpg,reference,49999-100,TEVA;4030,False
D:/Data/ePillID_data/ePillID_data\classification_data\segmented_nih_pills_224/49999-381_0_0.jpg,reference,49999-381,E;415,True
D:/Data/ePillID_data/ePillID_data\classification_data\segmented_nih_pills_224/49999-381_0_1.jpg,reference,49999-381,E;415,False
D:/Data/ePillID_data/ePillID_data\classification_data\segmented_nih_pills_224/49999-392_0_0.jpg,reference,49999-392,PD;155;10,True
D:/Data/ePillID_data/ePillID_data\classification_data\segmented_nih_pills_224/49999-392_0_1.jpg,reference,49999-392,PD;155;10,False
D:/Data/ePillID_data/ePillID_data\classification_data\segmented_nih_pills_224/49999-478_0_0.jpg,reference,49999-478,NORVASC;10,True
D:/Data/ePillID_data/ePillID_data\classification_data\segmented_nih_pills_224/49999-478_0_1.jpg,reference,49999-478,NORVASC;10,False
D:/Data/ePillID_data/ePillID_data\classification_data\segmented_nih_pills_224/50090-0513_0_0.jpg,reference,50090-513,555;483;barr,True
D:/Data/ePillID_data/ePillID_data\classification_data\segmented_nih_pills_224/50090-0513_0_1.jpg,reference,50090-513,555;483;barr,False
D:/Data/ePillID_data/ePillID_data\classification_data\segmented_nih_pills_224/50090-0848_0_0.jpg,reference,50090-848,56;C,True
D:/Data/ePillID_data/ePillID_data\classification_data\segmented_nih_pills_224/50090-0848_0_1.jpg,reference,50090-848,56;C,False
D:/Data/ePillID_data/ePillID_data\classification_data\segmented_nih_pills_224/50090-0874_0_0.jpg,reference,50090-874,GS;FC2,True
D:/Data/ePillID_data/ePillID_data\classification_data\segmented_nih_pills_224/50090-0874_0_1.jpg,reference,50090-874,GS;FC2,False
D:/Data/ePillID_data/ePillID_data\classification_data\segmented_nih_pills_224/50090-0958_0_0.jpg,reference,50090-958,APO;AZ250,True
D:/Data/ePillID_data/ePillID_data\classification_data\segmented_nih_pills_224/50090-0958_0_1.jpg,reference,50090-958,APO;AZ250,False
D:/Data/ePillID_data/ePillID_data\classification_data\segmented_nih_pills_224/50090-1101_0_0.jpg,reference,50090-1101,15;mg;C;Cephalon,True
D:/Data/ePillID_data/ePillID_data\classification_data\segmented_nih_pills_224/50090-1101_0_1.jpg,reference,50090-1101,15;mg;C;Cephalon,False
D:/Data/ePillID_data/ePillID_data\classification_data\segmented_nih_pills_224/50090-1112_0_0.jpg,reference,50090-1112,202;IG,True
D:/Data/ePillID_data/ePillID_data\classification_data\segmented_nih_pills_224/50090-1112_0_1.jpg,reference,50090-1112,202;IG,False
D:/Data/ePillID_data/ePillID_data\classification_data\segmented_nih_pills_224/50090-1150_0_0.jpg,reference,50090-1150,WPI;867,True
D:/Data/ePillID_data/ePillID_data\classification_data\segmented_nih_pills_224/50090-1150_0_1.jpg,reference,50090-1150,WPI;867,False
D:/Data/ePillID_data/ePillID_data\classification_data\segmented_nih_pills_224/50090-1462_0_0.jpg,reference,50090-1462,I63,True
D:/Data/ePillID_data/ePillID_data\classification_data\segmented_nih_pills_224/50090-1462_0_1.jpg,reference,50090-1462,I63,False
D:/Data/ePillID_data/ePillID_data\classification_data\segmented_nih_pills_224/50090-1594_0_0.jpg,reference,50090-1594,G5;10,True
D:/Data/ePillID_data/ePillID_data\classification_data\segmented_nih_pills_224/50090-1594_0_1.jpg,reference,50090-1594,G5;10,False
D:/Data/ePillID_data/ePillID_data\classification_data\segmented_nih_pills_224/50090-1950_0_0.jpg,reference,50090-1950,AN;511,True
D:/Data/ePillID_data/ePillID_data\classification_data\segmented_nih_pills_224/50090-1950_0_1.jpg,reference,50090-1950,AN;511,False
D:/Data/ePillID_data/ePillID_data\classification_data\segmented_nih_pills_224/50268-087_0_0.jpg,reference,50268-87,I;94,True
D:/Data/ePillID_data/ePillID_data\classification_data\segmented_nih_pills_224/50268-087_0_1.jpg,reference,50268-87,I;94,False
D:/Data/ePillID_data/ePillID_data\classification_data\segmented_nih_pills_224/50268-091_0_0.jpg,reference,50268-91,I;98,True
D:/Data/ePillID_data/ePillID_data\classification_data\segmented_nih_pills_224/50268-091_0_1.jpg,reference,50268-91,I;98,False
D:/Data/ePillID_data/ePillID_data\classification_data\segmented_nih_pills_224/50268-330_0_0.jpg,reference,50268-330,7033,True
D:/Data/ePillID_data/ePillID_data\classification_data\segmented_nih_pills_224/50268-330_0_1.jpg,reference,50268-330,7033,False
D:/Data/ePillID_data/ePillID_data\classification_data\segmented_nih_pills_224/50268-430_0_0.jpg,reference,50268-430,H;103,True
D:/Data/ePillID_data/ePillID_data\classification_data\segmented_nih_pills_224/50268-430_0_1.jpg,reference,50268-430,H;103,False
D:/Data/ePillID_data/ePillID_data\classification_data\segmented_nih_pills_224/50268-531_0_0.jpg,reference,50268-531,IP;178,True
D:/Data/ePillID_data/ePillID_data\classification_data\segmented_nih_pills_224/50268-531_0_1.jpg,reference,50268-531,IP;178,False
D:/Data/ePillID_data/ePillID_data\classification_data\segmented_nih_pills_224/50268-532_0_0.jpg,reference,50268-532,IP;179,True
D:/Data/ePillID_data/ePillID_data\classification_data\segmented_nih_pills_224/50268-532_0_1.jpg,reference,50268-532,IP;179,False
D:/Data/ePillID_data/ePillID_data\classification_data\segmented_nih_pills_224/50268-569_0_0.jpg,reference,50268-569,MINOCYCLINE;100;DAN;5695,True
D:/Data/ePillID_data/ePillID_data\classification_data\segmented_nih_pills_224/50268-569_0_1.jpg,reference,50268-569,MINOCYCLINE;100;DAN;5695,False
D:/Data/ePillID_data/ePillID_data\classification_data\segmented_nih_pills_224/50268-601_0_0.jpg,reference,50268-601,R;530,True
D:/Data/ePillID_data/ePillID_data\classification_data\segmented_nih_pills_224/50268-601_0_1.jpg,reference,50268-601,R;530,False
D:/Data/ePillID_data/ePillID_data\classification_data\segmented_nih_pills_224/50268-609_0_0.jpg,reference,50268-609,APO;OLA;2;5,True
D:/Data/ePillID_data/ePillID_data\classification_data\segmented_nih_pills_224/50268-609_0_1.jpg,reference,50268-609,APO;OLA;2;5,False
D:/Data/ePillID_data/ePillID_data\classification_data\segmented_nih_pills_224/50268-622_0_0.jpg,reference,50268-622,F;92,True
D:/Data/ePillID_data/ePillID_data\classification_data\segmented_nih_pills_224/50268-622_0_1.jpg,reference,50268-622,F;92,False
D:/Data/ePillID_data/ePillID_data\classification_data\segmented_nih_pills_224/50268-628_0_0.jpg,reference,50268-628,KU;271,True
D:/Data/ePillID_data/ePillID_data\classification_data\segmented_nih_pills_224/50268-628_0_1.jpg,reference,50268-628,KU;271,False
D:/Data/ePillID_data/ePillID_data\classification_data\segmented_nih_pills_224/50268-636_0_0.jpg,reference,50268-636,KU;180,True
D:/Data/ePillID_data/ePillID_data\classification_data\segmented_nih_pills_224/50268-636_0_1.jpg,reference,50268-636,KU;180,False
D:/Data/ePillID_data/ePillID_data\classification_data\segmented_nih_pills_224/50268-716_0_0.jpg,reference,50268-716,A;04,True
D:/Data/ePillID_data/ePillID_data\classification_data\segmented_nih_pills_224/50268-716_0_1.jpg,reference,50268-716,A;04,False
D:/Data/ePillID_data/ePillID_data\classification_data\segmented_nih_pills_224/50268-796_0_0.jpg,reference,50268-796,E503,True
D:/Data/ePillID_data/ePillID_data\classification_data\segmented_nih_pills_224/50268-796_0_1.jpg,reference,50268-796,E503,False
D:/Data/ePillID_data/ePillID_data\classification_data\segmented_nih_pills_224/50383-172_0_0.jpg,reference,50383-172,LC;77,True
D:/Data/ePillID_data/ePillID_data\classification_data\segmented_nih_pills_224/50383-172_0_1.jpg,reference,50383-172,LC;77,False
D:/Data/ePillID_data/ePillID_data\classification_data\segmented_nih_pills_224/50436-0170_0_0.jpg,reference,50436-170,20,True
D:/Data/ePillID_data/ePillID_data\classification_data\segmented_nih_pills_224/50436-0170_0_1.jpg,reference,50436-170,20,False
D:/Data/ePillID_data/ePillID_data\classification_data\segmented_nih_pills_224/50436-1873_0_0.jpg,reference,50436-1873,TV;2204,True
D:/Data/ePillID_data/ePillID_data\classification_data\segmented_nih_pills_224/50436-1873_0_1.jpg,reference,50436-1873,TV;2204,False
D:/Data/ePillID_data/ePillID_data\classification_data\segmented_nih_pills_224/50436-3000_0_0.jpg,reference,50436-3000,3974;V,True
D:/Data/ePillID_data/ePillID_data\classification_data\segmented_nih_pills_224/50436-3000_0_1.jpg,reference,50436-3000,3974;V,False
D:/Data/ePillID_data/ePillID_data\classification_data\segmented_nih_pills_224/50436-3922_0_0.jpg,reference,50436-3922,LCI;1413,True
D:/Data/ePillID_data/ePillID_data\classification_data\segmented_nih_pills_224/50436-3922_0_1.jpg,reference,50436-3922,LCI;1413,False
D:/Data/ePillID_data/ePillID_data\classification_data\segmented_nih_pills_224/50436-6363_0_0.jpg,reference,50436-6363,WAR;5,True
D:/Data/ePillID_data/ePillID_data\classification_data\segmented_nih_pills_224/50436-6363_0_1.jpg,reference,50436-6363,WAR;5,False
D:/Data/ePillID_data/ePillID_data\classification_data\segmented_nih_pills_224/50436-7350_0_0.jpg,reference,50436-7350,93;7351;93;7351,True
D:/Data/ePillID_data/ePillID_data\classification_data\segmented_nih_pills_224/50436-7350_0_1.jpg,reference,50436-7350,93;7351;93;7351,False
D:/Data/ePillID_data/ePillID_data\classification_data\segmented_nih_pills_224/50436-9802_0_0.jpg,reference,50436-9802,2631;V,True
D:/Data/ePillID_data/ePillID_data\classification_data\segmented_nih_pills_224/50436-9802_0_1.jpg,reference,50436-9802,2631;V,False
D:/Data/ePillID_data/ePillID_data\classification_data\segmented_nih_pills_224/50436-9949_0_0.jpg,reference,50436-9949,IG;278,True
D:/Data/ePillID_data/ePillID_data\classification_data\segmented_nih_pills_224/50436-9949_0_1.jpg,reference,50436-9949,IG;278,False
D:/Data/ePillID_data/ePillID_data\classification_data\segmented_nih_pills_224/50436-9993_0_0.jpg,reference,50436-9993,FL;25,True
D:/Data/ePillID_data/ePillID_data\classification_data\segmented_nih_pills_224/50436-9993_0_1.jpg,reference,50436-9993,FL;25,False
D:/Data/ePillID_data/ePillID_data\classification_data\segmented_nih_pills_224/50458-140_0_0.jpg,reference,50458-140,CFZ;100,True
D:/Data/ePillID_data/ePillID_data\classification_data\segmented_nih_pills_224/50458-140_0_1.jpg,reference,50458-140,CFZ;100,False
D:/Data/ePillID_data/ePillID_data\classification_data\segmented_nih_pills_224/50458-141_0_0.jpg,reference,50458-141,CFZ;300,True
D:/Data/ePillID_data/ePillID_data\classification_data\segmented_nih_pills_224/50458-141_0_1.jpg,reference,50458-141,CFZ;300,False
D:/Data/ePillID_data/ePillID_data\classification_data\segmented_nih_pills_224/50532-115_0_0.jpg,reference,50532-115,AP;115,True
D:/Data/ePillID_data/ePillID_data\classification_data\segmented_nih_pills_224/50532-115_0_1.jpg,reference,50532-115,AP;115,False
D:/Data/ePillID_data/ePillID_data\classification_data\segmented_nih_pills_224/50844-112_0_0.jpg,reference,50844-112,44;112,True
D:/Data/ePillID_data/ePillID_data\classification_data\segmented_nih_pills_224/50844-112_0_1.jpg,reference,50844-112,44;112,False
D:/Data/ePillID_data/ePillID_data\classification_data\segmented_nih_pills_224/50844-157_0_0.jpg,reference,50844-157,ASPIRIN;44157,True
D:/Data/ePillID_data/ePillID_data\classification_data\segmented_nih_pills_224/50844-157_0_1.jpg,reference,50844-157,ASPIRIN;44157,False
D:/Data/ePillID_data/ePillID_data\classification_data\segmented_nih_pills_224/50844-175_0_0.jpg,reference,50844-175,44;175,True
D:/Data/ePillID_data/ePillID_data\classification_data\segmented_nih_pills_224/50844-175_0_1.jpg,reference,50844-175,44;175,False
D:/Data/ePillID_data/ePillID_data\classification_data\segmented_nih_pills_224/50844-293_0_0.jpg,reference,50844-293,A99,True
D:/Data/ePillID_data/ePillID_data\classification_data\segmented_nih_pills_224/50844-293_0_1.jpg,reference,50844-293,A99,False
D:/Data/ePillID_data/ePillID_data\classification_data\segmented_nih_pills_224/50844-375_0_0.jpg,reference,50844-375,44;375,True
D:/Data/ePillID_data/ePillID_data\classification_data\segmented_nih_pills_224/50844-375_0_1.jpg,reference,50844-375,44;375,False
D:/Data/ePillID_data/ePillID_data\classification_data\segmented_nih_pills_224/50844-390_0_0.jpg,reference,50844-390,44;390,True
D:/Data/ePillID_data/ePillID_data\classification_data\segmented_nih_pills_224/50844-390_0_1.jpg,reference,50844-390,44;390,False
D:/Data/ePillID_data/ePillID_data\classification_data\segmented_nih_pills_224/50844-411_0_0.jpg,reference,50844-411,411,True
D:/Data/ePillID_data/ePillID_data\classification_data\segmented_nih_pills_224/50844-411_0_1.jpg,reference,50844-411,411,False
D:/Data/ePillID_data/ePillID_data\classification_data\segmented_nih_pills_224/50844-611_0_0.jpg,reference,50844-611,1007,True
D:/Data/ePillID_data/ePillID_data\classification_data\segmented_nih_pills_224/50844-611_0_1.jpg,reference,50844-611,1007,False
D:/Data/ePillID_data/ePillID_data\classification_data\segmented_nih_pills_224/51079-147_0_0.jpg,reference,51079-147,M;37,True
D:/Data/ePillID_data/ePillID_data\classification_data\segmented_nih_pills_224/51079-147_0_1.jpg,reference,51079-147,M;37,False
D:/Data/ePillID_data/ePillID_data\classification_data\segmented_nih_pills_224/51079-466_0_0.jpg,reference,51079-466,G;DS;50,True
D:/Data/ePillID_data/ePillID_data\classification_data\segmented_nih_pills_224/51079-466_0_1.jpg,reference,51079-466,G;DS;50,False
D:/Data/ePillID_data/ePillID_data\classification_data\segmented_nih_pills_224/51079-482_0_0.jpg,reference,51079-482,M;V4,True
D:/Data/ePillID_data/ePillID_data\classification_data\segmented_nih_pills_224/51079-482_0_1.jpg,reference,51079-482,M;V4,False
D:/Data/ePillID_data/ePillID_data\classification_data\segmented_nih_pills_224/51079-547_0_0.jpg,reference,51079-547,M;753,True
D:/Data/ePillID_data/ePillID_data\classification_data\segmented_nih_pills_224/51079-547_0_1.jpg,reference,51079-547,M;753,False
D:/Data/ePillID_data/ePillID_data\classification_data\segmented_nih_pills_224/51079-584_0_0.jpg,reference,51079-584,MYLAN;1650,True
D:/Data/ePillID_data/ePillID_data\classification_data\segmented_nih_pills_224/51079-584_0_1.jpg,reference,51079-584,MYLAN;1650,False
D:/Data/ePillID_data/ePillID_data\classification_data\segmented_nih_pills_224/51079-700_0_0.jpg,reference,51079-700,3180;V,True
D:/Data/ePillID_data/ePillID_data\classification_data\segmented_nih_pills_224/51079-700_0_1.jpg,reference,51079-700,3180;V,False
D:/Data/ePillID_data/ePillID_data\classification_data\segmented_nih_pills_224/51079-747_0_0.jpg,reference,51079-747,M;135,True
D:/Data/ePillID_data/ePillID_data\classification_data\segmented_nih_pills_224/51079-747_0_1.jpg,reference,51079-747,M;135,False
D:/Data/ePillID_data/ePillID_data\classification_data\segmented_nih_pills_224/51079-810_0_0.jpg,reference,51079-810,MYLAN;G1,True
D:/Data/ePillID_data/ePillID_data\classification_data\segmented_nih_pills_224/51079-810_0_1.jpg,reference,51079-810,MYLAN;G1,False
D:/Data/ePillID_data/ePillID_data\classification_data\segmented_nih_pills_224/51079-899_0_0.jpg,reference,51079-899,M;312,True
D:/Data/ePillID_data/ePillID_data\classification_data\segmented_nih_pills_224/51079-899_0_1.jpg,reference,51079-899,M;312,False
D:/Data/ePillID_data/ePillID_data\classification_data\segmented_nih_pills_224/51079-906_0_0.jpg,reference,51079-906,93;9133,True
D:/Data/ePillID_data/ePillID_data\classification_data\segmented_nih_pills_224/51079-906_0_1.jpg,reference,51079-906,93;9133,False
D:/Data/ePillID_data/ePillID_data\classification_data\segmented_nih_pills_224/51079-923_0_0.jpg,reference,51079-923,MYLAN;9;4,True
D:/Data/ePillID_data/ePillID_data\classification_data\segmented_nih_pills_224/51079-923_0_1.jpg,reference,51079-923,MYLAN;9;4,False
D:/Data/ePillID_data/ePillID_data\classification_data\segmented_nih_pills_224/51079-930_0_0.jpg,reference,51079-930,M;C32,True
D:/Data/ePillID_data/ePillID_data\classification_data\segmented_nih_pills_224/51079-930_0_1.jpg,reference,51079-930,M;C32,False
D:/Data/ePillID_data/ePillID_data\classification_data\segmented_nih_pills_224/51079-935_0_0.jpg,reference,51079-935,MYLAN;2537,True
D:/Data/ePillID_data/ePillID_data\classification_data\segmented_nih_pills_224/51079-935_0_1.jpg,reference,51079-935,MYLAN;2537,False
D:/Data/ePillID_data/ePillID_data\classification_data\segmented_nih_pills_224/51079-984_0_0.jpg,reference,51079-984,L;26;M,True
D:/Data/ePillID_data/ePillID_data\classification_data\segmented_nih_pills_224/51079-984_0_1.jpg,reference,51079-984,L;26;M,False
D:/Data/ePillID_data/ePillID_data\classification_data\segmented_nih_pills_224/51285-047_0_0.jpg,reference,51285-47,b;47,True
D:/Data/ePillID_data/ePillID_data\classification_data\segmented_nih_pills_224/51285-047_0_1.jpg,reference,51285-47,b;47,False
D:/Data/ePillID_data/ePillID_data\classification_data\segmented_nih_pills_224/51285-050_0_0.jpg,reference,51285-50,b;50,True
D:/Data/ePillID_data/ePillID_data\classification_data\segmented_nih_pills_224/51285-050_0_1.jpg,reference,51285-50,b;50,False
D:/Data/ePillID_data/ePillID_data\classification_data\segmented_nih_pills_224/51285-100_0_0.jpg,reference,51285-100,G00,True
D:/Data/ePillID_data/ePillID_data\classification_data\segmented_nih_pills_224/51285-100_0_1.jpg,reference,51285-100,G00,False
D:/Data/ePillID_data/ePillID_data\classification_data\segmented_nih_pills_224/51285-368_0_0.jpg,reference,51285-368,b;929;10,True
D:/Data/ePillID_data/ePillID_data\classification_data\segmented_nih_pills_224/51285-368_0_1.jpg,reference,51285-368,b;929;10,False
D:/Data/ePillID_data/ePillID_data\classification_data\segmented_nih_pills_224/51293-612_0_0.jpg,reference,51293-612,612,True
D:/Data/ePillID_data/ePillID_data\classification_data\segmented_nih_pills_224/51293-612_0_1.jpg,reference,51293-612,612,False
D:/Data/ePillID_data/ePillID_data\classification_data\segmented_nih_pills_224/51525-5901_0_0.jpg,reference,51525-5901,WP;5901,True
D:/Data/ePillID_data/ePillID_data\classification_data\segmented_nih_pills_224/51525-5901_0_1.jpg,reference,51525-5901,WP;5901,False
D:/Data/ePillID_data/ePillID_data\classification_data\segmented_nih_pills_224/51655-102_0_0.jpg,reference,51655-102,TEVA;5729,True
D:/Data/ePillID_data/ePillID_data\classification_data\segmented_nih_pills_224/51655-102_0_1.jpg,reference,51655-102,TEVA;5729,False
D:/Data/ePillID_data/ePillID_data\classification_data\segmented_nih_pills_224/51655-129_0_0.jpg,reference,51655-129,A;TF,True
D:/Data/ePillID_data/ePillID_data\classification_data\segmented_nih_pills_224/51655-129_0_1.jpg,reference,51655-129,A;TF,False
D:/Data/ePillID_data/ePillID_data\classification_data\segmented_nih_pills_224/51655-186_0_0.jpg,reference,51655-186,IP272,True
D:/Data/ePillID_data/ePillID_data\classification_data\segmented_nih_pills_224/51655-186_0_1.jpg,reference,51655-186,IP272,False
D:/Data/ePillID_data/ePillID_data\classification_data\segmented_nih_pills_224/51655-425_0_0.jpg,reference,51655-425,93;308,True
D:/Data/ePillID_data/ePillID_data\classification_data\segmented_nih_pills_224/51655-425_0_1.jpg,reference,51655-425,93;308,False
D:/Data/ePillID_data/ePillID_data\classification_data\segmented_nih_pills_224/51655-610_0_0.jpg,reference,51655-610,RX12,True
D:/Data/ePillID_data/ePillID_data\classification_data\segmented_nih_pills_224/51655-610_0_1.jpg,reference,51655-610,RX12,False
D:/Data/ePillID_data/ePillID_data\classification_data\segmented_nih_pills_224/51655-641_0_0.jpg,reference,51655-641,19,True
D:/Data/ePillID_data/ePillID_data\classification_data\segmented_nih_pills_224/51655-641_0_1.jpg,reference,51655-641,19,False
D:/Data/ePillID_data/ePillID_data\classification_data\segmented_nih_pills_224/51672-4041_0_0.jpg,reference,51672-4041,TARO;16,True
D:/Data/ePillID_data/ePillID_data\classification_data\segmented_nih_pills_224/51672-4041_0_1.jpg,reference,51672-4041,TARO;16,False
D:/Data/ePillID_data/ePillID_data\classification_data\segmented_nih_pills_224/51862-558_0_0.jpg,reference,51862-558,D;D,True
D:/Data/ePillID_data/ePillID_data\classification_data\segmented_nih_pills_224/51862-558_0_1.jpg,reference,51862-558,D;D,False
D:/Data/ePillID_data/ePillID_data\classification_data\segmented_nih_pills_224/51991-819_0_0.jpg,reference,51991-819,120;RD203,True
D:/Data/ePillID_data/ePillID_data\classification_data\segmented_nih_pills_224/51991-819_0_1.jpg,reference,51991-819,120;RD203,False
D:/Data/ePillID_data/ePillID_data\classification_data\segmented_nih_pills_224/52125-138_0_0.jpg,reference,52125-138,SZ;225,True
D:/Data/ePillID_data/ePillID_data\classification_data\segmented_nih_pills_224/52125-138_0_1.jpg,reference,52125-138,SZ;225,False
D:/Data/ePillID_data/ePillID_data\classification_data\segmented_nih_pills_224/52125-816_0_0.jpg,reference,52125-816,I;2,True
D:/Data/ePillID_data/ePillID_data\classification_data\segmented_nih_pills_224/52125-816_0_1.jpg,reference,52125-816,I;2,False
D:/Data/ePillID_data/ePillID_data\classification_data\segmented_nih_pills_224/52544-276_0_0.jpg,reference,52544-276,PD;915,True
D:/Data/ePillID_data/ePillID_data\classification_data\segmented_nih_pills_224/52544-276_0_1.jpg,reference,52544-276,PD;915,False
D:/Data/ePillID_data/ePillID_data\classification_data\segmented_nih_pills_224/52544-629_0_0.jpg,reference,52544-629,Watson;629,True
D:/Data/ePillID_data/ePillID_data\classification_data\segmented_nih_pills_224/52544-629_0_1.jpg,reference,52544-629,Watson;629,False
D:/Data/ePillID_data/ePillID_data\classification_data\segmented_nih_pills_224/52544-694_0_0.jpg,reference,52544-694,360;694,True
D:/Data/ePillID_data/ePillID_data\classification_data\segmented_nih_pills_224/52544-694_0_1.jpg,reference,52544-694,360;694,False
D:/Data/ePillID_data/ePillID_data\classification_data\segmented_nih_pills_224/52959-398_0_0.jpg,reference,52959-398,93;756,True
D:/Data/ePillID_data/ePillID_data\classification_data\segmented_nih_pills_224/52959-398_0_1.jpg,reference,52959-398,93;756,False
D:/Data/ePillID_data/ePillID_data\classification_data\segmented_nih_pills_224/52959-517_0_0.jpg,reference,52959-517,N940;200,True
D:/Data/ePillID_data/ePillID_data\classification_data\segmented_nih_pills_224/52959-517_0_1.jpg,reference,52959-517,N940;200,False
D:/Data/ePillID_data/ePillID_data\classification_data\segmented_nih_pills_224/52959-919_0_0.jpg,reference,52959-919,S191,True
D:/Data/ePillID_data/ePillID_data\classification_data\segmented_nih_pills_224/52959-919_0_1.jpg,reference,52959-919,S191,False
D:/Data/ePillID_data/ePillID_data\classification_data\segmented_nih_pills_224/52959-965_0_0.jpg,reference,52959-965,cor;188,True
D:/Data/ePillID_data/ePillID_data\classification_data\segmented_nih_pills_224/52959-965_0_1.jpg,reference,52959-965,cor;188,False
D:/Data/ePillID_data/ePillID_data\classification_data\segmented_nih_pills_224/52959-969_0_0.jpg,reference,52959-969,GILEAD;701,True
D:/Data/ePillID_data/ePillID_data\classification_data\segmented_nih_pills_224/52959-969_0_1.jpg,reference,52959-969,GILEAD;701,False
D:/Data/ePillID_data/ePillID_data\classification_data\segmented_nih_pills_224/53489-332_0_0.jpg,reference,53489-332,MP;79,True
D:/Data/ePillID_data/ePillID_data\classification_data\segmented_nih_pills_224/53489-332_0_1.jpg,reference,53489-332,MP;79,False
D:/Data/ePillID_data/ePillID_data\classification_data\segmented_nih_pills_224/53489-369_0_0.jpg,reference,53489-369,MP;772,True
D:/Data/ePillID_data/ePillID_data\classification_data\segmented_nih_pills_224/53489-369_0_1.jpg,reference,53489-369,MP;772,False
D:/Data/ePillID_data/ePillID_data\classification_data\segmented_nih_pills_224/53489-517_0_0.jpg,reference,53489-517,MP;168;25;25;50;50,True
D:/Data/ePillID_data/ePillID_data\classification_data\segmented_nih_pills_224/53489-517_0_1.jpg,reference,53489-517,MP;168;25;25;50;50,False
D:/Data/ePillID_data/ePillID_data\classification_data\segmented_nih_pills_224/53746-254_0_0.jpg,reference,53746-254,IP;254,True
D:/Data/ePillID_data/ePillID_data\classification_data\segmented_nih_pills_224/53746-254_0_1.jpg,reference,53746-254,IP;254,False
D:/Data/ePillID_data/ePillID_data\classification_data\segmented_nih_pills_224/53746-271_0_0.jpg,reference,53746-271,IP;271,True
D:/Data/ePillID_data/ePillID_data\classification_data\segmented_nih_pills_224/53746-271_0_1.jpg,reference,53746-271,IP;271,False
D:/Data/ePillID_data/ePillID_data\classification_data\segmented_nih_pills_224/53808-0200_0_0.jpg,reference,53808-200,IG;238,True
D:/Data/ePillID_data/ePillID_data\classification_data\segmented_nih_pills_224/53808-0200_0_1.jpg,reference,53808-200,IG;238,False
D:/Data/ePillID_data/ePillID_data\classification_data\segmented_nih_pills_224/53808-0231_0_0.jpg,reference,53808-231,R128,True
D:/Data/ePillID_data/ePillID_data\classification_data\segmented_nih_pills_224/53808-0231_0_1.jpg,reference,53808-231,R128,False
D:/Data/ePillID_data/ePillID_data\classification_data\segmented_nih_pills_224/53808-0258_0_0.jpg,reference,53808-258,GG771,True
D:/Data/ePillID_data/ePillID_data\classification_data\segmented_nih_pills_224/53808-0258_0_1.jpg,reference,53808-258,GG771,False
D:/Data/ePillID_data/ePillID_data\classification_data\segmented_nih_pills_224/53808-0272_0_0.jpg,reference,53808-272,41,True
D:/Data/ePillID_data/ePillID_data\classification_data\segmented_nih_pills_224/53808-0272_0_1.jpg,reference,53808-272,41,False
D:/Data/ePillID_data/ePillID_data\classification_data\segmented_nih_pills_224/53808-0305_0_0.jpg,reference,53808-305,60,True
D:/Data/ePillID_data/ePillID_data\classification_data\segmented_nih_pills_224/53808-0305_0_1.jpg,reference,53808-305,60,False
D:/Data/ePillID_data/ePillID_data\classification_data\segmented_nih_pills_224/53808-0344_0_0.jpg,reference,53808-344,Z;67,True
D:/Data/ePillID_data/ePillID_data\classification_data\segmented_nih_pills_224/53808-0344_0_1.jpg,reference,53808-344,Z;67,False
D:/Data/ePillID_data/ePillID_data\classification_data\segmented_nih_pills_224/53808-0347_0_0.jpg,reference,53808-347,WW;174,True
D:/Data/ePillID_data/ePillID_data\classification_data\segmented_nih_pills_224/53808-0347_0_1.jpg,reference,53808-347,WW;174,False
D:/Data/ePillID_data/ePillID_data\classification_data\segmented_nih_pills_224/53808-0393_0_0.jpg,reference,53808-393,M;N;1,True
D:/Data/ePillID_data/ePillID_data\classification_data\segmented_nih_pills_224/53808-0393_0_1.jpg,reference,53808-393,M;N;1,False
D:/Data/ePillID_data/ePillID_data\classification_data\segmented_nih_pills_224/53808-0483_0_0.jpg,reference,53808-483,APO;MI;30,True
D:/Data/ePillID_data/ePillID_data\classification_data\segmented_nih_pills_224/53808-0483_0_1.jpg,reference,53808-483,APO;MI;30,False
D:/Data/ePillID_data/ePillID_data\classification_data\segmented_nih_pills_224/53808-0593_0_0.jpg,reference,53808-593,WATSON;780,True
D:/Data/ePillID_data/ePillID_data\classification_data\segmented_nih_pills_224/53808-0593_0_1.jpg,reference,53808-593,WATSON;780,False
D:/Data/ePillID_data/ePillID_data\classification_data\segmented_nih_pills_224/53808-0601_0_0.jpg,reference,53808-601,M;N3,True
D:/Data/ePillID_data/ePillID_data\classification_data\segmented_nih_pills_224/53808-0601_0_1.jpg,reference,53808-601,M;N3,False
D:/Data/ePillID_data/ePillID_data\classification_data\segmented_nih_pills_224/53808-0626_0_0.jpg,reference,53808-626,GG227,True
D:/Data/ePillID_data/ePillID_data\classification_data\segmented_nih_pills_224/53808-0626_0_1.jpg,reference,53808-626,GG227,False
D:/Data/ePillID_data/ePillID_data\classification_data\segmented_nih_pills_224/53808-0635_0_0.jpg,reference,53808-635,93;7258,True
D:/Data/ePillID_data/ePillID_data\classification_data\segmented_nih_pills_224/53808-0635_0_1.jpg,reference,53808-635,93;7258,False
D:/Data/ePillID_data/ePillID_data\classification_data\segmented_nih_pills_224/53808-0647_0_0.jpg,reference,53808-647,MX33,True
D:/Data/ePillID_data/ePillID_data\classification_data\segmented_nih_pills_224/53808-0647_0_1.jpg,reference,53808-647,MX33,False
D:/Data/ePillID_data/ePillID_data\classification_data\segmented_nih_pills_224/53808-0653_0_0.jpg,reference,53808-653,IG;237,True
D:/Data/ePillID_data/ePillID_data\classification_data\segmented_nih_pills_224/53808-0653_0_1.jpg,reference,53808-653,IG;237,False
D:/Data/ePillID_data/ePillID_data\classification_data\segmented_nih_pills_224/53808-0748_0_0.jpg,reference,53808-748,APO;097,True
D:/Data/ePillID_data/ePillID_data\classification_data\segmented_nih_pills_224/53808-0748_0_1.jpg,reference,53808-748,APO;097,False
D:/Data/ePillID_data/ePillID_data\classification_data\segmented_nih_pills_224/53808-0766_0_0.jpg,reference,53808-766,93;7201,True
D:/Data/ePillID_data/ePillID_data\classification_data\segmented_nih_pills_224/53808-0766_0_1.jpg,reference,53808-766,93;7201,False
D:/Data/ePillID_data/ePillID_data\classification_data\segmented_nih_pills_224/53808-0776_0_0.jpg,reference,53808-776,GG;705,True
D:/Data/ePillID_data/ePillID_data\classification_data\segmented_nih_pills_224/53808-0776_0_1.jpg,reference,53808-776,GG;705,False
D:/Data/ePillID_data/ePillID_data\classification_data\segmented_nih_pills_224/53808-0796_0_0.jpg,reference,53808-796,R803,True
D:/Data/ePillID_data/ePillID_data\classification_data\segmented_nih_pills_224/53808-0796_0_1.jpg,reference,53808-796,R803,False
D:/Data/ePillID_data/ePillID_data\classification_data\segmented_nih_pills_224/53808-0806_0_0.jpg,reference,53808-806,894,True
D:/Data/ePillID_data/ePillID_data\classification_data\segmented_nih_pills_224/53808-0806_0_1.jpg,reference,53808-806,894,False
D:/Data/ePillID_data/ePillID_data\classification_data\segmented_nih_pills_224/53808-0807_0_0.jpg,reference,53808-807,7301,True
D:/Data/ePillID_data/ePillID_data\classification_data\segmented_nih_pills_224/53808-0807_0_1.jpg,reference,53808-807,7301,False
D:/Data/ePillID_data/ePillID_data\classification_data\segmented_nih_pills_224/53808-0826_0_0.jpg,reference,53808-826,832;BM05,True
D:/Data/ePillID_data/ePillID_data\classification_data\segmented_nih_pills_224/53808-0826_0_1.jpg,reference,53808-826,832;BM05,False
D:/Data/ePillID_data/ePillID_data\classification_data\segmented_nih_pills_224/53808-0843_0_0.jpg,reference,53808-843,APO;LMV;150,True
D:/Data/ePillID_data/ePillID_data\classification_data\segmented_nih_pills_224/53808-0843_0_1.jpg,reference,53808-843,APO;LMV;150,False
D:/Data/ePillID_data/ePillID_data\classification_data\segmented_nih_pills_224/53808-0851_0_0.jpg,reference,53808-851,B;60,True
D:/Data/ePillID_data/ePillID_data\classification_data\segmented_nih_pills_224/53808-0851_0_1.jpg,reference,53808-851,B;60,False
D:/Data/ePillID_data/ePillID_data\classification_data\segmented_nih_pills_224/53808-0885_0_0.jpg,reference,53808-885,4943;V,True
D:/Data/ePillID_data/ePillID_data\classification_data\segmented_nih_pills_224/53808-0885_0_1.jpg,reference,53808-885,4943;V,False
D:/Data/ePillID_data/ePillID_data\classification_data\segmented_nih_pills_224/53808-0925_0_0.jpg,reference,53808-925,832;50,True
D:/Data/ePillID_data/ePillID_data\classification_data\segmented_nih_pills_224/53808-0925_0_1.jpg,reference,53808-925,832;50,False
D:/Data/ePillID_data/ePillID_data\classification_data\segmented_nih_pills_224/53808-0942_0_0.jpg,reference,53808-942,GXL;10,True
D:/Data/ePillID_data/ePillID_data\classification_data\segmented_nih_pills_224/53808-0942_0_1.jpg,reference,53808-942,GXL;10,False
D:/Data/ePillID_data/ePillID_data\classification_data\segmented_nih_pills_224/53808-0956_0_0.jpg,reference,53808-956,4212;V,True
D:/Data/ePillID_data/ePillID_data\classification_data\segmented_nih_pills_224/53808-0956_0_1.jpg,reference,53808-956,4212;V,False
D:/Data/ePillID_data/ePillID_data\classification_data\segmented_nih_pills_224/53808-1032_0_0.jpg,reference,53808-1032,Par257;Minoxidil10,True
D:/Data/ePillID_data/ePillID_data\classification_data\segmented_nih_pills_224/53808-1032_0_1.jpg,reference,53808-1032,Par257;Minoxidil10,False
D:/Data/ePillID_data/ePillID_data\classification_data\segmented_nih_pills_224/53808-1040_0_0.jpg,reference,53808-1040,IP;212,True
D:/Data/ePillID_data/ePillID_data\classification_data\segmented_nih_pills_224/53808-1040_0_1.jpg,reference,53808-1040,IP;212,False
D:/Data/ePillID_data/ePillID_data\classification_data\segmented_nih_pills_224/53808-1054_0_0.jpg,reference,53808-1054,M;L;6,True
D:/Data/ePillID_data/ePillID_data\classification_data\segmented_nih_pills_224/53808-1054_0_1.jpg,reference,53808-1054,M;L;6,False
D:/Data/ePillID_data/ePillID_data\classification_data\segmented_nih_pills_224/53808-1056_0_0.jpg,reference,53808-1056,TL383,True
D:/Data/ePillID_data/ePillID_data\classification_data\segmented_nih_pills_224/53808-1056_0_1.jpg,reference,53808-1056,TL383,False
D:/Data/ePillID_data/ePillID_data\classification_data\segmented_nih_pills_224/54458-873_0_0.jpg,reference,54458-873,LUPIN;20,True
D:/Data/ePillID_data/ePillID_data\classification_data\segmented_nih_pills_224/54458-873_0_1.jpg,reference,54458-873,LUPIN;20,False
D:/Data/ePillID_data/ePillID_data\classification_data\segmented_nih_pills_224/54458-916_0_0.jpg,reference,54458-916,926;93,True
D:/Data/ePillID_data/ePillID_data\classification_data\segmented_nih_pills_224/54458-916_0_1.jpg,reference,54458-916,926;93,False
D:/Data/ePillID_data/ePillID_data\classification_data\segmented_nih_pills_224/54458-927_0_0.jpg,reference,54458-927,TEVA;771,True
D:/Data/ePillID_data/ePillID_data\classification_data\segmented_nih_pills_224/54458-927_0_1.jpg,reference,54458-927,TEVA;771,False
D:/Data/ePillID_data/ePillID_data\classification_data\segmented_nih_pills_224/54505-332_0_0.jpg,reference,54505-332,CP;332,True
D:/Data/ePillID_data/ePillID_data\classification_data\segmented_nih_pills_224/54505-332_0_1.jpg,reference,54505-332,CP;332,False
D:/Data/ePillID_data/ePillID_data\classification_data\segmented_nih_pills_224/54868-0097_0_0.jpg,reference,54868-97,USL;8,True
D:/Data/ePillID_data/ePillID_data\classification_data\segmented_nih_pills_224/54868-0097_0_1.jpg,reference,54868-97,USL;8,False
D:/Data/ePillID_data/ePillID_data\classification_data\segmented_nih_pills_224/54868-0147_0_0.jpg,reference,54868-147,T;109,True
D:/Data/ePillID_data/ePillID_data\classification_data\segmented_nih_pills_224/54868-0147_0_1.jpg,reference,54868-147,T;109,False
D:/Data/ePillID_data/ePillID_data\classification_data\segmented_nih_pills_224/54868-0610_0_0.jpg,reference,54868-610,G;450,True
D:/Data/ePillID_data/ePillID_data\classification_data\segmented_nih_pills_224/54868-0610_0_1.jpg,reference,54868-610,G;450,False
D:/Data/ePillID_data/ePillID_data\classification_data\segmented_nih_pills_224/54868-0691_0_0.jpg,reference,54868-691,N;4,True
D:/Data/ePillID_data/ePillID_data\classification_data\segmented_nih_pills_224/54868-0691_0_1.jpg,reference,54868-691,N;4,False
D:/Data/ePillID_data/ePillID_data\classification_data\segmented_nih_pills_224/54868-1380_0_0.jpg,reference,54868-1380,GG855,True
D:/Data/ePillID_data/ePillID_data\classification_data\segmented_nih_pills_224/54868-1380_0_1.jpg,reference,54868-1380,GG855,False
D:/Data/ePillID_data/ePillID_data\classification_data\segmented_nih_pills_224/54868-1689_0_0.jpg,reference,54868-1689,VALPROIC;250,True
D:/Data/ePillID_data/ePillID_data\classification_data\segmented_nih_pills_224/54868-1689_0_1.jpg,reference,54868-1689,VALPROIC;250,False
D:/Data/ePillID_data/ePillID_data\classification_data\segmented_nih_pills_224/54868-1744_0_0.jpg,reference,54868-1744,54;943,True
D:/Data/ePillID_data/ePillID_data\classification_data\segmented_nih_pills_224/54868-1744_0_1.jpg,reference,54868-1744,54;943,False
D:/Data/ePillID_data/ePillID_data\classification_data\segmented_nih_pills_224/54868-1978_0_0.jpg,reference,54868-1978,93;1122,True
D:/Data/ePillID_data/ePillID_data\classification_data\segmented_nih_pills_224/54868-1978_0_1.jpg,reference,54868-1978,93;1122,False
D:/Data/ePillID_data/ePillID_data\classification_data\segmented_nih_pills_224/54868-2077_0_0.jpg,reference,54868-2077,L9CZ;5,True
D:/Data/ePillID_data/ePillID_data\classification_data\segmented_nih_pills_224/54868-2077_0_1.jpg,reference,54868-2077,L9CZ;5,False
D:/Data/ePillID_data/ePillID_data\classification_data\segmented_nih_pills_224/54868-2126_0_0.jpg,reference,54868-2126,3925;TEVA,True
D:/Data/ePillID_data/ePillID_data\classification_data\segmented_nih_pills_224/54868-2126_0_1.jpg,reference,54868-2126,3925;TEVA,False
D:/Data/ePillID_data/ePillID_data\classification_data\segmented_nih_pills_224/54868-2462_0_0.jpg,reference,54868-2462,93;93;778,True
D:/Data/ePillID_data/ePillID_data\classification_data\segmented_nih_pills_224/54868-2462_0_1.jpg,reference,54868-2462,93;93;778,False
D:/Data/ePillID_data/ePillID_data\classification_data\segmented_nih_pills_224/54868-2835_0_0.jpg,reference,54868-2835,NORTRIPTYLINE;DAN;10;mg,True
D:/Data/ePillID_data/ePillID_data\classification_data\segmented_nih_pills_224/54868-2835_0_1.jpg,reference,54868-2835,NORTRIPTYLINE;DAN;10;mg,False
D:/Data/ePillID_data/ePillID_data\classification_data\segmented_nih_pills_224/54868-2989_0_0.jpg,reference,54868-2989,C;74,True
D:/Data/ePillID_data/ePillID_data\classification_data\segmented_nih_pills_224/54868-2989_0_1.jpg,reference,54868-2989,C;74,False
D:/Data/ePillID_data/ePillID_data\classification_data\segmented_nih_pills_224/54868-3169_0_0.jpg,reference,54868-3169,DAN;5535,True
D:/Data/ePillID_data/ePillID_data\classification_data\segmented_nih_pills_224/54868-3169_0_1.jpg,reference,54868-3169,DAN;5535,False
D:/Data/ePillID_data/ePillID_data\classification_data\segmented_nih_pills_224/54868-3726_0_0.jpg,reference,54868-3726,952,True
D:/Data/ePillID_data/ePillID_data\classification_data\segmented_nih_pills_224/54868-3726_0_1.jpg,reference,54868-3726,952,False
D:/Data/ePillID_data/ePillID_data\classification_data\segmented_nih_pills_224/54868-4023_0_0.jpg,reference,54868-4023,CLOM50,True
D:/Data/ePillID_data/ePillID_data\classification_data\segmented_nih_pills_224/54868-4023_0_1.jpg,reference,54868-4023,CLOM50,False
D:/Data/ePillID_data/ePillID_data\classification_data\segmented_nih_pills_224/54868-4059_0_0.jpg,reference,54868-4059,TARO;89,True
D:/Data/ePillID_data/ePillID_data\classification_data\segmented_nih_pills_224/54868-4059_0_1.jpg,reference,54868-4059,TARO;89,False
D:/Data/ePillID_data/ePillID_data\classification_data\segmented_nih_pills_224/54868-4198_0_0.jpg,reference,54868-4198,SB;4,True
D:/Data/ePillID_data/ePillID_data\classification_data\segmented_nih_pills_224/54868-4198_0_1.jpg,reference,54868-4198,SB;4,False
D:/Data/ePillID_data/ePillID_data\classification_data\segmented_nih_pills_224/54868-4263_0_0.jpg,reference,54868-4263,Par822,True
D:/Data/ePillID_data/ePillID_data\classification_data\segmented_nih_pills_224/54868-4263_0_1.jpg,reference,54868-4263,Par822,False
D:/Data/ePillID_data/ePillID_data\classification_data\segmented_nih_pills_224/54868-4287_0_0.jpg,reference,54868-4287,93;782,True
D:/Data/ePillID_data/ePillID_data\classification_data\segmented_nih_pills_224/54868-4287_0_1.jpg,reference,54868-4287,93;782,False
D:/Data/ePillID_data/ePillID_data\classification_data\segmented_nih_pills_224/54868-4421_0_0.jpg,reference,54868-4421,39;SB,True
D:/Data/ePillID_data/ePillID_data\classification_data\segmented_nih_pills_224/54868-4421_0_1.jpg,reference,54868-4421,39;SB,False
D:/Data/ePillID_data/ePillID_data\classification_data\segmented_nih_pills_224/54868-4424_0_0.jpg,reference,54868-4424,4140;SB,True
D:/Data/ePillID_data/ePillID_data\classification_data\segmented_nih_pills_224/54868-4424_0_1.jpg,reference,54868-4424,4140;SB,False
D:/Data/ePillID_data/ePillID_data\classification_data\segmented_nih_pills_224/54868-4540_0_0.jpg,reference,54868-4540,H8,True
D:/Data/ePillID_data/ePillID_data\classification_data\segmented_nih_pills_224/54868-4540_0_1.jpg,reference,54868-4540,H8,False
D:/Data/ePillID_data/ePillID_data\classification_data\segmented_nih_pills_224/54868-4673_0_0.jpg,reference,54868-4673,LAMICTAL;25,True
D:/Data/ePillID_data/ePillID_data\classification_data\segmented_nih_pills_224/54868-4673_0_1.jpg,reference,54868-4673,LAMICTAL;25,False
D:/Data/ePillID_data/ePillID_data\classification_data\segmented_nih_pills_224/54868-5021_0_0.jpg,reference,54868-5021,C;73,True
D:/Data/ePillID_data/ePillID_data\classification_data\segmented_nih_pills_224/54868-5021_0_1.jpg,reference,54868-5021,C;73,False
D:/Data/ePillID_data/ePillID_data\classification_data\segmented_nih_pills_224/54868-5064_0_0.jpg,reference,54868-5064,9;3;72;22,True
D:/Data/ePillID_data/ePillID_data\classification_data\segmented_nih_pills_224/54868-5064_0_1.jpg,reference,54868-5064,9;3;72;22,False
D:/Data/ePillID_data/ePillID_data\classification_data\segmented_nih_pills_224/54868-5079_0_0.jpg,reference,54868-5079,93;5126,True
D:/Data/ePillID_data/ePillID_data\classification_data\segmented_nih_pills_224/54868-5079_0_1.jpg,reference,54868-5079,93;5126,False
D:/Data/ePillID_data/ePillID_data\classification_data\segmented_nih_pills_224/54868-5231_0_0.jpg,reference,54868-5231,461;80;mg,True
D:/Data/ePillID_data/ePillID_data\classification_data\segmented_nih_pills_224/54868-5231_0_1.jpg,reference,54868-5231,461;80;mg,False
D:/Data/ePillID_data/ePillID_data\classification_data\segmented_nih_pills_224/54868-5250_0_0.jpg,reference,54868-5250,311,True
D:/Data/ePillID_data/ePillID_data\classification_data\segmented_nih_pills_224/54868-5250_0_1.jpg,reference,54868-5250,311,False
D:/Data/ePillID_data/ePillID_data\classification_data\segmented_nih_pills_224/54868-5282_0_0.jpg,reference,54868-5282,P02,True
D:/Data/ePillID_data/ePillID_data\classification_data\segmented_nih_pills_224/54868-5282_0_1.jpg,reference,54868-5282,P02,False
D:/Data/ePillID_data/ePillID_data\classification_data\segmented_nih_pills_224/54868-5303_0_0.jpg,reference,54868-5303,30,True
D:/Data/ePillID_data/ePillID_data\classification_data\segmented_nih_pills_224/54868-5303_0_1.jpg,reference,54868-5303,30,False
D:/Data/ePillID_data/ePillID_data\classification_data\segmented_nih_pills_224/54868-5415_0_0.jpg,reference,54868-5415,dp;46,True
D:/Data/ePillID_data/ePillID_data\classification_data\segmented_nih_pills_224/54868-5415_0_1.jpg,reference,54868-5415,dp;46,False
D:/Data/ePillID_data/ePillID_data\classification_data\segmented_nih_pills_224/54868-5417_0_0.jpg,reference,54868-5417,06,True
D:/Data/ePillID_data/ePillID_data\classification_data\segmented_nih_pills_224/54868-5417_0_1.jpg,reference,54868-5417,06,False
D:/Data/ePillID_data/ePillID_data\classification_data\segmented_nih_pills_224/54868-5461_0_0.jpg,reference,54868-5461,A,True
D:/Data/ePillID_data/ePillID_data\classification_data\segmented_nih_pills_224/54868-5461_0_1.jpg,reference,54868-5461,A,False
D:/Data/ePillID_data/ePillID_data\classification_data\segmented_nih_pills_224/54868-5505_0_0.jpg,reference,54868-5505,143,True
D:/Data/ePillID_data/ePillID_data\classification_data\segmented_nih_pills_224/54868-5505_0_1.jpg,reference,54868-5505,143,False
D:/Data/ePillID_data/ePillID_data\classification_data\segmented_nih_pills_224/54868-5627_0_0.jpg,reference,54868-5627,SV;10,True
D:/Data/ePillID_data/ePillID_data\classification_data\segmented_nih_pills_224/54868-5627_0_1.jpg,reference,54868-5627,SV;10,False
D:/Data/ePillID_data/ePillID_data\classification_data\segmented_nih_pills_224/54868-5738_0_0.jpg,reference,54868-5738,131,True
D:/Data/ePillID_data/ePillID_data\classification_data\segmented_nih_pills_224/54868-5738_0_1.jpg,reference,54868-5738,131,False
D:/Data/ePillID_data/ePillID_data\classification_data\segmented_nih_pills_224/54868-5795_0_0.jpg,reference,54868-5795,15,True
D:/Data/ePillID_data/ePillID_data\classification_data\segmented_nih_pills_224/54868-5795_0_1.jpg,reference,54868-5795,15,False
D:/Data/ePillID_data/ePillID_data\classification_data\segmented_nih_pills_224/54868-5840_0_0.jpg,reference,54868-5840,277,True
D:/Data/ePillID_data/ePillID_data\classification_data\segmented_nih_pills_224/54868-5840_0_1.jpg,reference,54868-5840,277,False
D:/Data/ePillID_data/ePillID_data\classification_data\segmented_nih_pills_224/54868-5842_0_0.jpg,reference,54868-5842,RP;5,True
D:/Data/ePillID_data/ePillID_data\classification_data\segmented_nih_pills_224/54868-5842_0_1.jpg,reference,54868-5842,RP;5,False
D:/Data/ePillID_data/ePillID_data\classification_data\segmented_nih_pills_224/54868-5856_0_0.jpg,reference,54868-5856,RP;2;5,True
D:/Data/ePillID_data/ePillID_data\classification_data\segmented_nih_pills_224/54868-5856_0_1.jpg,reference,54868-5856,RP;2;5,False
D:/Data/ePillID_data/ePillID_data\classification_data\segmented_nih_pills_224/54868-5950_0_0.jpg,reference,54868-5950,MP;512,True
D:/Data/ePillID_data/ePillID_data\classification_data\segmented_nih_pills_224/54868-5950_0_1.jpg,reference,54868-5950,MP;512,False
D:/Data/ePillID_data/ePillID_data\classification_data\segmented_nih_pills_224/54868-5953_0_0.jpg,reference,54868-5953,cor;202,True
D:/Data/ePillID_data/ePillID_data\classification_data\segmented_nih_pills_224/54868-5953_0_1.jpg,reference,54868-5953,cor;202,False
D:/Data/ePillID_data/ePillID_data\classification_data\segmented_nih_pills_224/54868-6014_0_0.jpg,reference,54868-6014,S;711,True
D:/Data/ePillID_data/ePillID_data\classification_data\segmented_nih_pills_224/54868-6014_0_1.jpg,reference,54868-6014,S;711,False
D:/Data/ePillID_data/ePillID_data\classification_data\segmented_nih_pills_224/54868-6031_0_0.jpg,reference,54868-6031,112,True
D:/Data/ePillID_data/ePillID_data\classification_data\segmented_nih_pills_224/54868-6031_0_1.jpg,reference,54868-6031,112,False
D:/Data/ePillID_data/ePillID_data\classification_data\segmented_nih_pills_224/54868-6085_0_0.jpg,reference,54868-6085,KU;114,True
D:/Data/ePillID_data/ePillID_data\classification_data\segmented_nih_pills_224/54868-6085_0_1.jpg,reference,54868-6085,KU;114,False
D:/Data/ePillID_data/ePillID_data\classification_data\segmented_nih_pills_224/54868-6097_0_0.jpg,reference,54868-6097,M;L;9,True
D:/Data/ePillID_data/ePillID_data\classification_data\segmented_nih_pills_224/54868-6097_0_1.jpg,reference,54868-6097,M;L;9,False
D:/Data/ePillID_data/ePillID_data\classification_data\segmented_nih_pills_224/54868-6123_0_0.jpg,reference,54868-6123,NVR;VFL,True
D:/Data/ePillID_data/ePillID_data\classification_data\segmented_nih_pills_224/54868-6123_0_1.jpg,reference,54868-6123,NVR;VFL,False
D:/Data/ePillID_data/ePillID_data\classification_data\segmented_nih_pills_224/54868-6129_0_0.jpg,reference,54868-6129,G;13;9,True
D:/Data/ePillID_data/ePillID_data\classification_data\segmented_nih_pills_224/54868-6129_0_1.jpg,reference,54868-6129,G;13;9,False
D:/Data/ePillID_data/ePillID_data\classification_data\segmented_nih_pills_224/54868-6165_0_0.jpg,reference,54868-6165,E;5,True
D:/Data/ePillID_data/ePillID_data\classification_data\segmented_nih_pills_224/54868-6165_0_1.jpg,reference,54868-6165,E;5,False
D:/Data/ePillID_data/ePillID_data\classification_data\segmented_nih_pills_224/54868-6206_0_0.jpg,reference,54868-6206,GIL;1,True
D:/Data/ePillID_data/ePillID_data\classification_data\segmented_nih_pills_224/54868-6206_0_1.jpg,reference,54868-6206,GIL;1,False
D:/Data/ePillID_data/ePillID_data\classification_data\segmented_nih_pills_224/55111-125_0_0.jpg,reference,55111-125,R;125,True
D:/Data/ePillID_data/ePillID_data\classification_data\segmented_nih_pills_224/55111-125_0_1.jpg,reference,55111-125,R;125,False
D:/Data/ePillID_data/ePillID_data\classification_data\segmented_nih_pills_224/55111-144_0_0.jpg,reference,55111-144,R;144,True
D:/Data/ePillID_data/ePillID_data\classification_data\segmented_nih_pills_224/55111-144_0_1.jpg,reference,55111-144,R;144,False
D:/Data/ePillID_data/ePillID_data\classification_data\segmented_nih_pills_224/55111-157_0_0.jpg,reference,55111-157,Omeprazole;10mg;R157,True
D:/Data/ePillID_data/ePillID_data\classification_data\segmented_nih_pills_224/55111-157_0_1.jpg,reference,55111-157,Omeprazole;10mg;R157,False
D:/Data/ePillID_data/ePillID_data\classification_data\segmented_nih_pills_224/55111-256_0_0.jpg,reference,55111-256,RDY;256,True
D:/Data/ePillID_data/ePillID_data\classification_data\segmented_nih_pills_224/55111-256_0_1.jpg,reference,55111-256,RDY;256,False
D:/Data/ePillID_data/ePillID_data\classification_data\segmented_nih_pills_224/55111-322_0_0.jpg,reference,55111-322,RDY;322,True
D:/Data/ePillID_data/ePillID_data\classification_data\segmented_nih_pills_224/55111-322_0_1.jpg,reference,55111-322,RDY;322,False
D:/Data/ePillID_data/ePillID_data\classification_data\segmented_nih_pills_224/55111-398_0_0.jpg,reference,55111-398,RDY;LAN,True
D:/Data/ePillID_data/ePillID_data\classification_data\segmented_nih_pills_224/55111-398_0_1.jpg,reference,55111-398,RDY;LAN,False
D:/Data/ePillID_data/ePillID_data\classification_data\segmented_nih_pills_224/55111-586_0_0.jpg,reference,55111-586,RDY;586,True
D:/Data/ePillID_data/ePillID_data\classification_data\segmented_nih_pills_224/55111-586_0_1.jpg,reference,55111-586,RDY;586,False
D:/Data/ePillID_data/ePillID_data\classification_data\segmented_nih_pills_224/55111-625_0_0.jpg,reference,55111-625,R;625,True
D:/Data/ePillID_data/ePillID_data\classification_data\segmented_nih_pills_224/55111-625_0_1.jpg,reference,55111-625,R;625,False
D:/Data/ePillID_data/ePillID_data\classification_data\segmented_nih_pills_224/55111-639_0_0.jpg,reference,55111-639,I;73,True
D:/Data/ePillID_data/ePillID_data\classification_data\segmented_nih_pills_224/55111-639_0_1.jpg,reference,55111-639,I;73,False
D:/Data/ePillID_data/ePillID_data\classification_data\segmented_nih_pills_224/55111-663_0_0.jpg,reference,55111-663,RDY;663,True
D:/Data/ePillID_data/ePillID_data\classification_data\segmented_nih_pills_224/55111-663_0_1.jpg,reference,55111-663,RDY;663,False
D:/Data/ePillID_data/ePillID_data\classification_data\segmented_nih_pills_224/55154-0219_0_0.jpg,reference,55154-219,PREMARIN;09,True
D:/Data/ePillID_data/ePillID_data\classification_data\segmented_nih_pills_224/55154-0219_0_1.jpg,reference,55154-219,PREMARIN;09,False
D:/Data/ePillID_data/ePillID_data\classification_data\segmented_nih_pills_224/55154-0328_0_0.jpg,reference,55154-328,4;NO,True
D:/Data/ePillID_data/ePillID_data\classification_data\segmented_nih_pills_224/55154-0328_0_1.jpg,reference,55154-328,4;NO,False
D:/Data/ePillID_data/ePillID_data\classification_data\segmented_nih_pills_224/55154-0539_0_0.jpg,reference,55154-539,GXL;2;5,True
D:/Data/ePillID_data/ePillID_data\classification_data\segmented_nih_pills_224/55154-0539_0_1.jpg,reference,55154-539,GXL;2;5,False
D:/Data/ePillID_data/ePillID_data\classification_data\segmented_nih_pills_224/55154-1422_0_0.jpg,reference,55154-1422,10;Xa,True
D:/Data/ePillID_data/ePillID_data\classification_data\segmented_nih_pills_224/55154-1422_0_1.jpg,reference,55154-1422,10;Xa,False
D:/Data/ePillID_data/ePillID_data\classification_data\segmented_nih_pills_224/55154-3650_0_0.jpg,reference,55154-3650,8667;S,True
D:/Data/ePillID_data/ePillID_data\classification_data\segmented_nih_pills_224/55154-3650_0_1.jpg,reference,55154-3650,8667;S,False
D:/Data/ePillID_data/ePillID_data\classification_data\segmented_nih_pills_224/55154-3935_0_0.jpg,reference,55154-3935,2,True
D:/Data/ePillID_data/ePillID_data\classification_data\segmented_nih_pills_224/55154-3935_0_1.jpg,reference,55154-3935,2,False
D:/Data/ePillID_data/ePillID_data\classification_data\segmented_nih_pills_224/55154-4233_0_0.jpg,reference,55154-4233,P;40,True
D:/Data/ePillID_data/ePillID_data\classification_data\segmented_nih_pills_224/55154-4233_0_1.jpg,reference,55154-4233,P;40,False
D:/Data/ePillID_data/ePillID_data\classification_data\segmented_nih_pills_224/55154-4518_0_0.jpg,reference,55154-4518,SB;8,True
D:/Data/ePillID_data/ePillID_data\classification_data\segmented_nih_pills_224/55154-4518_0_1.jpg,reference,55154-4518,SB;8,False
D:/Data/ePillID_data/ePillID_data\classification_data\segmented_nih_pills_224/55154-4619_0_0.jpg,reference,55154-4619,F;L;10,True
D:/Data/ePillID_data/ePillID_data\classification_data\segmented_nih_pills_224/55154-4619_0_1.jpg,reference,55154-4619,F;L;10,False
D:/Data/ePillID_data/ePillID_data\classification_data\segmented_nih_pills_224/55154-5016_0_0.jpg,reference,55154-5016,MRK;952;COZAAR,True
D:/Data/ePillID_data/ePillID_data\classification_data\segmented_nih_pills_224/55154-5016_0_1.jpg,reference,55154-5016,MRK;952;COZAAR,False
D:/Data/ePillID_data/ePillID_data\classification_data\segmented_nih_pills_224/55154-5041_0_0.jpg,reference,55154-5041,227,True
D:/Data/ePillID_data/ePillID_data\classification_data\segmented_nih_pills_224/55154-5041_0_1.jpg,reference,55154-5041,227,False
D:/Data/ePillID_data/ePillID_data\classification_data\segmented_nih_pills_224/55154-5159_0_0.jpg,reference,55154-5159,TAP;80,True
D:/Data/ePillID_data/ePillID_data\classification_data\segmented_nih_pills_224/55154-5159_0_1.jpg,reference,55154-5159,TAP;80,False
D:/Data/ePillID_data/ePillID_data\classification_data\segmented_nih_pills_224/55154-5599_0_0.jpg,reference,55154-5599,MYLAN;1610,True
D:/Data/ePillID_data/ePillID_data\classification_data\segmented_nih_pills_224/55154-5599_0_1.jpg,reference,55154-5599,MYLAN;1610,False
D:/Data/ePillID_data/ePillID_data\classification_data\segmented_nih_pills_224/55154-5673_0_0.jpg,reference,55154-5673,M;443,True
D:/Data/ePillID_data/ePillID_data\classification_data\segmented_nih_pills_224/55154-5673_0_1.jpg,reference,55154-5673,M;443,False
D:/Data/ePillID_data/ePillID_data\classification_data\segmented_nih_pills_224/55154-6131_0_0.jpg,reference,55154-6131,Sankyo;C22,True
D:/Data/ePillID_data/ePillID_data\classification_data\segmented_nih_pills_224/55154-6131_0_1.jpg,reference,55154-6131,Sankyo;C22,False
D:/Data/ePillID_data/ePillID_data\classification_data\segmented_nih_pills_224/55154-6157_0_0.jpg,reference,55154-6157,I;3759,True
D:/Data/ePillID_data/ePillID_data\classification_data\segmented_nih_pills_224/55154-6157_0_1.jpg,reference,55154-6157,I;3759,False
D:/Data/ePillID_data/ePillID_data\classification_data\segmented_nih_pills_224/55154-6349_0_0.jpg,reference,55154-6349,100;mg,True
D:/Data/ePillID_data/ePillID_data\classification_data\segmented_nih_pills_224/55154-6349_0_1.jpg,reference,55154-6349,100;mg,False
D:/Data/ePillID_data/ePillID_data\classification_data\segmented_nih_pills_224/55154-6815_0_0.jpg,reference,55154-6815,119,True
D:/Data/ePillID_data/ePillID_data\classification_data\segmented_nih_pills_224/55154-6815_0_1.jpg,reference,55154-6815,119,False
D:/Data/ePillID_data/ePillID_data\classification_data\segmented_nih_pills_224/55154-7230_0_0.jpg,reference,55154-7230,5011;V,True
D:/Data/ePillID_data/ePillID_data\classification_data\segmented_nih_pills_224/55154-7230_0_1.jpg,reference,55154-7230,5011;V,False
D:/Data/ePillID_data/ePillID_data\classification_data\segmented_nih_pills_224/55154-7552_0_0.jpg,reference,55154-7552,20;5728,True
D:/Data/ePillID_data/ePillID_data\classification_data\segmented_nih_pills_224/55154-7552_0_1.jpg,reference,55154-7552,20;5728,False
D:/Data/ePillID_data/ePillID_data\classification_data\segmented_nih_pills_224/55154-7777_0_0.jpg,reference,55154-7777,Mucinex;600,True
D:/Data/ePillID_data/ePillID_data\classification_data\segmented_nih_pills_224/55154-7777_0_1.jpg,reference,55154-7777,Mucinex;600,False
D:/Data/ePillID_data/ePillID_data\classification_data\segmented_nih_pills_224/55154-8281_0_0.jpg,reference,55154-8281,93;658,True
D:/Data/ePillID_data/ePillID_data\classification_data\segmented_nih_pills_224/55154-8281_0_1.jpg,reference,55154-8281,93;658,False
D:/Data/ePillID_data/ePillID_data\classification_data\segmented_nih_pills_224/55154-9728_0_0.jpg,reference,55154-9728,RENVELA;800,True
D:/Data/ePillID_data/ePillID_data\classification_data\segmented_nih_pills_224/55154-9728_0_1.jpg,reference,55154-9728,RENVELA;800,False
D:/Data/ePillID_data/ePillID_data\classification_data\segmented_nih_pills_224/55289-085_0_0.jpg,reference,55289-85,M;L;5,True
D:/Data/ePillID_data/ePillID_data\classification_data\segmented_nih_pills_224/55289-085_0_1.jpg,reference,55289-85,M;L;5,False
D:/Data/ePillID_data/ePillID_data\classification_data\segmented_nih_pills_224/55289-132_0_0.jpg,reference,55289-132,4,True
D:/Data/ePillID_data/ePillID_data\classification_data\segmented_nih_pills_224/55289-132_0_1.jpg,reference,55289-132,4,False
D:/Data/ePillID_data/ePillID_data\classification_data\segmented_nih_pills_224/55289-193_0_0.jpg,reference,55289-193,BAYER;20,True
D:/Data/ePillID_data/ePillID_data\classification_data\segmented_nih_pills_224/55289-193_0_1.jpg,reference,55289-193,BAYER;20,False
D:/Data/ePillID_data/ePillID_data\classification_data\segmented_nih_pills_224/55289-292_0_0.jpg,reference,55289-292,WATSON;780,True
D:/Data/ePillID_data/ePillID_data\classification_data\segmented_nih_pills_224/55289-292_0_1.jpg,reference,55289-292,WATSON;780,False
D:/Data/ePillID_data/ePillID_data\classification_data\segmented_nih_pills_224/55289-453_0_0.jpg,reference,55289-453,DAYPRO;1381,True
D:/Data/ePillID_data/ePillID_data\classification_data\segmented_nih_pills_224/55289-453_0_1.jpg,reference,55289-453,DAYPRO;1381,False
D:/Data/ePillID_data/ePillID_data\classification_data\segmented_nih_pills_224/55289-601_0_0.jpg,reference,55289-601,9;3;0924,True
D:/Data/ePillID_data/ePillID_data\classification_data\segmented_nih_pills_224/55289-601_0_1.jpg,reference,55289-601,9;3;0924,False
D:/Data/ePillID_data/ePillID_data\classification_data\segmented_nih_pills_224/55289-781_0_0.jpg,reference,55289-781,GG977,True
D:/Data/ePillID_data/ePillID_data\classification_data\segmented_nih_pills_224/55289-781_0_1.jpg,reference,55289-781,GG977,False
D:/Data/ePillID_data/ePillID_data\classification_data\segmented_nih_pills_224/55289-954_0_0.jpg,reference,55289-954,SUPRAX;LUPIN,True
D:/Data/ePillID_data/ePillID_data\classification_data\segmented_nih_pills_224/55289-954_0_1.jpg,reference,55289-954,SUPRAX;LUPIN,False
D:/Data/ePillID_data/ePillID_data\classification_data\segmented_nih_pills_224/55289-959_0_0.jpg,reference,55289-959,G;31,True
D:/Data/ePillID_data/ePillID_data\classification_data\segmented_nih_pills_224/55289-959_0_1.jpg,reference,55289-959,G;31,False
D:/Data/ePillID_data/ePillID_data\classification_data\segmented_nih_pills_224/55695-005_0_0.jpg,reference,55695-5,JACOBUS;25;102,True
D:/Data/ePillID_data/ePillID_data\classification_data\segmented_nih_pills_224/55695-005_0_1.jpg,reference,55695-5,JACOBUS;25;102,False
D:/Data/ePillID_data/ePillID_data\classification_data\segmented_nih_pills_224/55695-019_0_0.jpg,reference,55695-19,MSD;32,True
D:/Data/ePillID_data/ePillID_data\classification_data\segmented_nih_pills_224/55695-019_0_1.jpg,reference,55695-19,MSD;32,False
D:/Data/ePillID_data/ePillID_data\classification_data\segmented_nih_pills_224/55700-001_0_0.jpg,reference,55700-1,WATSON;657,True
D:/Data/ePillID_data/ePillID_data\classification_data\segmented_nih_pills_224/55700-001_0_1.jpg,reference,55700-1,WATSON;657,False
D:/Data/ePillID_data/ePillID_data\classification_data\segmented_nih_pills_224/55700-208_0_0.jpg,reference,55700-208,TL173,True
D:/Data/ePillID_data/ePillID_data\classification_data\segmented_nih_pills_224/55700-208_0_1.jpg,reference,55700-208,TL173,False
D:/Data/ePillID_data/ePillID_data\classification_data\segmented_nih_pills_224/55700-230_0_0.jpg,reference,55700-230,E;8;5,True
D:/Data/ePillID_data/ePillID_data\classification_data\segmented_nih_pills_224/55700-230_0_1.jpg,reference,55700-230,E;8;5,False
D:/Data/ePillID_data/ePillID_data\classification_data\segmented_nih_pills_224/55700-258_0_0.jpg,reference,55700-258,B;90,True
D:/Data/ePillID_data/ePillID_data\classification_data\segmented_nih_pills_224/55700-258_0_1.jpg,reference,55700-258,B;90,False
D:/Data/ePillID_data/ePillID_data\classification_data\segmented_nih_pills_224/55700-306_0_0.jpg,reference,55700-306,GGN7,True
D:/Data/ePillID_data/ePillID_data\classification_data\segmented_nih_pills_224/55700-306_0_1.jpg,reference,55700-306,GGN7,False
D:/Data/ePillID_data/ePillID_data\classification_data\segmented_nih_pills_224/55700-307_0_0.jpg,reference,55700-307,GG165,True
D:/Data/ePillID_data/ePillID_data\classification_data\segmented_nih_pills_224/55700-307_0_1.jpg,reference,55700-307,GG165,False
D:/Data/ePillID_data/ePillID_data\classification_data\segmented_nih_pills_224/55700-318_0_0.jpg,reference,55700-318,M;P9,True
D:/Data/ePillID_data/ePillID_data\classification_data\segmented_nih_pills_224/55700-318_0_1.jpg,reference,55700-318,M;P9,False
D:/Data/ePillID_data/ePillID_data\classification_data\segmented_nih_pills_224/57237-014_0_0.jpg,reference,57237-14,D;53,True
D:/Data/ePillID_data/ePillID_data\classification_data\segmented_nih_pills_224/57237-014_0_1.jpg,reference,57237-14,D;53,False
D:/Data/ePillID_data/ePillID_data\classification_data\segmented_nih_pills_224/57237-042_0_0.jpg,reference,57237-42,F;82,True
D:/Data/ePillID_data/ePillID_data\classification_data\segmented_nih_pills_224/57237-042_0_1.jpg,reference,57237-42,F;82,False
D:/Data/ePillID_data/ePillID_data\classification_data\segmented_nih_pills_224/57664-397_0_0.jpg,reference,57664-397,397,True
D:/Data/ePillID_data/ePillID_data\classification_data\segmented_nih_pills_224/57664-397_0_1.jpg,reference,57664-397,397,False
D:/Data/ePillID_data/ePillID_data\classification_data\segmented_nih_pills_224/57664-502_0_0.jpg,reference,57664-502,502,True
D:/Data/ePillID_data/ePillID_data\classification_data\segmented_nih_pills_224/57664-502_0_1.jpg,reference,57664-502,502,False
D:/Data/ePillID_data/ePillID_data\classification_data\segmented_nih_pills_224/57664-648_0_0.jpg,reference,57664-648,MP;30,True
D:/Data/ePillID_data/ePillID_data\classification_data\segmented_nih_pills_224/57664-648_0_1.jpg,reference,57664-648,MP;30,False
D:/Data/ePillID_data/ePillID_data\classification_data\segmented_nih_pills_224/57844-208_0_0.jpg,reference,57844-208,93;208;93;208,True
D:/Data/ePillID_data/ePillID_data\classification_data\segmented_nih_pills_224/57844-208_0_1.jpg,reference,57844-208,93;208;93;208,False
D:/Data/ePillID_data/ePillID_data\classification_data\segmented_nih_pills_224/57844-692_0_0.jpg,reference,57844-692,93;7331,True
D:/Data/ePillID_data/ePillID_data\classification_data\segmented_nih_pills_224/57844-692_0_1.jpg,reference,57844-692,93;7331,False
D:/Data/ePillID_data/ePillID_data\classification_data\segmented_nih_pills_224/58118-0014_0_0.jpg,reference,58118-14,GGL7,True
D:/Data/ePillID_data/ePillID_data\classification_data\segmented_nih_pills_224/58118-0014_0_1.jpg,reference,58118-14,GGL7,False
D:/Data/ePillID_data/ePillID_data\classification_data\segmented_nih_pills_224/58118-0032_0_0.jpg,reference,58118-32,9;3;7382,True
D:/Data/ePillID_data/ePillID_data\classification_data\segmented_nih_pills_224/58118-0032_0_1.jpg,reference,58118-32,9;3;7382,False
D:/Data/ePillID_data/ePillID_data\classification_data\segmented_nih_pills_224/58118-0062_0_0.jpg,reference,58118-62,832;BC20,True
D:/Data/ePillID_data/ePillID_data\classification_data\segmented_nih_pills_224/58118-0062_0_1.jpg,reference,58118-62,832;BC20,False
D:/Data/ePillID_data/ePillID_data\classification_data\segmented_nih_pills_224/58118-0064_0_0.jpg,reference,58118-64,TV;10;1720,True
D:/Data/ePillID_data/ePillID_data\classification_data\segmented_nih_pills_224/58118-0064_0_1.jpg,reference,58118-64,TV;10;1720,False
D:/Data/ePillID_data/ePillID_data\classification_data\segmented_nih_pills_224/58118-0085_0_0.jpg,reference,58118-85,257,True
D:/Data/ePillID_data/ePillID_data\classification_data\segmented_nih_pills_224/58118-0085_0_1.jpg,reference,58118-85,257,False
D:/Data/ePillID_data/ePillID_data\classification_data\segmented_nih_pills_224/59467-318_0_0.jpg,reference,59467-318,West;ward;118,True
D:/Data/ePillID_data/ePillID_data\classification_data\segmented_nih_pills_224/59467-318_0_1.jpg,reference,59467-318,West;ward;118,False
D:/Data/ePillID_data/ePillID_data\classification_data\segmented_nih_pills_224/59676-566_0_0.jpg,reference,59676-566,800;T,True
D:/Data/ePillID_data/ePillID_data\classification_data\segmented_nih_pills_224/59676-566_0_1.jpg,reference,59676-566,800;T,False
D:/Data/ePillID_data/ePillID_data\classification_data\segmented_nih_pills_224/59746-382_0_0.jpg,reference,59746-382,TL;382,True
D:/Data/ePillID_data/ePillID_data\classification_data\segmented_nih_pills_224/59746-382_0_1.jpg,reference,59746-382,TL;382,False
D:/Data/ePillID_data/ePillID_data\classification_data\segmented_nih_pills_224/59746-385_0_0.jpg,reference,59746-385,TL385,True
D:/Data/ePillID_data/ePillID_data\classification_data\segmented_nih_pills_224/59746-385_0_1.jpg,reference,59746-385,TL385,False
D:/Data/ePillID_data/ePillID_data\classification_data\segmented_nih_pills_224/59746-386_0_0.jpg,reference,59746-386,TL386,True
D:/Data/ePillID_data/ePillID_data\classification_data\segmented_nih_pills_224/59746-386_0_1.jpg,reference,59746-386,TL386,False
D:/Data/ePillID_data/ePillID_data\classification_data\segmented_nih_pills_224/59762-0049_0_0.jpg,reference,59762-49,MEDROL;8,True
D:/Data/ePillID_data/ePillID_data\classification_data\segmented_nih_pills_224/59762-0049_0_1.jpg,reference,59762-49,MEDROL;8,False
D:/Data/ePillID_data/ePillID_data\classification_data\segmented_nih_pills_224/59762-0810_0_0.jpg,reference,59762-810,KPI;232;Corgard;20,True
D:/Data/ePillID_data/ePillID_data\classification_data\segmented_nih_pills_224/59762-0810_0_1.jpg,reference,59762-810,KPI;232;Corgard;20,False
D:/Data/ePillID_data/ePillID_data\classification_data\segmented_nih_pills_224/59762-4440_0_0.jpg,reference,59762-4440,MEDROL;4,True
D:/Data/ePillID_data/ePillID_data\classification_data\segmented_nih_pills_224/59762-4440_0_1.jpg,reference,59762-4440,MEDROL;4,False
D:/Data/ePillID_data/ePillID_data\classification_data\segmented_nih_pills_224/59762-5023_0_0.jpg,reference,59762-5023,G;21,True
D:/Data/ePillID_data/ePillID_data\classification_data\segmented_nih_pills_224/59762-5023_0_1.jpg,reference,59762-5023,G;21,False
D:/Data/ePillID_data/ePillID_data\classification_data\segmented_nih_pills_224/59762-6002_0_0.jpg,reference,59762-6002,G;5002,True
D:/Data/ePillID_data/ePillID_data\classification_data\segmented_nih_pills_224/59762-6002_0_1.jpg,reference,59762-6002,G;5002,False
D:/Data/ePillID_data/ePillID_data\classification_data\segmented_nih_pills_224/59762-6691_0_0.jpg,reference,59762-6691,G;60,True
D:/Data/ePillID_data/ePillID_data\classification_data\segmented_nih_pills_224/59762-6691_0_1.jpg,reference,59762-6691,G;60,False
D:/Data/ePillID_data/ePillID_data\classification_data\segmented_nih_pills_224/60429-142_0_0.jpg,reference,60429-142,833,True
D:/Data/ePillID_data/ePillID_data\classification_data\segmented_nih_pills_224/60429-142_0_1.jpg,reference,60429-142,833,False
D:/Data/ePillID_data/ePillID_data\classification_data\segmented_nih_pills_224/60429-155_0_0.jpg,reference,60429-155,Westward;3126,True
D:/Data/ePillID_data/ePillID_data\classification_data\segmented_nih_pills_224/60429-155_0_1.jpg,reference,60429-155,Westward;3126,False
D:/Data/ePillID_data/ePillID_data\classification_data\segmented_nih_pills_224/60429-208_0_0.jpg,reference,60429-208,L;24;M,True
D:/Data/ePillID_data/ePillID_data\classification_data\segmented_nih_pills_224/60429-208_0_1.jpg,reference,60429-208,L;24;M,False
D:/Data/ePillID_data/ePillID_data\classification_data\segmented_nih_pills_224/60429-211_0_0.jpg,reference,60429-211,L;27;M,True
D:/Data/ePillID_data/ePillID_data\classification_data\segmented_nih_pills_224/60429-211_0_1.jpg,reference,60429-211,L;27;M,False
D:/Data/ePillID_data/ePillID_data\classification_data\segmented_nih_pills_224/60429-248_0_0.jpg,reference,60429-248,791,True
D:/Data/ePillID_data/ePillID_data\classification_data\segmented_nih_pills_224/60429-248_0_1.jpg,reference,60429-248,791,False
D:/Data/ePillID_data/ePillID_data\classification_data\segmented_nih_pills_224/60429-249_0_0.jpg,reference,60429-249,792,True
D:/Data/ePillID_data/ePillID_data\classification_data\segmented_nih_pills_224/60429-249_0_1.jpg,reference,60429-249,792,False
D:/Data/ePillID_data/ePillID_data\classification_data\segmented_nih_pills_224/60429-280_0_0.jpg,reference,60429-280,577;750,True
D:/Data/ePillID_data/ePillID_data\classification_data\segmented_nih_pills_224/60429-280_0_1.jpg,reference,60429-280,577;750,False
D:/Data/ePillID_data/ePillID_data\classification_data\segmented_nih_pills_224/60429-293_0_0.jpg,reference,60429-293,M;B3;5;5;5,True
D:/Data/ePillID_data/ePillID_data\classification_data\segmented_nih_pills_224/60429-293_0_1.jpg,reference,60429-293,M;B3;5;5;5,False
D:/Data/ePillID_data/ePillID_data\classification_data\segmented_nih_pills_224/60429-311_0_0.jpg,reference,60429-311,T;88,True
D:/Data/ePillID_data/ePillID_data\classification_data\segmented_nih_pills_224/60429-311_0_1.jpg,reference,60429-311,T;88,False
D:/Data/ePillID_data/ePillID_data\classification_data\segmented_nih_pills_224/60429-349_0_0.jpg,reference,60429-349,APO;LXR;500,True
D:/Data/ePillID_data/ePillID_data\classification_data\segmented_nih_pills_224/60429-349_0_1.jpg,reference,60429-349,APO;LXR;500,False
D:/Data/ePillID_data/ePillID_data\classification_data\segmented_nih_pills_224/60429-350_0_0.jpg,reference,60429-350,APO;LXR;750,True
D:/Data/ePillID_data/ePillID_data\classification_data\segmented_nih_pills_224/60429-350_0_1.jpg,reference,60429-350,APO;LXR;750,False
D:/Data/ePillID_data/ePillID_data\classification_data\segmented_nih_pills_224/60429-448_0_0.jpg,reference,60429-448,10;A,True
D:/Data/ePillID_data/ePillID_data\classification_data\segmented_nih_pills_224/60429-448_0_1.jpg,reference,60429-448,10;A,False
D:/Data/ePillID_data/ePillID_data\classification_data\segmented_nih_pills_224/60429-955_0_0.jpg,reference,60429-955,4;mg;ML;P18,True
D:/Data/ePillID_data/ePillID_data\classification_data\segmented_nih_pills_224/60429-955_0_1.jpg,reference,60429-955,4;mg;ML;P18,False
D:/Data/ePillID_data/ePillID_data\classification_data\segmented_nih_pills_224/60505-0094_0_0.jpg,reference,60505-94,APO;094,True
D:/Data/ePillID_data/ePillID_data\classification_data\segmented_nih_pills_224/60505-0094_0_1.jpg,reference,60505-94,APO;094,False
D:/Data/ePillID_data/ePillID_data\classification_data\segmented_nih_pills_224/60505-0102_0_0.jpg,reference,60505-102,APO;102;500,True
D:/Data/ePillID_data/ePillID_data\classification_data\segmented_nih_pills_224/60505-0102_0_1.jpg,reference,60505-102,APO;102;500,False
D:/Data/ePillID_data/ePillID_data\classification_data\segmented_nih_pills_224/60505-0145_0_0.jpg,reference,60505-145,APO;010,True
D:/Data/ePillID_data/ePillID_data\classification_data\segmented_nih_pills_224/60505-0145_0_1.jpg,reference,60505-145,APO;010,False
D:/Data/ePillID_data/ePillID_data\classification_data\segmented_nih_pills_224/60505-0183_0_0.jpg,reference,60505-183,APO;200,True
D:/Data/ePillID_data/ePillID_data\classification_data\segmented_nih_pills_224/60505-0183_0_1.jpg,reference,60505-183,APO;200,False
D:/Data/ePillID_data/ePillID_data\classification_data\segmented_nih_pills_224/60505-0223_0_0.jpg,reference,60505-223,APO;AF;120,True
D:/Data/ePillID_data/ePillID_data\classification_data\segmented_nih_pills_224/60505-0223_0_1.jpg,reference,60505-223,APO;AF;120,False
D:/Data/ePillID_data/ePillID_data\classification_data\segmented_nih_pills_224/60505-1325_0_0.jpg,reference,60505-1325,APO;MID;10,True
D:/Data/ePillID_data/ePillID_data\classification_data\segmented_nih_pills_224/60505-1325_0_1.jpg,reference,60505-1325,APO;MID;10,False
D:/Data/ePillID_data/ePillID_data\classification_data\segmented_nih_pills_224/60505-2518_0_0.jpg,reference,60505-2518,APO;CI;10,True
D:/Data/ePillID_data/ePillID_data\classification_data\segmented_nih_pills_224/60505-2518_0_1.jpg,reference,60505-2518,APO;CI;10,False
D:/Data/ePillID_data/ePillID_data\classification_data\segmented_nih_pills_224/60505-2607_0_0.jpg,reference,60505-2607,APO;625,True
D:/Data/ePillID_data/ePillID_data\classification_data\segmented_nih_pills_224/60505-2607_0_1.jpg,reference,60505-2607,APO;625,False
D:/Data/ePillID_data/ePillID_data\classification_data\segmented_nih_pills_224/60505-3121_0_0.jpg,reference,60505-3121,APO;F130,True
D:/Data/ePillID_data/ePillID_data\classification_data\segmented_nih_pills_224/60505-3121_0_1.jpg,reference,60505-3121,APO;F130,False
D:/Data/ePillID_data/ePillID_data\classification_data\segmented_nih_pills_224/60505-3140_0_0.jpg,reference,60505-3140,APO;OLA;20,True
D:/Data/ePillID_data/ePillID_data\classification_data\segmented_nih_pills_224/60505-3140_0_1.jpg,reference,60505-3140,APO;OLA;20,False
D:/Data/ePillID_data/ePillID_data\classification_data\segmented_nih_pills_224/60505-3145_0_0.jpg,reference,60505-3145,APO;C30,True
D:/Data/ePillID_data/ePillID_data\classification_data\segmented_nih_pills_224/60505-3145_0_1.jpg,reference,60505-3145,APO;C30,False
D:/Data/ePillID_data/ePillID_data\classification_data\segmented_nih_pills_224/60505-3758_0_0.jpg,reference,60505-3758,APO;16;12;5,True
D:/Data/ePillID_data/ePillID_data\classification_data\segmented_nih_pills_224/60505-3758_0_1.jpg,reference,60505-3758,APO;16;12;5,False
D:/Data/ePillID_data/ePillID_data\classification_data\segmented_nih_pills_224/60505-3759_0_0.jpg,reference,60505-3759,APO;32;12;5,True
D:/Data/ePillID_data/ePillID_data\classification_data\segmented_nih_pills_224/60505-3759_0_1.jpg,reference,60505-3759,APO;32;12;5,False
D:/Data/ePillID_data/ePillID_data\classification_data\segmented_nih_pills_224/60687-105_0_0.jpg,reference,60687-105,555;779;b,True
D:/Data/ePillID_data/ePillID_data\classification_data\segmented_nih_pills_224/60687-105_0_1.jpg,reference,60687-105,555;779;b,False
D:/Data/ePillID_data/ePillID_data\classification_data\segmented_nih_pills_224/60687-130_0_0.jpg,reference,60687-130,ACL;032,True
D:/Data/ePillID_data/ePillID_data\classification_data\segmented_nih_pills_224/60687-130_0_1.jpg,reference,60687-130,ACL;032,False
D:/Data/ePillID_data/ePillID_data\classification_data\segmented_nih_pills_224/60760-271_0_0.jpg,reference,60760-271,717,True
D:/Data/ePillID_data/ePillID_data\classification_data\segmented_nih_pills_224/60760-271_0_1.jpg,reference,60760-271,717,False
D:/Data/ePillID_data/ePillID_data\classification_data\segmented_nih_pills_224/60760-370_0_0.jpg,reference,60760-370,792,True
D:/Data/ePillID_data/ePillID_data\classification_data\segmented_nih_pills_224/60760-370_0_1.jpg,reference,60760-370,792,False
D:/Data/ePillID_data/ePillID_data\classification_data\segmented_nih_pills_224/60793-853_0_0.jpg,reference,60793-853,Levoxyl;dp;88,True
D:/Data/ePillID_data/ePillID_data\classification_data\segmented_nih_pills_224/60793-853_0_1.jpg,reference,60793-853,Levoxyl;dp;88,False
D:/Data/ePillID_data/ePillID_data\classification_data\segmented_nih_pills_224/60846-803_0_0.jpg,reference,60846-803,JSP;515,True
D:/Data/ePillID_data/ePillID_data\classification_data\segmented_nih_pills_224/60846-803_0_1.jpg,reference,60846-803,JSP;515,False
D:/Data/ePillID_data/ePillID_data\classification_data\segmented_nih_pills_224/61442-142_0_0.jpg,reference,61442-142,CTI;142,True
D:/Data/ePillID_data/ePillID_data\classification_data\segmented_nih_pills_224/61442-142_0_1.jpg,reference,61442-142,CTI;142,False
D:/Data/ePillID_data/ePillID_data\classification_data\segmented_nih_pills_224/61442-143_0_0.jpg,reference,61442-143,CTI;143,True
D:/Data/ePillID_data/ePillID_data\classification_data\segmented_nih_pills_224/61442-143_0_1.jpg,reference,61442-143,CTI;143,False
D:/Data/ePillID_data/ePillID_data\classification_data\segmented_nih_pills_224/61442-172_0_0.jpg,reference,61442-172,KRC500,True
D:/Data/ePillID_data/ePillID_data\classification_data\segmented_nih_pills_224/61442-172_0_1.jpg,reference,61442-172,KRC500,False
D:/Data/ePillID_data/ePillID_data\classification_data\segmented_nih_pills_224/61442-323_0_0.jpg,reference,61442-323,YS;03,True
D:/Data/ePillID_data/ePillID_data\classification_data\segmented_nih_pills_224/61442-323_0_1.jpg,reference,61442-323,YS;03,False
D:/Data/ePillID_data/ePillID_data\classification_data\segmented_nih_pills_224/61786-201_0_0.jpg,reference,61786-201,E613,True
D:/Data/ePillID_data/ePillID_data\classification_data\segmented_nih_pills_224/61786-201_0_1.jpg,reference,61786-201,E613,False
D:/Data/ePillID_data/ePillID_data\classification_data\segmented_nih_pills_224/61786-256_0_0.jpg,reference,61786-256,RI1,True
D:/Data/ePillID_data/ePillID_data\classification_data\segmented_nih_pills_224/61786-256_0_1.jpg,reference,61786-256,RI1,False
D:/Data/ePillID_data/ePillID_data\classification_data\segmented_nih_pills_224/61786-263_0_0.jpg,reference,61786-263,RX696,True
D:/Data/ePillID_data/ePillID_data\classification_data\segmented_nih_pills_224/61786-263_0_1.jpg,reference,61786-263,RX696,False
D:/Data/ePillID_data/ePillID_data\classification_data\segmented_nih_pills_224/61786-290_0_0.jpg,reference,61786-290,LU;P12,True
D:/Data/ePillID_data/ePillID_data\classification_data\segmented_nih_pills_224/61786-290_0_1.jpg,reference,61786-290,LU;P12,False
D:/Data/ePillID_data/ePillID_data\classification_data\segmented_nih_pills_224/61786-319_0_0.jpg,reference,61786-319,E;89,True
D:/Data/ePillID_data/ePillID_data\classification_data\segmented_nih_pills_224/61786-319_0_1.jpg,reference,61786-319,E;89,False
D:/Data/ePillID_data/ePillID_data\classification_data\segmented_nih_pills_224/61786-413_0_0.jpg,reference,61786-413,NC;200,True
D:/Data/ePillID_data/ePillID_data\classification_data\segmented_nih_pills_224/61786-413_0_1.jpg,reference,61786-413,NC;200,False
D:/Data/ePillID_data/ePillID_data\classification_data\segmented_nih_pills_224/61786-445_0_0.jpg,reference,61786-445,Tegretol;27;27,True
D:/Data/ePillID_data/ePillID_data\classification_data\segmented_nih_pills_224/61786-445_0_1.jpg,reference,61786-445,Tegretol;27;27,False
D:/Data/ePillID_data/ePillID_data\classification_data\segmented_nih_pills_224/61786-490_0_0.jpg,reference,61786-490,U;136,True
D:/Data/ePillID_data/ePillID_data\classification_data\segmented_nih_pills_224/61786-490_0_1.jpg,reference,61786-490,U;136,False
D:/Data/ePillID_data/ePillID_data\classification_data\segmented_nih_pills_224/61786-514_0_0.jpg,reference,61786-514,54;377,True
D:/Data/ePillID_data/ePillID_data\classification_data\segmented_nih_pills_224/61786-514_0_1.jpg,reference,61786-514,54;377,False
D:/Data/ePillID_data/ePillID_data\classification_data\segmented_nih_pills_224/61786-516_0_0.jpg,reference,61786-516,115;H,True
D:/Data/ePillID_data/ePillID_data\classification_data\segmented_nih_pills_224/61786-516_0_1.jpg,reference,61786-516,115;H,False
D:/Data/ePillID_data/ePillID_data\classification_data\segmented_nih_pills_224/61786-524_0_0.jpg,reference,61786-524,54;137,True
D:/Data/ePillID_data/ePillID_data\classification_data\segmented_nih_pills_224/61786-524_0_1.jpg,reference,61786-524,54;137,False
D:/Data/ePillID_data/ePillID_data\classification_data\segmented_nih_pills_224/61786-526_0_0.jpg,reference,61786-526,R1;1037,True
D:/Data/ePillID_data/ePillID_data\classification_data\segmented_nih_pills_224/61786-526_0_1.jpg,reference,61786-526,R1;1037,False
D:/Data/ePillID_data/ePillID_data\classification_data\segmented_nih_pills_224/61786-549_0_0.jpg,reference,61786-549,M;3,True
D:/Data/ePillID_data/ePillID_data\classification_data\segmented_nih_pills_224/61786-549_0_1.jpg,reference,61786-549,M;3,False
D:/Data/ePillID_data/ePillID_data\classification_data\segmented_nih_pills_224/61786-570_0_0.jpg,reference,61786-570,3;WARFARIN;TARO,True
D:/Data/ePillID_data/ePillID_data\classification_data\segmented_nih_pills_224/61786-570_0_1.jpg,reference,61786-570,3;WARFARIN;TARO,False
D:/Data/ePillID_data/ePillID_data\classification_data\segmented_nih_pills_224/61786-600_0_0.jpg,reference,61786-600,EP;127,True
D:/Data/ePillID_data/ePillID_data\classification_data\segmented_nih_pills_224/61786-600_0_1.jpg,reference,61786-600,EP;127,False
D:/Data/ePillID_data/ePillID_data\classification_data\segmented_nih_pills_224/61786-629_0_0.jpg,reference,61786-629,H;1,True
D:/Data/ePillID_data/ePillID_data\classification_data\segmented_nih_pills_224/61786-629_0_1.jpg,reference,61786-629,H;1,False
D:/Data/ePillID_data/ePillID_data\classification_data\segmented_nih_pills_224/61786-640_0_0.jpg,reference,61786-640,4096;TV,True
D:/Data/ePillID_data/ePillID_data\classification_data\segmented_nih_pills_224/61786-640_0_1.jpg,reference,61786-640,4096;TV,False
D:/Data/ePillID_data/ePillID_data\classification_data\segmented_nih_pills_224/61786-771_0_0.jpg,reference,61786-771,SV;572;50,True
D:/Data/ePillID_data/ePillID_data\classification_data\segmented_nih_pills_224/61786-771_0_1.jpg,reference,61786-771,SV;572;50,False
D:/Data/ePillID_data/ePillID_data\classification_data\segmented_nih_pills_224/61786-843_0_0.jpg,reference,61786-843,227,True
D:/Data/ePillID_data/ePillID_data\classification_data\segmented_nih_pills_224/61786-843_0_1.jpg,reference,61786-843,227,False
D:/Data/ePillID_data/ePillID_data\classification_data\segmented_nih_pills_224/61786-860_0_0.jpg,reference,61786-860,FL;20;G,True
D:/Data/ePillID_data/ePillID_data\classification_data\segmented_nih_pills_224/61786-860_0_1.jpg,reference,61786-860,FL;20;G,False
D:/Data/ePillID_data/ePillID_data\classification_data\segmented_nih_pills_224/61786-872_0_0.jpg,reference,61786-872,TARO;NTP75,True
D:/Data/ePillID_data/ePillID_data\classification_data\segmented_nih_pills_224/61786-872_0_1.jpg,reference,61786-872,TARO;NTP75,False
D:/Data/ePillID_data/ePillID_data\classification_data\segmented_nih_pills_224/61919-098_0_0.jpg,reference,61919-98,702,True
D:/Data/ePillID_data/ePillID_data\classification_data\segmented_nih_pills_224/61919-098_0_1.jpg,reference,61919-98,702,False
D:/Data/ePillID_data/ePillID_data\classification_data\segmented_nih_pills_224/61919-157_0_0.jpg,reference,61919-157,LUPIN;RAMIPRIL;5;mg,True
D:/Data/ePillID_data/ePillID_data\classification_data\segmented_nih_pills_224/61919-157_0_1.jpg,reference,61919-157,LUPIN;RAMIPRIL;5;mg,False
D:/Data/ePillID_data/ePillID_data\classification_data\segmented_nih_pills_224/61919-178_0_0.jpg,reference,61919-178,391,True
D:/Data/ePillID_data/ePillID_data\classification_data\segmented_nih_pills_224/61919-178_0_1.jpg,reference,61919-178,391,False
D:/Data/ePillID_data/ePillID_data\classification_data\segmented_nih_pills_224/61919-238_0_0.jpg,reference,61919-238,TEVA;50mg;0812,True
D:/Data/ePillID_data/ePillID_data\classification_data\segmented_nih_pills_224/61919-238_0_1.jpg,reference,61919-238,TEVA;50mg;0812,False
D:/Data/ePillID_data/ePillID_data\classification_data\segmented_nih_pills_224/61919-371_0_0.jpg,reference,61919-371,P;250,True
D:/Data/ePillID_data/ePillID_data\classification_data\segmented_nih_pills_224/61919-371_0_1.jpg,reference,61919-371,P;250,False
D:/Data/ePillID_data/ePillID_data\classification_data\segmented_nih_pills_224/61919-457_0_0.jpg,reference,61919-457,213;IG,True
D:/Data/ePillID_data/ePillID_data\classification_data\segmented_nih_pills_224/61919-457_0_1.jpg,reference,61919-457,213;IG,False
D:/Data/ePillID_data/ePillID_data\classification_data\segmented_nih_pills_224/61919-530_0_0.jpg,reference,61919-530,J;50,True
D:/Data/ePillID_data/ePillID_data\classification_data\segmented_nih_pills_224/61919-530_0_1.jpg,reference,61919-530,J;50,False
D:/Data/ePillID_data/ePillID_data\classification_data\segmented_nih_pills_224/61919-657_0_0.jpg,reference,61919-657,H;P;248,True
D:/Data/ePillID_data/ePillID_data\classification_data\segmented_nih_pills_224/61919-657_0_1.jpg,reference,61919-657,H;P;248,False
D:/Data/ePillID_data/ePillID_data\classification_data\segmented_nih_pills_224/61919-679_0_0.jpg,reference,61919-679,122;C,True
D:/Data/ePillID_data/ePillID_data\classification_data\segmented_nih_pills_224/61919-679_0_1.jpg,reference,61919-679,122;C,False
D:/Data/ePillID_data/ePillID_data\classification_data\segmented_nih_pills_224/61919-720_0_0.jpg,reference,61919-720,37;46;V;V,True
D:/Data/ePillID_data/ePillID_data\classification_data\segmented_nih_pills_224/61919-720_0_1.jpg,reference,61919-720,37;46;V;V,False
D:/Data/ePillID_data/ePillID_data\classification_data\segmented_nih_pills_224/61919-735_0_0.jpg,reference,61919-735,P;750,True
D:/Data/ePillID_data/ePillID_data\classification_data\segmented_nih_pills_224/61919-735_0_1.jpg,reference,61919-735,P;750,False
D:/Data/ePillID_data/ePillID_data\classification_data\segmented_nih_pills_224/61919-775_0_0.jpg,reference,61919-775,G24;100,True
D:/Data/ePillID_data/ePillID_data\classification_data\segmented_nih_pills_224/61919-775_0_1.jpg,reference,61919-775,G24;100,False
D:/Data/ePillID_data/ePillID_data\classification_data\segmented_nih_pills_224/62037-598_0_0.jpg,reference,62037-598,Andrx;598;180;mg,True
D:/Data/ePillID_data/ePillID_data\classification_data\segmented_nih_pills_224/62037-598_0_1.jpg,reference,62037-598,Andrx;598;180;mg,False
D:/Data/ePillID_data/ePillID_data\classification_data\segmented_nih_pills_224/62175-107_0_0.jpg,reference,62175-107,20;KU;107,True
D:/Data/ePillID_data/ePillID_data\classification_data\segmented_nih_pills_224/62175-107_0_1.jpg,reference,62175-107,20;KU;107,False
D:/Data/ePillID_data/ePillID_data\classification_data\segmented_nih_pills_224/62175-129_0_0.jpg,reference,62175-129,KU;129,True
D:/Data/ePillID_data/ePillID_data\classification_data\segmented_nih_pills_224/62175-129_0_1.jpg,reference,62175-129,KU;129,False
D:/Data/ePillID_data/ePillID_data\classification_data\segmented_nih_pills_224/62175-272_0_0.jpg,reference,62175-272,KU;272,True
D:/Data/ePillID_data/ePillID_data\classification_data\segmented_nih_pills_224/62175-272_0_1.jpg,reference,62175-272,KU;272,False
D:/Data/ePillID_data/ePillID_data\classification_data\segmented_nih_pills_224/62175-485_0_0.jpg,reference,62175-485,KU;485;100;mg,True
D:/Data/ePillID_data/ePillID_data\classification_data\segmented_nih_pills_224/62175-485_0_1.jpg,reference,62175-485,KU;485;100;mg,False
D:/Data/ePillID_data/ePillID_data\classification_data\segmented_nih_pills_224/62175-487_0_0.jpg,reference,62175-487,KU;487;300;mg,True
D:/Data/ePillID_data/ePillID_data\classification_data\segmented_nih_pills_224/62175-487_0_1.jpg,reference,62175-487,KU;487;300;mg,False
D:/Data/ePillID_data/ePillID_data\classification_data\segmented_nih_pills_224/62175-617_0_0.jpg,reference,62175-617,17,True
D:/Data/ePillID_data/ePillID_data\classification_data\segmented_nih_pills_224/62175-617_0_1.jpg,reference,62175-617,17,False
D:/Data/ePillID_data/ePillID_data\classification_data\segmented_nih_pills_224/62559-160_0_0.jpg,reference,62559-160,1221,True
D:/Data/ePillID_data/ePillID_data\classification_data\segmented_nih_pills_224/62559-160_0_1.jpg,reference,62559-160,1221,False
D:/Data/ePillID_data/ePillID_data\classification_data\segmented_nih_pills_224/62756-143_0_0.jpg,reference,62756-143,143,True
D:/Data/ePillID_data/ePillID_data\classification_data\segmented_nih_pills_224/62756-143_0_1.jpg,reference,62756-143,143,False
D:/Data/ePillID_data/ePillID_data\classification_data\segmented_nih_pills_224/62756-147_0_0.jpg,reference,62756-147,147;147,True
D:/Data/ePillID_data/ePillID_data\classification_data\segmented_nih_pills_224/62756-147_0_1.jpg,reference,62756-147,147;147,False
D:/Data/ePillID_data/ePillID_data\classification_data\segmented_nih_pills_224/62756-519_0_0.jpg,reference,62756-519,519,True
D:/Data/ePillID_data/ePillID_data\classification_data\segmented_nih_pills_224/62756-519_0_1.jpg,reference,62756-519,519,False
D:/Data/ePillID_data/ePillID_data\classification_data\segmented_nih_pills_224/62856-583_0_0.jpg,reference,62856-583,263,True
D:/Data/ePillID_data/ePillID_data\classification_data\segmented_nih_pills_224/62856-583_0_1.jpg,reference,62856-583,263,False
D:/Data/ePillID_data/ePillID_data\classification_data\segmented_nih_pills_224/63187-218_0_0.jpg,reference,63187-218,7188;9;3,True
D:/Data/ePillID_data/ePillID_data\classification_data\segmented_nih_pills_224/63187-218_0_1.jpg,reference,63187-218,7188;9;3,False
D:/Data/ePillID_data/ePillID_data\classification_data\segmented_nih_pills_224/63187-273_0_0.jpg,reference,63187-273,833;TEVA,True
D:/Data/ePillID_data/ePillID_data\classification_data\segmented_nih_pills_224/63187-273_0_1.jpg,reference,63187-273,833;TEVA,False
D:/Data/ePillID_data/ePillID_data\classification_data\segmented_nih_pills_224/63187-402_0_0.jpg,reference,63187-402,TV;1003;5;5;5,True
D:/Data/ePillID_data/ePillID_data\classification_data\segmented_nih_pills_224/63187-402_0_1.jpg,reference,63187-402,TV;1003;5;5;5,False
D:/Data/ePillID_data/ePillID_data\classification_data\segmented_nih_pills_224/63187-486_0_0.jpg,reference,63187-486,AHI;4,True
D:/Data/ePillID_data/ePillID_data\classification_data\segmented_nih_pills_224/63187-486_0_1.jpg,reference,63187-486,AHI;4,False
D:/Data/ePillID_data/ePillID_data\classification_data\segmented_nih_pills_224/63187-554_0_0.jpg,reference,63187-554,APO;MI;30,True
D:/Data/ePillID_data/ePillID_data\classification_data\segmented_nih_pills_224/63187-554_0_1.jpg,reference,63187-554,APO;MI;30,False
D:/Data/ePillID_data/ePillID_data\classification_data\segmented_nih_pills_224/63187-573_0_0.jpg,reference,63187-573,JSP;561,True
D:/Data/ePillID_data/ePillID_data\classification_data\segmented_nih_pills_224/63187-573_0_1.jpg,reference,63187-573,JSP;561,False
D:/Data/ePillID_data/ePillID_data\classification_data\segmented_nih_pills_224/63187-630_0_0.jpg,reference,63187-630,TEVA;7465,True
D:/Data/ePillID_data/ePillID_data\classification_data\segmented_nih_pills_224/63187-630_0_1.jpg,reference,63187-630,TEVA;7465,False
D:/Data/ePillID_data/ePillID_data\classification_data\segmented_nih_pills_224/63187-642_0_0.jpg,reference,63187-642,RI2,True
D:/Data/ePillID_data/ePillID_data\classification_data\segmented_nih_pills_224/63187-642_0_1.jpg,reference,63187-642,RI2,False
D:/Data/ePillID_data/ePillID_data\classification_data\segmented_nih_pills_224/63187-679_0_0.jpg,reference,63187-679,A;0;6,True
D:/Data/ePillID_data/ePillID_data\classification_data\segmented_nih_pills_224/63187-679_0_1.jpg,reference,63187-679,A;0;6,False
D:/Data/ePillID_data/ePillID_data\classification_data\segmented_nih_pills_224/63187-757_0_0.jpg,reference,63187-757,HH;330,True
D:/Data/ePillID_data/ePillID_data\classification_data\segmented_nih_pills_224/63187-757_0_1.jpg,reference,63187-757,HH;330,False
D:/Data/ePillID_data/ePillID_data\classification_data\segmented_nih_pills_224/63304-240_0_0.jpg,reference,63304-240,R50,True
D:/Data/ePillID_data/ePillID_data\classification_data\segmented_nih_pills_224/63304-240_0_1.jpg,reference,63304-240,R50,False
D:/Data/ePillID_data/ePillID_data\classification_data\segmented_nih_pills_224/63304-479_0_0.jpg,reference,63304-479,EVOXAC;30mg,True
D:/Data/ePillID_data/ePillID_data\classification_data\segmented_nih_pills_224/63304-479_0_1.jpg,reference,63304-479,EVOXAC;30mg,False
D:/Data/ePillID_data/ePillID_data\classification_data\segmented_nih_pills_224/63304-794_0_0.jpg,reference,63304-794,RX794,True
D:/Data/ePillID_data/ePillID_data\classification_data\segmented_nih_pills_224/63304-794_0_1.jpg,reference,63304-794,RX794,False
D:/Data/ePillID_data/ePillID_data\classification_data\segmented_nih_pills_224/63459-225_0_0.jpg,reference,63459-225,C;225,True
D:/Data/ePillID_data/ePillID_data\classification_data\segmented_nih_pills_224/63459-225_0_1.jpg,reference,63459-225,C;225,False
D:/Data/ePillID_data/ePillID_data\classification_data\segmented_nih_pills_224/63459-544_0_0.jpg,reference,63459-544,4;C,True
D:/Data/ePillID_data/ePillID_data\classification_data\segmented_nih_pills_224/63459-544_0_1.jpg,reference,63459-544,4;C,False
D:/Data/ePillID_data/ePillID_data\classification_data\segmented_nih_pills_224/63459-546_0_0.jpg,reference,63459-546,6;C,True
D:/Data/ePillID_data/ePillID_data\classification_data\segmented_nih_pills_224/63459-546_0_1.jpg,reference,63459-546,6;C,False
D:/Data/ePillID_data/ePillID_data\classification_data\segmented_nih_pills_224/63629-1342_0_0.jpg,reference,63629-1342,TCL;131,True
D:/Data/ePillID_data/ePillID_data\classification_data\segmented_nih_pills_224/63629-1342_0_1.jpg,reference,63629-1342,TCL;131,False
D:/Data/ePillID_data/ePillID_data\classification_data\segmented_nih_pills_224/63629-1513_0_0.jpg,reference,63629-1513,61;60;V,True
D:/Data/ePillID_data/ePillID_data\classification_data\segmented_nih_pills_224/63629-1513_0_1.jpg,reference,63629-1513,61;60;V,False
D:/Data/ePillID_data/ePillID_data\classification_data\segmented_nih_pills_224/63629-1837_0_0.jpg,reference,63629-1837,88;GG;334,True
D:/Data/ePillID_data/ePillID_data\classification_data\segmented_nih_pills_224/63629-1837_0_1.jpg,reference,63629-1837,88;GG;334,False
D:/Data/ePillID_data/ePillID_data\classification_data\segmented_nih_pills_224/63629-1842_0_0.jpg,reference,63629-1842,2778,True
D:/Data/ePillID_data/ePillID_data\classification_data\segmented_nih_pills_224/63629-1842_0_1.jpg,reference,63629-1842,2778,False
D:/Data/ePillID_data/ePillID_data\classification_data\segmented_nih_pills_224/63629-2548_0_0.jpg,reference,63629-2548,5;WARFARIN;TARO,True
D:/Data/ePillID_data/ePillID_data\classification_data\segmented_nih_pills_224/63629-2548_0_1.jpg,reference,63629-2548,5;WARFARIN;TARO,False
D:/Data/ePillID_data/ePillID_data\classification_data\segmented_nih_pills_224/63629-2792_0_0.jpg,reference,63629-2792,PLIVA;482,True
D:/Data/ePillID_data/ePillID_data\classification_data\segmented_nih_pills_224/63629-2792_0_1.jpg,reference,63629-2792,PLIVA;482,False
D:/Data/ePillID_data/ePillID_data\classification_data\segmented_nih_pills_224/63629-2796_0_0.jpg,reference,63629-2796,RX694,True
D:/Data/ePillID_data/ePillID_data\classification_data\segmented_nih_pills_224/63629-2796_0_1.jpg,reference,63629-2796,RX694,False
D:/Data/ePillID_data/ePillID_data\classification_data\segmented_nih_pills_224/63629-2825_0_0.jpg,reference,63629-2825,AP;121,True
D:/Data/ePillID_data/ePillID_data\classification_data\segmented_nih_pills_224/63629-2825_0_1.jpg,reference,63629-2825,AP;121,False
D:/Data/ePillID_data/ePillID_data\classification_data\segmented_nih_pills_224/63629-3309_0_0.jpg,reference,63629-3309,I;G;213,True
D:/Data/ePillID_data/ePillID_data\classification_data\segmented_nih_pills_224/63629-3309_0_1.jpg,reference,63629-3309,I;G;213,False
D:/Data/ePillID_data/ePillID_data\classification_data\segmented_nih_pills_224/63629-3375_0_0.jpg,reference,63629-3375,204,True
D:/Data/ePillID_data/ePillID_data\classification_data\segmented_nih_pills_224/63629-3375_0_1.jpg,reference,63629-3375,204,False
D:/Data/ePillID_data/ePillID_data\classification_data\segmented_nih_pills_224/63629-3610_0_0.jpg,reference,63629-3610,VALTREX;500;mg,True
D:/Data/ePillID_data/ePillID_data\classification_data\segmented_nih_pills_224/63629-3610_0_1.jpg,reference,63629-3610,VALTREX;500;mg,False
D:/Data/ePillID_data/ePillID_data\classification_data\segmented_nih_pills_224/63629-3768_0_0.jpg,reference,63629-3768,1;0;dp,True
D:/Data/ePillID_data/ePillID_data\classification_data\segmented_nih_pills_224/63629-3768_0_1.jpg,reference,63629-3768,1;0;dp,False
D:/Data/ePillID_data/ePillID_data\classification_data\segmented_nih_pills_224/63629-3786_0_0.jpg,reference,63629-3786,S191,True
D:/Data/ePillID_data/ePillID_data\classification_data\segmented_nih_pills_224/63629-3786_0_1.jpg,reference,63629-3786,S191,False
D:/Data/ePillID_data/ePillID_data\classification_data\segmented_nih_pills_224/63629-4034_0_0.jpg,reference,63629-4034,N8,True
D:/Data/ePillID_data/ePillID_data\classification_data\segmented_nih_pills_224/63629-4034_0_1.jpg,reference,63629-4034,N8,False
D:/Data/ePillID_data/ePillID_data\classification_data\segmented_nih_pills_224/63629-4338_0_0.jpg,reference,63629-4338,360,True
D:/Data/ePillID_data/ePillID_data\classification_data\segmented_nih_pills_224/63629-4338_0_1.jpg,reference,63629-4338,360,False
D:/Data/ePillID_data/ePillID_data\classification_data\segmented_nih_pills_224/63629-4358_0_0.jpg,reference,63629-4358,Omepraole;20mg;R158,True
D:/Data/ePillID_data/ePillID_data\classification_data\segmented_nih_pills_224/63629-4358_0_1.jpg,reference,63629-4358,Omepraole;20mg;R158,False
D:/Data/ePillID_data/ePillID_data\classification_data\segmented_nih_pills_224/63629-4417_0_0.jpg,reference,63629-4417,WAR;7;1;2,True
D:/Data/ePillID_data/ePillID_data\classification_data\segmented_nih_pills_224/63629-4417_0_1.jpg,reference,63629-4417,WAR;7;1;2,False
D:/Data/ePillID_data/ePillID_data\classification_data\segmented_nih_pills_224/63629-4593_0_0.jpg,reference,63629-4593,10;2662,True
D:/Data/ePillID_data/ePillID_data\classification_data\segmented_nih_pills_224/63629-4593_0_1.jpg,reference,63629-4593,10;2662,False
D:/Data/ePillID_data/ePillID_data\classification_data\segmented_nih_pills_224/63629-4805_0_0.jpg,reference,63629-4805,I;65,True
D:/Data/ePillID_data/ePillID_data\classification_data\segmented_nih_pills_224/63629-4805_0_1.jpg,reference,63629-4805,I;65,False
D:/Data/ePillID_data/ePillID_data\classification_data\segmented_nih_pills_224/63629-4994_0_0.jpg,reference,63629-4994,T400,True
D:/Data/ePillID_data/ePillID_data\classification_data\segmented_nih_pills_224/63629-4994_0_1.jpg,reference,63629-4994,T400,False
D:/Data/ePillID_data/ePillID_data\classification_data\segmented_nih_pills_224/63629-5032_0_0.jpg,reference,63629-5032,ZD18,True
D:/Data/ePillID_data/ePillID_data\classification_data\segmented_nih_pills_224/63629-5032_0_1.jpg,reference,63629-5032,ZD18,False
D:/Data/ePillID_data/ePillID_data\classification_data\segmented_nih_pills_224/63629-5034_0_0.jpg,reference,63629-5034,P;3,True
D:/Data/ePillID_data/ePillID_data\classification_data\segmented_nih_pills_224/63629-5034_0_1.jpg,reference,63629-5034,P;3,False
D:/Data/ePillID_data/ePillID_data\classification_data\segmented_nih_pills_224/63629-5042_0_0.jpg,reference,63629-5042,91,True
D:/Data/ePillID_data/ePillID_data\classification_data\segmented_nih_pills_224/63629-5042_0_1.jpg,reference,63629-5042,91,False
D:/Data/ePillID_data/ePillID_data\classification_data\segmented_nih_pills_224/63629-5223_0_0.jpg,reference,63629-5223,AN;522,True
D:/Data/ePillID_data/ePillID_data\classification_data\segmented_nih_pills_224/63629-5223_0_1.jpg,reference,63629-5223,AN;522,False
D:/Data/ePillID_data/ePillID_data\classification_data\segmented_nih_pills_224/63629-5268_0_0.jpg,reference,63629-5268,WATSON;606,True
D:/Data/ePillID_data/ePillID_data\classification_data\segmented_nih_pills_224/63629-5268_0_1.jpg,reference,63629-5268,WATSON;606,False
D:/Data/ePillID_data/ePillID_data\classification_data\segmented_nih_pills_224/63629-5366_0_0.jpg,reference,63629-5366,TEVA;7670;TEVA;7670,True
D:/Data/ePillID_data/ePillID_data\classification_data\segmented_nih_pills_224/63629-5366_0_1.jpg,reference,63629-5366,TEVA;7670;TEVA;7670,False
D:/Data/ePillID_data/ePillID_data\classification_data\segmented_nih_pills_224/63629-5424_0_0.jpg,reference,63629-5424,H;38,True
D:/Data/ePillID_data/ePillID_data\classification_data\segmented_nih_pills_224/63629-5424_0_1.jpg,reference,63629-5424,H;38,False
D:/Data/ePillID_data/ePillID_data\classification_data\segmented_nih_pills_224/63739-103_0_0.jpg,reference,63739-103,WPI;2228,True
D:/Data/ePillID_data/ePillID_data\classification_data\segmented_nih_pills_224/63739-103_0_1.jpg,reference,63739-103,WPI;2228,False
D:/Data/ePillID_data/ePillID_data\classification_data\segmented_nih_pills_224/63739-165_0_0.jpg,reference,63739-165,Par;290,True
D:/Data/ePillID_data/ePillID_data\classification_data\segmented_nih_pills_224/63739-165_0_1.jpg,reference,63739-165,Par;290,False
D:/Data/ePillID_data/ePillID_data\classification_data\segmented_nih_pills_224/63739-489_0_0.jpg,reference,63739-489,IP253,True
D:/Data/ePillID_data/ePillID_data\classification_data\segmented_nih_pills_224/63739-489_0_1.jpg,reference,63739-489,IP253,False
D:/Data/ePillID_data/ePillID_data\classification_data\segmented_nih_pills_224/63739-508_0_0.jpg,reference,63739-508,RDY;259,True
D:/Data/ePillID_data/ePillID_data\classification_data\segmented_nih_pills_224/63739-508_0_1.jpg,reference,63739-508,RDY;259,False
D:/Data/ePillID_data/ePillID_data\classification_data\segmented_nih_pills_224/63739-537_0_0.jpg,reference,63739-537,3162;V,True
D:/Data/ePillID_data/ePillID_data\classification_data\segmented_nih_pills_224/63739-537_0_1.jpg,reference,63739-537,3162;V,False
D:/Data/ePillID_data/ePillID_data\classification_data\segmented_nih_pills_224/63739-556_0_0.jpg,reference,63739-556,E;43,True
D:/Data/ePillID_data/ePillID_data\classification_data\segmented_nih_pills_224/63739-556_0_1.jpg,reference,63739-556,E;43,False
D:/Data/ePillID_data/ePillID_data\classification_data\segmented_nih_pills_224/63739-571_0_0.jpg,reference,63739-571,A;01,True
D:/Data/ePillID_data/ePillID_data\classification_data\segmented_nih_pills_224/63739-571_0_1.jpg,reference,63739-571,A;01,False
D:/Data/ePillID_data/ePillID_data\classification_data\segmented_nih_pills_224/63739-675_0_0.jpg,reference,63739-675,IP101,True
D:/Data/ePillID_data/ePillID_data\classification_data\segmented_nih_pills_224/63739-675_0_1.jpg,reference,63739-675,IP101,False
D:/Data/ePillID_data/ePillID_data\classification_data\segmented_nih_pills_224/64205-113_0_0.jpg,reference,64205-113,M;134,True
D:/Data/ePillID_data/ePillID_data\classification_data\segmented_nih_pills_224/64205-113_0_1.jpg,reference,64205-113,M;134,False
D:/Data/ePillID_data/ePillID_data\classification_data\segmented_nih_pills_224/64376-131_0_0.jpg,reference,64376-131,500;0140,True
D:/Data/ePillID_data/ePillID_data\classification_data\segmented_nih_pills_224/64376-131_0_1.jpg,reference,64376-131,500;0140,False
D:/Data/ePillID_data/ePillID_data\classification_data\segmented_nih_pills_224/64376-604_0_0.jpg,reference,64376-604,BOCA;604,True
D:/Data/ePillID_data/ePillID_data\classification_data\segmented_nih_pills_224/64376-604_0_1.jpg,reference,64376-604,BOCA;604,False
D:/Data/ePillID_data/ePillID_data\classification_data\segmented_nih_pills_224/64380-734_0_0.jpg,reference,64380-734,25,True
D:/Data/ePillID_data/ePillID_data\classification_data\segmented_nih_pills_224/64380-734_0_1.jpg,reference,64380-734,25,False
D:/Data/ePillID_data/ePillID_data\classification_data\segmented_nih_pills_224/64380-741_0_0.jpg,reference,64380-741,5,True
D:/Data/ePillID_data/ePillID_data\classification_data\segmented_nih_pills_224/64380-741_0_1.jpg,reference,64380-741,5,False
D:/Data/ePillID_data/ePillID_data\classification_data\segmented_nih_pills_224/64380-742_0_0.jpg,reference,64380-742,10,True
D:/Data/ePillID_data/ePillID_data\classification_data\segmented_nih_pills_224/64380-742_0_1.jpg,reference,64380-742,10,False
D:/Data/ePillID_data/ePillID_data\classification_data\segmented_nih_pills_224/64380-743_0_0.jpg,reference,64380-743,5;5;5,True
D:/Data/ePillID_data/ePillID_data\classification_data\segmented_nih_pills_224/64380-743_0_1.jpg,reference,64380-743,5;5;5,False
D:/Data/ePillID_data/ePillID_data\classification_data\segmented_nih_pills_224/64679-922_0_0.jpg,reference,64679-922,W;922,True
D:/Data/ePillID_data/ePillID_data\classification_data\segmented_nih_pills_224/64679-922_0_1.jpg,reference,64679-922,W;922,False
D:/Data/ePillID_data/ePillID_data\classification_data\segmented_nih_pills_224/64679-928_0_0.jpg,reference,64679-928,W;928,True
D:/Data/ePillID_data/ePillID_data\classification_data\segmented_nih_pills_224/64679-928_0_1.jpg,reference,64679-928,W;928,False
D:/Data/ePillID_data/ePillID_data\classification_data\segmented_nih_pills_224/64679-954_0_0.jpg,reference,64679-954,W954,True
D:/Data/ePillID_data/ePillID_data\classification_data\segmented_nih_pills_224/64679-954_0_1.jpg,reference,64679-954,W954,False
D:/Data/ePillID_data/ePillID_data\classification_data\segmented_nih_pills_224/64720-126_0_0.jpg,reference,64720-126,cor;126,True
D:/Data/ePillID_data/ePillID_data\classification_data\segmented_nih_pills_224/64720-126_0_1.jpg,reference,64720-126,cor;126,False
D:/Data/ePillID_data/ePillID_data\classification_data\segmented_nih_pills_224/64725-0554_0_0.jpg,reference,64725-554,10,True
D:/Data/ePillID_data/ePillID_data\classification_data\segmented_nih_pills_224/64725-0554_0_1.jpg,reference,64725-554,10,False
D:/Data/ePillID_data/ePillID_data\classification_data\segmented_nih_pills_224/64725-0801_0_0.jpg,reference,64725-801,WATSON;801;50;mg,True
D:/Data/ePillID_data/ePillID_data\classification_data\segmented_nih_pills_224/64725-0801_0_1.jpg,reference,64725-801,WATSON;801;50;mg,False
D:/Data/ePillID_data/ePillID_data\classification_data\segmented_nih_pills_224/64725-0833_0_0.jpg,reference,64725-833,833;5;barr,True
D:/Data/ePillID_data/ePillID_data\classification_data\segmented_nih_pills_224/64725-0833_0_1.jpg,reference,64725-833,833;5;barr,False
D:/Data/ePillID_data/ePillID_data\classification_data\segmented_nih_pills_224/64725-0981_0_0.jpg,reference,64725-981,L,True
D:/Data/ePillID_data/ePillID_data\classification_data\segmented_nih_pills_224/64725-0981_0_1.jpg,reference,64725-981,L,False
D:/Data/ePillID_data/ePillID_data\classification_data\segmented_nih_pills_224/64725-1473_0_0.jpg,reference,64725-1473,WEST;WARD;473,True
D:/Data/ePillID_data/ePillID_data\classification_data\segmented_nih_pills_224/64725-1473_0_1.jpg,reference,64725-1473,WEST;WARD;473,False
D:/Data/ePillID_data/ePillID_data\classification_data\segmented_nih_pills_224/64725-5375_0_0.jpg,reference,64725-5375,MYLAN;5375,True
D:/Data/ePillID_data/ePillID_data\classification_data\segmented_nih_pills_224/64725-5375_0_1.jpg,reference,64725-5375,MYLAN;5375,False
D:/Data/ePillID_data/ePillID_data\classification_data\segmented_nih_pills_224/64764-560_0_0.jpg,reference,64764-560,10;TL,True
D:/Data/ePillID_data/ePillID_data\classification_data\segmented_nih_pills_224/64764-560_0_1.jpg,reference,64764-560,10;TL,False
D:/Data/ePillID_data/ePillID_data\classification_data\segmented_nih_pills_224/64980-133_0_0.jpg,reference,64980-133,SL;81,True
D:/Data/ePillID_data/ePillID_data\classification_data\segmented_nih_pills_224/64980-133_0_1.jpg,reference,64980-133,SL;81,False
D:/Data/ePillID_data/ePillID_data\classification_data\segmented_nih_pills_224/64980-182_0_0.jpg,reference,64980-182,CL;206,True
D:/Data/ePillID_data/ePillID_data\classification_data\segmented_nih_pills_224/64980-182_0_1.jpg,reference,64980-182,CL;206,False
D:/Data/ePillID_data/ePillID_data\classification_data\segmented_nih_pills_224/64980-186_0_0.jpg,reference,64980-186,12,True
D:/Data/ePillID_data/ePillID_data\classification_data\segmented_nih_pills_224/64980-186_0_1.jpg,reference,64980-186,12,False
D:/Data/ePillID_data/ePillID_data\classification_data\segmented_nih_pills_224/65084-123_0_0.jpg,reference,65084-123,D;Donnatal,True
D:/Data/ePillID_data/ePillID_data\classification_data\segmented_nih_pills_224/65084-123_0_1.jpg,reference,65084-123,D;Donnatal,False
D:/Data/ePillID_data/ePillID_data\classification_data\segmented_nih_pills_224/65162-007_0_0.jpg,reference,65162-7,IP;7,True
D:/Data/ePillID_data/ePillID_data\classification_data\segmented_nih_pills_224/65162-007_0_1.jpg,reference,65162-7,IP;7,False
D:/Data/ePillID_data/ePillID_data\classification_data\segmented_nih_pills_224/65162-537_0_0.jpg,reference,65162-537,A2,True
D:/Data/ePillID_data/ePillID_data\classification_data\segmented_nih_pills_224/65162-537_0_1.jpg,reference,65162-537,A2,False
D:/Data/ePillID_data/ePillID_data\classification_data\segmented_nih_pills_224/65162-769_0_0.jpg,reference,65162-769,769;10;AN,True
D:/Data/ePillID_data/ePillID_data\classification_data\segmented_nih_pills_224/65162-769_0_1.jpg,reference,65162-769,769;10;AN,False
D:/Data/ePillID_data/ePillID_data\classification_data\segmented_nih_pills_224/65597-107_0_0.jpg,reference,65597-107,Sankyo;C25,True
D:/Data/ePillID_data/ePillID_data\classification_data\segmented_nih_pills_224/65597-107_0_1.jpg,reference,65597-107,Sankyo;C25,False
D:/Data/ePillID_data/ePillID_data\classification_data\segmented_nih_pills_224/65597-116_0_0.jpg,reference,65597-116,C54,True
D:/Data/ePillID_data/ePillID_data\classification_data\segmented_nih_pills_224/65597-116_0_1.jpg,reference,65597-116,C54,False
D:/Data/ePillID_data/ePillID_data\classification_data\segmented_nih_pills_224/65862-098_0_0.jpg,reference,65862-98,C;80,True
D:/Data/ePillID_data/ePillID_data\classification_data\segmented_nih_pills_224/65862-098_0_1.jpg,reference,65862-98,C;80,False
D:/Data/ePillID_data/ePillID_data\classification_data\segmented_nih_pills_224/65862-133_0_0.jpg,reference,65862-133,D;27,True
D:/Data/ePillID_data/ePillID_data\classification_data\segmented_nih_pills_224/65862-133_0_1.jpg,reference,65862-133,D;27,False
D:/Data/ePillID_data/ePillID_data\classification_data\segmented_nih_pills_224/65862-143_0_0.jpg,reference,65862-143,E;02,True
D:/Data/ePillID_data/ePillID_data\classification_data\segmented_nih_pills_224/65862-143_0_1.jpg,reference,65862-143,E;02,False
D:/Data/ePillID_data/ePillID_data\classification_data\segmented_nih_pills_224/65862-154_0_0.jpg,reference,65862-154,C;55,True
D:/Data/ePillID_data/ePillID_data\classification_data\segmented_nih_pills_224/65862-154_0_1.jpg,reference,65862-154,C;55,False
D:/Data/ePillID_data/ePillID_data\classification_data\segmented_nih_pills_224/65862-210_0_0.jpg,reference,65862-210,C;77,True
D:/Data/ePillID_data/ePillID_data\classification_data\segmented_nih_pills_224/65862-210_0_1.jpg,reference,65862-210,C;77,False
D:/Data/ePillID_data/ePillID_data\classification_data\segmented_nih_pills_224/65862-586_0_0.jpg,reference,65862-586,J;02,True
D:/Data/ePillID_data/ePillID_data\classification_data\segmented_nih_pills_224/65862-586_0_1.jpg,reference,65862-586,J;02,False
D:/Data/ePillID_data/ePillID_data\classification_data\segmented_nih_pills_224/65862-587_0_0.jpg,reference,65862-587,J;03,True
D:/Data/ePillID_data/ePillID_data\classification_data\segmented_nih_pills_224/65862-587_0_1.jpg,reference,65862-587,J;03,False
D:/Data/ePillID_data/ePillID_data\classification_data\segmented_nih_pills_224/65862-663_0_0.jpg,reference,65862-663,63;H,True
D:/Data/ePillID_data/ePillID_data\classification_data\segmented_nih_pills_224/65862-663_0_1.jpg,reference,65862-663,63;H,False
D:/Data/ePillID_data/ePillID_data\classification_data\segmented_nih_pills_224/66116-417_0_0.jpg,reference,66116-417,S;521,True
D:/Data/ePillID_data/ePillID_data\classification_data\segmented_nih_pills_224/66116-417_0_1.jpg,reference,66116-417,S;521,False
D:/Data/ePillID_data/ePillID_data\classification_data\segmented_nih_pills_224/66116-432_0_0.jpg,reference,66116-432,9;3;72;55,True
D:/Data/ePillID_data/ePillID_data\classification_data\segmented_nih_pills_224/66116-432_0_1.jpg,reference,66116-432,9;3;72;55,False
D:/Data/ePillID_data/ePillID_data\classification_data\segmented_nih_pills_224/66116-518_0_0.jpg,reference,66116-518,4357;150,True
D:/Data/ePillID_data/ePillID_data\classification_data\segmented_nih_pills_224/66116-518_0_1.jpg,reference,66116-518,4357;150,False
D:/Data/ePillID_data/ePillID_data\classification_data\segmented_nih_pills_224/66267-078_0_0.jpg,reference,66267-78,LANOXIN;X3A,True
D:/Data/ePillID_data/ePillID_data\classification_data\segmented_nih_pills_224/66267-078_0_1.jpg,reference,66267-78,LANOXIN;X3A,False
D:/Data/ePillID_data/ePillID_data\classification_data\segmented_nih_pills_224/66267-080_0_0.jpg,reference,66267-80,PH014,True
D:/Data/ePillID_data/ePillID_data\classification_data\segmented_nih_pills_224/66267-080_0_1.jpg,reference,66267-80,PH014,False
D:/Data/ePillID_data/ePillID_data\classification_data\segmented_nih_pills_224/66267-093_0_0.jpg,reference,66267-93,887;2;b,True
D:/Data/ePillID_data/ePillID_data\classification_data\segmented_nih_pills_224/66267-093_0_1.jpg,reference,66267-93,887;2;b,False
D:/Data/ePillID_data/ePillID_data\classification_data\segmented_nih_pills_224/66336-537_0_0.jpg,reference,66336-537,SYNTHROID;100,True
D:/Data/ePillID_data/ePillID_data\classification_data\segmented_nih_pills_224/66336-537_0_1.jpg,reference,66336-537,SYNTHROID;100,False
D:/Data/ePillID_data/ePillID_data\classification_data\segmented_nih_pills_224/66336-560_0_0.jpg,reference,66336-560,93;7252,True
D:/Data/ePillID_data/ePillID_data\classification_data\segmented_nih_pills_224/66336-560_0_1.jpg,reference,66336-560,93;7252,False
D:/Data/ePillID_data/ePillID_data\classification_data\segmented_nih_pills_224/66336-774_0_0.jpg,reference,66336-774,100,True
D:/Data/ePillID_data/ePillID_data\classification_data\segmented_nih_pills_224/66336-774_0_1.jpg,reference,66336-774,100,False
D:/Data/ePillID_data/ePillID_data\classification_data\segmented_nih_pills_224/66424-021_0_0.jpg,reference,66424-21,PH013,True
D:/Data/ePillID_data/ePillID_data\classification_data\segmented_nih_pills_224/66424-021_0_1.jpg,reference,66424-21,PH013,False
D:/Data/ePillID_data/ePillID_data\classification_data\segmented_nih_pills_224/66869-104_0_0.jpg,reference,66869-104,1;KC,True
D:/Data/ePillID_data/ePillID_data\classification_data\segmented_nih_pills_224/66869-104_0_1.jpg,reference,66869-104,1;KC,False
D:/Data/ePillID_data/ePillID_data\classification_data\segmented_nih_pills_224/66869-204_0_0.jpg,reference,66869-204,2;KC,True
D:/Data/ePillID_data/ePillID_data\classification_data\segmented_nih_pills_224/66869-204_0_1.jpg,reference,66869-204,2;KC,False
D:/Data/ePillID_data/ePillID_data\classification_data\segmented_nih_pills_224/66869-404_0_0.jpg,reference,66869-404,4;KC,True
D:/Data/ePillID_data/ePillID_data\classification_data\segmented_nih_pills_224/66869-404_0_1.jpg,reference,66869-404,4;KC,False
D:/Data/ePillID_data/ePillID_data\classification_data\segmented_nih_pills_224/66993-057_0_0.jpg,reference,66993-57,PLAQUENIL,True
D:/Data/ePillID_data/ePillID_data\classification_data\segmented_nih_pills_224/66993-057_0_1.jpg,reference,66993-57,PLAQUENIL,False
D:/Data/ePillID_data/ePillID_data\classification_data\segmented_nih_pills_224/67046-164_0_0.jpg,reference,67046-164,44;227,True
D:/Data/ePillID_data/ePillID_data\classification_data\segmented_nih_pills_224/67046-164_0_1.jpg,reference,67046-164,44;227,False
D:/Data/ePillID_data/ePillID_data\classification_data\segmented_nih_pills_224/67046-475_0_0.jpg,reference,67046-475,GG414,True
D:/Data/ePillID_data/ePillID_data\classification_data\segmented_nih_pills_224/67046-475_0_1.jpg,reference,67046-475,GG414,False
D:/Data/ePillID_data/ePillID_data\classification_data\segmented_nih_pills_224/67046-589_0_0.jpg,reference,67046-589,Andrexlogo;560,True
D:/Data/ePillID_data/ePillID_data\classification_data\segmented_nih_pills_224/67046-589_0_1.jpg,reference,67046-589,Andrexlogo;560,False
D:/Data/ePillID_data/ePillID_data\classification_data\segmented_nih_pills_224/67046-640_0_0.jpg,reference,67046-640,93;221,True
D:/Data/ePillID_data/ePillID_data\classification_data\segmented_nih_pills_224/67046-640_0_1.jpg,reference,67046-640,93;221,False
D:/Data/ePillID_data/ePillID_data\classification_data\segmented_nih_pills_224/67046-643_0_0.jpg,reference,67046-643,93;7241,True
D:/Data/ePillID_data/ePillID_data\classification_data\segmented_nih_pills_224/67046-643_0_1.jpg,reference,67046-643,93;7241,False
D:/Data/ePillID_data/ePillID_data\classification_data\segmented_nih_pills_224/67046-805_0_0.jpg,reference,67046-805,PA2120,True
D:/Data/ePillID_data/ePillID_data\classification_data\segmented_nih_pills_224/67046-805_0_1.jpg,reference,67046-805,PA2120,False
D:/Data/ePillID_data/ePillID_data\classification_data\segmented_nih_pills_224/67253-180_0_0.jpg,reference,67253-180,WC402,True
D:/Data/ePillID_data/ePillID_data\classification_data\segmented_nih_pills_224/67253-180_0_1.jpg,reference,67253-180,WC402,False
D:/Data/ePillID_data/ePillID_data\classification_data\segmented_nih_pills_224/67296-0140_0_0.jpg,reference,67296-140,DAN;DAN;5442,True
D:/Data/ePillID_data/ePillID_data\classification_data\segmented_nih_pills_224/67296-0140_0_1.jpg,reference,67296-140,DAN;DAN;5442,False
D:/Data/ePillID_data/ePillID_data\classification_data\segmented_nih_pills_224/67296-0505_0_0.jpg,reference,67296-505,M;15,True
D:/Data/ePillID_data/ePillID_data\classification_data\segmented_nih_pills_224/67296-0505_0_1.jpg,reference,67296-505,M;15,False
D:/Data/ePillID_data/ePillID_data\classification_data\segmented_nih_pills_224/67296-0543_0_0.jpg,reference,67296-543,TEVA;5312,True
D:/Data/ePillID_data/ePillID_data\classification_data\segmented_nih_pills_224/67296-0543_0_1.jpg,reference,67296-543,TEVA;5312,False
D:/Data/ePillID_data/ePillID_data\classification_data\segmented_nih_pills_224/67296-0658_0_0.jpg,reference,67296-658,2131;Z;100mg,True
D:/Data/ePillID_data/ePillID_data\classification_data\segmented_nih_pills_224/67296-0658_0_1.jpg,reference,67296-658,2131;Z;100mg,False
D:/Data/ePillID_data/ePillID_data\classification_data\segmented_nih_pills_224/67296-0683_0_0.jpg,reference,67296-683,A;05,True
D:/Data/ePillID_data/ePillID_data\classification_data\segmented_nih_pills_224/67296-0683_0_1.jpg,reference,67296-683,A;05,False
D:/Data/ePillID_data/ePillID_data\classification_data\segmented_nih_pills_224/67544-349_0_0.jpg,reference,67544-349,KC;M20,True
D:/Data/ePillID_data/ePillID_data\classification_data\segmented_nih_pills_224/67544-349_0_1.jpg,reference,67544-349,KC;M20,False
D:/Data/ePillID_data/ePillID_data\classification_data\segmented_nih_pills_224/67544-401_0_0.jpg,reference,67544-401,2;COUMADIN,True
D:/Data/ePillID_data/ePillID_data\classification_data\segmented_nih_pills_224/67544-401_0_1.jpg,reference,67544-401,2;COUMADIN,False
D:/Data/ePillID_data/ePillID_data\classification_data\segmented_nih_pills_224/67877-197_0_0.jpg,reference,67877-197,211,True
D:/Data/ePillID_data/ePillID_data\classification_data\segmented_nih_pills_224/67877-197_0_1.jpg,reference,67877-197,211,False
D:/Data/ePillID_data/ePillID_data\classification_data\segmented_nih_pills_224/67877-216_0_0.jpg,reference,67877-216,203,True
D:/Data/ePillID_data/ePillID_data\classification_data\segmented_nih_pills_224/67877-216_0_1.jpg,reference,67877-216,203,False
D:/Data/ePillID_data/ePillID_data\classification_data\segmented_nih_pills_224/67877-294_0_0.jpg,reference,67877-294,121,True
D:/Data/ePillID_data/ePillID_data\classification_data\segmented_nih_pills_224/67877-294_0_1.jpg,reference,67877-294,121,False
D:/Data/ePillID_data/ePillID_data\classification_data\segmented_nih_pills_224/68012-002_0_0.jpg,reference,68012-2,GMZ;500,True
D:/Data/ePillID_data/ePillID_data\classification_data\segmented_nih_pills_224/68012-002_0_1.jpg,reference,68012-2,GMZ;500,False
D:/Data/ePillID_data/ePillID_data\classification_data\segmented_nih_pills_224/68012-495_0_0.jpg,reference,68012-495,FHI,True
D:/Data/ePillID_data/ePillID_data\classification_data\segmented_nih_pills_224/68012-495_0_1.jpg,reference,68012-495,FHI,False
D:/Data/ePillID_data/ePillID_data\classification_data\segmented_nih_pills_224/68084-070_0_0.jpg,reference,68084-70,CR;500,True
D:/Data/ePillID_data/ePillID_data\classification_data\segmented_nih_pills_224/68084-070_0_1.jpg,reference,68084-70,CR;500,False
D:/Data/ePillID_data/ePillID_data\classification_data\segmented_nih_pills_224/68084-071_0_0.jpg,reference,68084-71,CR;750,True
D:/Data/ePillID_data/ePillID_data\classification_data\segmented_nih_pills_224/68084-071_0_1.jpg,reference,68084-71,CR;750,False
D:/Data/ePillID_data/ePillID_data\classification_data\segmented_nih_pills_224/68084-120_0_0.jpg,reference,68084-120,0;9;A,True
D:/Data/ePillID_data/ePillID_data\classification_data\segmented_nih_pills_224/68084-120_0_1.jpg,reference,68084-120,0;9;A,False
D:/Data/ePillID_data/ePillID_data\classification_data\segmented_nih_pills_224/68084-128_0_0.jpg,reference,68084-128,Omepraole;20mg;R158,True
D:/Data/ePillID_data/ePillID_data\classification_data\segmented_nih_pills_224/68084-128_0_1.jpg,reference,68084-128,Omepraole;20mg;R158,False
D:/Data/ePillID_data/ePillID_data\classification_data\segmented_nih_pills_224/68084-217_0_0.jpg,reference,68084-217,159;H,True
D:/Data/ePillID_data/ePillID_data\classification_data\segmented_nih_pills_224/68084-217_0_1.jpg,reference,68084-217,159;H,False
D:/Data/ePillID_data/ePillID_data\classification_data\segmented_nih_pills_224/68084-229_0_0.jpg,reference,68084-229,ZC;59,True
D:/Data/ePillID_data/ePillID_data\classification_data\segmented_nih_pills_224/68084-229_0_1.jpg,reference,68084-229,ZC;59,False
D:/Data/ePillID_data/ePillID_data\classification_data\segmented_nih_pills_224/68084-284_0_0.jpg,reference,68084-284,724;par,True
D:/Data/ePillID_data/ePillID_data\classification_data\segmented_nih_pills_224/68084-284_0_1.jpg,reference,68084-284,724;par,False
D:/Data/ePillID_data/ePillID_data\classification_data\segmented_nih_pills_224/68084-295_0_0.jpg,reference,68084-295,WPI;900,True
D:/Data/ePillID_data/ePillID_data\classification_data\segmented_nih_pills_224/68084-295_0_1.jpg,reference,68084-295,WPI;900,False
D:/Data/ePillID_data/ePillID_data\classification_data\segmented_nih_pills_224/68084-499_0_0.jpg,reference,68084-499,K;400,True
D:/Data/ePillID_data/ePillID_data\classification_data\segmented_nih_pills_224/68084-499_0_1.jpg,reference,68084-499,K;400,False
D:/Data/ePillID_data/ePillID_data\classification_data\segmented_nih_pills_224/68084-531_0_0.jpg,reference,68084-531,R;2,True
D:/Data/ePillID_data/ePillID_data\classification_data\segmented_nih_pills_224/68084-531_0_1.jpg,reference,68084-531,R;2,False
D:/Data/ePillID_data/ePillID_data\classification_data\segmented_nih_pills_224/68084-535_0_0.jpg,reference,68084-535,R;7,True
D:/Data/ePillID_data/ePillID_data\classification_data\segmented_nih_pills_224/68084-535_0_1.jpg,reference,68084-535,R;7,False
D:/Data/ePillID_data/ePillID_data\classification_data\segmented_nih_pills_224/68084-758_0_0.jpg,reference,68084-758,161;H,True
D:/Data/ePillID_data/ePillID_data\classification_data\segmented_nih_pills_224/68084-758_0_1.jpg,reference,68084-758,161;H,False
D:/Data/ePillID_data/ePillID_data\classification_data\segmented_nih_pills_224/68084-820_0_0.jpg,reference,68084-820,G;2011,True
D:/Data/ePillID_data/ePillID_data\classification_data\segmented_nih_pills_224/68084-820_0_1.jpg,reference,68084-820,G;2011,False
D:/Data/ePillID_data/ePillID_data\classification_data\segmented_nih_pills_224/68084-935_0_0.jpg,reference,68084-935,2233;WPI,True
D:/Data/ePillID_data/ePillID_data\classification_data\segmented_nih_pills_224/68084-935_0_1.jpg,reference,68084-935,2233;WPI,False
D:/Data/ePillID_data/ePillID_data\classification_data\segmented_nih_pills_224/68151-0136_0_0.jpg,reference,68151-136,60274;180;mg,True
D:/Data/ePillID_data/ePillID_data\classification_data\segmented_nih_pills_224/68151-0136_0_1.jpg,reference,68151-136,60274;180;mg,False
D:/Data/ePillID_data/ePillID_data\classification_data\segmented_nih_pills_224/68151-1021_0_0.jpg,reference,68151-1021,G;019;10,True
D:/Data/ePillID_data/ePillID_data\classification_data\segmented_nih_pills_224/68151-1021_0_1.jpg,reference,68151-1021,G;019;10,False
D:/Data/ePillID_data/ePillID_data\classification_data\segmented_nih_pills_224/68151-1170_0_0.jpg,reference,68151-1170,A;EC,True
D:/Data/ePillID_data/ePillID_data\classification_data\segmented_nih_pills_224/68151-1170_0_1.jpg,reference,68151-1170,A;EC,False
D:/Data/ePillID_data/ePillID_data\classification_data\segmented_nih_pills_224/68151-1281_0_0.jpg,reference,68151-1281,9;3;7316,True
D:/Data/ePillID_data/ePillID_data\classification_data\segmented_nih_pills_224/68151-1281_0_1.jpg,reference,68151-1281,9;3;7316,False
D:/Data/ePillID_data/ePillID_data\classification_data\segmented_nih_pills_224/68151-1320_0_0.jpg,reference,68151-1320,M;52,True
D:/Data/ePillID_data/ePillID_data\classification_data\segmented_nih_pills_224/68151-1320_0_1.jpg,reference,68151-1320,M;52,False
D:/Data/ePillID_data/ePillID_data\classification_data\segmented_nih_pills_224/68151-1464_0_0.jpg,reference,68151-1464,54070,True
D:/Data/ePillID_data/ePillID_data\classification_data\segmented_nih_pills_224/68151-1464_0_1.jpg,reference,68151-1464,54070,False
D:/Data/ePillID_data/ePillID_data\classification_data\segmented_nih_pills_224/68151-1923_0_0.jpg,reference,68151-1923,AN;512,True
D:/Data/ePillID_data/ePillID_data\classification_data\segmented_nih_pills_224/68151-1923_0_1.jpg,reference,68151-1923,AN;512,False
D:/Data/ePillID_data/ePillID_data\classification_data\segmented_nih_pills_224/68151-2031_0_0.jpg,reference,68151-2031,2;5;MP;84,True
D:/Data/ePillID_data/ePillID_data\classification_data\segmented_nih_pills_224/68151-2031_0_1.jpg,reference,68151-2031,2;5;MP;84,False
D:/Data/ePillID_data/ePillID_data\classification_data\segmented_nih_pills_224/68151-2782_0_0.jpg,reference,68151-2782,DAN;DAN;5335,True
D:/Data/ePillID_data/ePillID_data\classification_data\segmented_nih_pills_224/68151-2782_0_1.jpg,reference,68151-2782,DAN;DAN;5335,False
D:/Data/ePillID_data/ePillID_data\classification_data\segmented_nih_pills_224/68151-2949_0_0.jpg,reference,68151-2949,60;H,True
D:/Data/ePillID_data/ePillID_data\classification_data\segmented_nih_pills_224/68151-2949_0_1.jpg,reference,68151-2949,60;H,False
D:/Data/ePillID_data/ePillID_data\classification_data\segmented_nih_pills_224/68151-4717_0_0.jpg,reference,68151-4717,FO,True
D:/Data/ePillID_data/ePillID_data\classification_data\segmented_nih_pills_224/68151-4717_0_1.jpg,reference,68151-4717,FO,False
D:/Data/ePillID_data/ePillID_data\classification_data\segmented_nih_pills_224/68151-5051_0_0.jpg,reference,68151-5051,GSK;COREG;CR;80;mg,True
D:/Data/ePillID_data/ePillID_data\classification_data\segmented_nih_pills_224/68151-5051_0_1.jpg,reference,68151-5051,GSK;COREG;CR;80;mg,False
D:/Data/ePillID_data/ePillID_data\classification_data\segmented_nih_pills_224/68151-5652_0_0.jpg,reference,68151-5652,WC;400mg,True
D:/Data/ePillID_data/ePillID_data\classification_data\segmented_nih_pills_224/68151-5652_0_1.jpg,reference,68151-5652,WC;400mg,False
D:/Data/ePillID_data/ePillID_data\classification_data\segmented_nih_pills_224/68180-160_0_0.jpg,reference,68180-160,LU;L11,True
D:/Data/ePillID_data/ePillID_data\classification_data\segmented_nih_pills_224/68180-160_0_1.jpg,reference,68180-160,LU;L11,False
D:/Data/ePillID_data/ePillID_data\classification_data\segmented_nih_pills_224/68180-352_0_0.jpg,reference,68180-352,L;U;D02,True
D:/Data/ePillID_data/ePillID_data\classification_data\segmented_nih_pills_224/68180-352_0_1.jpg,reference,68180-352,L;U;D02,False
D:/Data/ePillID_data/ePillID_data\classification_data\segmented_nih_pills_224/68180-353_0_0.jpg,reference,68180-353,L;U;D03,True
D:/Data/ePillID_data/ePillID_data\classification_data\segmented_nih_pills_224/68180-353_0_1.jpg,reference,68180-353,L;U;D03,False
D:/Data/ePillID_data/ePillID_data\classification_data\segmented_nih_pills_224/68180-482_0_0.jpg,reference,68180-482,LL;C01,True
D:/Data/ePillID_data/ePillID_data\classification_data\segmented_nih_pills_224/68180-482_0_1.jpg,reference,68180-482,LL;C01,False
D:/Data/ePillID_data/ePillID_data\classification_data\segmented_nih_pills_224/68258-5973_0_0.jpg,reference,68258-5973,SYNTHROID;75,True
D:/Data/ePillID_data/ePillID_data\classification_data\segmented_nih_pills_224/68258-5973_0_1.jpg,reference,68258-5973,SYNTHROID;75,False
D:/Data/ePillID_data/ePillID_data\classification_data\segmented_nih_pills_224/68258-6043_0_0.jpg,reference,68258-6043,RX829,True
D:/Data/ePillID_data/ePillID_data\classification_data\segmented_nih_pills_224/68258-6043_0_1.jpg,reference,68258-6043,RX829,False
D:/Data/ePillID_data/ePillID_data\classification_data\segmented_nih_pills_224/68258-6100_0_0.jpg,reference,68258-6100,93;7327,True
D:/Data/ePillID_data/ePillID_data\classification_data\segmented_nih_pills_224/68258-6100_0_1.jpg,reference,68258-6100,93;7327,False
D:/Data/ePillID_data/ePillID_data\classification_data\segmented_nih_pills_224/68258-6106_0_0.jpg,reference,68258-6106,E42,True
D:/Data/ePillID_data/ePillID_data\classification_data\segmented_nih_pills_224/68258-6106_0_1.jpg,reference,68258-6106,E42,False
D:/Data/ePillID_data/ePillID_data\classification_data\segmented_nih_pills_224/68382-078_0_0.jpg,reference,68382-78,135;a,True
D:/Data/ePillID_data/ePillID_data\classification_data\segmented_nih_pills_224/68382-078_0_1.jpg,reference,68382-78,135;a,False
D:/Data/ePillID_data/ePillID_data\classification_data\segmented_nih_pills_224/68382-135_0_0.jpg,reference,68382-135,Z;2,True
D:/Data/ePillID_data/ePillID_data\classification_data\segmented_nih_pills_224/68382-135_0_1.jpg,reference,68382-135,Z;2,False
D:/Data/ePillID_data/ePillID_data\classification_data\segmented_nih_pills_224/68382-137_0_0.jpg,reference,68382-137,Z18,True
D:/Data/ePillID_data/ePillID_data\classification_data\segmented_nih_pills_224/68382-137_0_1.jpg,reference,68382-137,Z18,False
D:/Data/ePillID_data/ePillID_data\classification_data\segmented_nih_pills_224/68382-142_0_0.jpg,reference,68382-142,ZD18,True
D:/Data/ePillID_data/ePillID_data\classification_data\segmented_nih_pills_224/68382-142_0_1.jpg,reference,68382-142,ZD18,False
D:/Data/ePillID_data/ePillID_data\classification_data\segmented_nih_pills_224/68382-144_0_0.jpg,reference,68382-144,ZA;43;1;25mg,True
D:/Data/ePillID_data/ePillID_data\classification_data\segmented_nih_pills_224/68382-144_0_1.jpg,reference,68382-144,ZA;43;1;25mg,False
D:/Data/ePillID_data/ePillID_data\classification_data\segmented_nih_pills_224/68387-108_0_0.jpg,reference,68387-108,M;58;59,True
D:/Data/ePillID_data/ePillID_data\classification_data\segmented_nih_pills_224/68387-108_0_1.jpg,reference,68387-108,M;58;59,False
D:/Data/ePillID_data/ePillID_data\classification_data\segmented_nih_pills_224/68387-170_0_0.jpg,reference,68387-170,TL;001,True
D:/Data/ePillID_data/ePillID_data\classification_data\segmented_nih_pills_224/68387-170_0_1.jpg,reference,68387-170,TL;001,False
D:/Data/ePillID_data/ePillID_data\classification_data\segmented_nih_pills_224/68462-200_0_0.jpg,reference,68462-200,G;200,True
D:/Data/ePillID_data/ePillID_data\classification_data\segmented_nih_pills_224/68462-200_0_1.jpg,reference,68462-200,G;200,False
D:/Data/ePillID_data/ePillID_data\classification_data\segmented_nih_pills_224/68462-207_0_0.jpg,reference,68462-207,G;207,True
D:/Data/ePillID_data/ePillID_data\classification_data\segmented_nih_pills_224/68462-207_0_1.jpg,reference,68462-207,G;207,False
D:/Data/ePillID_data/ePillID_data\classification_data\segmented_nih_pills_224/68462-330_0_0.jpg,reference,68462-330,PX;plain,True
D:/Data/ePillID_data/ePillID_data\classification_data\segmented_nih_pills_224/68462-330_0_1.jpg,reference,68462-330,PX;plain,False
D:/Data/ePillID_data/ePillID_data\classification_data\segmented_nih_pills_224/68462-499_0_0.jpg,reference,68462-499,F7,True
D:/Data/ePillID_data/ePillID_data\classification_data\segmented_nih_pills_224/68462-499_0_1.jpg,reference,68462-499,F7,False
D:/Data/ePillID_data/ePillID_data\classification_data\segmented_nih_pills_224/68462-500_0_0.jpg,reference,68462-500,F11,True
D:/Data/ePillID_data/ePillID_data\classification_data\segmented_nih_pills_224/68462-500_0_1.jpg,reference,68462-500,F11,False
D:/Data/ePillID_data/ePillID_data\classification_data\segmented_nih_pills_224/68462-694_0_0.jpg,reference,68462-694,72;G,True
D:/Data/ePillID_data/ePillID_data\classification_data\segmented_nih_pills_224/68462-694_0_1.jpg,reference,68462-694,72;G,False
D:/Data/ePillID_data/ePillID_data\classification_data\segmented_nih_pills_224/68645-020_0_0.jpg,reference,68645-20,Z;3626,True
D:/Data/ePillID_data/ePillID_data\classification_data\segmented_nih_pills_224/68645-020_0_1.jpg,reference,68645-20,Z;3626,False
D:/Data/ePillID_data/ePillID_data\classification_data\segmented_nih_pills_224/68645-282_0_0.jpg,reference,68645-282,RDY;343,True
D:/Data/ePillID_data/ePillID_data\classification_data\segmented_nih_pills_224/68645-282_0_1.jpg,reference,68645-282,RDY;343,False
D:/Data/ePillID_data/ePillID_data\classification_data\segmented_nih_pills_224/68788-0881_0_0.jpg,reference,68788-881,M;5859,True
D:/Data/ePillID_data/ePillID_data\classification_data\segmented_nih_pills_224/68788-0881_0_1.jpg,reference,68788-881,M;5859,False
D:/Data/ePillID_data/ePillID_data\classification_data\segmented_nih_pills_224/68788-6359_0_0.jpg,reference,68788-6359,100;GG;335,True
D:/Data/ePillID_data/ePillID_data\classification_data\segmented_nih_pills_224/68788-6359_0_1.jpg,reference,68788-6359,100;GG;335,False
D:/Data/ePillID_data/ePillID_data\classification_data\segmented_nih_pills_224/68788-6366_0_0.jpg,reference,68788-6366,G;50,True
D:/Data/ePillID_data/ePillID_data\classification_data\segmented_nih_pills_224/68788-6366_0_1.jpg,reference,68788-6366,G;50,False
D:/Data/ePillID_data/ePillID_data\classification_data\segmented_nih_pills_224/68788-6761_0_0.jpg,reference,68788-6761,P;40,True
D:/Data/ePillID_data/ePillID_data\classification_data\segmented_nih_pills_224/68788-6761_0_1.jpg,reference,68788-6761,P;40,False
D:/Data/ePillID_data/ePillID_data\classification_data\segmented_nih_pills_224/68788-7392_0_0.jpg,reference,68788-7392,KL,True
D:/Data/ePillID_data/ePillID_data\classification_data\segmented_nih_pills_224/68788-7392_0_1.jpg,reference,68788-7392,KL,False
D:/Data/ePillID_data/ePillID_data\classification_data\segmented_nih_pills_224/68788-8914_0_0.jpg,reference,68788-8914,E104,True
D:/Data/ePillID_data/ePillID_data\classification_data\segmented_nih_pills_224/68788-8914_0_1.jpg,reference,68788-8914,E104,False
D:/Data/ePillID_data/ePillID_data\classification_data\segmented_nih_pills_224/68788-8915_0_0.jpg,reference,68788-8915,GG638,True
D:/Data/ePillID_data/ePillID_data\classification_data\segmented_nih_pills_224/68788-8915_0_1.jpg,reference,68788-8915,GG638,False
D:/Data/ePillID_data/ePillID_data\classification_data\segmented_nih_pills_224/68788-8943_0_0.jpg,reference,68788-8943,E102,True
D:/Data/ePillID_data/ePillID_data\classification_data\segmented_nih_pills_224/68788-8943_0_1.jpg,reference,68788-8943,E102,False
D:/Data/ePillID_data/ePillID_data\classification_data\segmented_nih_pills_224/68788-9054_0_0.jpg,reference,68788-9054,133,True
D:/Data/ePillID_data/ePillID_data\classification_data\segmented_nih_pills_224/68788-9054_0_1.jpg,reference,68788-9054,133,False
D:/Data/ePillID_data/ePillID_data\classification_data\segmented_nih_pills_224/68788-9181_0_0.jpg,reference,68788-9181,R;634,True
D:/Data/ePillID_data/ePillID_data\classification_data\segmented_nih_pills_224/68788-9181_0_1.jpg,reference,68788-9181,R;634,False
D:/Data/ePillID_data/ePillID_data\classification_data\segmented_nih_pills_224/68788-9227_0_0.jpg,reference,68788-9227,MP;542,True
D:/Data/ePillID_data/ePillID_data\classification_data\segmented_nih_pills_224/68788-9227_0_1.jpg,reference,68788-9227,MP;542,False
D:/Data/ePillID_data/ePillID_data\classification_data\segmented_nih_pills_224/68788-9235_0_0.jpg,reference,68788-9235,75;GG;333,True
D:/Data/ePillID_data/ePillID_data\classification_data\segmented_nih_pills_224/68788-9235_0_1.jpg,reference,68788-9235,75;GG;333,False
D:/Data/ePillID_data/ePillID_data\classification_data\segmented_nih_pills_224/68788-9308_0_0.jpg,reference,68788-9308,RI62,True
D:/Data/ePillID_data/ePillID_data\classification_data\segmented_nih_pills_224/68788-9308_0_1.jpg,reference,68788-9308,RI62,False
D:/Data/ePillID_data/ePillID_data\classification_data\segmented_nih_pills_224/68788-9311_0_0.jpg,reference,68788-9311,PLIVA;788,True
D:/Data/ePillID_data/ePillID_data\classification_data\segmented_nih_pills_224/68788-9311_0_1.jpg,reference,68788-9311,PLIVA;788,False
D:/Data/ePillID_data/ePillID_data\classification_data\segmented_nih_pills_224/68788-9360_0_0.jpg,reference,68788-9360,93;1893,True
D:/Data/ePillID_data/ePillID_data\classification_data\segmented_nih_pills_224/68788-9360_0_1.jpg,reference,68788-9360,93;1893,False
D:/Data/ePillID_data/ePillID_data\classification_data\segmented_nih_pills_224/68788-9397_0_0.jpg,reference,68788-9397,HP65,True
D:/Data/ePillID_data/ePillID_data\classification_data\segmented_nih_pills_224/68788-9397_0_1.jpg,reference,68788-9397,HP65,False
D:/Data/ePillID_data/ePillID_data\classification_data\segmented_nih_pills_224/68788-9509_0_0.jpg,reference,68788-9509,214,True
D:/Data/ePillID_data/ePillID_data\classification_data\segmented_nih_pills_224/68788-9509_0_1.jpg,reference,68788-9509,214,False
D:/Data/ePillID_data/ePillID_data\classification_data\segmented_nih_pills_224/68788-9686_0_0.jpg,reference,68788-9686,RE;79,True
D:/Data/ePillID_data/ePillID_data\classification_data\segmented_nih_pills_224/68788-9686_0_1.jpg,reference,68788-9686,RE;79,False
D:/Data/ePillID_data/ePillID_data\classification_data\segmented_nih_pills_224/68788-9712_0_0.jpg,reference,68788-9712,E;4;6,True
D:/Data/ePillID_data/ePillID_data\classification_data\segmented_nih_pills_224/68788-9712_0_1.jpg,reference,68788-9712,E;4;6,False
D:/Data/ePillID_data/ePillID_data\classification_data\segmented_nih_pills_224/68788-9735_0_0.jpg,reference,68788-9735,2266;V,True
D:/Data/ePillID_data/ePillID_data\classification_data\segmented_nih_pills_224/68788-9735_0_1.jpg,reference,68788-9735,2266;V,False
D:/Data/ePillID_data/ePillID_data\classification_data\segmented_nih_pills_224/68788-9766_0_0.jpg,reference,68788-9766,5;ZE;38,True
D:/Data/ePillID_data/ePillID_data\classification_data\segmented_nih_pills_224/68788-9766_0_1.jpg,reference,68788-9766,5;ZE;38,False
D:/Data/ePillID_data/ePillID_data\classification_data\segmented_nih_pills_224/68788-9934_0_0.jpg,reference,68788-9934,WW;27,True
D:/Data/ePillID_data/ePillID_data\classification_data\segmented_nih_pills_224/68788-9934_0_1.jpg,reference,68788-9934,WW;27,False
D:/Data/ePillID_data/ePillID_data\classification_data\segmented_nih_pills_224/69076-475_0_0.jpg,reference,69076-475,0475,True
D:/Data/ePillID_data/ePillID_data\classification_data\segmented_nih_pills_224/69076-475_0_1.jpg,reference,69076-475,0475,False
D:/Data/ePillID_data/ePillID_data\classification_data\segmented_nih_pills_224/69097-125_0_0.jpg,reference,69097-125,125;Cipla,True
D:/Data/ePillID_data/ePillID_data\classification_data\segmented_nih_pills_224/69097-125_0_1.jpg,reference,69097-125,125;Cipla,False
D:/Data/ePillID_data/ePillID_data\classification_data\segmented_nih_pills_224/69097-857_0_0.jpg,reference,69097-857,IG;201,True
D:/Data/ePillID_data/ePillID_data\classification_data\segmented_nih_pills_224/69097-857_0_1.jpg,reference,69097-857,IG;201,False
D:/Data/ePillID_data/ePillID_data\classification_data\segmented_nih_pills_224/69189-0164_0_0.jpg,reference,69189-164,54;848,True
D:/Data/ePillID_data/ePillID_data\classification_data\segmented_nih_pills_224/69189-0164_0_1.jpg,reference,69189-164,54;848,False
D:/Data/ePillID_data/ePillID_data\classification_data\segmented_nih_pills_224/69189-0174_0_0.jpg,reference,69189-174,E145,True
D:/Data/ePillID_data/ePillID_data\classification_data\segmented_nih_pills_224/69189-0174_0_1.jpg,reference,69189-174,E145,False
D:/Data/ePillID_data/ePillID_data\classification_data\segmented_nih_pills_224/69189-0188_0_0.jpg,reference,69189-188,93;132,True
D:/Data/ePillID_data/ePillID_data\classification_data\segmented_nih_pills_224/69189-0188_0_1.jpg,reference,69189-188,93;132,False
D:/Data/ePillID_data/ePillID_data\classification_data\segmented_nih_pills_224/69189-0194_0_0.jpg,reference,69189-194,U;130,True
D:/Data/ePillID_data/ePillID_data\classification_data\segmented_nih_pills_224/69189-0194_0_1.jpg,reference,69189-194,U;130,False
D:/Data/ePillID_data/ePillID_data\classification_data\segmented_nih_pills_224/69189-0270_0_0.jpg,reference,69189-270,974;HH,True
D:/Data/ePillID_data/ePillID_data\classification_data\segmented_nih_pills_224/69189-0270_0_1.jpg,reference,69189-270,974;HH,False
D:/Data/ePillID_data/ePillID_data\classification_data\segmented_nih_pills_224/69189-0305_0_0.jpg,reference,69189-305,G;304,True
D:/Data/ePillID_data/ePillID_data\classification_data\segmented_nih_pills_224/69189-0305_0_1.jpg,reference,69189-305,G;304,False
D:/Data/ePillID_data/ePillID_data\classification_data\segmented_nih_pills_224/69189-0400_0_0.jpg,reference,69189-400,VP;25,True
D:/Data/ePillID_data/ePillID_data\classification_data\segmented_nih_pills_224/69189-0400_0_1.jpg,reference,69189-400,VP;25,False
D:/Data/ePillID_data/ePillID_data\classification_data\segmented_nih_pills_224/69189-0420_0_0.jpg,reference,69189-420,4;93;350,True
D:/Data/ePillID_data/ePillID_data\classification_data\segmented_nih_pills_224/69189-0420_0_1.jpg,reference,69189-420,4;93;350,False
D:/Data/ePillID_data/ePillID_data\classification_data\segmented_nih_pills_224/69189-1874_0_0.jpg,reference,69189-1874,GGN5,True
D:/Data/ePillID_data/ePillID_data\classification_data\segmented_nih_pills_224/69189-1874_0_1.jpg,reference,69189-1874,GGN5,False
D:/Data/ePillID_data/ePillID_data\classification_data\segmented_nih_pills_224/69189-2241_0_0.jpg,reference,69189-2241,FL;40,True
D:/Data/ePillID_data/ePillID_data\classification_data\segmented_nih_pills_224/69189-2241_0_1.jpg,reference,69189-2241,FL;40,False
D:/Data/ePillID_data/ePillID_data\classification_data\segmented_nih_pills_224/69189-3228_0_0.jpg,reference,69189-3228,LILLY;3228;25;mg,True
D:/Data/ePillID_data/ePillID_data\classification_data\segmented_nih_pills_224/69189-3228_0_1.jpg,reference,69189-3228,LILLY;3228;25;mg,False
D:/Data/ePillID_data/ePillID_data\classification_data\segmented_nih_pills_224/69189-4124_0_0.jpg,reference,69189-4124,T26,True
D:/Data/ePillID_data/ePillID_data\classification_data\segmented_nih_pills_224/69189-4124_0_1.jpg,reference,69189-4124,T26,False
D:/Data/ePillID_data/ePillID_data\classification_data\segmented_nih_pills_224/69189-4234_0_0.jpg,reference,69189-4234,2;Z;4234,True
D:/Data/ePillID_data/ePillID_data\classification_data\segmented_nih_pills_224/69189-4234_0_1.jpg,reference,69189-4234,2;Z;4234,False
D:/Data/ePillID_data/ePillID_data\classification_data\segmented_nih_pills_224/69189-5140_0_0.jpg,reference,69189-5140,93;5140,True
D:/Data/ePillID_data/ePillID_data\classification_data\segmented_nih_pills_224/69189-5140_0_1.jpg,reference,69189-5140,93;5140,False
D:/Data/ePillID_data/ePillID_data\classification_data\segmented_nih_pills_224/69189-5276_0_0.jpg,reference,69189-5276,93;5276,True
D:/Data/ePillID_data/ePillID_data\classification_data\segmented_nih_pills_224/69189-5276_0_1.jpg,reference,69189-5276,93;5276,False
D:/Data/ePillID_data/ePillID_data\classification_data\segmented_nih_pills_224/69189-5420_0_0.jpg,reference,69189-5420,0;5;5420,True
D:/Data/ePillID_data/ePillID_data\classification_data\segmented_nih_pills_224/69189-5420_0_1.jpg,reference,69189-5420,0;5;5420,False
D:/Data/ePillID_data/ePillID_data\classification_data\segmented_nih_pills_224/69189-7772_0_0.jpg,reference,69189-7772,7772;100,True
D:/Data/ePillID_data/ePillID_data\classification_data\segmented_nih_pills_224/69189-7772_0_1.jpg,reference,69189-7772,7772;100,False
D:/Data/ePillID_data/ePillID_data\classification_data\segmented_nih_pills_224/69238-1251_0_0.jpg,reference,69238-1251,NOVO;288,True
D:/Data/ePillID_data/ePillID_data\classification_data\segmented_nih_pills_224/69238-1251_0_1.jpg,reference,69238-1251,NOVO;288,False
D:/Data/ePillID_data/ePillID_data\classification_data\segmented_nih_pills_224/70786-1496_0_0.jpg,reference,70786-1496,GGD6,True
D:/Data/ePillID_data/ePillID_data\classification_data\segmented_nih_pills_224/70786-1496_0_1.jpg,reference,70786-1496,GGD6,False
D:/Data/ePillID_data/ePillID_data\classification_data\segmented_nih_pills_224/70786-1716_0_0.jpg,reference,70786-1716,TV;4;1716,True
D:/Data/ePillID_data/ePillID_data\classification_data\segmented_nih_pills_224/70786-1716_0_1.jpg,reference,70786-1716,TV;4;1716,False
D:/Data/ePillID_data/ePillID_data\classification_data\segmented_nih_pills_224/70786-1718_0_0.jpg,reference,70786-1718,TV;6;1718,True
D:/Data/ePillID_data/ePillID_data\classification_data\segmented_nih_pills_224/70786-1718_0_1.jpg,reference,70786-1718,TV;6;1718,False
D:/Data/ePillID_data/ePillID_data\classification_data\segmented_nih_pills_224/76237-112_0_0.jpg,reference,76237-112,debossed;TCL;011;on;one;side;and;plain;on;the;other,True
D:/Data/ePillID_data/ePillID_data\classification_data\segmented_nih_pills_224/76237-112_0_1.jpg,reference,76237-112,debossed;TCL;011;on;one;side;and;plain;on;the;other,False
D:/Data/ePillID_data/ePillID_data\classification_data\segmented_nih_pills_224/76237-129_0_0.jpg,reference,76237-129,R;on;one;side;and;539;and;bisect;on;the;other,True
D:/Data/ePillID_data/ePillID_data\classification_data\segmented_nih_pills_224/76237-129_0_1.jpg,reference,76237-129,R;on;one;side;and;539;and;bisect;on;the;other,False
D:/Data/ePillID_data/ePillID_data\classification_data\segmented_nih_pills_224/76237-160_0_0.jpg,reference,76237-160,TL012,True
D:/Data/ePillID_data/ePillID_data\classification_data\segmented_nih_pills_224/76237-160_0_1.jpg,reference,76237-160,TL012,False
D:/Data/ePillID_data/ePillID_data\classification_data\segmented_nih_pills_224/76237-202_0_0.jpg,reference,76237-202,93;7234,True
D:/Data/ePillID_data/ePillID_data\classification_data\segmented_nih_pills_224/76237-202_0_1.jpg,reference,76237-202,93;7234,False
D:/Data/ePillID_data/ePillID_data\classification_data\segmented_nih_pills_224/76237-250_0_0.jpg,reference,76237-250,GG531,True
D:/Data/ePillID_data/ePillID_data\classification_data\segmented_nih_pills_224/76237-250_0_1.jpg,reference,76237-250,GG531,False
D:/Data/ePillID_data/ePillID_data\classification_data\segmented_nih_pills_224/76237-303_0_0.jpg,reference,76237-303,60;60;1105,True
D:/Data/ePillID_data/ePillID_data\classification_data\segmented_nih_pills_224/76237-303_0_1.jpg,reference,76237-303,60;60;1105,False
D:/Data/ePillID_data/ePillID_data\classification_data\segmented_nih_pills_224/76413-110_0_0.jpg,reference,76413-110,ML;64,True
D:/Data/ePillID_data/ePillID_data\classification_data\segmented_nih_pills_224/76413-110_0_1.jpg,reference,76413-110,ML;64,False
D:/Data/ePillID_data/ePillID_data\classification_data\segmented_nih_pills_224/76439-302_0_0.jpg,reference,76439-302,VP;302,True
D:/Data/ePillID_data/ePillID_data\classification_data\segmented_nih_pills_224/76439-302_0_1.jpg,reference,76439-302,VP;302,False
D:/Data/ePillID_data/ePillID_data\classification_data\segmented_nih_pills_224/76519-1004_0_0.jpg,reference,76519-1004,RDY;197,True
D:/Data/ePillID_data/ePillID_data\classification_data\segmented_nih_pills_224/76519-1004_0_1.jpg,reference,76519-1004,RDY;197,False
D:/Data/ePillID_data/ePillID_data\classification_data\fcn_mix_weight/dc_224/1006.jpg,consumer,93-7220,93;7220,True
D:/Data/ePillID_data/ePillID_data\classification_data\fcn_mix_weight/dc_224/1008.jpg,consumer,93-5256,TEVA;5256,False
D:/Data/ePillID_data/ePillID_data\classification_data\fcn_mix_weight/dc_224/1019.jpg,consumer,378-3632,M;C32,True
D:/Data/ePillID_data/ePillID_data\classification_data\fcn_mix_weight/dc_224/1024.jpg,consumer,59762-5024,G;22,False
D:/Data/ePillID_data/ePillID_data\classification_data\fcn_mix_weight/dc_224/1031.jpg,consumer,555-633,barr;633,True
D:/Data/ePillID_data/ePillID_data\classification_data\fcn_mix_weight/dc_224/1041.jpg,consumer,781-5185,112;GG;336,True
D:/Data/ePillID_data/ePillID_data\classification_data\fcn_mix_weight/dc_224/1043.jpg,consumer,93-3195,TEVA;3195,True
D:/Data/ePillID_data/ePillID_data\classification_data\fcn_mix_weight/dc_224/1049.jpg,consumer,68180-479,LL;C03,True
D:/Data/ePillID_data/ePillID_data\classification_data\fcn_mix_weight/dc_224/1056.jpg,consumer,51285-538,OP;718,False
D:/Data/ePillID_data/ePillID_data\classification_data\fcn_mix_weight/dc_224/106.jpg,consumer,93-7242,93;7242,False
D:/Data/ePillID_data/ePillID_data\classification_data\fcn_mix_weight/dc_224/1062.jpg,consumer,74-6594,SYNTHROID;88,False
D:/Data/ePillID_data/ePillID_data\classification_data\fcn_mix_weight/dc_224/107.jpg,consumer,68180-479,LL;C03,True
D:/Data/ePillID_data/ePillID_data\classification_data\fcn_mix_weight/dc_224/1080.jpg,consumer,93-8035,3;035;N,True
D:/Data/ePillID_data/ePillID_data\classification_data\fcn_mix_weight/dc_224/1086.jpg,consumer,832-1025,832;BC20,False
D:/Data/ePillID_data/ePillID_data\classification_data\fcn_mix_weight/dc_224/1099.jpg,consumer,93-7242,93;7242,True
D:/Data/ePillID_data/ePillID_data\classification_data\fcn_mix_weight/dc_224/111.jpg,consumer,23-9350,SAN;60,True
D:/Data/ePillID_data/ePillID_data\classification_data\fcn_mix_weight/dc_224/1117.jpg,consumer,99207-461,DYN;090,True
D:/Data/ePillID_data/ePillID_data\classification_data\fcn_mix_weight/dc_224/1121.jpg,consumer,93-4405,4405;200,False
D:/Data/ePillID_data/ePillID_data\classification_data\fcn_mix_weight/dc_224/1134.jpg,consumer,29033-20,NC;200,True
D:/Data/ePillID_data/ePillID_data\classification_data\fcn_mix_weight/dc_224/1144.jpg,consumer,555-1021,barr;16;mg;1021,True
D:/Data/ePillID_data/ePillID_data\classification_data\fcn_mix_weight/dc_224/1145.jpg,consumer,555-9010,b;944,False
D:/Data/ePillID_data/ePillID_data\classification_data\fcn_mix_weight/dc_224/1159.jpg,consumer,93-7304,93;7304,True
D:/Data/ePillID_data/ePillID_data\classification_data\fcn_mix_weight/dc_224/1161.jpg,consumer,378-232,MYLAN;232;80,False
D:/Data/ePillID_data/ePillID_data\classification_data\fcn_mix_weight/dc_224/1164.jpg,consumer,93-7178,7178;93,False
D:/Data/ePillID_data/ePillID_data\classification_data\fcn_mix_weight/dc_224/1168.jpg,consumer,93-7338,93;7338;93;7338,True
D:/Data/ePillID_data/ePillID_data\classification_data\fcn_mix_weight/dc_224/1169.jpg,consumer,555-1021,barr;16;mg;1021,False
D:/Data/ePillID_data/ePillID_data\classification_data\fcn_mix_weight/dc_224/1174.jpg,consumer,93-5171,93;5171,False
D:/Data/ePillID_data/ePillID_data\classification_data\fcn_mix_weight/dc_224/1176.jpg,consumer,54-4182,54;943,False
D:/Data/ePillID_data/ePillID_data\classification_data\fcn_mix_weight/dc_224/1180.jpg,consumer,777-3105,DISTA;3105;Prozac;20;mg,False
D:/Data/ePillID_data/ePillID_data\classification_data\fcn_mix_weight/dc_224/1183.jpg,consumer,13811-583,T583,False
D:/Data/ePillID_data/ePillID_data\classification_data\fcn_mix_weight/dc_224/1185.jpg,consumer,597-46,54;193,True
D:/Data/ePillID_data/ePillID_data\classification_data\fcn_mix_weight/dc_224/1187.jpg,consumer,378-1105,MYLAN;G1,False
D:/Data/ePillID_data/ePillID_data\classification_data\fcn_mix_weight/dc_224/1191.jpg,consumer,93-5112,BVF;120;BVF;120,False
D:/Data/ePillID_data/ePillID_data\classification_data\fcn_mix_weight/dc_224/1197.jpg,consumer,49884-401,P;401,False
D:/Data/ePillID_data/ePillID_data\classification_data\fcn_mix_weight/dc_224/12.jpg,consumer,93-7426,TV;7426,True
D:/Data/ePillID_data/ePillID_data\classification_data\fcn_mix_weight/dc_224/1200.jpg,consumer,93-3147,TEVA;3147,False
D:/Data/ePillID_data/ePillID_data\classification_data\fcn_mix_weight/dc_224/121.jpg,consumer,93-199,9;3;199,True
D:/Data/ePillID_data/ePillID_data\classification_data\fcn_mix_weight/dc_224/1220.jpg,consumer,23-9350,SAN;60,True
D:/Data/ePillID_data/ePillID_data\classification_data\fcn_mix_weight/dc_224/123.jpg,consumer,186-520,500;20,True
D:/Data/ePillID_data/ePillID_data\classification_data\fcn_mix_weight/dc_224/1232.jpg,consumer,66582-313,313,True
D:/Data/ePillID_data/ePillID_data\classification_data\fcn_mix_weight/dc_224/1237.jpg,consumer,555-969,b;969;100,False
D:/Data/ePillID_data/ePillID_data\classification_data\fcn_mix_weight/dc_224/1238.jpg,consumer,93-4237,80;Z;4237,False
D:/Data/ePillID_data/ePillID_data\classification_data\fcn_mix_weight/dc_224/124.jpg,consumer,93-5126,93;5126,True
D:/Data/ePillID_data/ePillID_data\classification_data\fcn_mix_weight/dc_224/1253.jpg,consumer,378-1105,MYLAN;G1,True
D:/Data/ePillID_data/ePillID_data\classification_data\fcn_mix_weight/dc_224/1257.jpg,consumer,51285-87,b;556,True
D:/Data/ePillID_data/ePillID_data\classification_data\fcn_mix_weight/dc_224/126.jpg,consumer,51285-697,OP;697,False
D:/Data/ePillID_data/ePillID_data\classification_data\fcn_mix_weight/dc_224/1262.jpg,consumer,93-753,753;TEVA,True
D:/Data/ePillID_data/ePillID_data\classification_data\fcn_mix_weight/dc_224/1263.jpg,consumer,93-5710,5710;1;25;250,True
D:/Data/ePillID_data/ePillID_data\classification_data\fcn_mix_weight/dc_224/127.jpg,consumer,93-7334,TEVA;7334,False
D:/Data/ePillID_data/ePillID_data\classification_data\fcn_mix_weight/dc_224/1273.jpg,consumer,555-9010,b;944,True
D:/Data/ePillID_data/ePillID_data\classification_data\fcn_mix_weight/dc_224/1288.jpg,consumer,99207-467,DYN;105,False
D:/Data/ePillID_data/ePillID_data\classification_data\fcn_mix_weight/dc_224/1305.jpg,consumer,93-5852,5852;20,False
D:/Data/ePillID_data/ePillID_data\classification_data\fcn_mix_weight/dc_224/1317.jpg,consumer,68968-3500,NVN2,False
D:/Data/ePillID_data/ePillID_data\classification_data\fcn_mix_weight/dc_224/1325.jpg,consumer,93-7234,93;7234,False
D:/Data/ePillID_data/ePillID_data\classification_data\fcn_mix_weight/dc_224/1328.jpg,consumer,378-216,MYLAN;216;40,False
D:/Data/ePillID_data/ePillID_data\classification_data\fcn_mix_weight/dc_224/1330.jpg,consumer,62-2085,A,True
D:/Data/ePillID_data/ePillID_data\classification_data\fcn_mix_weight/dc_224/1333.jpg,consumer,93-7256,9;3;72;56,False
D:/Data/ePillID_data/ePillID_data\classification_data\fcn_mix_weight/dc_224/1335.jpg,consumer,93-5852,5852;20,True
D:/Data/ePillID_data/ePillID_data\classification_data\fcn_mix_weight/dc_224/1337.jpg,consumer,68968-3500,NVN2,True
D:/Data/ePillID_data/ePillID_data\classification_data\fcn_mix_weight/dc_224/1346.jpg,consumer,781-5186,125;GG;337,True
D:/Data/ePillID_data/ePillID_data\classification_data\fcn_mix_weight/dc_224/1349.jpg,consumer,93-2272,93;2272,True
D:/Data/ePillID_data/ePillID_data\classification_data\fcn_mix_weight/dc_224/1356.jpg,consumer,93-7178,7178;93,True
D:/Data/ePillID_data/ePillID_data\classification_data\fcn_mix_weight/dc_224/1362.jpg,consumer,93-787,787;TEVA,False
D:/Data/ePillID_data/ePillID_data\classification_data\fcn_mix_weight/dc_224/1364.jpg,consumer,93-4236,40;Z;4236,False
D:/Data/ePillID_data/ePillID_data\classification_data\fcn_mix_weight/dc_224/137.jpg,consumer,555-633,barr;633,True
D:/Data/ePillID_data/ePillID_data\classification_data\fcn_mix_weight/dc_224/1372.jpg,consumer,555-9008,b;944,True
D:/Data/ePillID_data/ePillID_data\classification_data\fcn_mix_weight/dc_224/1376.jpg,consumer,53489-146,MP;85,True
D:/Data/ePillID_data/ePillID_data\classification_data\fcn_mix_weight/dc_224/1378.jpg,consumer,93-536,93;536,False
D:/Data/ePillID_data/ePillID_data\classification_data\fcn_mix_weight/dc_224/1379.jpg,consumer,93-7426,TV;7426,True
D:/Data/ePillID_data/ePillID_data\classification_data\fcn_mix_weight/dc_224/138.jpg,consumer,2-4463,C;10,True
D:/Data/ePillID_data/ePillID_data\classification_data\fcn_mix_weight/dc_224/1385.jpg,consumer,555-607,555;607;barr,True
D:/Data/ePillID_data/ePillID_data\classification_data\fcn_mix_weight/dc_224/139.jpg,consumer,93-784,93;784,True
D:/Data/ePillID_data/ePillID_data\classification_data\fcn_mix_weight/dc_224/1392.jpg,consumer,68382-24,Z;67,True
D:/Data/ePillID_data/ePillID_data\classification_data\fcn_mix_weight/dc_224/1393.jpg,consumer,93-733,93;733,False
D:/Data/ePillID_data/ePillID_data\classification_data\fcn_mix_weight/dc_224/1396.jpg,consumer,603-3741,3171;V,True
D:/Data/ePillID_data/ePillID_data\classification_data\fcn_mix_weight/dc_224/1400.jpg,consumer,378-1165,M;B3;5;5;5,True
D:/Data/ePillID_data/ePillID_data\classification_data\fcn_mix_weight/dc_224/1401.jpg,consumer,93-4405,4405;200,True
D:/Data/ePillID_data/ePillID_data\classification_data\fcn_mix_weight/dc_224/1411.jpg,consumer,93-4741,4741;9;3,True
D:/Data/ePillID_data/ePillID_data\classification_data\fcn_mix_weight/dc_224/1413.jpg,consumer,93-4237,80;Z;4237,False
D:/Data/ePillID_data/ePillID_data\classification_data\fcn_mix_weight/dc_224/1419.jpg,consumer,2-4463,C;10,False
D:/Data/ePillID_data/ePillID_data\classification_data\fcn_mix_weight/dc_224/142.jpg,consumer,78-521,NVR;LCI,False
D:/Data/ePillID_data/ePillID_data\classification_data\fcn_mix_weight/dc_224/1424.jpg,consumer,52544-913,WATSON;913,False
D:/Data/ePillID_data/ePillID_data\classification_data\fcn_mix_weight/dc_224/1425.jpg,consumer,3-4222,2;5;1000;4222,False
D:/Data/ePillID_data/ePillID_data\classification_data\fcn_mix_weight/dc_224/1427.jpg,consumer,53489-146,MP;85,True
D:/Data/ePillID_data/ePillID_data\classification_data\fcn_mix_weight/dc_224/1430.jpg,consumer,93-7380,9;3;7380,False
D:/Data/ePillID_data/ePillID_data\classification_data\fcn_mix_weight/dc_224/1445.jpg,consumer,555-969,b;969;100,True
D:/Data/ePillID_data/ePillID_data\classification_data\fcn_mix_weight/dc_224/1446.jpg,consumer,93-7158,93;7158,True
D:/Data/ePillID_data/ePillID_data\classification_data\fcn_mix_weight/dc_224/1455.jpg,consumer,53489-648,Mutual;866,False
D:/Data/ePillID_data/ePillID_data\classification_data\fcn_mix_weight/dc_224/1459.jpg,consumer,143-9920,H5,True
D:/Data/ePillID_data/ePillID_data\classification_data\fcn_mix_weight/dc_224/1464.jpg,consumer,7-4892,SB;4892,False
D:/Data/ePillID_data/ePillID_data\classification_data\fcn_mix_weight/dc_224/1468.jpg,consumer,68462-360,IG;275,False
D:/Data/ePillID_data/ePillID_data\classification_data\fcn_mix_weight/dc_224/1478.jpg,consumer,597-46,54;193,True
D:/Data/ePillID_data/ePillID_data\classification_data\fcn_mix_weight/dc_224/1480.jpg,consumer,555-9026,b;247,True
D:/Data/ePillID_data/ePillID_data\classification_data\fcn_mix_weight/dc_224/1487.jpg,consumer,37-2250,SOMA;250,False
D:/Data/ePillID_data/ePillID_data\classification_data\fcn_mix_weight/dc_224/1490.jpg,consumer,93-1172,93;1172,True
D:/Data/ePillID_data/ePillID_data\classification_data\fcn_mix_weight/dc_224/1491.jpg,consumer,93-5852,5852;20,False
D:/Data/ePillID_data/ePillID_data\classification_data\fcn_mix_weight/dc_224/1497.jpg,consumer,93-199,9;3;199,False
D:/Data/ePillID_data/ePillID_data\classification_data\fcn_mix_weight/dc_224/1498.jpg,consumer,93-2929,2929;93,True
D:/Data/ePillID_data/ePillID_data\classification_data\fcn_mix_weight/dc_224/1510.jpg,consumer,378-7003,M;N3,False
D:/Data/ePillID_data/ePillID_data\classification_data\fcn_mix_weight/dc_224/1511.jpg,consumer,93-5247,TV;U7;15,False
D:/Data/ePillID_data/ePillID_data\classification_data\fcn_mix_weight/dc_224/1533.jpg,consumer,93-3167,TEVA;3167,True
D:/Data/ePillID_data/ePillID_data\classification_data\fcn_mix_weight/dc_224/1534.jpg,consumer,93-3147,TEVA;3147,True
D:/Data/ePillID_data/ePillID_data\classification_data\fcn_mix_weight/dc_224/1535.jpg,consumer,51285-87,b;556,True
D:/Data/ePillID_data/ePillID_data\classification_data\fcn_mix_weight/dc_224/1543.jpg,consumer,172-7312,100;mg,True
D:/Data/ePillID_data/ePillID_data\classification_data\fcn_mix_weight/dc_224/1545.jpg,consumer,93-5256,TEVA;5256,True
D:/Data/ePillID_data/ePillID_data\classification_data\fcn_mix_weight/dc_224/1549.jpg,consumer,310-282,XR;200,True
D:/Data/ePillID_data/ePillID_data\classification_data\fcn_mix_weight/dc_224/1554.jpg,consumer,555-633,barr;633,False
D:/Data/ePillID_data/ePillID_data\classification_data\fcn_mix_weight/dc_224/1559.jpg,consumer,93-7465,TEVA;7465,False
D:/Data/ePillID_data/ePillID_data\classification_data\fcn_mix_weight/dc_224/1562.jpg,consumer,93-7436,93;7436;93;7436,False
D:/Data/ePillID_data/ePillID_data\classification_data\fcn_mix_weight/dc_224/157.jpg,consumer,50111-328,PLIVA;328,True
D:/Data/ePillID_data/ePillID_data\classification_data\fcn_mix_weight/dc_224/1571.jpg,consumer,93-199,9;3;199,True
D:/Data/ePillID_data/ePillID_data\classification_data\fcn_mix_weight/dc_224/1577.jpg,consumer,781-5186,125;GG;337,False
D:/Data/ePillID_data/ePillID_data\classification_data\fcn_mix_weight/dc_224/1581.jpg,consumer,55111-268,RDY;268,True
D:/Data/ePillID_data/ePillID_data\classification_data\fcn_mix_weight/dc_224/1584.jpg,consumer,378-186,MYLAN;186,False
D:/Data/ePillID_data/ePillID_data\classification_data\fcn_mix_weight/dc_224/1586.jpg,consumer,65597-701,Sankyo;C01,True
D:/Data/ePillID_data/ePillID_data\classification_data\fcn_mix_weight/dc_224/159.jpg,consumer,93-308,93;308,True
D:/Data/ePillID_data/ePillID_data\classification_data\fcn_mix_weight/dc_224/1591.jpg,consumer,93-7167,93;7167,True
D:/Data/ePillID_data/ePillID_data\classification_data\fcn_mix_weight/dc_224/1593.jpg,consumer,555-9014,b;208,True
D:/Data/ePillID_data/ePillID_data\classification_data\fcn_mix_weight/dc_224/1595.jpg,consumer,777-3105,DISTA;3105;Prozac;20;mg,False
D:/Data/ePillID_data/ePillID_data\classification_data\fcn_mix_weight/dc_224/1615.jpg,consumer,93-5171,93;5171,False
D:/Data/ePillID_data/ePillID_data\classification_data\fcn_mix_weight/dc_224/162.jpg,consumer,378-7003,M;N3,True
D:/Data/ePillID_data/ePillID_data\classification_data\fcn_mix_weight/dc_224/1623.jpg,consumer,93-784,93;784,True
D:/Data/ePillID_data/ePillID_data\classification_data\fcn_mix_weight/dc_224/1626.jpg,consumer,2-3250,LILLY;3250;80;mg,True
D:/Data/ePillID_data/ePillID_data\classification_data\fcn_mix_weight/dc_224/1628.jpg,consumer,93-753,753;TEVA,False
D:/Data/ePillID_data/ePillID_data\classification_data\fcn_mix_weight/dc_224/1629.jpg,consumer,59762-2004,G;2004,True
D:/Data/ePillID_data/ePillID_data\classification_data\fcn_mix_weight/dc_224/1638.jpg,consumer,78-358,NVR;DV,True
D:/Data/ePillID_data/ePillID_data\classification_data\fcn_mix_weight/dc_224/1649.jpg,consumer,93-733,93;733,True
D:/Data/ePillID_data/ePillID_data\classification_data\fcn_mix_weight/dc_224/1650.jpg,consumer,93-2268,9;3;2268,False
D:/Data/ePillID_data/ePillID_data\classification_data\fcn_mix_weight/dc_224/1656.jpg,consumer,555-485,b;485,True
D:/Data/ePillID_data/ePillID_data\classification_data\fcn_mix_weight/dc_224/1657.jpg,consumer,50111-901,PA1000,False
D:/Data/ePillID_data/ePillID_data\classification_data\fcn_mix_weight/dc_224/1666.jpg,consumer,93-2929,2929;93,True
D:/Data/ePillID_data/ePillID_data\classification_data\fcn_mix_weight/dc_224/1669.jpg,consumer,378-1813,M;L;10,False
D:/Data/ePillID_data/ePillID_data\classification_data\fcn_mix_weight/dc_224/168.jpg,consumer,555-9026,b;247,True
D:/Data/ePillID_data/ePillID_data\classification_data\fcn_mix_weight/dc_224/1686.jpg,consumer,23-9350,SAN;60,False
D:/Data/ePillID_data/ePillID_data\classification_data\fcn_mix_weight/dc_224/1688.jpg,consumer,781-5189,200;GG;340,False
D:/Data/ePillID_data/ePillID_data\classification_data\fcn_mix_weight/dc_224/169.jpg,consumer,93-7304,93;7304,True
D:/Data/ePillID_data/ePillID_data\classification_data\fcn_mix_weight/dc_224/1691.jpg,consumer,378-2076,L;26;M,True
D:/Data/ePillID_data/ePillID_data\classification_data\fcn_mix_weight/dc_224/1693.jpg,consumer,93-7365,9;3;7365,True
D:/Data/ePillID_data/ePillID_data\classification_data\fcn_mix_weight/dc_224/1705.jpg,consumer,172-5033,5033;10;12;5,True
D:/Data/ePillID_data/ePillID_data\classification_data\fcn_mix_weight/dc_224/171.jpg,consumer,55111-343,RDY;343,True
D:/Data/ePillID_data/ePillID_data\classification_data\fcn_mix_weight/dc_224/1712.jpg,consumer,2-4464,C;20,True
D:/Data/ePillID_data/ePillID_data\classification_data\fcn_mix_weight/dc_224/1719.jpg,consumer,93-4236,40;Z;4236,False
D:/Data/ePillID_data/ePillID_data\classification_data\fcn_mix_weight/dc_224/1728.jpg,consumer,456-457,A;TC,True
D:/Data/ePillID_data/ePillID_data\classification_data\fcn_mix_weight/dc_224/174.jpg,consumer,54-17,54;899,True
D:/Data/ePillID_data/ePillID_data\classification_data\fcn_mix_weight/dc_224/1741.jpg,consumer,93-51,TV;51,True
D:/Data/ePillID_data/ePillID_data\classification_data\fcn_mix_weight/dc_224/1742.jpg,consumer,51285-87,b;556,True
D:/Data/ePillID_data/ePillID_data\classification_data\fcn_mix_weight/dc_224/1743.jpg,consumer,172-4626,20;4626,False
D:/Data/ePillID_data/ePillID_data\classification_data\fcn_mix_weight/dc_224/1745.jpg,consumer,555-9008,b;944,True
D:/Data/ePillID_data/ePillID_data\classification_data\fcn_mix_weight/dc_224/175.jpg,consumer,93-1177,93;1177,False
D:/Data/ePillID_data/ePillID_data\classification_data\fcn_mix_weight/dc_224/1751.jpg,consumer,68382-24,Z;67,True
D:/Data/ePillID_data/ePillID_data\classification_data\fcn_mix_weight/dc_224/1753.jpg,consumer,93-5126,93;5126,False
D:/Data/ePillID_data/ePillID_data\classification_data\fcn_mix_weight/dc_224/1757.jpg,consumer,555-9016,b;987,True
D:/Data/ePillID_data/ePillID_data\classification_data\fcn_mix_weight/dc_224/1759.jpg,consumer,93-7465,TEVA;7465,True
D:/Data/ePillID_data/ePillID_data\classification_data\fcn_mix_weight/dc_224/1761.jpg,consumer,93-1061,93;61,True
D:/Data/ePillID_data/ePillID_data\classification_data\fcn_mix_weight/dc_224/1762.jpg,consumer,93-5770,TEVA;5770,True
D:/Data/ePillID_data/ePillID_data\classification_data\fcn_mix_weight/dc_224/1769.jpg,consumer,93-1172,93;1172,True
D:/Data/ePillID_data/ePillID_data\classification_data\fcn_mix_weight/dc_224/1770.jpg,consumer,93-7436,93;7436;93;7436,True
D:/Data/ePillID_data/ePillID_data\classification_data\fcn_mix_weight/dc_224/1782.jpg,consumer,93-5504,TEVA;5504,True
D:/Data/ePillID_data/ePillID_data\classification_data\fcn_mix_weight/dc_224/1786.jpg,consumer,93-926,926;TEVA,True
D:/Data/ePillID_data/ePillID_data\classification_data\fcn_mix_weight/dc_224/179.jpg,consumer,172-5411,5411;100,False
D:/Data/ePillID_data/ePillID_data\classification_data\fcn_mix_weight/dc_224/1790.jpg,consumer,555-9008,b;944,False
D:/Data/ePillID_data/ePillID_data\classification_data\fcn_mix_weight/dc_224/1795.jpg,consumer,78-359,NVR;DX,True
D:/Data/ePillID_data/ePillID_data\classification_data\fcn_mix_weight/dc_224/1796.jpg,consumer,832-1080,832;BM05,False
D:/Data/ePillID_data/ePillID_data\classification_data\fcn_mix_weight/dc_224/1805.jpg,consumer,591-3210,WATSON;3210,True
D:/Data/ePillID_data/ePillID_data\classification_data\fcn_mix_weight/dc_224/1816.jpg,consumer,78-486,NVR;IU,True
D:/Data/ePillID_data/ePillID_data\classification_data\fcn_mix_weight/dc_224/1818.jpg,consumer,93-199,9;3;199,True
D:/Data/ePillID_data/ePillID_data\classification_data\fcn_mix_weight/dc_224/1821.jpg,consumer,93-2268,9;3;2268,False
D:/Data/ePillID_data/ePillID_data\classification_data\fcn_mix_weight/dc_224/1823.jpg,consumer,378-6233,MX33,False
D:/Data/ePillID_data/ePillID_data\classification_data\fcn_mix_weight/dc_224/1824.jpg,consumer,93-7385,93;7385;93;7385,True
D:/Data/ePillID_data/ePillID_data\classification_data\fcn_mix_weight/dc_224/183.jpg,consumer,63304-829,RX829,False
D:/Data/ePillID_data/ePillID_data\classification_data\fcn_mix_weight/dc_224/1849.jpg,consumer,93-7426,TV;7426,True
D:/Data/ePillID_data/ePillID_data\classification_data\fcn_mix_weight/dc_224/1850.jpg,consumer,50111-433,PLIVA;433,True
D:/Data/ePillID_data/ePillID_data\classification_data\fcn_mix_weight/dc_224/1864.jpg,consumer,93-7212,93;7212,False
D:/Data/ePillID_data/ePillID_data\classification_data\fcn_mix_weight/dc_224/1866.jpg,consumer,51285-691,OP;704,True
D:/Data/ePillID_data/ePillID_data\classification_data\fcn_mix_weight/dc_224/1868.jpg,consumer,54-4182,54;943,True
D:/Data/ePillID_data/ePillID_data\classification_data\fcn_mix_weight/dc_224/1870.jpg,consumer,93-3147,TEVA;3147,True
D:/Data/ePillID_data/ePillID_data\classification_data\fcn_mix_weight/dc_224/1872.jpg,consumer,172-4280,7300,True
D:/Data/ePillID_data/ePillID_data\classification_data\fcn_mix_weight/dc_224/1874.jpg,consumer,93-5271,93;5271,False
D:/Data/ePillID_data/ePillID_data\classification_data\fcn_mix_weight/dc_224/1876.jpg,consumer,51672-4030,3;WARFARIN;TARO,False
D:/Data/ePillID_data/ePillID_data\classification_data\fcn_mix_weight/dc_224/1877.jpg,consumer,603-3856,3571;V,True
D:/Data/ePillID_data/ePillID_data\classification_data\fcn_mix_weight/dc_224/1880.jpg,consumer,781-1507,GG264,False
D:/Data/ePillID_data/ePillID_data\classification_data\fcn_mix_weight/dc_224/1881.jpg,consumer,172-4626,20;4626,True
D:/Data/ePillID_data/ePillID_data\classification_data\fcn_mix_weight/dc_224/1885.jpg,consumer,51285-523,OP;706,True
D:/Data/ePillID_data/ePillID_data\classification_data\fcn_mix_weight/dc_224/1899.jpg,consumer,378-1165,M;B3;5;5;5,True
D:/Data/ePillID_data/ePillID_data\classification_data\fcn_mix_weight/dc_224/191.jpg,consumer,93-4059,9;3;4059,True
D:/Data/ePillID_data/ePillID_data\classification_data\fcn_mix_weight/dc_224/1910.jpg,consumer,93-4236,40;Z;4236,False
D:/Data/ePillID_data/ePillID_data\classification_data\fcn_mix_weight/dc_224/1913.jpg,consumer,62-2085,A,True
D:/Data/ePillID_data/ePillID_data\classification_data\fcn_mix_weight/dc_224/1925.jpg,consumer,93-5050,4833M;15;850,True
D:/Data/ePillID_data/ePillID_data\classification_data\fcn_mix_weight/dc_224/1926.jpg,consumer,93-5852,5852;20,True
D:/Data/ePillID_data/ePillID_data\classification_data\fcn_mix_weight/dc_224/1930.jpg,consumer,93-7220,93;7220,True
D:/Data/ePillID_data/ePillID_data\classification_data\fcn_mix_weight/dc_224/1939.jpg,consumer,63459-215,C;215,False
D:/Data/ePillID_data/ePillID_data\classification_data\fcn_mix_weight/dc_224/1961.jpg,consumer,50111-787,PLIVA;787,False
D:/Data/ePillID_data/ePillID_data\classification_data\fcn_mix_weight/dc_224/1964.jpg,consumer,378-2076,L;26;M,True
D:/Data/ePillID_data/ePillID_data\classification_data\fcn_mix_weight/dc_224/1971.jpg,consumer,93-7234,93;7234,False
D:/Data/ePillID_data/ePillID_data\classification_data\fcn_mix_weight/dc_224/198.jpg,consumer,53489-146,MP;85,False
D:/Data/ePillID_data/ePillID_data\classification_data\fcn_mix_weight/dc_224/1983.jpg,consumer,555-485,b;485,True
D:/Data/ePillID_data/ePillID_data\classification_data\fcn_mix_weight/dc_224/1987.jpg,consumer,51285-523,OP;706,False
D:/Data/ePillID_data/ePillID_data\classification_data\fcn_mix_weight/dc_224/1997.jpg,consumer,93-2272,93;2272,False
D:/Data/ePillID_data/ePillID_data\classification_data\fcn_mix_weight/dc_224/1998.jpg,consumer,378-1821,M;L;14,True
D:/Data/ePillID_data/ePillID_data\classification_data\fcn_mix_weight/dc_224/1999.jpg,consumer,50458-551,PAL;6,True
D:/Data/ePillID_data/ePillID_data\classification_data\fcn_mix_weight/dc_224/200.jpg,consumer,93-733,93;733,True
D:/Data/ePillID_data/ePillID_data\classification_data\fcn_mix_weight/dc_224/2003.jpg,consumer,93-2263,93;2263,True
D:/Data/ePillID_data/ePillID_data\classification_data\fcn_mix_weight/dc_224/2006.jpg,consumer,228-2127,R127,True
D:/Data/ePillID_data/ePillID_data\classification_data\fcn_mix_weight/dc_224/2014.jpg,consumer,93-5507,TEVA;5507,False
D:/Data/ePillID_data/ePillID_data\classification_data\fcn_mix_weight/dc_224/2018.jpg,consumer,55111-268,RDY;268,True
D:/Data/ePillID_data/ePillID_data\classification_data\fcn_mix_weight/dc_224/2019.jpg,consumer,93-2268,9;3;2268,False
D:/Data/ePillID_data/ePillID_data\classification_data\fcn_mix_weight/dc_224/202.jpg,consumer,777-3105,DISTA;3105;Prozac;20;mg,True
D:/Data/ePillID_data/ePillID_data\classification_data\fcn_mix_weight/dc_224/2023.jpg,consumer,93-4742,4742;9;3,False
D:/Data/ePillID_data/ePillID_data\classification_data\fcn_mix_weight/dc_224/203.jpg,consumer,781-1506,GG263,True
D:/Data/ePillID_data/ePillID_data\classification_data\fcn_mix_weight/dc_224/2033.jpg,consumer,555-969,b;969;100,True
D:/Data/ePillID_data/ePillID_data\classification_data\fcn_mix_weight/dc_224/2037.jpg,consumer,93-1118,93;1118,False
D:/Data/ePillID_data/ePillID_data\classification_data\fcn_mix_weight/dc_224/2041.jpg,consumer,378-3482,M;482,True
D:/Data/ePillID_data/ePillID_data\classification_data\fcn_mix_weight/dc_224/2042.jpg,consumer,603-3856,3571;V,True
D:/Data/ePillID_data/ePillID_data\classification_data\fcn_mix_weight/dc_224/2047.jpg,consumer,54-17,54;899,True
D:/Data/ePillID_data/ePillID_data\classification_data\fcn_mix_weight/dc_224/2049.jpg,consumer,93-7167,93;7167,False
D:/Data/ePillID_data/ePillID_data\classification_data\fcn_mix_weight/dc_224/2055.jpg,consumer,93-5140,93;5140,False
D:/Data/ePillID_data/ePillID_data\classification_data\fcn_mix_weight/dc_224/206.jpg,consumer,93-463,9;3;463,False
D:/Data/ePillID_data/ePillID_data\classification_data\fcn_mix_weight/dc_224/2067.jpg,consumer,93-4742,4742;9;3,True
D:/Data/ePillID_data/ePillID_data\classification_data\fcn_mix_weight/dc_224/2070.jpg,consumer,68462-358,IG;257,False
D:/Data/ePillID_data/ePillID_data\classification_data\fcn_mix_weight/dc_224/2075.jpg,consumer,378-2074,L;24;M,True
D:/Data/ePillID_data/ePillID_data\classification_data\fcn_mix_weight/dc_224/2079.jpg,consumer,781-2053,GG623,True
D:/Data/ePillID_data/ePillID_data\classification_data\fcn_mix_weight/dc_224/2086.jpg,consumer,93-4237,80;Z;4237,True
D:/Data/ePillID_data/ePillID_data\classification_data\fcn_mix_weight/dc_224/2089.jpg,consumer,378-3482,M;482,True
D:/Data/ePillID_data/ePillID_data\classification_data\fcn_mix_weight/dc_224/209.jpg,consumer,93-7380,9;3;7380,True
D:/Data/ePillID_data/ePillID_data\classification_data\fcn_mix_weight/dc_224/2091.jpg,consumer,93-7256,9;3;72;56,True
D:/Data/ePillID_data/ePillID_data\classification_data\fcn_mix_weight/dc_224/2097.jpg,consumer,29033-20,NC;200,False
D:/Data/ePillID_data/ePillID_data\classification_data\fcn_mix_weight/dc_224/2105.jpg,consumer,832-1025,832;BC20,True
D:/Data/ePillID_data/ePillID_data\classification_data\fcn_mix_weight/dc_224/2111.jpg,consumer,50111-901,PA1000,False
D:/Data/ePillID_data/ePillID_data\classification_data\fcn_mix_weight/dc_224/2116.jpg,consumer,172-3761,3761,False
D:/Data/ePillID_data/ePillID_data\classification_data\fcn_mix_weight/dc_224/2120.jpg,consumer,777-3105,DISTA;3105;Prozac;20;mg,True
D:/Data/ePillID_data/ePillID_data\classification_data\fcn_mix_weight/dc_224/2122.jpg,consumer,555-1057,barr;936,False
D:/Data/ePillID_data/ePillID_data\classification_data\fcn_mix_weight/dc_224/2123.jpg,consumer,93-7370,TEVA;7370,True
D:/Data/ePillID_data/ePillID_data\classification_data\fcn_mix_weight/dc_224/2125.jpg,consumer,53746-190,IP190;500,False
D:/Data/ePillID_data/ePillID_data\classification_data\fcn_mix_weight/dc_224/2131.jpg,consumer,93-1063,93;63,True
D:/Data/ePillID_data/ePillID_data\classification_data\fcn_mix_weight/dc_224/2135.jpg,consumer,93-753,753;TEVA,False
D:/Data/ePillID_data/ePillID_data\classification_data\fcn_mix_weight/dc_224/2136.jpg,consumer,53489-143,MP;35,False
D:/Data/ePillID_data/ePillID_data\classification_data\fcn_mix_weight/dc_224/2145.jpg,consumer,378-2074,L;24;M,True
D:/Data/ePillID_data/ePillID_data\classification_data\fcn_mix_weight/dc_224/2149.jpg,consumer,378-1813,M;L;10,True
D:/Data/ePillID_data/ePillID_data\classification_data\fcn_mix_weight/dc_224/2150.jpg,consumer,378-1819,M;L;13,False
D:/Data/ePillID_data/ePillID_data\classification_data\fcn_mix_weight/dc_224/2157.jpg,consumer,63459-215,C;215,True
D:/Data/ePillID_data/ePillID_data\classification_data\fcn_mix_weight/dc_224/2158.jpg,consumer,93-3167,TEVA;3167,False
D:/Data/ePillID_data/ePillID_data\classification_data\fcn_mix_weight/dc_224/2159.jpg,consumer,78-359,NVR;DX,True
D:/Data/ePillID_data/ePillID_data\classification_data\fcn_mix_weight/dc_224/2161.jpg,consumer,172-4280,7300,False
D:/Data/ePillID_data/ePillID_data\classification_data\fcn_mix_weight/dc_224/2162.jpg,consumer,93-657,93;657,True
D:/Data/ePillID_data/ePillID_data\classification_data\fcn_mix_weight/dc_224/2166.jpg,consumer,93-2929,2929;93,True
D:/Data/ePillID_data/ePillID_data\classification_data\fcn_mix_weight/dc_224/2170.jpg,consumer,93-7167,93;7167,True
D:/Data/ePillID_data/ePillID_data\classification_data\fcn_mix_weight/dc_224/2174.jpg,consumer,50111-648,PLIVA;648,True
D:/Data/ePillID_data/ePillID_data\classification_data\fcn_mix_weight/dc_224/2178.jpg,consumer,93-5050,4833M;15;850,False
D:/Data/ePillID_data/ePillID_data\classification_data\fcn_mix_weight/dc_224/218.jpg,consumer,93-4059,9;3;4059,True
D:/Data/ePillID_data/ePillID_data\classification_data\fcn_mix_weight/dc_224/2189.jpg,consumer,93-2272,93;2272,False
D:/Data/ePillID_data/ePillID_data\classification_data\fcn_mix_weight/dc_224/219.jpg,consumer,68968-3500,NVN2,True
D:/Data/ePillID_data/ePillID_data\classification_data\fcn_mix_weight/dc_224/2190.jpg,consumer,65597-701,Sankyo;C01,True
D:/Data/ePillID_data/ePillID_data\classification_data\fcn_mix_weight/dc_224/2206.jpg,consumer,378-2076,L;26;M,True
D:/Data/ePillID_data/ePillID_data\classification_data\fcn_mix_weight/dc_224/221.jpg,consumer,50111-787,PLIVA;787,False
D:/Data/ePillID_data/ePillID_data\classification_data\fcn_mix_weight/dc_224/2211.jpg,consumer,93-7370,TEVA;7370,True
D:/Data/ePillID_data/ePillID_data\classification_data\fcn_mix_weight/dc_224/2221.jpg,consumer,93-4336,4336;1;mg,True
D:/Data/ePillID_data/ePillID_data\classification_data\fcn_mix_weight/dc_224/2223.jpg,consumer,378-1821,M;L;14,True
D:/Data/ePillID_data/ePillID_data\classification_data\fcn_mix_weight/dc_224/2224.jpg,consumer,93-5712,5712;5;500,True
D:/Data/ePillID_data/ePillID_data\classification_data\fcn_mix_weight/dc_224/2225.jpg,consumer,50111-328,PLIVA;328,False
D:/Data/ePillID_data/ePillID_data\classification_data\fcn_mix_weight/dc_224/2226.jpg,consumer,185-124,E124,False
D:/Data/ePillID_data/ePillID_data\classification_data\fcn_mix_weight/dc_224/2229.jpg,consumer,50111-327,PLIVA;327,False
D:/Data/ePillID_data/ePillID_data\classification_data\fcn_mix_weight/dc_224/223.jpg,consumer,93-7247,9;3;7247,False
D:/Data/ePillID_data/ePillID_data\classification_data\fcn_mix_weight/dc_224/2244.jpg,consumer,555-71,b;071;300,False
D:/Data/ePillID_data/ePillID_data\classification_data\fcn_mix_weight/dc_224/2246.jpg,consumer,93-7220,93;7220,False
D:/Data/ePillID_data/ePillID_data\classification_data\fcn_mix_weight/dc_224/2255.jpg,consumer,93-463,9;3;463,True
D:/Data/ePillID_data/ePillID_data\classification_data\fcn_mix_weight/dc_224/2270.jpg,consumer,172-5411,5411;100,True
D:/Data/ePillID_data/ePillID_data\classification_data\fcn_mix_weight/dc_224/2275.jpg,consumer,93-4237,80;Z;4237,True
D:/Data/ePillID_data/ePillID_data\classification_data\fcn_mix_weight/dc_224/2285.jpg,consumer,93-983,93;983,False
D:/Data/ePillID_data/ePillID_data\classification_data\fcn_mix_weight/dc_224/2287.jpg,consumer,93-5247,TV;U7;15,False
D:/Data/ePillID_data/ePillID_data\classification_data\fcn_mix_weight/dc_224/2290.jpg,consumer,310-282,XR;200,True
D:/Data/ePillID_data/ePillID_data\classification_data\fcn_mix_weight/dc_224/2293.jpg,consumer,228-2550,R;550,False
D:/Data/ePillID_data/ePillID_data\classification_data\fcn_mix_weight/dc_224/2297.jpg,consumer,172-5412,5412;150,True
D:/Data/ePillID_data/ePillID_data\classification_data\fcn_mix_weight/dc_224/23.jpg,consumer,93-7370,TEVA;7370,True
D:/Data/ePillID_data/ePillID_data\classification_data\fcn_mix_weight/dc_224/2301.jpg,consumer,93-7336,TEVA;7336,True
D:/Data/ePillID_data/ePillID_data\classification_data\fcn_mix_weight/dc_224/2307.jpg,consumer,93-1118,93;1118,False
D:/Data/ePillID_data/ePillID_data\classification_data\fcn_mix_weight/dc_224/231.jpg,consumer,93-5215,9;3;5215,False
D:/Data/ePillID_data/ePillID_data\classification_data\fcn_mix_weight/dc_224/2317.jpg,consumer,51285-539,OP;719,True
D:/Data/ePillID_data/ePillID_data\classification_data\fcn_mix_weight/dc_224/2320.jpg,consumer,49884-401,P;401,True
D:/Data/ePillID_data/ePillID_data\classification_data\fcn_mix_weight/dc_224/2327.jpg,consumer,378-3495,M;495,True
D:/Data/ePillID_data/ePillID_data\classification_data\fcn_mix_weight/dc_224/2328.jpg,consumer,93-7426,TV;7426,False
D:/Data/ePillID_data/ePillID_data\classification_data\fcn_mix_weight/dc_224/233.jpg,consumer,93-7380,9;3;7380,False
D:/Data/ePillID_data/ePillID_data\classification_data\fcn_mix_weight/dc_224/2330.jpg,consumer,55111-180,R;180,False
D:/Data/ePillID_data/ePillID_data\classification_data\fcn_mix_weight/dc_224/2334.jpg,consumer,93-810,TEVA;10mg;0810,False
D:/Data/ePillID_data/ePillID_data\classification_data\fcn_mix_weight/dc_224/2335.jpg,consumer,93-8036,6;036;N,True
D:/Data/ePillID_data/ePillID_data\classification_data\fcn_mix_weight/dc_224/2337.jpg,consumer,93-7247,9;3;7247,True
D:/Data/ePillID_data/ePillID_data\classification_data\fcn_mix_weight/dc_224/234.jpg,consumer,781-5185,112;GG;336,False
D:/Data/ePillID_data/ePillID_data\classification_data\fcn_mix_weight/dc_224/2340.jpg,consumer,93-7256,9;3;72;56,False
D:/Data/ePillID_data/ePillID_data\classification_data\fcn_mix_weight/dc_224/2350.jpg,consumer,93-7305,93;7305,True
D:/Data/ePillID_data/ePillID_data\classification_data\fcn_mix_weight/dc_224/2355.jpg,consumer,456-1550,FL;50,False
D:/Data/ePillID_data/ePillID_data\classification_data\fcn_mix_weight/dc_224/2361.jpg,consumer,555-485,b;485,False
D:/Data/ePillID_data/ePillID_data\classification_data\fcn_mix_weight/dc_224/2367.jpg,consumer,93-3147,TEVA;3147,True
D:/Data/ePillID_data/ePillID_data\classification_data\fcn_mix_weight/dc_224/2369.jpg,consumer,93-657,93;657,False
D:/Data/ePillID_data/ePillID_data\classification_data\fcn_mix_weight/dc_224/2371.jpg,consumer,93-4336,4336;1;mg,False
D:/Data/ePillID_data/ePillID_data\classification_data\fcn_mix_weight/dc_224/2372.jpg,consumer,93-7380,9;3;7380,False
D:/Data/ePillID_data/ePillID_data\classification_data\fcn_mix_weight/dc_224/2375.jpg,consumer,93-4236,40;Z;4236,True
D:/Data/ePillID_data/ePillID_data\classification_data\fcn_mix_weight/dc_224/2396.jpg,consumer,93-7304,93;7304,True
D:/Data/ePillID_data/ePillID_data\classification_data\fcn_mix_weight/dc_224/2398.jpg,consumer,456-1550,FL;50,True
D:/Data/ePillID_data/ePillID_data\classification_data\fcn_mix_weight/dc_224/2401.jpg,consumer,93-308,93;308,False
D:/Data/ePillID_data/ePillID_data\classification_data\fcn_mix_weight/dc_224/2409.jpg,consumer,59762-5019,G;022;5,True
D:/Data/ePillID_data/ePillID_data\classification_data\fcn_mix_weight/dc_224/2430.jpg,consumer,378-4151,M;T7,False
D:/Data/ePillID_data/ePillID_data\classification_data\fcn_mix_weight/dc_224/2436.jpg,consumer,93-983,93;983,False
D:/Data/ePillID_data/ePillID_data\classification_data\fcn_mix_weight/dc_224/2438.jpg,consumer,93-7167,93;7167,True
D:/Data/ePillID_data/ePillID_data\classification_data\fcn_mix_weight/dc_224/2447.jpg,consumer,68462-163,G;41,True
D:/Data/ePillID_data/ePillID_data\classification_data\fcn_mix_weight/dc_224/2451.jpg,consumer,59762-5019,G;022;5,False
D:/Data/ePillID_data/ePillID_data\classification_data\fcn_mix_weight/dc_224/2452.jpg,consumer,93-1061,93;61,True
D:/Data/ePillID_data/ePillID_data\classification_data\fcn_mix_weight/dc_224/2458.jpg,consumer,93-8035,3;035;N,False
D:/Data/ePillID_data/ePillID_data\classification_data\fcn_mix_weight/dc_224/2459.jpg,consumer,93-3127,93;3127;93;3127,True
D:/Data/ePillID_data/ePillID_data\classification_data\fcn_mix_weight/dc_224/2467.jpg,consumer,93-308,93;308,True
D:/Data/ePillID_data/ePillID_data\classification_data\fcn_mix_weight/dc_224/2470.jpg,consumer,51285-691,OP;704,True
D:/Data/ePillID_data/ePillID_data\classification_data\fcn_mix_weight/dc_224/2477.jpg,consumer,555-139,b8;139,False
D:/Data/ePillID_data/ePillID_data\classification_data\fcn_mix_weight/dc_224/2485.jpg,consumer,93-5256,TEVA;5256,True
D:/Data/ePillID_data/ePillID_data\classification_data\fcn_mix_weight/dc_224/2489.jpg,consumer,50111-328,PLIVA;328,False
D:/Data/ePillID_data/ePillID_data\classification_data\fcn_mix_weight/dc_224/249.jpg,consumer,64764-918,TAP;40,False
D:/Data/ePillID_data/ePillID_data\classification_data\fcn_mix_weight/dc_224/2494.jpg,consumer,93-657,93;657,True
D:/Data/ePillID_data/ePillID_data\classification_data\fcn_mix_weight/dc_224/2499.jpg,consumer,68453-850,N;500,True
D:/Data/ePillID_data/ePillID_data\classification_data\fcn_mix_weight/dc_224/2517.jpg,consumer,93-7212,93;7212,True
D:/Data/ePillID_data/ePillID_data\classification_data\fcn_mix_weight/dc_224/2536.jpg,consumer,93-733,93;733,False
D:/Data/ePillID_data/ePillID_data\classification_data\fcn_mix_weight/dc_224/255.jpg,consumer,93-7365,9;3;7365,False
D:/Data/ePillID_data/ePillID_data\classification_data\fcn_mix_weight/dc_224/2550.jpg,consumer,555-969,b;969;100,False
D:/Data/ePillID_data/ePillID_data\classification_data\fcn_mix_weight/dc_224/2587.jpg,consumer,781-1506,GG263,True
D:/Data/ePillID_data/ePillID_data\classification_data\fcn_mix_weight/dc_224/259.jpg,consumer,93-39,9;3;39,False
D:/Data/ePillID_data/ePillID_data\classification_data\fcn_mix_weight/dc_224/2625.jpg,consumer,173-565,VALTREX;1;gram,False
D:/Data/ePillID_data/ePillID_data\classification_data\fcn_mix_weight/dc_224/2627.jpg,consumer,93-7465,TEVA;7465,True
D:/Data/ePillID_data/ePillID_data\classification_data\fcn_mix_weight/dc_224/2628.jpg,consumer,68180-479,LL;C03,True
D:/Data/ePillID_data/ePillID_data\classification_data\fcn_mix_weight/dc_224/2629.jpg,consumer,93-51,TV;51,True
D:/Data/ePillID_data/ePillID_data\classification_data\fcn_mix_weight/dc_224/263.jpg,consumer,555-9016,b;987,True
D:/Data/ePillID_data/ePillID_data\classification_data\fcn_mix_weight/dc_224/2642.jpg,consumer,50111-787,PLIVA;787,True
D:/Data/ePillID_data/ePillID_data\classification_data\fcn_mix_weight/dc_224/2650.jpg,consumer,49884-401,P;401,False
D:/Data/ePillID_data/ePillID_data\classification_data\fcn_mix_weight/dc_224/2658.jpg,consumer,93-7443,TEVA;7443,True
D:/Data/ePillID_data/ePillID_data\classification_data\fcn_mix_weight/dc_224/2664.jpg,consumer,93-5247,TV;U7;15,False
D:/Data/ePillID_data/ePillID_data\classification_data\fcn_mix_weight/dc_224/2667.jpg,consumer,172-5033,5033;10;12;5,True
D:/Data/ePillID_data/ePillID_data\classification_data\fcn_mix_weight/dc_224/2669.jpg,consumer,378-2077,L;27;M,True
D:/Data/ePillID_data/ePillID_data\classification_data\fcn_mix_weight/dc_224/2678.jpg,consumer,93-3167,TEVA;3167,True
D:/Data/ePillID_data/ePillID_data\classification_data\fcn_mix_weight/dc_224/2682.jpg,consumer,228-2550,R;550,True
D:/Data/ePillID_data/ePillID_data\classification_data\fcn_mix_weight/dc_224/2683.jpg,consumer,50111-328,PLIVA;328,True
D:/Data/ePillID_data/ePillID_data\classification_data\fcn_mix_weight/dc_224/2689.jpg,consumer,93-1061,93;61,True
D:/Data/ePillID_data/ePillID_data\classification_data\fcn_mix_weight/dc_224/2693.jpg,consumer,93-3010,A08,True
D:/Data/ePillID_data/ePillID_data\classification_data\fcn_mix_weight/dc_224/2700.jpg,consumer,93-83,93;83,True
D:/Data/ePillID_data/ePillID_data\classification_data\fcn_mix_weight/dc_224/2708.jpg,consumer,93-7220,93;7220,True
D:/Data/ePillID_data/ePillID_data\classification_data\fcn_mix_weight/dc_224/271.jpg,consumer,51672-4030,3;WARFARIN;TARO,False
D:/Data/ePillID_data/ePillID_data\classification_data\fcn_mix_weight/dc_224/2710.jpg,consumer,93-39,9;3;39,False
D:/Data/ePillID_data/ePillID_data\classification_data\fcn_mix_weight/dc_224/2716.jpg,consumer,63304-829,RX829,True
D:/Data/ePillID_data/ePillID_data\classification_data\fcn_mix_weight/dc_224/2718.jpg,consumer,75-7700,RPR;202,True
D:/Data/ePillID_data/ePillID_data\classification_data\fcn_mix_weight/dc_224/272.jpg,consumer,378-1165,M;B3;5;5;5,True
D:/Data/ePillID_data/ePillID_data\classification_data\fcn_mix_weight/dc_224/2725.jpg,consumer,53746-190,IP190;500,False
D:/Data/ePillID_data/ePillID_data\classification_data\fcn_mix_weight/dc_224/2729.jpg,consumer,93-7212,93;7212,False
D:/Data/ePillID_data/ePillID_data\classification_data\fcn_mix_weight/dc_224/273.jpg,consumer,93-463,9;3;463,False
D:/Data/ePillID_data/ePillID_data\classification_data\fcn_mix_weight/dc_224/2741.jpg,consumer,93-7334,TEVA;7334,True
D:/Data/ePillID_data/ePillID_data\classification_data\fcn_mix_weight/dc_224/2759.jpg,consumer,59762-5024,G;22,True
D:/Data/ePillID_data/ePillID_data\classification_data\fcn_mix_weight/dc_224/2775.jpg,consumer,93-7242,93;7242,False
D:/Data/ePillID_data/ePillID_data\classification_data\fcn_mix_weight/dc_224/2781.jpg,consumer,50111-393,b;1114,True
D:/Data/ePillID_data/ePillID_data\classification_data\fcn_mix_weight/dc_224/2783.jpg,consumer,50111-433,PLIVA;433,True
D:/Data/ePillID_data/ePillID_data\classification_data\fcn_mix_weight/dc_224/2788.jpg,consumer,93-7370,TEVA;7370,False
D:/Data/ePillID_data/ePillID_data\classification_data\fcn_mix_weight/dc_224/279.jpg,consumer,93-787,787;TEVA,True
D:/Data/ePillID_data/ePillID_data\classification_data\fcn_mix_weight/dc_224/2797.jpg,consumer,555-139,b8;139,False
D:/Data/ePillID_data/ePillID_data\classification_data\fcn_mix_weight/dc_224/2801.jpg,consumer,68453-850,N;500,False
D:/Data/ePillID_data/ePillID_data\classification_data\fcn_mix_weight/dc_224/2806.jpg,consumer,172-5033,5033;10;12;5,True
D:/Data/ePillID_data/ePillID_data\classification_data\fcn_mix_weight/dc_224/2809.jpg,consumer,555-808,barr;808,False
D:/Data/ePillID_data/ePillID_data\classification_data\fcn_mix_weight/dc_224/2811.jpg,consumer,93-7336,TEVA;7336,True
D:/Data/ePillID_data/ePillID_data\classification_data\fcn_mix_weight/dc_224/2815.jpg,consumer,93-4405,4405;200,True
D:/Data/ePillID_data/ePillID_data\classification_data\fcn_mix_weight/dc_224/2822.jpg,consumer,93-7256,9;3;72;56,True
D:/Data/ePillID_data/ePillID_data\classification_data\fcn_mix_weight/dc_224/2831.jpg,consumer,93-7334,TEVA;7334,False
D:/Data/ePillID_data/ePillID_data\classification_data\fcn_mix_weight/dc_224/2835.jpg,consumer,93-5215,9;3;5215,True
D:/Data/ePillID_data/ePillID_data\classification_data\fcn_mix_weight/dc_224/2836.jpg,consumer,378-7003,M;N3,False
D:/Data/ePillID_data/ePillID_data\classification_data\fcn_mix_weight/dc_224/2837.jpg,consumer,55111-343,RDY;343,True
D:/Data/ePillID_data/ePillID_data\classification_data\fcn_mix_weight/dc_224/2843.jpg,consumer,93-5246,TV;U2;10,True
D:/Data/ePillID_data/ePillID_data\classification_data\fcn_mix_weight/dc_224/2844.jpg,consumer,93-658,93;658,True
D:/Data/ePillID_data/ePillID_data\classification_data\fcn_mix_weight/dc_224/2857.jpg,consumer,555-9027,b;978,True
D:/Data/ePillID_data/ePillID_data\classification_data\fcn_mix_weight/dc_224/2868.jpg,consumer,555-9016,b;987,True
D:/Data/ePillID_data/ePillID_data\classification_data\fcn_mix_weight/dc_224/2877.jpg,consumer,228-2127,R127,False
D:/Data/ePillID_data/ePillID_data\classification_data\fcn_mix_weight/dc_224/2879.jpg,consumer,74-6594,SYNTHROID;88,True
D:/Data/ePillID_data/ePillID_data\classification_data\fcn_mix_weight/dc_224/2888.jpg,consumer,50111-647,PLIVA;647;PLIVA;647,True
D:/Data/ePillID_data/ePillID_data\classification_data\fcn_mix_weight/dc_224/2889.jpg,consumer,93-2272,93;2272,False
D:/Data/ePillID_data/ePillID_data\classification_data\fcn_mix_weight/dc_224/2900.jpg,consumer,93-1063,93;63,True
D:/Data/ePillID_data/ePillID_data\classification_data\fcn_mix_weight/dc_224/2908.jpg,consumer,378-2077,L;27;M,False
D:/Data/ePillID_data/ePillID_data\classification_data\fcn_mix_weight/dc_224/2917.jpg,consumer,781-5189,200;GG;340,False
D:/Data/ePillID_data/ePillID_data\classification_data\fcn_mix_weight/dc_224/2926.jpg,consumer,93-174,174;93,False
D:/Data/ePillID_data/ePillID_data\classification_data\fcn_mix_weight/dc_224/2927.jpg,consumer,50111-393,b;1114,False
D:/Data/ePillID_data/ePillID_data\classification_data\fcn_mix_weight/dc_224/2938.jpg,consumer,93-926,926;TEVA,True
D:/Data/ePillID_data/ePillID_data\classification_data\fcn_mix_weight/dc_224/2940.jpg,consumer,378-232,MYLAN;232;80,True
D:/Data/ePillID_data/ePillID_data\classification_data\fcn_mix_weight/dc_224/2949.jpg,consumer,37-2250,SOMA;250,True
D:/Data/ePillID_data/ePillID_data\classification_data\fcn_mix_weight/dc_224/2951.jpg,consumer,781-2053,GG623,True
D:/Data/ePillID_data/ePillID_data\classification_data\fcn_mix_weight/dc_224/2958.jpg,consumer,93-2264,93;2264,True
D:/Data/ePillID_data/ePillID_data\classification_data\fcn_mix_weight/dc_224/296.jpg,consumer,68968-3500,NVN2,True
D:/Data/ePillID_data/ePillID_data\classification_data\fcn_mix_weight/dc_224/2963.jpg,consumer,93-7305,93;7305,True
D:/Data/ePillID_data/ePillID_data\classification_data\fcn_mix_weight/dc_224/2965.jpg,consumer,50111-787,PLIVA;787,False
D:/Data/ePillID_data/ePillID_data\classification_data\fcn_mix_weight/dc_224/2966.jpg,consumer,37-2250,SOMA;250,True
D:/Data/ePillID_data/ePillID_data\classification_data\fcn_mix_weight/dc_224/297.jpg,consumer,55111-268,RDY;268,False
D:/Data/ePillID_data/ePillID_data\classification_data\fcn_mix_weight/dc_224/298.jpg,consumer,93-1061,93;61,False
D:/Data/ePillID_data/ePillID_data\classification_data\fcn_mix_weight/dc_224/2981.jpg,consumer,93-5271,93;5271,True
D:/Data/ePillID_data/ePillID_data\classification_data\fcn_mix_weight/dc_224/2984.jpg,consumer,93-5171,93;5171,False
D:/Data/ePillID_data/ePillID_data\classification_data\fcn_mix_weight/dc_224/2987.jpg,consumer,186-520,500;20,False
D:/Data/ePillID_data/ePillID_data\classification_data\fcn_mix_weight/dc_224/299.jpg,consumer,378-1165,M;B3;5;5;5,False
D:/Data/ePillID_data/ePillID_data\classification_data\fcn_mix_weight/dc_224/2997.jpg,consumer,50111-433,PLIVA;433,True
D:/Data/ePillID_data/ePillID_data\classification_data\fcn_mix_weight/dc_224/3008.jpg,consumer,93-5710,5710;1;25;250,False
D:/Data/ePillID_data/ePillID_data\classification_data\fcn_mix_weight/dc_224/3022.jpg,consumer,93-5271,93;5271,True
D:/Data/ePillID_data/ePillID_data\classification_data\fcn_mix_weight/dc_224/3025.jpg,consumer,172-4280,7300,True
D:/Data/ePillID_data/ePillID_data\classification_data\fcn_mix_weight/dc_224/3026.jpg,consumer,93-7305,93;7305,False
D:/Data/ePillID_data/ePillID_data\classification_data\fcn_mix_weight/dc_224/3027.jpg,consumer,93-5246,TV;U2;10,False
D:/Data/ePillID_data/ePillID_data\classification_data\fcn_mix_weight/dc_224/3031.jpg,consumer,50111-395,b;1116,True
D:/Data/ePillID_data/ePillID_data\classification_data\fcn_mix_weight/dc_224/3035.jpg,consumer,378-6233,MX33,False
D:/Data/ePillID_data/ePillID_data\classification_data\fcn_mix_weight/dc_224/3042.jpg,consumer,93-4336,4336;1;mg,True
D:/Data/ePillID_data/ePillID_data\classification_data\fcn_mix_weight/dc_224/3050.jpg,consumer,378-1819,M;L;13,False
D:/Data/ePillID_data/ePillID_data\classification_data\fcn_mix_weight/dc_224/3052.jpg,consumer,51285-87,b;556,False
D:/Data/ePillID_data/ePillID_data\classification_data\fcn_mix_weight/dc_224/3053.jpg,consumer,781-1507,GG264,True
D:/Data/ePillID_data/ePillID_data\classification_data\fcn_mix_weight/dc_224/3057.jpg,consumer,59762-5019,G;022;5,False
D:/Data/ePillID_data/ePillID_data\classification_data\fcn_mix_weight/dc_224/3058.jpg,consumer,62-2085,A,True
D:/Data/ePillID_data/ePillID_data\classification_data\fcn_mix_weight/dc_224/3062.jpg,consumer,555-9014,b;208,True
D:/Data/ePillID_data/ePillID_data\classification_data\fcn_mix_weight/dc_224/3063.jpg,consumer,59762-5024,G;22,True
D:/Data/ePillID_data/ePillID_data\classification_data\fcn_mix_weight/dc_224/3064.jpg,consumer,93-2080,TEVA;2080,True
D:/Data/ePillID_data/ePillID_data\classification_data\fcn_mix_weight/dc_224/3080.jpg,consumer,65597-701,Sankyo;C01,True
D:/Data/ePillID_data/ePillID_data\classification_data\fcn_mix_weight/dc_224/3081.jpg,consumer,555-9008,b;944,False
D:/Data/ePillID_data/ePillID_data\classification_data\fcn_mix_weight/dc_224/3092.jpg,consumer,51285-691,OP;704,True
D:/Data/ePillID_data/ePillID_data\classification_data\fcn_mix_weight/dc_224/3098.jpg,consumer,51285-539,OP;719,False
D:/Data/ePillID_data/ePillID_data\classification_data\fcn_mix_weight/dc_224/3099.jpg,consumer,74-5182,SYNTHROID;75,True
D:/Data/ePillID_data/ePillID_data\classification_data\fcn_mix_weight/dc_224/3103.jpg,consumer,93-5420,0;5;5420,False
D:/Data/ePillID_data/ePillID_data\classification_data\fcn_mix_weight/dc_224/311.jpg,consumer,93-7334,TEVA;7334,True
D:/Data/ePillID_data/ePillID_data\classification_data\fcn_mix_weight/dc_224/3111.jpg,consumer,50111-901,PA1000,False
D:/Data/ePillID_data/ePillID_data\classification_data\fcn_mix_weight/dc_224/312.jpg,consumer,93-2929,2929;93,False
D:/Data/ePillID_data/ePillID_data\classification_data\fcn_mix_weight/dc_224/3120.jpg,consumer,93-3127,93;3127;93;3127,True
D:/Data/ePillID_data/ePillID_data\classification_data\fcn_mix_weight/dc_224/3124.jpg,consumer,29033-20,NC;200,True
D:/Data/ePillID_data/ePillID_data\classification_data\fcn_mix_weight/dc_224/313.jpg,consumer,93-983,93;983,False
D:/Data/ePillID_data/ePillID_data\classification_data\fcn_mix_weight/dc_224/3141.jpg,consumer,93-7443,TEVA;7443,False
D:/Data/ePillID_data/ePillID_data\classification_data\fcn_mix_weight/dc_224/3142.jpg,consumer,555-9027,b;978,False
D:/Data/ePillID_data/ePillID_data\classification_data\fcn_mix_weight/dc_224/3153.jpg,consumer,603-3741,3171;V,False
D:/Data/ePillID_data/ePillID_data\classification_data\fcn_mix_weight/dc_224/3155.jpg,consumer,228-2127,R127,False
D:/Data/ePillID_data/ePillID_data\classification_data\fcn_mix_weight/dc_224/3171.jpg,consumer,93-3127,93;3127;93;3127,False
D:/Data/ePillID_data/ePillID_data\classification_data\fcn_mix_weight/dc_224/3177.jpg,consumer,93-7247,9;3;7247,True
D:/Data/ePillID_data/ePillID_data\classification_data\fcn_mix_weight/dc_224/3179.jpg,consumer,93-753,753;TEVA,True
D:/Data/ePillID_data/ePillID_data\classification_data\fcn_mix_weight/dc_224/318.jpg,consumer,781-2053,GG623,True
D:/Data/ePillID_data/ePillID_data\classification_data\fcn_mix_weight/dc_224/3181.jpg,consumer,93-5126,93;5126,False
D:/Data/ePillID_data/ePillID_data\classification_data\fcn_mix_weight/dc_224/3184.jpg,consumer,93-1177,93;1177,False
D:/Data/ePillID_data/ePillID_data\classification_data\fcn_mix_weight/dc_224/3200.jpg,consumer,93-7234,93;7234,True
D:/Data/ePillID_data/ePillID_data\classification_data\fcn_mix_weight/dc_224/3201.jpg,consumer,7-4892,SB;4892,False
D:/Data/ePillID_data/ePillID_data\classification_data\fcn_mix_weight/dc_224/3211.jpg,consumer,93-5140,93;5140,False
D:/Data/ePillID_data/ePillID_data\classification_data\fcn_mix_weight/dc_224/3212.jpg,consumer,93-5112,BVF;120;BVF;120,True
D:/Data/ePillID_data/ePillID_data\classification_data\fcn_mix_weight/dc_224/3217.jpg,consumer,74-5182,SYNTHROID;75,False
D:/Data/ePillID_data/ePillID_data\classification_data\fcn_mix_weight/dc_224/3218.jpg,consumer,93-5171,93;5171,False
D:/Data/ePillID_data/ePillID_data\classification_data\fcn_mix_weight/dc_224/3227.jpg,consumer,53489-146,MP;85,True
D:/Data/ePillID_data/ePillID_data\classification_data\fcn_mix_weight/dc_224/3230.jpg,consumer,65597-118,C57,True
D:/Data/ePillID_data/ePillID_data\classification_data\fcn_mix_weight/dc_224/3233.jpg,consumer,93-1118,93;1118,True
D:/Data/ePillID_data/ePillID_data\classification_data\fcn_mix_weight/dc_224/3235.jpg,consumer,63459-215,C;215,False
D:/Data/ePillID_data/ePillID_data\classification_data\fcn_mix_weight/dc_224/3239.jpg,consumer,93-7247,9;3;7247,False
D:/Data/ePillID_data/ePillID_data\classification_data\fcn_mix_weight/dc_224/3240.jpg,consumer,781-2053,GG623,True
D:/Data/ePillID_data/ePillID_data\classification_data\fcn_mix_weight/dc_224/3263.jpg,consumer,555-9016,b;987,True
D:/Data/ePillID_data/ePillID_data\classification_data\fcn_mix_weight/dc_224/3279.jpg,consumer,555-9014,b;208,True
D:/Data/ePillID_data/ePillID_data\classification_data\fcn_mix_weight/dc_224/3285.jpg,consumer,93-7234,93;7234,False
D:/Data/ePillID_data/ePillID_data\classification_data\fcn_mix_weight/dc_224/3298.jpg,consumer,50111-433,PLIVA;433,True
D:/Data/ePillID_data/ePillID_data\classification_data\fcn_mix_weight/dc_224/3305.jpg,consumer,93-7212,93;7212,True
D:/Data/ePillID_data/ePillID_data\classification_data\fcn_mix_weight/dc_224/3311.jpg,consumer,93-2046,ACTOS;45,False
D:/Data/ePillID_data/ePillID_data\classification_data\fcn_mix_weight/dc_224/3313.jpg,consumer,99207-461,DYN;090,True
D:/Data/ePillID_data/ePillID_data\classification_data\fcn_mix_weight/dc_224/3325.jpg,consumer,93-3127,93;3127;93;3127,True
D:/Data/ePillID_data/ePillID_data\classification_data\fcn_mix_weight/dc_224/333.jpg,consumer,3-4222,2;5;1000;4222,True
D:/Data/ePillID_data/ePillID_data\classification_data\fcn_mix_weight/dc_224/3335.jpg,consumer,93-308,93;308,True
D:/Data/ePillID_data/ePillID_data\classification_data\fcn_mix_weight/dc_224/3341.jpg,consumer,74-6594,SYNTHROID;88,False
D:/Data/ePillID_data/ePillID_data\classification_data\fcn_mix_weight/dc_224/3347.jpg,consumer,93-926,926;TEVA,True
D:/Data/ePillID_data/ePillID_data\classification_data\fcn_mix_weight/dc_224/3351.jpg,consumer,51285-538,OP;718,True
D:/Data/ePillID_data/ePillID_data\classification_data\fcn_mix_weight/dc_224/3353.jpg,consumer,93-7338,93;7338;93;7338,True
D:/Data/ePillID_data/ePillID_data\classification_data\fcn_mix_weight/dc_224/3354.jpg,consumer,228-2550,R;550,True
D:/Data/ePillID_data/ePillID_data\classification_data\fcn_mix_weight/dc_224/3363.jpg,consumer,172-5410,5410;50,True
D:/Data/ePillID_data/ePillID_data\classification_data\fcn_mix_weight/dc_224/3368.jpg,consumer,378-3495,M;495,False
D:/Data/ePillID_data/ePillID_data\classification_data\fcn_mix_weight/dc_224/3370.jpg,consumer,93-1177,93;1177,True
D:/Data/ePillID_data/ePillID_data\classification_data\fcn_mix_weight/dc_224/3375.jpg,consumer,93-51,TV;51,True
D:/Data/ePillID_data/ePillID_data\classification_data\fcn_mix_weight/dc_224/3381.jpg,consumer,93-4405,4405;200,True
D:/Data/ePillID_data/ePillID_data\classification_data\fcn_mix_weight/dc_224/3386.jpg,consumer,78-486,NVR;IU,False
D:/Data/ePillID_data/ePillID_data\classification_data\fcn_mix_weight/dc_224/3387.jpg,consumer,51285-539,OP;719,True
D:/Data/ePillID_data/ePillID_data\classification_data\fcn_mix_weight/dc_224/3388.jpg,consumer,245-41,KC;10,True
D:/Data/ePillID_data/ePillID_data\classification_data\fcn_mix_weight/dc_224/3399.jpg,consumer,93-39,9;3;39,False
D:/Data/ePillID_data/ePillID_data\classification_data\fcn_mix_weight/dc_224/341.jpg,consumer,555-1021,barr;16;mg;1021,True
D:/Data/ePillID_data/ePillID_data\classification_data\fcn_mix_weight/dc_224/3411.jpg,consumer,13811-583,T583,False
D:/Data/ePillID_data/ePillID_data\classification_data\fcn_mix_weight/dc_224/3414.jpg,consumer,93-1063,93;63,True
D:/Data/ePillID_data/ePillID_data\classification_data\fcn_mix_weight/dc_224/3425.jpg,consumer,3-4222,2;5;1000;4222,False
D:/Data/ePillID_data/ePillID_data\classification_data\fcn_mix_weight/dc_224/3426.jpg,consumer,245-41,KC;10,False
D:/Data/ePillID_data/ePillID_data\classification_data\fcn_mix_weight/dc_224/3427.jpg,consumer,23-9350,SAN;60,True
D:/Data/ePillID_data/ePillID_data\classification_data\fcn_mix_weight/dc_224/3432.jpg,consumer,63304-829,RX829,True
D:/Data/ePillID_data/ePillID_data\classification_data\fcn_mix_weight/dc_224/3438.jpg,consumer,93-8035,3;035;N,False
D:/Data/ePillID_data/ePillID_data\classification_data\fcn_mix_weight/dc_224/3441.jpg,consumer,93-1172,93;1172,False
D:/Data/ePillID_data/ePillID_data\classification_data\fcn_mix_weight/dc_224/345.jpg,consumer,93-2080,TEVA;2080,True
D:/Data/ePillID_data/ePillID_data\classification_data\fcn_mix_weight/dc_224/3452.jpg,consumer,50458-551,PAL;6,True
D:/Data/ePillID_data/ePillID_data\classification_data\fcn_mix_weight/dc_224/3461.jpg,consumer,49884-401,P;401,True
D:/Data/ePillID_data/ePillID_data\classification_data\fcn_mix_weight/dc_224/3462.jpg,consumer,832-1025,832;BC20,True
D:/Data/ePillID_data/ePillID_data\classification_data\fcn_mix_weight/dc_224/3463.jpg,consumer,172-3761,3761,True
D:/Data/ePillID_data/ePillID_data\classification_data\fcn_mix_weight/dc_224/3470.jpg,consumer,93-1063,93;63,False
D:/Data/ePillID_data/ePillID_data\classification_data\fcn_mix_weight/dc_224/3480.jpg,consumer,51285-406,E;1,True
D:/Data/ePillID_data/ePillID_data\classification_data\fcn_mix_weight/dc_224/3481.jpg,consumer,378-2074,L;24;M,False
D:/Data/ePillID_data/ePillID_data\classification_data\fcn_mix_weight/dc_224/3483.jpg,consumer,172-5412,5412;150,False
D:/Data/ePillID_data/ePillID_data\classification_data\fcn_mix_weight/dc_224/3484.jpg,consumer,93-2264,93;2264,True
D:/Data/ePillID_data/ePillID_data\classification_data\fcn_mix_weight/dc_224/3488.jpg,consumer,93-7158,93;7158,True
D:/Data/ePillID_data/ePillID_data\classification_data\fcn_mix_weight/dc_224/349.jpg,consumer,93-5215,9;3;5215,False
D:/Data/ePillID_data/ePillID_data\classification_data\fcn_mix_weight/dc_224/3497.jpg,consumer,597-46,54;193,True
D:/Data/ePillID_data/ePillID_data\classification_data\fcn_mix_weight/dc_224/3504.jpg,consumer,93-7465,TEVA;7465,True
D:/Data/ePillID_data/ePillID_data\classification_data\fcn_mix_weight/dc_224/351.jpg,consumer,51285-538,OP;718,True
D:/Data/ePillID_data/ePillID_data\classification_data\fcn_mix_weight/dc_224/3519.jpg,consumer,172-3761,3761,False
D:/Data/ePillID_data/ePillID_data\classification_data\fcn_mix_weight/dc_224/3526.jpg,consumer,172-5410,5410;50,True
D:/Data/ePillID_data/ePillID_data\classification_data\fcn_mix_weight/dc_224/3533.jpg,consumer,781-5189,200;GG;340,True
D:/Data/ePillID_data/ePillID_data\classification_data\fcn_mix_weight/dc_224/3540.jpg,consumer,93-3012,A06,False
D:/Data/ePillID_data/ePillID_data\classification_data\fcn_mix_weight/dc_224/3552.jpg,consumer,51285-538,OP;718,True
D:/Data/ePillID_data/ePillID_data\classification_data\fcn_mix_weight/dc_224/3556.jpg,consumer,93-3012,A06,False
D:/Data/ePillID_data/ePillID_data\classification_data\fcn_mix_weight/dc_224/3565.jpg,consumer,143-9920,H5,True
D:/Data/ePillID_data/ePillID_data\classification_data\fcn_mix_weight/dc_224/3568.jpg,consumer,378-6233,MX33,True
D:/Data/ePillID_data/ePillID_data\classification_data\fcn_mix_weight/dc_224/3569.jpg,consumer,781-5186,125;GG;337,True
D:/Data/ePillID_data/ePillID_data\classification_data\fcn_mix_weight/dc_224/3587.jpg,consumer,93-4059,9;3;4059,True
D:/Data/ePillID_data/ePillID_data\classification_data\fcn_mix_weight/dc_224/359.jpg,consumer,93-2080,TEVA;2080,False
D:/Data/ePillID_data/ePillID_data\classification_data\fcn_mix_weight/dc_224/3591.jpg,consumer,62-2085,A,True
D:/Data/ePillID_data/ePillID_data\classification_data\fcn_mix_weight/dc_224/3597.jpg,consumer,172-4280,7300,False
D:/Data/ePillID_data/ePillID_data\classification_data\fcn_mix_weight/dc_224/3599.jpg,consumer,93-5256,TEVA;5256,True
D:/Data/ePillID_data/ePillID_data\classification_data\fcn_mix_weight/dc_224/361.jpg,consumer,172-3761,3761,False
D:/Data/ePillID_data/ePillID_data\classification_data\fcn_mix_weight/dc_224/3616.jpg,consumer,555-71,b;071;300,True
D:/Data/ePillID_data/ePillID_data\classification_data\fcn_mix_weight/dc_224/3619.jpg,consumer,93-2046,ACTOS;45,False
D:/Data/ePillID_data/ePillID_data\classification_data\fcn_mix_weight/dc_224/3621.jpg,consumer,68180-478,LL;C02,True
D:/Data/ePillID_data/ePillID_data\classification_data\fcn_mix_weight/dc_224/3623.jpg,consumer,555-9010,b;944,True
D:/Data/ePillID_data/ePillID_data\classification_data\fcn_mix_weight/dc_224/3632.jpg,consumer,143-9920,H5,True
D:/Data/ePillID_data/ePillID_data\classification_data\fcn_mix_weight/dc_224/3634.jpg,consumer,64980-112,cor;144,False
D:/Data/ePillID_data/ePillID_data\classification_data\fcn_mix_weight/dc_224/3638.jpg,consumer,93-5507,TEVA;5507,False
D:/Data/ePillID_data/ePillID_data\classification_data\fcn_mix_weight/dc_224/3642.jpg,consumer,555-980,b;980,False
D:/Data/ePillID_data/ePillID_data\classification_data\fcn_mix_weight/dc_224/3643.jpg,consumer,93-7158,93;7158,True
D:/Data/ePillID_data/ePillID_data\classification_data\fcn_mix_weight/dc_224/3644.jpg,consumer,2-4463,C;10,True
D:/Data/ePillID_data/ePillID_data\classification_data\fcn_mix_weight/dc_224/3646.jpg,consumer,781-5185,112;GG;336,True
D:/Data/ePillID_data/ePillID_data\classification_data\fcn_mix_weight/dc_224/3650.jpg,consumer,555-9027,b;978,False
D:/Data/ePillID_data/ePillID_data\classification_data\fcn_mix_weight/dc_224/3652.jpg,consumer,93-39,9;3;39,True
D:/Data/ePillID_data/ePillID_data\classification_data\fcn_mix_weight/dc_224/3655.jpg,consumer,378-3632,M;C32,True
D:/Data/ePillID_data/ePillID_data\classification_data\fcn_mix_weight/dc_224/3656.jpg,consumer,93-5246,TV;U2;10,False
D:/Data/ePillID_data/ePillID_data\classification_data\fcn_mix_weight/dc_224/3659.jpg,consumer,93-7436,93;7436;93;7436,True
D:/Data/ePillID_data/ePillID_data\classification_data\fcn_mix_weight/dc_224/3668.jpg,consumer,93-5504,TEVA;5504,False
D:/Data/ePillID_data/ePillID_data\classification_data\fcn_mix_weight/dc_224/3670.jpg,consumer,55111-268,RDY;268,True
D:/Data/ePillID_data/ePillID_data\classification_data\fcn_mix_weight/dc_224/3675.jpg,consumer,65597-118,C57,False
D:/Data/ePillID_data/ePillID_data\classification_data\fcn_mix_weight/dc_224/3686.jpg,consumer,93-787,787;TEVA,False
D:/Data/ePillID_data/ePillID_data\classification_data\fcn_mix_weight/dc_224/3687.jpg,consumer,65597-701,Sankyo;C01,True
D:/Data/ePillID_data/ePillID_data\classification_data\fcn_mix_weight/dc_224/369.jpg,consumer,172-5412,5412;150,True
D:/Data/ePillID_data/ePillID_data\classification_data\fcn_mix_weight/dc_224/3690.jpg,consumer,93-3195,TEVA;3195,True
D:/Data/ePillID_data/ePillID_data\classification_data\fcn_mix_weight/dc_224/3694.jpg,consumer,93-7242,93;7242,False
D:/Data/ePillID_data/ePillID_data\classification_data\fcn_mix_weight/dc_224/3695.jpg,consumer,378-7003,M;N3,True
D:/Data/ePillID_data/ePillID_data\classification_data\fcn_mix_weight/dc_224/370.jpg,consumer,93-8036,6;036;N,True
D:/Data/ePillID_data/ePillID_data\classification_data\fcn_mix_weight/dc_224/3707.jpg,consumer,555-607,555;607;barr,False
D:/Data/ePillID_data/ePillID_data\classification_data\fcn_mix_weight/dc_224/3717.jpg,consumer,93-7443,TEVA;7443,False
D:/Data/ePillID_data/ePillID_data\classification_data\fcn_mix_weight/dc_224/3719.jpg,consumer,93-4059,9;3;4059,False
D:/Data/ePillID_data/ePillID_data\classification_data\fcn_mix_weight/dc_224/3727.jpg,consumer,93-4741,4741;9;3,False
D:/Data/ePillID_data/ePillID_data\classification_data\fcn_mix_weight/dc_224/3734.jpg,consumer,63459-215,C;215,False
D:/Data/ePillID_data/ePillID_data\classification_data\fcn_mix_weight/dc_224/3738.jpg,consumer,603-3856,3571;V,False
D:/Data/ePillID_data/ePillID_data\classification_data\fcn_mix_weight/dc_224/3744.jpg,consumer,378-216,MYLAN;216;40,False
D:/Data/ePillID_data/ePillID_data\classification_data\fcn_mix_weight/dc_224/3752.jpg,consumer,93-787,787;TEVA,True
D:/Data/ePillID_data/ePillID_data\classification_data\fcn_mix_weight/dc_224/3758.jpg,consumer,781-1506,GG263,True
D:/Data/ePillID_data/ePillID_data\classification_data\fcn_mix_weight/dc_224/3760.jpg,consumer,555-607,555;607;barr,False
D:/Data/ePillID_data/ePillID_data\classification_data\fcn_mix_weight/dc_224/3765.jpg,consumer,93-5126,93;5126,True
D:/Data/ePillID_data/ePillID_data\classification_data\fcn_mix_weight/dc_224/3766.jpg,consumer,2-4463,C;10,False
D:/Data/ePillID_data/ePillID_data\classification_data\fcn_mix_weight/dc_224/3768.jpg,consumer,29033-20,NC;200,False
D:/Data/ePillID_data/ePillID_data\classification_data\fcn_mix_weight/dc_224/377.jpg,consumer,172-4626,20;4626,False
D:/Data/ePillID_data/ePillID_data\classification_data\fcn_mix_weight/dc_224/3781.jpg,consumer,172-7312,100;mg,False
D:/Data/ePillID_data/ePillID_data\classification_data\fcn_mix_weight/dc_224/3785.jpg,consumer,93-983,93;983,True
D:/Data/ePillID_data/ePillID_data\classification_data\fcn_mix_weight/dc_224/3792.jpg,consumer,50111-393,b;1114,True
D:/Data/ePillID_data/ePillID_data\classification_data\fcn_mix_weight/dc_224/3793.jpg,consumer,93-1177,93;1177,True
D:/Data/ePillID_data/ePillID_data\classification_data\fcn_mix_weight/dc_224/3798.jpg,consumer,51285-523,OP;706,True
D:/Data/ePillID_data/ePillID_data\classification_data\fcn_mix_weight/dc_224/3802.jpg,consumer,93-7336,TEVA;7336,False
D:/Data/ePillID_data/ePillID_data\classification_data\fcn_mix_weight/dc_224/3805.jpg,consumer,378-2077,L;27;M,False
D:/Data/ePillID_data/ePillID_data\classification_data\fcn_mix_weight/dc_224/3807.jpg,consumer,555-1057,barr;936,False
D:/Data/ePillID_data/ePillID_data\classification_data\fcn_mix_weight/dc_224/3810.jpg,consumer,93-5214,9;3;5214,False
D:/Data/ePillID_data/ePillID_data\classification_data\fcn_mix_weight/dc_224/3813.jpg,consumer,78-359,NVR;DX,True
D:/Data/ePillID_data/ePillID_data\classification_data\fcn_mix_weight/dc_224/3817.jpg,consumer,93-2130,Z;Zenith;50mg;2130,False
D:/Data/ePillID_data/ePillID_data\classification_data\fcn_mix_weight/dc_224/3822.jpg,consumer,555-633,barr;633,False
D:/Data/ePillID_data/ePillID_data\classification_data\fcn_mix_weight/dc_224/3824.jpg,consumer,68382-24,Z;67,False
D:/Data/ePillID_data/ePillID_data\classification_data\fcn_mix_weight/dc_224/3832.jpg,consumer,143-9920,H5,True
D:/Data/ePillID_data/ePillID_data\classification_data\fcn_mix_weight/dc_224/3849.jpg,consumer,781-1506,GG263,False
D:/Data/ePillID_data/ePillID_data\classification_data\fcn_mix_weight/dc_224/3856.jpg,consumer,78-359,NVR;DX,False
D:/Data/ePillID_data/ePillID_data\classification_data\fcn_mix_weight/dc_224/3864.jpg,consumer,64764-918,TAP;40,False
D:/Data/ePillID_data/ePillID_data\classification_data\fcn_mix_weight/dc_224/3865.jpg,consumer,173-565,VALTREX;1;gram,True
D:/Data/ePillID_data/ePillID_data\classification_data\fcn_mix_weight/dc_224/3873.jpg,consumer,51285-691,OP;704,True
D:/Data/ePillID_data/ePillID_data\classification_data\fcn_mix_weight/dc_224/3875.jpg,consumer,3-4222,2;5;1000;4222,False
D:/Data/ePillID_data/ePillID_data\classification_data\fcn_mix_weight/dc_224/3876.jpg,consumer,93-7338,93;7338;93;7338,False
D:/Data/ePillID_data/ePillID_data\classification_data\fcn_mix_weight/dc_224/3892.jpg,consumer,50111-393,b;1114,False
D:/Data/ePillID_data/ePillID_data\classification_data\fcn_mix_weight/dc_224/3897.jpg,consumer,93-7304,93;7304,False
D:/Data/ePillID_data/ePillID_data\classification_data\fcn_mix_weight/dc_224/3906.jpg,consumer,93-5710,5710;1;25;250,False
D:/Data/ePillID_data/ePillID_data\classification_data\fcn_mix_weight/dc_224/3909.jpg,consumer,59762-2004,G;2004,True
D:/Data/ePillID_data/ePillID_data\classification_data\fcn_mix_weight/dc_224/3912.jpg,consumer,99207-467,DYN;105,False
D:/Data/ePillID_data/ePillID_data\classification_data\fcn_mix_weight/dc_224/3916.jpg,consumer,93-7336,TEVA;7336,False
D:/Data/ePillID_data/ePillID_data\classification_data\fcn_mix_weight/dc_224/3919.jpg,consumer,93-7443,TEVA;7443,True
D:/Data/ePillID_data/ePillID_data\classification_data\fcn_mix_weight/dc_224/3920.jpg,consumer,37-2250,SOMA;250,False
D:/Data/ePillID_data/ePillID_data\classification_data\fcn_mix_weight/dc_224/3942.jpg,consumer,78-521,NVR;LCI,False
D:/Data/ePillID_data/ePillID_data\classification_data\fcn_mix_weight/dc_224/3944.jpg,consumer,378-1819,M;L;13,True
D:/Data/ePillID_data/ePillID_data\classification_data\fcn_mix_weight/dc_224/3946.jpg,consumer,93-5214,9;3;5214,True
D:/Data/ePillID_data/ePillID_data\classification_data\fcn_mix_weight/dc_224/3949.jpg,consumer,54-166,54;135,True
D:/Data/ePillID_data/ePillID_data\classification_data\fcn_mix_weight/dc_224/3958.jpg,consumer,50111-327,PLIVA;327,True
D:/Data/ePillID_data/ePillID_data\classification_data\fcn_mix_weight/dc_224/396.jpg,consumer,68462-163,G;41,False
D:/Data/ePillID_data/ePillID_data\classification_data\fcn_mix_weight/dc_224/3963.jpg,consumer,93-3167,TEVA;3167,False
D:/Data/ePillID_data/ePillID_data\classification_data\fcn_mix_weight/dc_224/3964.jpg,consumer,456-457,A;TC,True
D:/Data/ePillID_data/ePillID_data\classification_data\fcn_mix_weight/dc_224/3968.jpg,consumer,68462-358,IG;257,False
D:/Data/ePillID_data/ePillID_data\classification_data\fcn_mix_weight/dc_224/3971.jpg,consumer,75-7700,RPR;202,False
D:/Data/ePillID_data/ePillID_data\classification_data\fcn_mix_weight/dc_224/3973.jpg,consumer,93-7158,93;7158,True
D:/Data/ePillID_data/ePillID_data\classification_data\fcn_mix_weight/dc_224/3974.jpg,consumer,51672-4016,ETO;200;MG,False
D:/Data/ePillID_data/ePillID_data\classification_data\fcn_mix_weight/dc_224/3976.jpg,consumer,555-9014,b;208,False
D:/Data/ePillID_data/ePillID_data\classification_data\fcn_mix_weight/dc_224/3983.jpg,consumer,186-520,500;20,True
D:/Data/ePillID_data/ePillID_data\classification_data\fcn_mix_weight/dc_224/3988.jpg,consumer,93-7385,93;7385;93;7385,True
D:/Data/ePillID_data/ePillID_data\classification_data\fcn_mix_weight/dc_224/3996.jpg,consumer,74-6594,SYNTHROID;88,False
D:/Data/ePillID_data/ePillID_data\classification_data\fcn_mix_weight/dc_224/4042.jpg,consumer,93-5420,0;5;5420,False
D:/Data/ePillID_data/ePillID_data\classification_data\fcn_mix_weight/dc_224/4044.jpg,consumer,93-5710,5710;1;25;250,True
D:/Data/ePillID_data/ePillID_data\classification_data\fcn_mix_weight/dc_224/4048.jpg,consumer,68462-163,G;41,True
D:/Data/ePillID_data/ePillID_data\classification_data\fcn_mix_weight/dc_224/4050.jpg,consumer,93-5214,9;3;5214,False
D:/Data/ePillID_data/ePillID_data\classification_data\fcn_mix_weight/dc_224/4068.jpg,consumer,74-7068,SYNTHROID;125,False
D:/Data/ePillID_data/ePillID_data\classification_data\fcn_mix_weight/dc_224/4074.jpg,consumer,93-5246,TV;U2;10,False
D:/Data/ePillID_data/ePillID_data\classification_data\fcn_mix_weight/dc_224/4075.jpg,consumer,93-810,TEVA;10mg;0810,False
D:/Data/ePillID_data/ePillID_data\classification_data\fcn_mix_weight/dc_224/4084.jpg,consumer,555-9027,b;978,False
D:/Data/ePillID_data/ePillID_data\classification_data\fcn_mix_weight/dc_224/409.jpg,consumer,93-4741,4741;9;3,False
D:/Data/ePillID_data/ePillID_data\classification_data\fcn_mix_weight/dc_224/4103.jpg,consumer,53489-143,MP;35,True
D:/Data/ePillID_data/ePillID_data\classification_data\fcn_mix_weight/dc_224/4105.jpg,consumer,93-926,926;TEVA,False
D:/Data/ePillID_data/ePillID_data\classification_data\fcn_mix_weight/dc_224/411.jpg,consumer,68180-478,LL;C02,True
D:/Data/ePillID_data/ePillID_data\classification_data\fcn_mix_weight/dc_224/4112.jpg,consumer,63304-829,RX829,False
D:/Data/ePillID_data/ePillID_data\classification_data\fcn_mix_weight/dc_224/4115.jpg,consumer,93-5214,9;3;5214,True
D:/Data/ePillID_data/ePillID_data\classification_data\fcn_mix_weight/dc_224/4126.jpg,consumer,781-5185,112;GG;336,False
D:/Data/ePillID_data/ePillID_data\classification_data\fcn_mix_weight/dc_224/413.jpg,consumer,53489-648,Mutual;866,True
D:/Data/ePillID_data/ePillID_data\classification_data\fcn_mix_weight/dc_224/4130.jpg,consumer,68453-850,N;500,False
D:/Data/ePillID_data/ePillID_data\classification_data\fcn_mix_weight/dc_224/4134.jpg,consumer,172-5411,5411;100,False
D:/Data/ePillID_data/ePillID_data\classification_data\fcn_mix_weight/dc_224/4164.jpg,consumer,93-5504,TEVA;5504,True
D:/Data/ePillID_data/ePillID_data\classification_data\fcn_mix_weight/dc_224/4168.jpg,consumer,93-784,93;784,False
D:/Data/ePillID_data/ePillID_data\classification_data\fcn_mix_weight/dc_224/4170.jpg,consumer,53489-648,Mutual;866,True
D:/Data/ePillID_data/ePillID_data\classification_data\fcn_mix_weight/dc_224/4175.jpg,consumer,93-174,174;93,True
D:/Data/ePillID_data/ePillID_data\classification_data\fcn_mix_weight/dc_224/4178.jpg,consumer,74-7068,SYNTHROID;125,False
D:/Data/ePillID_data/ePillID_data\classification_data\fcn_mix_weight/dc_224/418.jpg,consumer,59762-5033,GLIPIZIDE;XL;10,True
D:/Data/ePillID_data/ePillID_data\classification_data\fcn_mix_weight/dc_224/4180.jpg,consumer,63304-827,RX12,False
D:/Data/ePillID_data/ePillID_data\classification_data\fcn_mix_weight/dc_224/4183.jpg,consumer,55111-343,RDY;343,False
D:/Data/ePillID_data/ePillID_data\classification_data\fcn_mix_weight/dc_224/4201.jpg,consumer,93-536,93;536,False
D:/Data/ePillID_data/ePillID_data\classification_data\fcn_mix_weight/dc_224/4210.jpg,consumer,93-1172,93;1172,True
D:/Data/ePillID_data/ePillID_data\classification_data\fcn_mix_weight/dc_224/4213.jpg,consumer,378-1819,M;L;13,False
D:/Data/ePillID_data/ePillID_data\classification_data\fcn_mix_weight/dc_224/4214.jpg,consumer,93-174,174;93,False
D:/Data/ePillID_data/ePillID_data\classification_data\fcn_mix_weight/dc_224/4225.jpg,consumer,93-5112,BVF;120;BVF;120,True
D:/Data/ePillID_data/ePillID_data\classification_data\fcn_mix_weight/dc_224/4228.jpg,consumer,56-176,2;1;2;COUMADIN,False
D:/Data/ePillID_data/ePillID_data\classification_data\fcn_mix_weight/dc_224/4232.jpg,consumer,245-41,KC;10,True
D:/Data/ePillID_data/ePillID_data\classification_data\fcn_mix_weight/dc_224/4233.jpg,consumer,555-9026,b;247,True
D:/Data/ePillID_data/ePillID_data\classification_data\fcn_mix_weight/dc_224/4237.jpg,consumer,93-5770,TEVA;5770,True
D:/Data/ePillID_data/ePillID_data\classification_data\fcn_mix_weight/dc_224/4239.jpg,consumer,173-562,GX;CE5,False
D:/Data/ePillID_data/ePillID_data\classification_data\fcn_mix_weight/dc_224/4267.jpg,consumer,53489-143,MP;35,True
D:/Data/ePillID_data/ePillID_data\classification_data\fcn_mix_weight/dc_224/4278.jpg,consumer,50111-395,b;1116,True
D:/Data/ePillID_data/ePillID_data\classification_data\fcn_mix_weight/dc_224/4279.jpg,consumer,93-174,174;93,False
D:/Data/ePillID_data/ePillID_data\classification_data\fcn_mix_weight/dc_224/430.jpg,consumer,591-3210,WATSON;3210,False
D:/Data/ePillID_data/ePillID_data\classification_data\fcn_mix_weight/dc_224/4301.jpg,consumer,59148-6,A;006;2,False
D:/Data/ePillID_data/ePillID_data\classification_data\fcn_mix_weight/dc_224/4305.jpg,consumer,93-8035,3;035;N,False
D:/Data/ePillID_data/ePillID_data\classification_data\fcn_mix_weight/dc_224/4307.jpg,consumer,93-1118,93;1118,True
D:/Data/ePillID_data/ePillID_data\classification_data\fcn_mix_weight/dc_224/4310.jpg,consumer,555-9010,b;944,True
D:/Data/ePillID_data/ePillID_data\classification_data\fcn_mix_weight/dc_224/4315.jpg,consumer,93-7385,93;7385;93;7385,True
D:/Data/ePillID_data/ePillID_data\classification_data\fcn_mix_weight/dc_224/4320.jpg,consumer,93-2264,93;2264,False
D:/Data/ePillID_data/ePillID_data\classification_data\fcn_mix_weight/dc_224/4321.jpg,consumer,93-3195,TEVA;3195,True
D:/Data/ePillID_data/ePillID_data\classification_data\fcn_mix_weight/dc_224/4331.jpg,consumer,59762-5024,G;22,True
D:/Data/ePillID_data/ePillID_data\classification_data\fcn_mix_weight/dc_224/4345.jpg,consumer,2-3250,LILLY;3250;80;mg,False
D:/Data/ePillID_data/ePillID_data\classification_data\fcn_mix_weight/dc_224/4366.jpg,consumer,172-5034,5034;20;12;5,True
D:/Data/ePillID_data/ePillID_data\classification_data\fcn_mix_weight/dc_224/4377.jpg,consumer,93-2263,93;2263,False
D:/Data/ePillID_data/ePillID_data\classification_data\fcn_mix_weight/dc_224/4379.jpg,consumer,781-1507,GG264,True
D:/Data/ePillID_data/ePillID_data\classification_data\fcn_mix_weight/dc_224/439.jpg,consumer,68462-163,G;41,False
D:/Data/ePillID_data/ePillID_data\classification_data\fcn_mix_weight/dc_224/4392.jpg,consumer,78-521,NVR;LCI,True
D:/Data/ePillID_data/ePillID_data\classification_data\fcn_mix_weight/dc_224/4394.jpg,consumer,378-232,MYLAN;232;80,True
D:/Data/ePillID_data/ePillID_data\classification_data\fcn_mix_weight/dc_224/4396.jpg,consumer,93-7438,93;7438;93;7438,False
D:/Data/ePillID_data/ePillID_data\classification_data\fcn_mix_weight/dc_224/4412.jpg,consumer,51285-697,OP;697,True
D:/Data/ePillID_data/ePillID_data\classification_data\fcn_mix_weight/dc_224/4416.jpg,consumer,51285-406,E;1,True
D:/Data/ePillID_data/ePillID_data\classification_data\fcn_mix_weight/dc_224/442.jpg,consumer,93-109,109;TEVA,True
D:/Data/ePillID_data/ePillID_data\classification_data\fcn_mix_weight/dc_224/4424.jpg,consumer,93-5112,BVF;120;BVF;120,True
D:/Data/ePillID_data/ePillID_data\classification_data\fcn_mix_weight/dc_224/4433.jpg,consumer,51285-539,OP;719,False
D:/Data/ePillID_data/ePillID_data\classification_data\fcn_mix_weight/dc_224/445.jpg,consumer,50111-647,PLIVA;647;PLIVA;647,True
D:/Data/ePillID_data/ePillID_data\classification_data\fcn_mix_weight/dc_224/4461.jpg,consumer,93-7385,93;7385;93;7385,False
D:/Data/ePillID_data/ePillID_data\classification_data\fcn_mix_weight/dc_224/4466.jpg,consumer,50111-395,b;1116,False
D:/Data/ePillID_data/ePillID_data\classification_data\fcn_mix_weight/dc_224/4470.jpg,consumer,555-1057,barr;936,True
D:/Data/ePillID_data/ePillID_data\classification_data\fcn_mix_weight/dc_224/4479.jpg,consumer,93-536,93;536,True
D:/Data/ePillID_data/ePillID_data\classification_data\fcn_mix_weight/dc_224/4492.jpg,consumer,93-83,93;83,False
D:/Data/ePillID_data/ePillID_data\classification_data\fcn_mix_weight/dc_224/4500.jpg,consumer,93-7365,9;3;7365,False
D:/Data/ePillID_data/ePillID_data\classification_data\fcn_mix_weight/dc_224/4508.jpg,consumer,555-1021,barr;16;mg;1021,True
D:/Data/ePillID_data/ePillID_data\classification_data\fcn_mix_weight/dc_224/451.jpg,consumer,74-5182,SYNTHROID;75,False
D:/Data/ePillID_data/ePillID_data\classification_data\fcn_mix_weight/dc_224/4513.jpg,consumer,172-7312,100;mg,True
D:/Data/ePillID_data/ePillID_data\classification_data\fcn_mix_weight/dc_224/4522.jpg,consumer,781-1507,GG264,True
D:/Data/ePillID_data/ePillID_data\classification_data\fcn_mix_weight/dc_224/453.jpg,consumer,93-83,93;83,True
D:/Data/ePillID_data/ePillID_data\classification_data\fcn_mix_weight/dc_224/4541.jpg,consumer,93-27,93;27,True
D:/Data/ePillID_data/ePillID_data\classification_data\fcn_mix_weight/dc_224/4558.jpg,consumer,172-4626,20;4626,True
D:/Data/ePillID_data/ePillID_data\classification_data\fcn_mix_weight/dc_224/4567.jpg,consumer,53489-143,MP;35,True
D:/Data/ePillID_data/ePillID_data\classification_data\fcn_mix_weight/dc_224/4569.jpg,consumer,781-5186,125;GG;337,False
D:/Data/ePillID_data/ePillID_data\classification_data\fcn_mix_weight/dc_224/4570.jpg,consumer,378-232,MYLAN;232;80,True
D:/Data/ePillID_data/ePillID_data\classification_data\fcn_mix_weight/dc_224/4590.jpg,consumer,55111-180,R;180,False
D:/Data/ePillID_data/ePillID_data\classification_data\fcn_mix_weight/dc_224/4592.jpg,consumer,50458-551,PAL;6,True
D:/Data/ePillID_data/ePillID_data\classification_data\fcn_mix_weight/dc_224/4596.jpg,consumer,66582-313,313,False
D:/Data/ePillID_data/ePillID_data\classification_data\fcn_mix_weight/dc_224/4599.jpg,consumer,93-5140,93;5140,True
D:/Data/ePillID_data/ePillID_data\classification_data\fcn_mix_weight/dc_224/4602.jpg,consumer,555-71,b;071;300,False
D:/Data/ePillID_data/ePillID_data\classification_data\fcn_mix_weight/dc_224/4607.jpg,consumer,378-3495,M;495,True
D:/Data/ePillID_data/ePillID_data\classification_data\fcn_mix_weight/dc_224/4613.jpg,consumer,555-485,b;485,False
D:/Data/ePillID_data/ePillID_data\classification_data\fcn_mix_weight/dc_224/4617.jpg,consumer,93-658,93;658,True
D:/Data/ePillID_data/ePillID_data\classification_data\fcn_mix_weight/dc_224/4626.jpg,consumer,51285-406,E;1,True
D:/Data/ePillID_data/ePillID_data\classification_data\fcn_mix_weight/dc_224/4630.jpg,consumer,99207-467,DYN;105,False
D:/Data/ePillID_data/ePillID_data\classification_data\fcn_mix_weight/dc_224/4642.jpg,consumer,54-4182,54;943,True
D:/Data/ePillID_data/ePillID_data\classification_data\fcn_mix_weight/dc_224/4650.jpg,consumer,51285-523,OP;706,False
D:/Data/ePillID_data/ePillID_data\classification_data\fcn_mix_weight/dc_224/4657.jpg,consumer,378-3482,M;482,True
D:/Data/ePillID_data/ePillID_data\classification_data\fcn_mix_weight/dc_224/4661.jpg,consumer,186-520,500;20,True
D:/Data/ePillID_data/ePillID_data\classification_data\fcn_mix_weight/dc_224/4664.jpg,consumer,555-71,b;071;300,True
D:/Data/ePillID_data/ePillID_data\classification_data\fcn_mix_weight/dc_224/4668.jpg,consumer,93-658,93;658,True
D:/Data/ePillID_data/ePillID_data\classification_data\fcn_mix_weight/dc_224/4674.jpg,consumer,555-139,b8;139,False
D:/Data/ePillID_data/ePillID_data\classification_data\fcn_mix_weight/dc_224/468.jpg,consumer,378-3482,M;482,True
D:/Data/ePillID_data/ePillID_data\classification_data\fcn_mix_weight/dc_224/4684.jpg,consumer,93-7436,93;7436;93;7436,True
D:/Data/ePillID_data/ePillID_data\classification_data\fcn_mix_weight/dc_224/4688.jpg,consumer,93-7305,93;7305,False
D:/Data/ePillID_data/ePillID_data\classification_data\fcn_mix_weight/dc_224/4697.jpg,consumer,59762-2004,G;2004,False
D:/Data/ePillID_data/ePillID_data\classification_data\fcn_mix_weight/dc_224/4707.jpg,consumer,228-2550,R;550,False
D:/Data/ePillID_data/ePillID_data\classification_data\fcn_mix_weight/dc_224/4717.jpg,consumer,93-83,93;83,False
D:/Data/ePillID_data/ePillID_data\classification_data\fcn_mix_weight/dc_224/4719.jpg,consumer,93-4742,4742;9;3,False
D:/Data/ePillID_data/ePillID_data\classification_data\fcn_mix_weight/dc_224/472.jpg,consumer,172-7312,100;mg,True
D:/Data/ePillID_data/ePillID_data\classification_data\fcn_mix_weight/dc_224/4745.jpg,consumer,93-5712,5712;5;500,True
D:/Data/ePillID_data/ePillID_data\classification_data\fcn_mix_weight/dc_224/4758.jpg,consumer,378-1150,M;B2,False
D:/Data/ePillID_data/ePillID_data\classification_data\fcn_mix_weight/dc_224/476.jpg,consumer,78-486,NVR;IU,True
D:/Data/ePillID_data/ePillID_data\classification_data\fcn_mix_weight/dc_224/4764.jpg,consumer,52544-913,WATSON;913,False
D:/Data/ePillID_data/ePillID_data\classification_data\fcn_mix_weight/dc_224/4768.jpg,consumer,597-46,54;193,False
D:/Data/ePillID_data/ePillID_data\classification_data\fcn_mix_weight/dc_224/4781.jpg,consumer,93-536,93;536,True
D:/Data/ePillID_data/ePillID_data\classification_data\fcn_mix_weight/dc_224/4783.jpg,consumer,68453-850,N;500,False
D:/Data/ePillID_data/ePillID_data\classification_data\fcn_mix_weight/dc_224/4805.jpg,consumer,2-3238,LILLY;3238;18;mg,False
D:/Data/ePillID_data/ePillID_data\classification_data\fcn_mix_weight/dc_224/4808.jpg,consumer,93-2046,ACTOS;45,False
D:/Data/ePillID_data/ePillID_data\classification_data\fcn_mix_weight/dc_224/4820.jpg,consumer,93-657,93;657,True
D:/Data/ePillID_data/ePillID_data\classification_data\fcn_mix_weight/dc_224/4822.jpg,consumer,172-5412,5412;150,False
D:/Data/ePillID_data/ePillID_data\classification_data\fcn_mix_weight/dc_224/4825.jpg,consumer,378-2076,L;26;M,True
D:/Data/ePillID_data/ePillID_data\classification_data\fcn_mix_weight/dc_224/483.jpg,consumer,173-565,VALTREX;1;gram,False
D:/Data/ePillID_data/ePillID_data\classification_data\fcn_mix_weight/dc_224/4842.jpg,consumer,68382-24,Z;67,True
D:/Data/ePillID_data/ePillID_data\classification_data\fcn_mix_weight/dc_224/4845.jpg,consumer,245-41,KC;10,False
D:/Data/ePillID_data/ePillID_data\classification_data\fcn_mix_weight/dc_224/4848.jpg,consumer,832-1080,832;BM05,True
D:/Data/ePillID_data/ePillID_data\classification_data\fcn_mix_weight/dc_224/4849.jpg,consumer,93-5215,9;3;5215,True
D:/Data/ePillID_data/ePillID_data\classification_data\fcn_mix_weight/dc_224/4861.jpg,consumer,93-3010,A08,True
D:/Data/ePillID_data/ePillID_data\classification_data\fcn_mix_weight/dc_224/487.jpg,consumer,59762-2004,G;2004,True
D:/Data/ePillID_data/ePillID_data\classification_data\fcn_mix_weight/dc_224/4872.jpg,consumer,50111-395,b;1116,True
D:/Data/ePillID_data/ePillID_data\classification_data\fcn_mix_weight/dc_224/4877.jpg,consumer,50458-551,PAL;6,False
D:/Data/ePillID_data/ePillID_data\classification_data\fcn_mix_weight/dc_224/4892.jpg,consumer,68462-358,IG;257,False
D:/Data/ePillID_data/ePillID_data\classification_data\fcn_mix_weight/dc_224/4894.jpg,consumer,64764-918,TAP;40,True
D:/Data/ePillID_data/ePillID_data\classification_data\fcn_mix_weight/dc_224/4896.jpg,consumer,555-9026,b;247,False
D:/Data/ePillID_data/ePillID_data\classification_data\fcn_mix_weight/dc_224/4905.jpg,consumer,378-5123,M;S23,False
D:/Data/ePillID_data/ePillID_data\classification_data\fcn_mix_weight/dc_224/4907.jpg,consumer,172-3650,9200;TEVA,False
D:/Data/ePillID_data/ePillID_data\classification_data\fcn_mix_weight/dc_224/4913.jpg,consumer,13811-583,T583,True
D:/Data/ePillID_data/ePillID_data\classification_data\fcn_mix_weight/dc_224/4923.jpg,consumer,378-3632,M;C32,True
D:/Data/ePillID_data/ePillID_data\classification_data\fcn_mix_weight/dc_224/4928.jpg,consumer,54-17,54;899,True
D:/Data/ePillID_data/ePillID_data\classification_data\fcn_mix_weight/dc_224/4948.jpg,consumer,832-1025,832;BC20,False
D:/Data/ePillID_data/ePillID_data\classification_data\fcn_mix_weight/dc_224/496.jpg,consumer,93-463,9;3;463,True
D:/Data/ePillID_data/ePillID_data\classification_data\fcn_mix_weight/dc_224/4961.jpg,consumer,93-51,TV;51,False
D:/Data/ePillID_data/ePillID_data\classification_data\fcn_mix_weight/dc_224/4965.jpg,consumer,50111-901,PA1000,True
D:/Data/ePillID_data/ePillID_data\classification_data\fcn_mix_weight/dc_224/4974.jpg,consumer,378-3495,M;495,True
D:/Data/ePillID_data/ePillID_data\classification_data\fcn_mix_weight/dc_224/4988.jpg,consumer,172-5034,5034;20;12;5,False
D:/Data/ePillID_data/ePillID_data\classification_data\fcn_mix_weight/dc_224/4993.jpg,consumer,93-2055,DT,False
D:/Data/ePillID_data/ePillID_data\classification_data\fcn_mix_weight/dc_224/502.jpg,consumer,93-4741,4741;9;3,True
D:/Data/ePillID_data/ePillID_data\classification_data\fcn_mix_weight/dc_224/505.jpg,consumer,93-5770,TEVA;5770,True
D:/Data/ePillID_data/ePillID_data\classification_data\fcn_mix_weight/dc_224/520.jpg,consumer,59148-6,A;006;2,False
D:/Data/ePillID_data/ePillID_data\classification_data\fcn_mix_weight/dc_224/524.jpg,consumer,51285-697,OP;697,False
D:/Data/ePillID_data/ePillID_data\classification_data\fcn_mix_weight/dc_224/534.jpg,consumer,93-27,93;27,True
D:/Data/ePillID_data/ePillID_data\classification_data\fcn_mix_weight/dc_224/547.jpg,consumer,68462-360,IG;275,False
D:/Data/ePillID_data/ePillID_data\classification_data\fcn_mix_weight/dc_224/57.jpg,consumer,74-5182,SYNTHROID;75,False
D:/Data/ePillID_data/ePillID_data\classification_data\fcn_mix_weight/dc_224/575.jpg,consumer,93-7178,7178;93,False
D:/Data/ePillID_data/ePillID_data\classification_data\fcn_mix_weight/dc_224/583.jpg,consumer,93-2080,TEVA;2080,True
D:/Data/ePillID_data/ePillID_data\classification_data\fcn_mix_weight/dc_224/585.jpg,consumer,378-1813,M;L;10,False
D:/Data/ePillID_data/ePillID_data\classification_data\fcn_mix_weight/dc_224/599.jpg,consumer,53489-648,Mutual;866,True
D:/Data/ePillID_data/ePillID_data\classification_data\fcn_mix_weight/dc_224/609.jpg,consumer,456-1550,FL;50,False
D:/Data/ePillID_data/ePillID_data\classification_data\fcn_mix_weight/dc_224/614.jpg,consumer,2-4464,C;20,False
D:/Data/ePillID_data/ePillID_data\classification_data\fcn_mix_weight/dc_224/62.jpg,consumer,378-2077,L;27;M,False
D:/Data/ePillID_data/ePillID_data\classification_data\fcn_mix_weight/dc_224/63.jpg,consumer,54-166,54;135,False
D:/Data/ePillID_data/ePillID_data\classification_data\fcn_mix_weight/dc_224/631.jpg,consumer,93-5271,93;5271,True
D:/Data/ePillID_data/ePillID_data\classification_data\fcn_mix_weight/dc_224/639.jpg,consumer,555-607,555;607;barr,False
D:/Data/ePillID_data/ePillID_data\classification_data\fcn_mix_weight/dc_224/658.jpg,consumer,93-7365,9;3;7365,True
D:/Data/ePillID_data/ePillID_data\classification_data\fcn_mix_weight/dc_224/664.jpg,consumer,93-4742,4742;9;3,False
D:/Data/ePillID_data/ePillID_data\classification_data\fcn_mix_weight/dc_224/677.jpg,consumer,781-5189,200;GG;340,True
D:/Data/ePillID_data/ePillID_data\classification_data\fcn_mix_weight/dc_224/696.jpg,consumer,68462-360,IG;275,True
D:/Data/ePillID_data/ePillID_data\classification_data\fcn_mix_weight/dc_224/697.jpg,consumer,59762-5019,G;022;5,False
D:/Data/ePillID_data/ePillID_data\classification_data\fcn_mix_weight/dc_224/699.jpg,consumer,64764-918,TAP;40,True
D:/Data/ePillID_data/ePillID_data\classification_data\fcn_mix_weight/dc_224/712.jpg,consumer,93-2055,DT,False
D:/Data/ePillID_data/ePillID_data\classification_data\fcn_mix_weight/dc_224/713.jpg,consumer,93-4336,4336;1;mg,False
D:/Data/ePillID_data/ePillID_data\classification_data\fcn_mix_weight/dc_224/719.jpg,consumer,2-4464,C;20,False
D:/Data/ePillID_data/ePillID_data\classification_data\fcn_mix_weight/dc_224/735.jpg,consumer,378-4151,M;T7,False
D:/Data/ePillID_data/ePillID_data\classification_data\fcn_mix_weight/dc_224/738.jpg,consumer,378-5123,M;S23,True
D:/Data/ePillID_data/ePillID_data\classification_data\fcn_mix_weight/dc_224/749.jpg,consumer,93-784,93;784,True
D:/Data/ePillID_data/ePillID_data\classification_data\fcn_mix_weight/dc_224/750.jpg,consumer,68462-360,IG;275,False
D:/Data/ePillID_data/ePillID_data\classification_data\fcn_mix_weight/dc_224/767.jpg,consumer,378-2074,L;24;M,False
D:/Data/ePillID_data/ePillID_data\classification_data\fcn_mix_weight/dc_224/781.jpg,consumer,93-5504,TEVA;5504,False
D:/Data/ePillID_data/ePillID_data\classification_data\fcn_mix_weight/dc_224/786.jpg,consumer,93-7438,93;7438;93;7438,True
D:/Data/ePillID_data/ePillID_data\classification_data\fcn_mix_weight/dc_224/787.jpg,consumer,2-3238,LILLY;3238;18;mg,False
D:/Data/ePillID_data/ePillID_data\classification_data\fcn_mix_weight/dc_224/795.jpg,consumer,456-1550,FL;50,False
D:/Data/ePillID_data/ePillID_data\classification_data\fcn_mix_weight/dc_224/802.jpg,consumer,378-1821,M;L;14,False
D:/Data/ePillID_data/ePillID_data\classification_data\fcn_mix_weight/dc_224/82.jpg,consumer,555-1057,barr;936,True
D:/Data/ePillID_data/ePillID_data\classification_data\fcn_mix_weight/dc_224/822.jpg,consumer,93-5770,TEVA;5770,False
D:/Data/ePillID_data/ePillID_data\classification_data\fcn_mix_weight/dc_224/825.jpg,consumer,93-5140,93;5140,True
D:/Data/ePillID_data/ePillID_data\classification_data\fcn_mix_weight/dc_224/845.jpg,consumer,53746-190,IP190;500,False
D:/Data/ePillID_data/ePillID_data\classification_data\fcn_mix_weight/dc_224/862.jpg,consumer,172-5032,5032;20;25,True
D:/Data/ePillID_data/ePillID_data\classification_data\fcn_mix_weight/dc_224/872.jpg,consumer,591-3210,WATSON;3210,False
D:/Data/ePillID_data/ePillID_data\classification_data\fcn_mix_weight/dc_224/875.jpg,consumer,172-5032,5032;20;25,True
D:/Data/ePillID_data/ePillID_data\classification_data\fcn_mix_weight/dc_224/876.jpg,consumer,378-1813,M;L;10,True
D:/Data/ePillID_data/ePillID_data\classification_data\fcn_mix_weight/dc_224/886.jpg,consumer,93-3195,TEVA;3195,True
D:/Data/ePillID_data/ePillID_data\classification_data\fcn_mix_weight/dc_224/898.jpg,consumer,173-565,VALTREX;1;gram,True
D:/Data/ePillID_data/ePillID_data\classification_data\fcn_mix_weight/dc_224/90.jpg,consumer,64980-112,cor;144,False
D:/Data/ePillID_data/ePillID_data\classification_data\fcn_mix_weight/dc_224/901.jpg,consumer,52544-913,WATSON;913,False
D:/Data/ePillID_data/ePillID_data\classification_data\fcn_mix_weight/dc_224/904.jpg,consumer,93-7178,7178;93,False
D:/Data/ePillID_data/ePillID_data\classification_data\fcn_mix_weight/dc_224/91.jpg,consumer,93-5507,TEVA;5507,False
D:/Data/ePillID_data/ePillID_data\classification_data\fcn_mix_weight/dc_224/916.jpg,consumer,378-6233,MX33,True
D:/Data/ePillID_data/ePillID_data\classification_data\fcn_mix_weight/dc_224/917.jpg,consumer,93-27,93;27,True
D:/Data/ePillID_data/ePillID_data\classification_data\fcn_mix_weight/dc_224/92.jpg,consumer,93-109,109;TEVA,False
D:/Data/ePillID_data/ePillID_data\classification_data\fcn_mix_weight/dc_224/953.jpg,consumer,93-2268,9;3;2268,False
D:/Data/ePillID_data/ePillID_data\classification_data\fcn_mix_weight/dc_224/968.jpg,consumer,172-5032,5032;20;25,False
D:/Data/ePillID_data/ePillID_data\classification_data\fcn_mix_weight/dc_224/969.jpg,consumer,172-3650,9200;TEVA,False
D:/Data/ePillID_data/ePillID_data\classification_data\fcn_mix_weight/dc_224/986.jpg,consumer,378-1821,M;L;14,True
D:/Data/ePillID_data/ePillID_data\classification_data\fcn_mix_weight/dc_224/997.jpg,consumer,456-457,A;TC,True
