full_path,domain,label_prod_code,splimprint,is_front,reader,pred_raw,exact,side_match,token_recall,token_set,cer,contains,pred_norm,gt_norm
D:/Data/ePillID_data/ePillID_data\classification_data\fcn_mix_weight/dr_224/00002-4463-30_PART_1_OF_1_CHAL10_SB_B5155ACA.jpg,reference,2-4463,C;10,False,qwen,B 1,0,0,0.0,0,0.6666666666666666,0,B 1,C 10
D:/Data/ePillID_data/ePillID_data\classification_data\fcn_mix_weight/dr_224/00002-4463-30_PART_1_OF_1_CHAL10_SF_B5155ACA.jpg,reference,2-4463,C;10,True,qwen,10,0,1,0.5,0,0.3333333333333333,0,10,C 10
D:/Data/ePillID_data/ePillID_data\classification_data\fcn_mix_weight/dr_224/00002-4464-30_PART_1_OF_1_CHAL10_SB_B8155C1A.jpg,reference,2-4464,C;20,False,qwen,GOLDEN,0,0,0.0,0,2.0,0,GOLDEN,C 20
D:/Data/ePillID_data/ePillID_data\classification_data\fcn_mix_weight/dr_224/00002-4464-30_PART_1_OF_1_CHAL10_SF_B8155C1A.jpg,reference,2-4464,C;20,True,qwen,C 20,1,1,1.0,1,0.0,1,C 20,C 20
D:/Data/ePillID_data/ePillID_data\classification_data\fcn_mix_weight/dr_224/00023-9350-07_PART_1_OF_1_CHAL10_SB_D4196A7B.jpg,reference,23-9350,SAN;60,False,qwen,G342,0,0,0.0,0,1.0,0,G342,SAN 60
D:/Data/ePillID_data/ePillID_data\classification_data\fcn_mix_weight/dr_224/00023-9350-07_PART_1_OF_1_CHAL10_SF_D4196A7B.jpg,reference,23-9350,SAN;60,True,qwen,SAN 60,1,1,1.0,1,0.0,1,SAN 60,SAN 60
D:/Data/ePillID_data/ePillID_data\classification_data\fcn_mix_weight/dr_224/00037-2250-10_PART_1_OF_1_CHAL10_SB_BD1D5EFA.jpg,reference,37-2250,SOMA;250,False,qwen,G342,0,0,0.0,0,0.8571428571428571,0,G342,SOMA 250
D:/Data/ePillID_data/ePillID_data\classification_data\fcn_mix_weight/dr_224/00037-2250-10_PART_1_OF_1_CHAL10_SF_BD1D5EFA.jpg,reference,37-2250,SOMA;250,True,qwen,SOMA 250,1,1,1.0,1,0.0,1,SOMA 250,SOMA 250
D:/Data/ePillID_data/ePillID_data\classification_data\fcn_mix_weight/dr_224/00056-0176-70_PART_1_OF_1_CHAL10_SB_99134CAA.jpg,reference,56-176,2;1;2;COUMADIN,False,qwen,M B,0,0,0.0,0,0.9090909090909091,0,M B,2 1 2 COUMADIN
D:/Data/ePillID_data/ePillID_data\classification_data\fcn_mix_weight/dr_224/00056-0176-70_PART_1_OF_1_CHAL10_SF_99134CAA.jpg,reference,56-176,2;1;2;COUMADIN,True,qwen,2 1 2 COUMADIN,1,1,1.0,1,0.0,1,2 1 2 COUMADIN,2 1 2 COUMADIN
D:/Data/ePillID_data/ePillID_data\classification_data\fcn_mix_weight/dr_224/00074-6594-90_PART_1_OF_1_CHAL10_SB_AB1D55FA.jpg,reference,74-6594,SYNTHROID;88,False,qwen,I 88,0,0,0.5,0,0.7272727272727273,0,I 88,SYNTHROID 88
D:/Data/ePillID_data/ePillID_data\classification_data\fcn_mix_weight/dr_224/00074-6594-90_PART_1_OF_1_CHAL10_SF_AB1D55FA.jpg,reference,74-6594,SYNTHROID;88,True,qwen,GYNTHROID,0,0,0.0,0,0.2727272727272727,0,GYNTHROID,SYNTHROID 88
D:/Data/ePillID_data/ePillID_data\classification_data\fcn_mix_weight/dr_224/00075-7700-60_PART_1_OF_1_CHAL10_SB_E51C72E3.jpg,reference,75-7700,RPR;202,False,qwen,N,0,0,0.0,0,1.0,0,N,RPR 202
D:/Data/ePillID_data/ePillID_data\classification_data\fcn_mix_weight/dr_224/00075-7700-60_PART_1_OF_1_CHAL10_SF_E51C72E3.jpg,reference,75-7700,RPR;202,True,qwen,RPR 202,1,1,1.0,1,0.0,1,RPR 202,RPR 202
D:/Data/ePillID_data/ePillID_data\classification_data\fcn_mix_weight/dr_224/00078-0521-15_PART_1_OF_1_CHAL10_SB_E51D72AB.jpg,reference,78-521,NVR;LCI,False,qwen,LCI,0,1,0.5,0,0.5,0,LCI,NVR LCI
D:/Data/ePillID_data/ePillID_data\classification_data\fcn_mix_weight/dr_224/00078-0521-15_PART_1_OF_1_CHAL10_SF_E51D72AB.jpg,reference,78-521,NVR;LCI,True,qwen,NYR,0,0,0.0,0,0.6666666666666666,0,NYR,NVR LCI
D:/Data/ePillID_data/ePillID_data\classification_data\fcn_mix_weight/dr_224/00093-0199-01_PART_1_OF_1_CHAL10_SB_B6295B4A.jpg,reference,93-199,9;3;199,False,qwen,199,0,1,0.3333333333333333,0,0.4,0,199,9 3 199
D:/Data/ePillID_data/ePillID_data\classification_data\fcn_mix_weight/dr_224/00093-0199-01_PART_1_OF_1_CHAL10_SB_CD266683.jpg,reference,93-199,9;3;199,False,qwen,199,0,1,0.3333333333333333,0,0.4,0,199,9 3 199
D:/Data/ePillID_data/ePillID_data\classification_data\fcn_mix_weight/dr_224/00093-0199-01_PART_1_OF_1_CHAL10_SF_B6295B4A.jpg,reference,93-199,9;3;199,True,qwen,9 3,0,0,0.6666666666666666,0,0.6,0,9 3,9 3 199
D:/Data/ePillID_data/ePillID_data\classification_data\fcn_mix_weight/dr_224/00093-0199-01_PART_1_OF_1_CHAL10_SF_CD266683.jpg,reference,93-199,9;3;199,True,qwen,9 3,0,0,0.6666666666666666,0,0.6,0,9 3,9 3 199
D:/Data/ePillID_data/ePillID_data\classification_data\fcn_mix_weight/dr_224/00093-0308-01_PART_1_OF_1_CHAL10_SB_342B1A18.jpg,reference,93-308,93;308,False,qwen,B 1,0,0,0.0,0,1.0,0,B 1,93 308
D:/Data/ePillID_data/ePillID_data\classification_data\fcn_mix_weight/dr_224/00093-0308-01_PART_1_OF_1_CHAL10_SF_342B1A18.jpg,reference,93-308,93;308,True,qwen,93 308,1,1,1.0,1,0.0,1,93 308,93 308
D:/Data/ePillID_data/ePillID_data\classification_data\fcn_mix_weight/dr_224/00093-0463-01_PART_1_OF_1_CHAL10_SB_5429AA3D.jpg,reference,93-463,9;3;463,False,qwen,463,0,1,0.3333333333333333,0,0.4,0,463,9 3 463
D:/Data/ePillID_data/ePillID_data\classification_data\fcn_mix_weight/dr_224/00093-0463-01_PART_1_OF_1_CHAL10_SF_5429AA3D.jpg,reference,93-463,9;3;463,True,qwen,9 3,0,0,0.6666666666666666,0,0.6,0,9 3,9 3 463
D:/Data/ePillID_data/ePillID_data\classification_data\fcn_mix_weight/dr_224/00093-0658-01_PART_1_OF_1_CHAL10_SB_2B2B15C8.jpg,reference,93-658,93;658,False,qwen,N,0,0,0.0,0,1.0,0,N,93 658
D:/Data/ePillID_data/ePillID_data\classification_data\fcn_mix_weight/dr_224/00093-0658-01_PART_1_OF_1_CHAL10_SF_2B2B15C8.jpg,reference,93-658,93;658,True,qwen,93 658,1,1,1.0,1,0.0,1,93 658,93 658
D:/Data/ePillID_data/ePillID_data\classification_data\fcn_mix_weight/dr_224/00093-0753-01_PART_1_OF_1_CHAL10_SB_A526D2E6.jpg,reference,93-753,753;TEVA,False,qwen,753,0,1,0.5,0,0.5714285714285714,0,753,753 TEVA
D:/Data/ePillID_data/ePillID_data\classification_data\fcn_mix_weight/dr_224/00093-0753-01_PART_1_OF_1_CHAL10_SF_A526D2E6.jpg,reference,93-753,753;TEVA,True,qwen,TEVA,0,1,0.5,0,0.42857142857142855,0,TEVA,753 TEVA
D:/Data/ePillID_data/ePillID_data\classification_data\fcn_mix_weight/dr_224/00093-0787-01_PART_1_OF_1_CHAL10_SB_AE26D766.jpg,reference,93-787,787;TEVA,False,qwen,787,0,1,0.5,0,0.5714285714285714,0,787,787 TEVA
D:/Data/ePillID_data/ePillID_data\classification_data\fcn_mix_weight/dr_224/00093-0787-01_PART_1_OF_1_CHAL10_SF_AE26D766.jpg,reference,93-787,787;TEVA,True,qwen,TEVA,0,1,0.5,0,0.42857142857142855,0,TEVA,787 TEVA
D:/Data/ePillID_data/ePillID_data\classification_data\fcn_mix_weight/dr_224/00093-0810-01_PART_1_OF_1_CHAL10_SB_24231228.jpg,reference,93-810,TEVA;10mg;0810,False,qwen,B 1,0,0,0.0,0,0.9166666666666666,0,B 1,TEVA 10MG 0810
D:/Data/ePillID_data/ePillID_data\classification_data\fcn_mix_weight/dr_224/00093-0810-01_PART_1_OF_1_CHAL10_SB_34271A58.jpg,reference,93-810,TEVA;10mg;0810,False,qwen,B 1,0,0,0.0,0,0.9166666666666666,0,B 1,TEVA 10MG 0810
D:/Data/ePillID_data/ePillID_data\classification_data\fcn_mix_weight/dr_224/00093-0810-01_PART_1_OF_1_CHAL10_SF_24231228.jpg,reference,93-810,TEVA;10mg;0810,True,qwen,10 MG 93 6810,0,0,0.0,0,0.5833333333333334,0,10 MG 93 6810,TEVA 10MG 0810
D:/Data/ePillID_data/ePillID_data\classification_data\fcn_mix_weight/dr_224/00093-0810-01_PART_1_OF_1_CHAL10_SF_34271A58.jpg,reference,93-810,TEVA;10mg;0810,True,qwen,TEVA 10MG 0810,1,1,1.0,1,0.0,1,TEVA 10MG 0810,TEVA 10MG 0810
D:/Data/ePillID_data/ePillID_data\classification_data\fcn_mix_weight/dr_224/00093-1061-01_PART_1_OF_1_CHAL10_SB_9329C9EE.jpg,reference,93-1061,93;61,False,qwen,N,0,0,0.0,0,1.0,0,N,93 61
D:/Data/ePillID_data/ePillID_data\classification_data\fcn_mix_weight/dr_224/00093-1061-01_PART_1_OF_1_CHAL10_SF_9329C9EE.jpg,reference,93-1061,93;61,True,qwen,93 61,1,1,1.0,1,0.0,1,93 61,93 61
D:/Data/ePillID_data/ePillID_data\classification_data\fcn_mix_weight/dr_224/00093-1172-01_PART_1_OF_1_CHAL10_SB_CC2DE65F.jpg,reference,93-1172,93;1172,False,qwen,1172,0,1,0.5,0,0.3333333333333333,0,1172,93 1172
D:/Data/ePillID_data/ePillID_data\classification_data\fcn_mix_weight/dr_224/00093-1172-01_PART_1_OF_1_CHAL10_SF_CC2DE65F.jpg,reference,93-1172,93;1172,True,qwen,93,0,1,0.5,0,0.6666666666666666,0,93,93 1172
D:/Data/ePillID_data/ePillID_data\classification_data\fcn_mix_weight/dr_224/00093-1177-01_PART_1_OF_1_CHAL10_SB_4F2B27C9.jpg,reference,93-1177,93;1177,False,qwen,1177,0,1,0.5,0,0.3333333333333333,0,1177,93 1177
D:/Data/ePillID_data/ePillID_data\classification_data\fcn_mix_weight/dr_224/00093-1177-01_PART_1_OF_1_CHAL10_SF_4F2B27C9.jpg,reference,93-1177,93;1177,True,qwen,93,0,1,0.5,0,0.6666666666666666,0,93,93 1177
D:/Data/ePillID_data/ePillID_data\classification_data\fcn_mix_weight/dr_224/00093-2046-56_PART_1_OF_1_CHAL10_SB_EE29773B.jpg,reference,93-2046,ACTOS;45,False,qwen,45,0,1,0.5,0,0.7142857142857143,0,45,ACTOS 45
D:/Data/ePillID_data/ePillID_data\classification_data\fcn_mix_weight/dr_224/00093-2046-56_PART_1_OF_1_CHAL10_SF_EE29773B.jpg,reference,93-2046,ACTOS;45,True,qwen,ACTOS,0,1,0.5,0,0.2857142857142857,0,ACTOS,ACTOS 45
D:/Data/ePillID_data/ePillID_data\classification_data\fcn_mix_weight/dr_224/00093-2264-01_PART_1_OF_1_CHAL10_SB_DE296F5B.jpg,reference,93-2264,93;2264,False,qwen,N,0,0,0.0,0,1.0,0,N,93 2264
D:/Data/ePillID_data/ePillID_data\classification_data\fcn_mix_weight/dr_224/00093-2264-01_PART_1_OF_1_CHAL10_SF_DE296F5B.jpg,reference,93-2264,93;2264,True,qwen,93 2264,1,1,1.0,1,0.0,1,93 2264,93 2264
D:/Data/ePillID_data/ePillID_data\classification_data\fcn_mix_weight/dr_224/00093-2268-01_PART_1_OF_1_CHAL10_SB_D5296ADB.jpg,reference,93-2268,9;3;2268,False,qwen,2268,0,1,0.3333333333333333,0,0.3333333333333333,0,2268,9 3 2268
D:/Data/ePillID_data/ePillID_data\classification_data\fcn_mix_weight/dr_224/00093-2268-01_PART_1_OF_1_CHAL10_SF_D5296ADB.jpg,reference,93-2268,9;3;2268,True,qwen,9 3,0,0,0.6666666666666666,0,0.6666666666666666,0,9 3,9 3 2268
D:/Data/ePillID_data/ePillID_data\classification_data\fcn_mix_weight/dr_224/00093-2929-01_PART_1_OF_1_CHAL10_SB_E52972BB.jpg,reference,93-2929,2929;93,False,qwen,G342,0,0,0.0,0,1.0,0,G342,2929 93
D:/Data/ePillID_data/ePillID_data\classification_data\fcn_mix_weight/dr_224/00093-2929-01_PART_1_OF_1_CHAL10_SF_E52972BB.jpg,reference,93-2929,2929;93,True,qwen,93 2929,0,0,1.0,1,0.6666666666666666,0,93 2929,2929 93
D:/Data/ePillID_data/ePillID_data\classification_data\fcn_mix_weight/dr_224/00093-3010-84_PART_1_OF_1_CHAL10_SB_F72CFBF7.jpg,reference,93-3010,A08,False,qwen,B 1,0,0,0.0,0,1.0,0,B 1,A08
D:/Data/ePillID_data/ePillID_data\classification_data\fcn_mix_weight/dr_224/00093-3010-84_PART_1_OF_1_CHAL10_SF_F72CFBF7.jpg,reference,93-3010,A08,True,qwen,A08,1,1,1.0,1,0.0,1,A08,A08
D:/Data/ePillID_data/ePillID_data\classification_data\fcn_mix_weight/dr_224/00093-3147-01_PART_1_OF_1_CHAL10_SB_24231258.jpg,reference,93-3147,TEVA;3147,False,qwen,G342,0,0,0.0,0,0.75,0,G342,TEVA 3147
D:/Data/ePillID_data/ePillID_data\classification_data\fcn_mix_weight/dr_224/00093-3147-01_PART_1_OF_1_CHAL10_SB_C51962CB.jpg,reference,93-3147,TEVA;3147,False,qwen,B 1,0,0,0.0,0,0.875,0,B 1,TEVA 3147
D:/Data/ePillID_data/ePillID_data\classification_data\fcn_mix_weight/dr_224/00093-3147-01_PART_1_OF_1_CHAL10_SF_24231258.jpg,reference,93-3147,TEVA;3147,True,qwen,93 3147 93 3147,0,0,0.5,0,1.0,0,93 3147 93 3147,TEVA 3147
D:/Data/ePillID_data/ePillID_data\classification_data\fcn_mix_weight/dr_224/00093-3147-01_PART_1_OF_1_CHAL10_SF_C51962CB.jpg,reference,93-3147,TEVA;3147,True,qwen,TEVA 3147,1,1,1.0,1,0.0,1,TEVA 3147,TEVA 3147
D:/Data/ePillID_data/ePillID_data\classification_data\fcn_mix_weight/dr_224/00093-4059-53_PART_1_OF_1_CHAL10_SB_FD2D7EDB.jpg,reference,93-4059,9;3;4059,False,qwen,4059,0,1,0.3333333333333333,0,0.3333333333333333,0,4059,9 3 4059
D:/Data/ePillID_data/ePillID_data\classification_data\fcn_mix_weight/dr_224/00093-4059-53_PART_1_OF_1_CHAL10_SF_FD2D7EDB.jpg,reference,93-4059,9;3;4059,True,qwen,9 3,0,0,0.6666666666666666,0,0.6666666666666666,0,9 3,9 3 4059
D:/Data/ePillID_data/ePillID_data\classification_data\fcn_mix_weight/dr_224/00093-4741-01_PART_1_OF_1_CHAL10_SB_F42D7A5B.jpg,reference,93-4741,4741;9;3,False,qwen,4741,0,1,0.3333333333333333,0,0.3333333333333333,0,4741,4741 9 3
D:/Data/ePillID_data/ePillID_data\classification_data\fcn_mix_weight/dr_224/00093-4741-01_PART_1_OF_1_CHAL10_SF_F42D7A5B.jpg,reference,93-4741,4741;9;3,True,qwen,9 3,0,0,0.6666666666666666,0,0.6666666666666666,0,9 3,4741 9 3
D:/Data/ePillID_data/ePillID_data\classification_data\fcn_mix_weight/dr_224/00093-4742-01_PART_1_OF_1_CHAL10_SB_E62D736B.jpg,reference,93-4742,4742;9;3,False,qwen,4742,0,1,0.3333333333333333,0,0.3333333333333333,0,4742,4742 9 3
D:/Data/ePillID_data/ePillID_data\classification_data\fcn_mix_weight/dr_224/00093-4742-01_PART_1_OF_1_CHAL10_SF_E62D736B.jpg,reference,93-4742,4742;9;3,True,qwen,9 3,0,0,0.6666666666666666,0,0.6666666666666666,0,9 3,4742 9 3
D:/Data/ePillID_data/ePillID_data\classification_data\fcn_mix_weight/dr_224/00093-5050-06_PART_1_OF_1_CHAL10_SB_992D4C9A.jpg,reference,93-5050,4833M;15;850,False,qwen,15 850,0,0,0.6666666666666666,0,0.5,0,15 850,4833M 15 850
D:/Data/ePillID_data/ePillID_data\classification_data\fcn_mix_weight/dr_224/00093-5050-06_PART_1_OF_1_CHAL10_SF_992D4C9A.jpg,reference,93-5050,4833M;15;850,True,qwen,4833M,0,1,0.3333333333333333,0,0.5,0,4833M,4833M 15 850
D:/Data/ePillID_data/ePillID_data\classification_data\fcn_mix_weight/dr_224/00093-5171-20_PART_1_OF_1_CHAL10_SB_4C2DA60D.jpg,reference,93-5171,93;5171,False,qwen,5171,0,1,0.5,0,0.3333333333333333,0,5171,93 5171
D:/Data/ePillID_data/ePillID_data\classification_data\fcn_mix_weight/dr_224/00093-5171-20_PART_1_OF_1_CHAL10_SF_4C2DA60D.jpg,reference,93-5171,93;5171,True,qwen,93,0,1,0.5,0,0.6666666666666666,0,93,93 5171
D:/Data/ePillID_data/ePillID_data\classification_data\fcn_mix_weight/dr_224/00093-5256-68_PART_1_OF_1_CHAL10_SB_15268A84.jpg,reference,93-5256,TEVA;5256,False,qwen,N,0,0,0.0,0,1.0,0,N,TEVA 5256
D:/Data/ePillID_data/ePillID_data\classification_data\fcn_mix_weight/dr_224/00093-5256-68_PART_1_OF_1_CHAL10_SB_8727C3AE.jpg,reference,93-5256,TEVA;5256,False,qwen,N,0,0,0.0,0,1.0,0,N,TEVA 5256
D:/Data/ePillID_data/ePillID_data\classification_data\fcn_mix_weight/dr_224/00093-5256-68_PART_1_OF_1_CHAL10_SF_15268A84.jpg,reference,93-5256,TEVA;5256,True,qwen,93 5256 93 5256,0,0,0.5,0,1.0,0,93 5256 93 5256,TEVA 5256
D:/Data/ePillID_data/ePillID_data\classification_data\fcn_mix_weight/dr_224/00093-5256-68_PART_1_OF_1_CHAL10_SF_8727C3AE.jpg,reference,93-5256,TEVA;5256,True,qwen,TEVA 5256,1,1,1.0,1,0.0,1,TEVA 5256,TEVA 5256
D:/Data/ePillID_data/ePillID_data\classification_data\fcn_mix_weight/dr_224/00093-5504-56_PART_1_OF_1_CHAL10_SB_292714E8.jpg,reference,93-5504,TEVA;5504,False,qwen,B 1,0,0,0.0,0,1.0,0,B 1,TEVA 5504
D:/Data/ePillID_data/ePillID_data\classification_data\fcn_mix_weight/dr_224/00093-5504-56_PART_1_OF_1_CHAL10_SF_292714E8.jpg,reference,93-5504,TEVA;5504,True,qwen,TEVA 5504,1,1,1.0,1,0.0,1,TEVA 5504,TEVA 5504
D:/Data/ePillID_data/ePillID_data\classification_data\fcn_mix_weight/dr_224/00093-5710-01_PART_1_OF_1_CHAL10_SB_3F2B9FCC.jpg,reference,93-5710,5710;1;25;250,False,qwen,1 25 250,0,0,0.75,0,0.4,0,1 25 250,5710 1 25 250
D:/Data/ePillID_data/ePillID_data\classification_data\fcn_mix_weight/dr_224/00093-5710-01_PART_1_OF_1_CHAL10_SF_3F2B9FCC.jpg,reference,93-5710,5710;1;25;250,True,qwen,5710,0,1,0.25,0,0.6,0,5710,5710 1 25 250
D:/Data/ePillID_data/ePillID_data\classification_data\fcn_mix_weight/dr_224/00093-5852-01_PART_1_OF_1_CHAL10_SB_512BA8FD.jpg,reference,93-5852,5852;20,False,qwen,852,0,0,0.0,0,0.5,0,852,5852 20
D:/Data/ePillID_data/ePillID_data\classification_data\fcn_mix_weight/dr_224/00093-5852-01_PART_1_OF_1_CHAL10_SF_512BA8FD.jpg,reference,93-5852,5852;20,True,qwen,20,0,1,0.5,0,0.6666666666666666,0,20,5852 20
D:/Data/ePillID_data/ePillID_data\classification_data\fcn_mix_weight/dr_224/00093-7212-01_PART_1_OF_1_CHAL10_SB_9F23CF8E.jpg,reference,93-7212,93;7212,False,qwen,7212,0,1,0.5,0,0.3333333333333333,0,7212,93 7212
D:/Data/ePillID_data/ePillID_data\classification_data\fcn_mix_weight/dr_224/00093-7212-01_PART_1_OF_1_CHAL10_SB_C92FE4DF.jpg,reference,93-7212,93;7212,False,qwen,1212,0,0,0.0,0,0.5,0,1212,93 7212
D:/Data/ePillID_data/ePillID_data\classification_data\fcn_mix_weight/dr_224/00093-7212-01_PART_1_OF_1_CHAL10_SF_9F23CF8E.jpg,reference,93-7212,93;7212,True,qwen,9 3,0,0,0.0,0,0.6666666666666666,0,9 3,93 7212
D:/Data/ePillID_data/ePillID_data\classification_data\fcn_mix_weight/dr_224/00093-7212-01_PART_1_OF_1_CHAL10_SF_C92FE4DF.jpg,reference,93-7212,93;7212,True,qwen,935,0,0,0.0,0,0.6666666666666666,0,935,93 7212
D:/Data/ePillID_data/ePillID_data\classification_data\fcn_mix_weight/dr_224/00093-7220-06_PART_1_OF_1_CHAL10_SB_692934D9.jpg,reference,93-7220,93;7220,False,qwen,7220,0,1,0.5,0,0.3333333333333333,0,7220,93 7220
D:/Data/ePillID_data/ePillID_data\classification_data\fcn_mix_weight/dr_224/00093-7220-06_PART_1_OF_1_CHAL10_SF_692934D9.jpg,reference,93-7220,93;7220,True,qwen,93,0,1,0.5,0,0.6666666666666666,0,93,93 7220
D:/Data/ePillID_data/ePillID_data\classification_data\fcn_mix_weight/dr_224/00093-7242-06_PART_1_OF_1_CHAL10_SB_76293B69.jpg,reference,93-7242,93;7242,False,qwen,7242,0,1,0.5,0,0.3333333333333333,0,7242,93 7242
D:/Data/ePillID_data/ePillID_data\classification_data\fcn_mix_weight/dr_224/00093-7242-06_PART_1_OF_1_CHAL10_SF_76293B69.jpg,reference,93-7242,93;7242,True,qwen,93,0,1,0.5,0,0.6666666666666666,0,93,93 7242
D:/Data/ePillID_data/ePillID_data\classification_data\fcn_mix_weight/dr_224/00093-7247-06_PART_1_OF_1_CHAL10_SB_7329B9CD.jpg,reference,93-7247,9;3;7247,False,qwen,7247,0,1,0.3333333333333333,0,0.3333333333333333,0,7247,9 3 7247
D:/Data/ePillID_data/ePillID_data\classification_data\fcn_mix_weight/dr_224/00093-7247-06_PART_1_OF_1_CHAL10_SF_7329B9CD.jpg,reference,93-7247,9;3;7247,True,qwen,9 3,0,0,0.6666666666666666,0,0.6666666666666666,0,9 3,9 3 7247
D:/Data/ePillID_data/ePillID_data\classification_data\fcn_mix_weight/dr_224/00093-7305-65_PART_1_OF_1_CHAL10_SB_7C2F3E59.jpg,reference,93-7305,93;7305,False,qwen,7305,0,1,0.5,0,0.3333333333333333,0,7305,93 7305
D:/Data/ePillID_data/ePillID_data\classification_data\fcn_mix_weight/dr_224/00093-7305-65_PART_1_OF_1_CHAL10_SF_7C2F3E59.jpg,reference,93-7305,93;7305,True,qwen,93,0,1,0.5,0,0.6666666666666666,0,93,93 7305
D:/Data/ePillID_data/ePillID_data\classification_data\fcn_mix_weight/dr_224/00093-7365-56_PART_1_OF_1_CHAL10_SB_AA305552.jpg,reference,93-7365,9;3;7365,False,qwen,7365,0,1,0.3333333333333333,0,0.3333333333333333,0,7365,9 3 7365
D:/Data/ePillID_data/ePillID_data\classification_data\fcn_mix_weight/dr_224/00093-7365-56_PART_1_OF_1_CHAL10_SF_AA305552.jpg,reference,93-7365,9;3;7365,True,qwen,9 3,0,0,0.6666666666666666,0,0.6666666666666666,0,9 3,9 3 7365
D:/Data/ePillID_data/ePillID_data\classification_data\fcn_mix_weight/dr_224/00093-7370-01_PART_1_OF_1_CHAL10_SB_C419623B.jpg,reference,93-7370,TEVA;7370,False,qwen,G342,0,0,0.0,0,0.875,0,G342,TEVA 7370
D:/Data/ePillID_data/ePillID_data\classification_data\fcn_mix_weight/dr_224/00093-7370-01_PART_1_OF_1_CHAL10_SB_F026F807.jpg,reference,93-7370,TEVA;7370,False,qwen,N,0,0,0.0,0,1.0,0,N,TEVA 7370
D:/Data/ePillID_data/ePillID_data\classification_data\fcn_mix_weight/dr_224/00093-7370-01_PART_1_OF_1_CHAL10_SF_C419623B.jpg,reference,93-7370,TEVA;7370,True,qwen,93 7370 93 7370,0,0,0.5,0,1.0,0,93 7370 93 7370,TEVA 7370
D:/Data/ePillID_data/ePillID_data\classification_data\fcn_mix_weight/dr_224/00093-7370-01_PART_1_OF_1_CHAL10_SF_F026F807.jpg,reference,93-7370,TEVA;7370,True,qwen,TEVA 7370,1,1,1.0,1,0.0,1,TEVA 7370,TEVA 7370
D:/Data/ePillID_data/ePillID_data\classification_data\fcn_mix_weight/dr_224/00093-7380-01_PART_1_OF_1_CHAL10_SB_A0265062.jpg,reference,93-7380,9;3;7380,False,qwen,7380,0,1,0.3333333333333333,0,0.3333333333333333,0,7380,9 3 7380
D:/Data/ePillID_data/ePillID_data\classification_data\fcn_mix_weight/dr_224/00093-7380-01_PART_1_OF_1_CHAL10_SB_B12958DA.jpg,reference,93-7380,9;3;7380,False,qwen,7380,0,1,0.3333333333333333,0,0.3333333333333333,0,7380,9 3 7380
D:/Data/ePillID_data/ePillID_data\classification_data\fcn_mix_weight/dr_224/00093-7380-01_PART_1_OF_1_CHAL10_SF_A0265062.jpg,reference,93-7380,9;3;7380,True,qwen,9 3,0,0,0.6666666666666666,0,0.6666666666666666,0,9 3,9 3 7380
D:/Data/ePillID_data/ePillID_data\classification_data\fcn_mix_weight/dr_224/00093-7380-01_PART_1_OF_1_CHAL10_SF_B12958DA.jpg,reference,93-7380,9;3;7380,True,qwen,9 3,0,0,0.6666666666666666,0,0.6666666666666666,0,9 3,9 3 7380
D:/Data/ePillID_data/ePillID_data\classification_data\fcn_mix_weight/dr_224/00093-7426-56_PART_1_OF_1_CHAL10_SB_DC27EE6F.jpg,reference,93-7426,TV;7426,False,qwen,7426,0,1,0.5,0,0.3333333333333333,0,7426,TV 7426
D:/Data/ePillID_data/ePillID_data\classification_data\fcn_mix_weight/dr_224/00093-7426-56_PART_1_OF_1_CHAL10_SF_DC27EE6F.jpg,reference,93-7426,TV;7426,True,qwen,TV,0,1,0.5,0,0.6666666666666666,0,TV,TV 7426
D:/Data/ePillID_data/ePillID_data\classification_data\fcn_mix_weight/dr_224/00093-7443-56_PART_1_OF_1_CHAL10_SB_052702B8.jpg,reference,93-7443,TEVA;7443,False,qwen,B 100,0,0,0.0,0,1.0,0,B 100,TEVA 7443
D:/Data/ePillID_data/ePillID_data\classification_data\fcn_mix_weight/dr_224/00093-7443-56_PART_1_OF_1_CHAL10_SF_052702B8.jpg,reference,93-7443,TEVA;7443,True,qwen,TEVA 7443,1,1,1.0,1,0.0,1,TEVA 7443,TEVA 7443
D:/Data/ePillID_data/ePillID_data\classification_data\fcn_mix_weight/dr_224/00093-8035-01_PART_1_OF_1_CHAL10_SB_DC266E63.jpg,reference,93-8035,3;035;N,False,qwen,3035,0,0,0.0,0,0.2,0,3035,3 035 N
D:/Data/ePillID_data/ePillID_data\classification_data\fcn_mix_weight/dr_224/00093-8035-01_PART_1_OF_1_CHAL10_SF_DC266E63.jpg,reference,93-8035,3;035;N,True,qwen,N,0,1,0.3333333333333333,0,0.8,0,N,3 035 N
D:/Data/ePillID_data/ePillID_data\classification_data\fcn_mix_weight/dr_224/00093-8036-01_PART_1_OF_1_CHAL10_SB_C2266173.jpg,reference,93-8036,6;036;N,False,qwen,G 036,0,0,0.3333333333333333,0,0.4,0,G 036,6 036 N
D:/Data/ePillID_data/ePillID_data\classification_data\fcn_mix_weight/dr_224/00093-8036-01_PART_1_OF_1_CHAL10_SF_C2266173.jpg,reference,93-8036,6;036;N,True,qwen,N,0,1,0.3333333333333333,0,0.8,0,N,6 036 N
D:/Data/ePillID_data/ePillID_data\classification_data\fcn_mix_weight/dr_224/00143-9920-01_PART_1_OF_1_CHAL10_SB_A4265272.jpg,reference,143-9920,H5,False,qwen,B 1,0,0,0.0,0,1.0,0,B 1,H5
D:/Data/ePillID_data/ePillID_data\classification_data\fcn_mix_weight/dr_224/00143-9920-01_PART_1_OF_1_CHAL10_SF_A4265272.jpg,reference,143-9920,H5,True,qwen,H 5,0,0,0.0,0,0.0,1,H 5,H5
D:/Data/ePillID_data/ePillID_data\classification_data\fcn_mix_weight/dr_224/00149-0007-05_PART_1_OF_1_CHAL10_SB_AB1FD58E.jpg,reference,149-7,Macrodantin;25;mg;0149-0007,False,qwen,WATIN,0,0,0.0,0,0.8260869565217391,0,WATIN,MACRODANTIN 25 MG 0149 0007
D:/Data/ePillID_data/ePillID_data\classification_data\fcn_mix_weight/dr_224/00149-0007-05_PART_1_OF_1_CHAL10_SF_AB1FD58E.jpg,reference,149-7,Macrodantin;25;mg;0149-0007,True,qwen,MACRO 25 MG 0149 0007,0,0,0.8,0,0.2608695652173913,0,MACRO 25 MG 0149 0007,MACRODANTIN 25 MG 0149 0007
D:/Data/ePillID_data/ePillID_data\classification_data\fcn_mix_weight/dr_224/00172-4626-60_PART_1_OF_1_CHAL10_SB_6B2DB59D.jpg,reference,172-4626,20;4626,False,qwen,4628,0,0,0.0,0,0.5,0,4628,20 4626
D:/Data/ePillID_data/ePillID_data\classification_data\fcn_mix_weight/dr_224/00172-4626-60_PART_1_OF_1_CHAL10_SF_6B2DB59D.jpg,reference,172-4626,20;4626,True,qwen,20,0,1,0.5,0,0.6666666666666666,0,20,20 4626
D:/Data/ePillID_data/ePillID_data\classification_data\fcn_mix_weight/dr_224/00172-5033-60_PART_1_OF_1_CHAL10_SB_BD2D5E9A.jpg,reference,172-5033,5033;10;12;5,False,qwen,10 12 5,0,0,0.75,0,0.4444444444444444,0,10 12 5,5033 10 12 5
D:/Data/ePillID_data/ePillID_data\classification_data\fcn_mix_weight/dr_224/00172-5033-60_PART_1_OF_1_CHAL10_SF_BD2D5E9A.jpg,reference,172-5033,5033;10;12;5,True,qwen,5033,0,1,0.25,0,0.5555555555555556,0,5033,5033 10 12 5
D:/Data/ePillID_data/ePillID_data\classification_data\fcn_mix_weight/dr_224/00172-5034-60_PART_1_OF_1_CHAL10_SB_052D0288.jpg,reference,172-5034,5034;20;12;5,False,qwen,20 12 5,0,0,0.75,0,0.4444444444444444,0,20 12 5,5034 20 12 5
D:/Data/ePillID_data/ePillID_data\classification_data\fcn_mix_weight/dr_224/00172-5034-60_PART_1_OF_1_CHAL10_SF_052D0288.jpg,reference,172-5034,5034;20;12;5,True,qwen,5034,0,1,0.25,0,0.5555555555555556,0,5034,5034 20 12 5
D:/Data/ePillID_data/ePillID_data\classification_data\fcn_mix_weight/dr_224/00172-5410-46_PART_1_OF_1_CHAL10_SB_502DA81D.jpg,reference,172-5410,5410;50,False,qwen,5410,0,1,0.5,0,0.3333333333333333,0,5410,5410 50
D:/Data/ePillID_data/ePillID_data\classification_data\fcn_mix_weight/dr_224/00172-5410-46_PART_1_OF_1_CHAL10_SF_502DA81D.jpg,reference,172-5410,5410;50,True,qwen,50,0,1,0.5,0,0.6666666666666666,0,50,5410 50
D:/Data/ePillID_data/ePillID_data\classification_data\fcn_mix_weight/dr_224/00172-5411-46_PART_1_OF_1_CHAL10_SB_552DAA8D.jpg,reference,172-5411,5411;100,False,qwen,5411,0,1,0.5,0,0.42857142857142855,0,5411,5411 100
D:/Data/ePillID_data/ePillID_data\classification_data\fcn_mix_weight/dr_224/00172-5411-46_PART_1_OF_1_CHAL10_SF_552DAA8D.jpg,reference,172-5411,5411;100,True,qwen,100,0,1,0.5,0,0.5714285714285714,0,100,5411 100
D:/Data/ePillID_data/ePillID_data\classification_data\fcn_mix_weight/dr_224/00173-0565-04_PART_1_OF_1_CHAL10_SB_461DA30D.jpg,reference,173-565,VALTREX;1;gram,False,qwen,N,0,0,0.0,0,1.0,0,N,VALTREX 1 GRAM
D:/Data/ePillID_data/ePillID_data\classification_data\fcn_mix_weight/dr_224/00173-0565-04_PART_1_OF_1_CHAL10_SF_461DA30D.jpg,reference,173-565,VALTREX;1;gram,True,qwen,VALTREX 1 GRAM,1,1,1.0,1,0.0,1,VALTREX 1 GRAM,VALTREX 1 GRAM
D:/Data/ePillID_data/ePillID_data\classification_data\fcn_mix_weight/dr_224/00228-2127-10_PART_1_OF_1_CHAL10_SB_5321A9ED.jpg,reference,228-2127,R127,False,qwen,G342,0,0,0.0,0,1.0,0,G342,R127
D:/Data/ePillID_data/ePillID_data\classification_data\fcn_mix_weight/dr_224/00228-2127-10_PART_1_OF_1_CHAL10_SF_5321A9ED.jpg,reference,228-2127,R127,True,qwen,R 127,0,0,0.0,0,0.0,1,R 127,R127
D:/Data/ePillID_data/ePillID_data\classification_data\fcn_mix_weight/dr_224/00228-2550-06_PART_1_OF_1_CHAL10_SB_412320F9.jpg,reference,228-2550,R;550,False,qwen,550,0,1,0.5,0,0.25,0,550,R 550
D:/Data/ePillID_data/ePillID_data\classification_data\fcn_mix_weight/dr_224/00228-2550-06_PART_1_OF_1_CHAL10_SF_412320F9.jpg,reference,228-2550,R;550,True,qwen,R,0,1,0.5,0,0.75,0,R,R 550
D:/Data/ePillID_data/ePillID_data\classification_data\fcn_mix_weight/dr_224/00245-0041-11_PART_1_OF_1_CHAL10_SB_9623CB0E.jpg,reference,245-41,KC;10,False,qwen,GOLDEN,0,0,0.0,0,1.5,0,GOLDEN,KC 10
D:/Data/ePillID_data/ePillID_data\classification_data\fcn_mix_weight/dr_224/00245-0041-11_PART_1_OF_1_CHAL10_SF_9623CB0E.jpg,reference,245-41,KC;10,True,qwen,KC 10,1,1,1.0,1,0.0,1,KC 10,KC 10
D:/Data/ePillID_data/ePillID_data\classification_data\fcn_mix_weight/dr_224/00378-0186-01_PART_1_OF_1_CHAL10_SB_5626AB25.jpg,reference,378-186,MYLAN;186,False,qwen,B 1,0,0,0.0,0,0.875,0,B 1,MYLAN 186
D:/Data/ePillID_data/ePillID_data\classification_data\fcn_mix_weight/dr_224/00378-0186-01_PART_1_OF_1_CHAL10_SF_5626AB25.jpg,reference,378-186,MYLAN;186,True,qwen,MYLAN 186,1,1,1.0,1,0.0,1,MYLAN 186,MYLAN 186
D:/Data/ePillID_data/ePillID_data\classification_data\fcn_mix_weight/dr_224/00378-0216-01_PART_1_OF_1_CHAL10_SB_74203A31.jpg,reference,378-216,MYLAN;216;40,False,qwen,40,0,1,0.3333333333333333,0,0.8,0,40,MYLAN 216 40
D:/Data/ePillID_data/ePillID_data\classification_data\fcn_mix_weight/dr_224/00378-0216-01_PART_1_OF_1_CHAL10_SF_74203A31.jpg,reference,378-216,MYLAN;216;40,True,qwen,MYLAN 216,0,0,0.6666666666666666,0,0.2,0,MYLAN 216,MYLAN 216 40
D:/Data/ePillID_data/ePillID_data\classification_data\fcn_mix_weight/dr_224/00378-0232-01_PART_1_OF_1_CHAL10_SB_86204302.jpg,reference,378-232,MYLAN;232;80,False,qwen,80,0,1,0.3333333333333333,0,0.8,0,80,MYLAN 232 80
D:/Data/ePillID_data/ePillID_data\classification_data\fcn_mix_weight/dr_224/00378-0232-01_PART_1_OF_1_CHAL10_SF_86204302.jpg,reference,378-232,MYLAN;232;80,True,qwen,NYLON 232,0,0,0.3333333333333333,0,0.4,0,NYLON 232,MYLAN 232 80
D:/Data/ePillID_data/ePillID_data\classification_data\fcn_mix_weight/dr_224/00378-1150-01_PART_1_OF_1_CHAL10_SB_8B23458A.jpg,reference,378-1150,M;B2,False,qwen,E 100,0,0,0.0,0,1.3333333333333333,0,E 100,M B2
D:/Data/ePillID_data/ePillID_data\classification_data\fcn_mix_weight/dr_224/00378-1150-01_PART_1_OF_1_CHAL10_SF_8B23458A.jpg,reference,378-1150,M;B2,True,qwen,M B2,1,1,1.0,1,0.0,1,M B2,M B2
D:/Data/ePillID_data/ePillID_data\classification_data\fcn_mix_weight/dr_224/00378-1165-91_PART_1_OF_1_CHAL10_SB_3E201F00.jpg,reference,378-1165,M;B3;5;5;5,False,qwen,5 5 5,0,0,0.6,0,0.5,0,5 5 5,M B3 5 5 5
D:/Data/ePillID_data/ePillID_data\classification_data\fcn_mix_weight/dr_224/00378-1165-91_PART_1_OF_1_CHAL10_SF_3E201F00.jpg,reference,378-1165,M;B3;5;5;5,True,qwen,M B3,0,0,0.4,0,0.5,0,M B3,M B3 5 5 5
D:/Data/ePillID_data/ePillID_data\classification_data\fcn_mix_weight/dr_224/00378-1813-01_PART_1_OF_1_CHAL10_SB_4823A43D.jpg,reference,378-1813,M;L;10,False,qwen,L 10,0,0,0.6666666666666666,0,0.25,0,L 10,M L 10
D:/Data/ePillID_data/ePillID_data\classification_data\fcn_mix_weight/dr_224/00378-1813-01_PART_1_OF_1_CHAL10_SF_4823A43D.jpg,reference,378-1813,M;L;10,True,qwen,M,0,1,0.3333333333333333,0,0.75,0,M,M L 10
D:/Data/ePillID_data/ePillID_data\classification_data\fcn_mix_weight/dr_224/00378-2074-01_PART_1_OF_1_CHAL10_SB_8B2145CA.jpg,reference,378-2074,L;24;M,False,qwen,L 24,0,0,0.6666666666666666,0,0.25,0,L 24,L 24 M
D:/Data/ePillID_data/ePillID_data\classification_data\fcn_mix_weight/dr_224/00378-2074-01_PART_1_OF_1_CHAL10_SF_8B2145CA.jpg,reference,378-2074,L;24;M,True,qwen,M,0,1,0.3333333333333333,0,0.75,0,M,L 24 M
D:/Data/ePillID_data/ePillID_data\classification_data\fcn_mix_weight/dr_224/00378-2076-01_PART_1_OF_1_CHAL10_SB_5A23AD6D.jpg,reference,378-2076,L;26;M,False,qwen,L 26,0,0,0.6666666666666666,0,0.25,0,L 26,L 26 M
D:/Data/ePillID_data/ePillID_data\classification_data\fcn_mix_weight/dr_224/00378-2076-01_PART_1_OF_1_CHAL10_SF_5A23AD6D.jpg,reference,378-2076,L;26;M,True,qwen,M,0,1,0.3333333333333333,0,0.75,0,M,L 26 M
D:/Data/ePillID_data/ePillID_data\classification_data\fcn_mix_weight/dr_224/00378-3632-01_PART_1_OF_1_CHAL10_SB_4B242591.jpg,reference,378-3632,M;C32,False,qwen,C32,0,1,0.5,0,0.25,0,C32,M C32
D:/Data/ePillID_data/ePillID_data\classification_data\fcn_mix_weight/dr_224/00378-3632-01_PART_1_OF_1_CHAL10_SF_4B242591.jpg,reference,378-3632,M;C32,True,qwen,M,0,1,0.5,0,0.75,0,M,M C32
D:/Data/ePillID_data/ePillID_data\classification_data\fcn_mix_weight/dr_224/00378-4151-01_PART_1_OF_1_CHAL10_SB_2A21954C.jpg,reference,378-4151,M;T7,False,qwen,T7,0,1,0.5,0,0.3333333333333333,0,T7,M T7
D:/Data/ePillID_data/ePillID_data\classification_data\fcn_mix_weight/dr_224/00378-4151-01_PART_1_OF_1_CHAL10_SF_2A21954C.jpg,reference,378-4151,M;T7,True,qwen,M,0,1,0.5,0,0.6666666666666666,0,M,M T7
D:/Data/ePillID_data/ePillID_data\classification_data\fcn_mix_weight/dr_224/00378-7003-93_PART_1_OF_1_CHAL10_SB_74243A01.jpg,reference,378-7003,M;N3,False,qwen,TEAL BLUE,0,0,0.0,0,2.6666666666666665,0,TEAL BLUE,M N3
D:/Data/ePillID_data/ePillID_data\classification_data\fcn_mix_weight/dr_224/00378-7003-93_PART_1_OF_1_CHAL10_SF_74243A01.jpg,reference,378-7003,M;N3,True,qwen,M N3,1,1,1.0,1,0.0,1,M N3,M N3
D:/Data/ePillID_data/ePillID_data\classification_data\fcn_mix_weight/dr_224/00456-1550-60_PART_1_OF_1_CHAL10_SB_0D1C8694.jpg,reference,456-1550,FL;50,False,qwen,50,0,1,0.5,0,0.5,0,50,FL 50
D:/Data/ePillID_data/ePillID_data\classification_data\fcn_mix_weight/dr_224/00456-1550-60_PART_1_OF_1_CHAL10_SF_0D1C8694.jpg,reference,456-1550,FL;50,True,qwen,FL,0,1,0.5,0,0.5,0,FL,FL 50
D:/Data/ePillID_data/ePillID_data\classification_data\fcn_mix_weight/dr_224/00555-0071-01_PART_1_OF_1_CHAL10_SB_BF2B5FAA.jpg,reference,555-71,b;071;300,False,qwen,071 300,0,0,0.6666666666666666,0,0.14285714285714285,0,071 300,B 071 300
D:/Data/ePillID_data/ePillID_data\classification_data\fcn_mix_weight/dr_224/00555-0071-01_PART_1_OF_1_CHAL10_SF_BF2B5FAA.jpg,reference,555-71,b;071;300,True,qwen,B 6,0,0,0.3333333333333333,0,0.8571428571428571,0,B 6,B 071 300
D:/Data/ePillID_data/ePillID_data\classification_data\fcn_mix_weight/dr_224/00555-0485-27_PART_1_OF_1_CHAL10_SB_0D2B86DC.jpg,reference,555-485,b;485,False,qwen,485,0,1,0.5,0,0.25,0,485,B 485
D:/Data/ePillID_data/ePillID_data\classification_data\fcn_mix_weight/dr_224/00555-0485-27_PART_1_OF_1_CHAL10_SF_0D2B86DC.jpg,reference,555-485,b;485,True,qwen,B,0,1,0.5,0,0.75,0,B,B 485
D:/Data/ePillID_data/ePillID_data\classification_data\fcn_mix_weight/dr_224/00555-0808-02_PART_1_OF_1_CHAL10_SB_62303121.jpg,reference,555-808,barr;808,False,qwen,B 1,0,0,0.0,0,0.8571428571428571,0,B 1,BARR 808
D:/Data/ePillID_data/ePillID_data\classification_data\fcn_mix_weight/dr_224/00555-0808-02_PART_1_OF_1_CHAL10_SF_62303121.jpg,reference,555-808,barr;808,True,qwen,BARR 808,1,1,1.0,1,0.0,1,BARR 808,BARR 808
D:/Data/ePillID_data/ePillID_data\classification_data\fcn_mix_weight/dr_224/00555-9008-67_PART_1_OF_2_CHAL10_SB_252F928C.jpg,reference,555-9008,b;944,False,qwen,941,0,0,0.0,0,0.5,0,941,B 944
D:/Data/ePillID_data/ePillID_data\classification_data\fcn_mix_weight/dr_224/00555-9008-67_PART_1_OF_2_CHAL10_SF_252F928C.jpg,reference,555-9008,b;944,True,qwen,B,0,1,0.5,0,0.75,0,B,B 944
D:/Data/ePillID_data/ePillID_data\classification_data\fcn_mix_weight/dr_224/00555-9008-67_PART_2_OF_2_CHAL10_SB_292F949C.jpg,reference,555-9008,b;944,False,qwen,944,0,1,0.5,0,0.25,0,944,B 944
D:/Data/ePillID_data/ePillID_data\classification_data\fcn_mix_weight/dr_224/00555-9008-67_PART_2_OF_2_CHAL10_SF_292F949C.jpg,reference,555-9008,b;944,True,qwen,B 0,0,0,0.5,0,0.75,0,B 0,B 944
D:/Data/ePillID_data/ePillID_data\classification_data\fcn_mix_weight/dr_224/00777-3105-02_PART_1_OF_1_CHAL10_SB_061C8364.jpg,reference,777-3105,DISTA;3105;Prozac;20;mg,False,qwen,G342,0,0,0.0,0,0.8947368421052632,0,G342,DISTA 3105 PROZAC 20 MG
D:/Data/ePillID_data/ePillID_data\classification_data\fcn_mix_weight/dr_224/00777-3105-02_PART_1_OF_1_CHAL10_SF_061C8364.jpg,reference,777-3105,DISTA;3105;Prozac;20;mg,True,qwen,DISTA 3105 PROZAC 20 MG,1,1,1.0,1,0.0,1,DISTA 3105 PROZAC 20 MG,DISTA 3105 PROZAC 20 MG
D:/Data/ePillID_data/ePillID_data\classification_data\fcn_mix_weight/dr_224/00781-2053-01_PART_1_OF_1_CHAL10_SB_521E2911.jpg,reference,781-2053,GG623,False,qwen,G342,0,0,0.0,0,0.6,0,G342,GG623
D:/Data/ePillID_data/ePillID_data\classification_data\fcn_mix_weight/dr_224/00781-2053-01_PART_1_OF_1_CHAL10_SF_521E2911.jpg,reference,781-2053,GG623,True,qwen,GG623,1,1,1.0,1,0.0,1,GG623,GG623
D:/Data/ePillID_data/ePillID_data\classification_data\fcn_mix_weight/dr_224/00781-5185-01_PART_1_OF_1_CHAL10_SB_8323C1DE.jpg,reference,781-5185,112;GG;336,False,qwen,112,0,1,0.3333333333333333,0,0.625,0,112,112 GG 336
D:/Data/ePillID_data/ePillID_data\classification_data\fcn_mix_weight/dr_224/00781-5185-01_PART_1_OF_1_CHAL10_SF_8323C1DE.jpg,reference,781-5185,112;GG;336,True,qwen,GG336,0,0,0.0,0,0.375,0,GG336,112 GG 336
D:/Data/ePillID_data/ePillID_data\classification_data\fcn_mix_weight/dr_224/00832-1025-00_PART_1_OF_1_CHAL10_SB_73233989.jpg,reference,832-1025,832;BC20,False,qwen,WATSON 50 MG,0,0,0.0,0,1.2857142857142858,0,WATSON 50 MG,832 BC20
D:/Data/ePillID_data/ePillID_data\classification_data\fcn_mix_weight/dr_224/00832-1025-00_PART_1_OF_1_CHAL10_SF_73233989.jpg,reference,832-1025,832;BC20,True,qwen,832 BC20,1,1,1.0,1,0.0,1,832 BC20,832 BC20
D:/Data/ePillID_data/ePillID_data\classification_data\fcn_mix_weight/dr_224/47781-0307-01_PART_1_OF_1_CHAL10_SB_C41C6263.jpg,reference,47781-307,MACRODANTIN;50;mg;52427;287,False,qwen,LUPIN,0,0,0.0,0,0.9130434782608695,0,LUPIN,MACRODANTIN 50 MG 52427 287
D:/Data/ePillID_data/ePillID_data\classification_data\fcn_mix_weight/dr_224/47781-0307-01_PART_1_OF_1_CHAL10_SF_C41C6263.jpg,reference,47781-307,MACRODANTIN;50;mg;52427;287,True,qwen,MACRODANTIN 50 MG 52427 287,1,1,1.0,1,0.0,1,MACRODANTIN 50 MG 52427 287,MACRODANTIN 50 MG 52427 287
D:/Data/ePillID_data/ePillID_data\classification_data\fcn_mix_weight/dr_224/50111-0393-01_PART_1_OF_1_CHAL10_SB_61233089.jpg,reference,50111-393,b;1114,False,qwen,B 1,0,0,0.5,0,0.6,0,B 1,B 1114
D:/Data/ePillID_data/ePillID_data\classification_data\fcn_mix_weight/dr_224/50111-0393-01_PART_1_OF_1_CHAL10_SF_61233089.jpg,reference,50111-393,b;1114,True,qwen,B 1114,1,1,1.0,1,0.0,1,B 1114,B 1114
D:/Data/ePillID_data/ePillID_data\classification_data\fcn_mix_weight/dr_224/50111-0647-01_PART_1_OF_1_CHAL10_SB_893044A2.jpg,reference,50111-647,PLIVA;647;PLIVA;647,False,qwen,647,0,1,0.5,0,0.8125,0,647,PLIVA 647 PLIVA 647
D:/Data/ePillID_data/ePillID_data\classification_data\fcn_mix_weight/dr_224/50111-0647-01_PART_1_OF_1_CHAL10_SF_893044A2.jpg,reference,50111-647,PLIVA;647;PLIVA;647,True,qwen,PLIVA,0,1,0.5,0,0.6875,0,PLIVA,PLIVA 647 PLIVA 647
D:/Data/ePillID_data/ePillID_data\classification_data\fcn_mix_weight/dr_224/50111-0648-01_PART_1_OF_1_CHAL10_SB_6E303721.jpg,reference,50111-648,PLIVA;648,False,qwen,648,0,1,0.5,0,0.625,0,648,PLIVA 648
D:/Data/ePillID_data/ePillID_data\classification_data\fcn_mix_weight/dr_224/50111-0648-01_PART_1_OF_1_CHAL10_SF_6E303721.jpg,reference,50111-648,PLIVA;648,True,qwen,PLIVA,0,1,0.5,0,0.375,0,PLIVA,PLIVA 648
D:/Data/ePillID_data/ePillID_data\classification_data\fcn_mix_weight/dr_224/51285-0087-87_PART_1_OF_2_CHAL10_SB_8C2FC64E.jpg,reference,51285-87,b;556,False,qwen,555,0,0,0.0,0,0.5,0,555,B 556
D:/Data/ePillID_data/ePillID_data\classification_data\fcn_mix_weight/dr_224/51285-0087-87_PART_1_OF_2_CHAL10_SF_8C2FC64E.jpg,reference,51285-87,b;556,True,qwen,B,0,1,0.5,0,0.75,0,B,B 556
D:/Data/ePillID_data/ePillID_data\classification_data\fcn_mix_weight/dr_224/51285-0087-87_PART_2_OF_2_CHAL10_SB_912FC8BE.jpg,reference,51285-87,b;556,False,qwen,556,0,1,0.5,0,0.25,0,556,B 556
D:/Data/ePillID_data/ePillID_data\classification_data\fcn_mix_weight/dr_224/51285-0087-87_PART_2_OF_2_CHAL10_SF_912FC8BE.jpg,reference,51285-87,b;556,True,qwen,B,0,1,0.5,0,0.75,0,B,B 556
D:/Data/ePillID_data/ePillID_data\classification_data\fcn_mix_weight/dr_224/51285-0406-02_PART_1_OF_1_CHAL10_SB_E91FF4AF.jpg,reference,51285-406,E;1,False,qwen,B 1,0,0,0.5,0,0.5,0,B 1,E 1
D:/Data/ePillID_data/ePillID_data\classification_data\fcn_mix_weight/dr_224/51285-0406-02_PART_1_OF_1_CHAL10_SF_E91FF4AF.jpg,reference,51285-406,E;1,True,qwen,E 100,0,0,0.5,0,1.0,1,E 100,E 1
D:/Data/ePillID_data/ePillID_data\classification_data\fcn_mix_weight/dr_224/51672-4030-01_PART_1_OF_1_CHAL10_SB_D12668F3.jpg,reference,51672-4030,3;WARFARIN;TARO,False,qwen,B 325,0,0,0.0,0,1.0,0,B 325,3 WARFARIN TARO
D:/Data/ePillID_data/ePillID_data\classification_data\fcn_mix_weight/dr_224/51672-4030-01_PART_1_OF_1_CHAL10_SF_D12668F3.jpg,reference,51672-4030,3;WARFARIN;TARO,True,qwen,WARFARIN TARO,0,0,0.6666666666666666,0,0.07692307692307693,0,WARFARIN TARO,3 WARFARIN TARO
D:/Data/ePillID_data/ePillID_data\classification_data\fcn_mix_weight/dr_224/53489-0648-01_PART_1_OF_1_CHAL10_SB_D31DE9BF.jpg,reference,53489-648,Mutual;866,False,qwen,B 1,0,0,0.0,0,1.0,0,B 1,MUTUAL 866
D:/Data/ePillID_data/ePillID_data\classification_data\fcn_mix_weight/dr_224/53489-0648-01_PART_1_OF_1_CHAL10_SF_D31DE9BF.jpg,reference,53489-648,Mutual;866,True,qwen,MUTUAL 866,1,1,1.0,1,0.0,1,MUTUAL 866,MUTUAL 866
D:/Data/ePillID_data/ePillID_data\classification_data\fcn_mix_weight/dr_224/55111-0180-15_PART_1_OF_1_CHAL10_SB_D31D69AB.jpg,reference,55111-180,R;180,False,qwen,G342,0,0,0.0,0,1.0,0,G342,R 180
D:/Data/ePillID_data/ePillID_data\classification_data\fcn_mix_weight/dr_224/55111-0180-15_PART_1_OF_1_CHAL10_SF_D31D69AB.jpg,reference,55111-180,R;180,True,qwen,R180,0,0,0.0,0,0.0,1,R180,R 180
D:/Data/ePillID_data/ePillID_data\classification_data\fcn_mix_weight/dr_224/59148-0006-13_PART_1_OF_1_CHAL10_SB_97154BCA.jpg,reference,59148-6,A;006;2,False,qwen,G3,0,0,0.0,0,1.0,0,G3,A 006 2
D:/Data/ePillID_data/ePillID_data\classification_data\fcn_mix_weight/dr_224/59148-0006-13_PART_1_OF_1_CHAL10_SF_97154BCA.jpg,reference,59148-6,A;006;2,True,qwen,A 006 2,1,1,1.0,1,0.0,1,A 006 2,A 006 2
D:/Data/ePillID_data/ePillID_data\classification_data\fcn_mix_weight/dr_224/59762-2004-01_PART_1_OF_1_CHAL10_SB_E61DF31F.jpg,reference,59762-2004,G;2004,False,qwen,B 1,0,0,0.0,0,1.0,0,B 1,G 2004
D:/Data/ePillID_data/ePillID_data\classification_data\fcn_mix_weight/dr_224/59762-2004-01_PART_1_OF_1_CHAL10_SF_E61DF31F.jpg,reference,59762-2004,G;2004,True,qwen,G 2004,1,1,1.0,1,0.0,1,G 2004,G 2004
D:/Data/ePillID_data/ePillID_data\classification_data\fcn_mix_weight/dr_224/59762-5024-01_PART_1_OF_1_CHAL10_SB_4D26A6A5.jpg,reference,59762-5024,G;22,False,qwen,B 1,0,0,0.0,0,1.0,0,B 1,G 22
D:/Data/ePillID_data/ePillID_data\classification_data\fcn_mix_weight/dr_224/59762-5024-01_PART_1_OF_1_CHAL10_SF_4D26A6A5.jpg,reference,59762-5024,G;22,True,qwen,G 22,1,1,1.0,1,0.0,1,G 22,G 22
D:/Data/ePillID_data/ePillID_data\classification_data\fcn_mix_weight/dr_224/59762-5033-02_PART_1_OF_1_CHAL10_SB_8015C00E.jpg,reference,59762-5033,GLIPIZIDE;XL;10,False,qwen,G34,0,0,0.0,0,0.9230769230769231,0,G34,GLIPIZIDE XL 10
D:/Data/ePillID_data/ePillID_data\classification_data\fcn_mix_weight/dr_224/59762-5033-02_PART_1_OF_1_CHAL10_SF_8015C00E.jpg,reference,59762-5033,GLIPIZIDE;XL;10,True,qwen,GLIPIZIDE XL 10,1,1,1.0,1,0.0,1,GLIPIZIDE XL 10,GLIPIZIDE XL 10
D:/Data/ePillID_data/ePillID_data\classification_data\fcn_mix_weight/dr_224/63459-0700-60_PART_1_OF_1_CHAL10_SB_572D2B99.jpg,reference,63459-700,15;mg;C;Cephalon,False,qwen,PLATHALON 5 MG,0,0,0.25,0,0.8461538461538461,0,PLATHALON 5 MG,15 MG C CEPHALON
D:/Data/ePillID_data/ePillID_data\classification_data\fcn_mix_weight/dr_224/63459-0700-60_PART_1_OF_1_CHAL10_SF_572D2B99.jpg,reference,63459-700,15;mg;C;Cephalon,True,qwen,C 15 MG,0,0,0.75,0,0.7692307692307693,0,C 15 MG,15 MG C CEPHALON
D:/Data/ePillID_data/ePillID_data\classification_data\fcn_mix_weight/dr_224/99207-0461-30_PART_1_OF_1_CHAL10_SB_EF1C7793.jpg,reference,99207-461,DYN;090,False,qwen,N,0,0,0.0,0,0.8333333333333334,0,N,DYN 090
D:/Data/ePillID_data/ePillID_data\classification_data\fcn_mix_weight/dr_224/99207-0461-30_PART_1_OF_1_CHAL10_SF_EF1C7793.jpg,reference,99207-461,DYN;090,True,qwen,DYN 090,1,1,1.0,1,0.0,1,DYN 090,DYN 090
D:/Data/ePillID_data/ePillID_data\classification_data\segmented_nih_pills_224/0002-5123_0_0.jpg,reference,2-5123,10;5123,True,qwen,10,0,1,0.5,0,0.6666666666666666,0,10,10 5123
D:/Data/ePillID_data/ePillID_data\classification_data\segmented_nih_pills_224/0002-5123_0_1.jpg,reference,2-5123,10;5123,False,qwen,5123,0,1,0.5,0,0.3333333333333333,0,5123,10 5123
D:/Data/ePillID_data/ePillID_data\classification_data\segmented_nih_pills_224/0006-0575_0_0.jpg,reference,6-575,575,True,qwen,575,1,1,1.0,1,0.0,1,575,575
D:/Data/ePillID_data/ePillID_data\classification_data\segmented_nih_pills_224/0006-0575_0_1.jpg,reference,6-575,575,False,qwen,N,0,0,0.0,0,1.0,0,N,575
D:/Data/ePillID_data/ePillID_data\classification_data\segmented_nih_pills_224/0008-0836_0_0.jpg,reference,8-836,W;EffexorXR;150,True,qwen,W EFFEXORXR 150,1,1,1.0,1,0.0,1,W EFFEXORXR 150,W EFFEXORXR 150
D:/Data/ePillID_data/ePillID_data\classification_data\segmented_nih_pills_224/0008-0836_0_1.jpg,reference,8-836,W;EffexorXR;150,False,qwen,RED,0,0,0.0,0,0.9230769230769231,0,RED,W EFFEXORXR 150
D:/Data/ePillID_data/ePillID_data\classification_data\segmented_nih_pills_224/0054-0037_0_0.jpg,reference,54-37,54;312,True,qwen,54 312,1,1,1.0,1,0.0,1,54 312,54 312
D:/Data/ePillID_data/ePillID_data\classification_data\segmented_nih_pills_224/0054-0037_0_1.jpg,reference,54-37,54;312,False,qwen,T,0,0,0.0,0,1.0,0,T,54 312
D:/Data/ePillID_data/ePillID_data\classification_data\segmented_nih_pills_224/0054-2531_0_0.jpg,reference,54-2531,54;702,True,qwen,54 702,1,1,1.0,1,0.0,1,54 702,54 702
D:/Data/ePillID_data/ePillID_data\classification_data\segmented_nih_pills_224/0054-2531_0_1.jpg,reference,54-2531,54;702,False,qwen,G342,0,0,0.0,0,0.8,0,G342,54 702
D:/Data/ePillID_data/ePillID_data\classification_data\segmented_nih_pills_224/0056-0169_0_0.jpg,reference,56-169,1;COUMADIN,True,qwen,1 COUMADIN,1,1,1.0,1,0.0,1,1 COUMADIN,1 COUMADIN
D:/Data/ePillID_data/ePillID_data\classification_data\segmented_nih_pills_224/0056-0169_0_1.jpg,reference,56-169,1;COUMADIN,False,qwen,PHILADELPHIA,0,0,0.0,0,1.1111111111111112,0,PHILADELPHIA,1 COUMADIN
D:/Data/ePillID_data/ePillID_data\classification_data\segmented_nih_pills_224/0071-1014_0_0.jpg,reference,71-1014,Pfizer;PGN;75,True,qwen,PFIZER PGN 75,1,1,1.0,1,0.0,1,PFIZER PGN 75,PFIZER PGN 75
D:/Data/ePillID_data/ePillID_data\classification_data\segmented_nih_pills_224/0071-1014_0_1.jpg,reference,71-1014,Pfizer;PGN;75,False,qwen,G342,0,0,0.0,0,0.9090909090909091,0,G342,PFIZER PGN 75
D:/Data/ePillID_data/ePillID_data\classification_data\segmented_nih_pills_224/0078-0456_0_0.jpg,reference,78-456,T;D;C;G,True,qwen,1 0,0,0,0.0,0,1.0,0,1 0,T D C G
D:/Data/ePillID_data/ePillID_data\classification_data\segmented_nih_pills_224/0078-0456_0_1.jpg,reference,78-456,T;D;C;G,False,qwen,CG,0,0,0.0,0,0.5,0,CG,T D C G
D:/Data/ePillID_data/ePillID_data\classification_data\segmented_nih_pills_224/0093-0832_0_0.jpg,reference,93-832,832;TEVA,True,qwen,TEVA,0,1,0.5,0,0.42857142857142855,0,TEVA,832 TEVA
D:/Data/ePillID_data/ePillID_data\classification_data\segmented_nih_pills_224/0093-0832_0_1.jpg,reference,93-832,832;TEVA,False,qwen,832,0,1,0.5,0,0.5714285714285714,0,832,832 TEVA
D:/Data/ePillID_data/ePillID_data\classification_data\segmented_nih_pills_224/0093-1135_0_0.jpg,reference,93-1135,TEVA;1135,True,qwen,TEVA 1135,1,1,1.0,1,0.0,1,TEVA 1135,TEVA 1135
D:/Data/ePillID_data/ePillID_data\classification_data\segmented_nih_pills_224/0093-1135_0_1.jpg,reference,93-1135,TEVA;1135,False,qwen,G3,0,0,0.0,0,0.875,0,G3,TEVA 1135
D:/Data/ePillID_data/ePillID_data\classification_data\segmented_nih_pills_224/0093-2056_0_0.jpg,reference,93-2056,TO,True,qwen,TO,1,1,1.0,1,0.0,1,TO,TO
D:/Data/ePillID_data/ePillID_data\classification_data\segmented_nih_pills_224/0093-2056_0_1.jpg,reference,93-2056,TO,False,qwen,W,0,0,0.0,0,1.0,0,W,TO
D:/Data/ePillID_data/ePillID_data\classification_data\segmented_nih_pills_224/0093-2067_0_0.jpg,reference,93-2067,TV;598;8,True,qwen,TV 598,0,0,0.6666666666666666,0,0.16666666666666666,0,TV 598,TV 598 8
D:/Data/ePillID_data/ePillID_data\classification_data\segmented_nih_pills_224/0093-2067_0_1.jpg,reference,93-2067,TV;598;8,False,qwen,8,0,1,0.3333333333333333,0,0.8333333333333334,0,8,TV 598 8
D:/Data/ePillID_data/ePillID_data\classification_data\segmented_nih_pills_224/0093-5060_0_0.jpg,reference,93-5060,TV;307,True,qwen,TV,0,1,0.5,0,0.6,0,TV,TV 307
D:/Data/ePillID_data/ePillID_data\classification_data\segmented_nih_pills_224/0093-5060_0_1.jpg,reference,93-5060,TV;307,False,qwen,307,0,1,0.5,0,0.4,0,307,TV 307
D:/Data/ePillID_data/ePillID_data\classification_data\segmented_nih_pills_224/0093-5553_0_0.jpg,reference,93-5553,TEVA;5553,True,qwen,TEVA 5553,1,1,1.0,1,0.0,1,TEVA 5553,TEVA 5553
D:/Data/ePillID_data/ePillID_data\classification_data\segmented_nih_pills_224/0093-5553_0_1.jpg,reference,93-5553,TEVA;5553,False,qwen,PLAIN,0,0,0.0,0,0.875,0,PLAIN,TEVA 5553
D:/Data/ePillID_data/ePillID_data\classification_data\segmented_nih_pills_224/0093-6450_0_0.jpg,reference,93-6450,6450;20;mg,True,qwen,6450 20 MG,1,1,1.0,1,0.0,1,6450 20 MG,6450 20 MG
D:/Data/ePillID_data/ePillID_data\classification_data\segmented_nih_pills_224/0093-6450_0_1.jpg,reference,93-6450,6450;20;mg,False,qwen,T,0,0,0.0,0,1.0,0,T,6450 20 MG
D:/Data/ePillID_data/ePillID_data\classification_data\segmented_nih_pills_224/0093-7373_0_0.jpg,reference,93-7373,TEVA;7373,True,qwen,TEVA 7373,1,1,1.0,1,0.0,1,TEVA 7373,TEVA 7373
D:/Data/ePillID_data/ePillID_data\classification_data\segmented_nih_pills_224/0093-7373_0_1.jpg,reference,93-7373,TEVA;7373,False,qwen,PLAIN,0,0,0.0,0,0.875,0,PLAIN,TEVA 7373
D:/Data/ePillID_data/ePillID_data\classification_data\segmented_nih_pills_224/0093-7472_0_0.jpg,reference,93-7472,93;7472,True,qwen,93,0,1,0.5,0,0.6666666666666666,0,93,93 7472
D:/Data/ePillID_data/ePillID_data\classification_data\segmented_nih_pills_224/0093-7472_0_1.jpg,reference,93-7472,93;7472,False,qwen,7472,0,1,0.5,0,0.3333333333333333,0,7472,93 7472
D:/Data/ePillID_data/ePillID_data\classification_data\segmented_nih_pills_224/0115-4433_0_0.jpg,reference,115-4433,G443,True,qwen,G 443,0,0,0.0,0,0.0,1,G 443,G443
D:/Data/ePillID_data/ePillID_data\classification_data\segmented_nih_pills_224/0115-4433_0_1.jpg,reference,115-4433,G443,False,qwen,RED,0,0,0.0,0,1.0,0,RED,G443
D:/Data/ePillID_data/ePillID_data\classification_data\segmented_nih_pills_224/0143-1333_0_0.jpg,reference,143-1333,WW;33,True,qwen,WW 33,1,1,1.0,1,0.0,1,WW 33,WW 33
D:/Data/ePillID_data/ePillID_data\classification_data\segmented_nih_pills_224/0143-1333_0_1.jpg,reference,143-1333,WW;33,False,qwen,T,0,0,0.0,0,1.0,0,T,WW 33
D:/Data/ePillID_data/ePillID_data\classification_data\segmented_nih_pills_224/0143-1450_0_0.jpg,reference,143-1450,Westward;450,True,qwen,WESTWARD 450,1,1,1.0,1,0.0,1,WESTWARD 450,WESTWARD 450
D:/Data/ePillID_data/ePillID_data\classification_data\segmented_nih_pills_224/0143-1450_0_1.jpg,reference,143-1450,Westward;450,False,qwen,B 1,0,0,0.0,0,1.0,0,B 1,WESTWARD 450
D:/Data/ePillID_data/ePillID_data\classification_data\segmented_nih_pills_224/0173-0712_0_0.jpg,reference,173-712,GX;CE2,True,qwen,GX CE2,1,1,1.0,1,0.0,1,GX CE2,GX CE2
D:/Data/ePillID_data/ePillID_data\classification_data\segmented_nih_pills_224/0173-0712_0_1.jpg,reference,173-712,GX;CE2,False,qwen,B,0,0,0.0,0,1.0,0,B,GX CE2
D:/Data/ePillID_data/ePillID_data\classification_data\segmented_nih_pills_224/0179-0071_0_0.jpg,reference,179-71,9;3;7207,True,qwen,9 3,0,0,0.6666666666666666,0,0.6666666666666666,0,9 3,9 3 7207
D:/Data/ePillID_data/ePillID_data\classification_data\segmented_nih_pills_224/0179-0071_0_1.jpg,reference,179-71,9;3;7207,False,qwen,1707,0,0,0.0,0,0.5,0,1707,9 3 7207
D:/Data/ePillID_data/ePillID_data\classification_data\segmented_nih_pills_224/0179-0083_0_0.jpg,reference,179-83,P1,True,qwen,P1,1,1,1.0,1,0.0,1,P1,P1
D:/Data/ePillID_data/ePillID_data\classification_data\segmented_nih_pills_224/0179-0083_0_1.jpg,reference,179-83,P1,False,qwen,PINK,0,0,0.0,0,1.5,0,PINK,P1
D:/Data/ePillID_data/ePillID_data\classification_data\segmented_nih_pills_224/0179-0128_0_0.jpg,reference,179-128,7152;TV,True,qwen,TV,0,1,0.5,0,0.6666666666666666,0,TV,7152 TV
D:/Data/ePillID_data/ePillID_data\classification_data\segmented_nih_pills_224/0179-0128_0_1.jpg,reference,179-128,7152;TV,False,qwen,7152,0,1,0.5,0,0.3333333333333333,0,7152,7152 TV
D:/Data/ePillID_data/ePillID_data\classification_data\segmented_nih_pills_224/0179-0158_0_0.jpg,reference,179-158,HP;248,True,qwen,HP,0,1,0.5,0,0.6,0,HP,HP 248
D:/Data/ePillID_data/ePillID_data\classification_data\segmented_nih_pills_224/0179-0158_0_1.jpg,reference,179-158,HP;248,False,qwen,248,0,1,0.5,0,0.4,0,248,HP 248
D:/Data/ePillID_data/ePillID_data\classification_data\segmented_nih_pills_224/0185-0047_0_0.jpg,reference,185-47,E;47,True,qwen,E 47,1,1,1.0,1,0.0,1,E 47,E 47
D:/Data/ePillID_data/ePillID_data\classification_data\segmented_nih_pills_224/0185-0047_0_1.jpg,reference,185-47,E;47,False,qwen,T,0,0,0.0,0,1.0,0,T,E 47
D:/Data/ePillID_data/ePillID_data\classification_data\segmented_nih_pills_224/0185-0630_0_0.jpg,reference,185-630,E103,True,qwen,E 103,0,0,0.0,0,0.0,1,E 103,E103
D:/Data/ePillID_data/ePillID_data\classification_data\segmented_nih_pills_224/0185-0630_0_1.jpg,reference,185-630,E103,False,qwen,N,0,0,0.0,0,1.0,0,N,E103
D:/Data/ePillID_data/ePillID_data\classification_data\segmented_nih_pills_224/0245-0040_0_0.jpg,reference,245-40,KC;8,True,qwen,KC 8,1,1,1.0,1,0.0,1,KC 8,KC 8
D:/Data/ePillID_data/ePillID_data\classification_data\segmented_nih_pills_224/0245-0040_0_1.jpg,reference,245-40,KC;8,False,qwen,B 1,0,0,0.0,0,1.0,0,B 1,KC 8
D:/Data/ePillID_data/ePillID_data\classification_data\segmented_nih_pills_224/0245-0213_0_0.jpg,reference,245-213,US;10;213,True,qwen,US 10,0,0,0.6666666666666666,0,0.42857142857142855,0,US 10,US 10 213
D:/Data/ePillID_data/ePillID_data\classification_data\segmented_nih_pills_224/0245-0213_0_1.jpg,reference,245-213,US;10;213,False,qwen,213,0,1,0.3333333333333333,0,0.5714285714285714,0,213,US 10 213
D:/Data/ePillID_data/ePillID_data\classification_data\segmented_nih_pills_224/0378-0069_0_0.jpg,reference,378-69,M;69,True,qwen,M,0,1,0.5,0,0.6666666666666666,0,M,M 69
D:/Data/ePillID_data/ePillID_data\classification_data\segmented_nih_pills_224/0378-0069_0_1.jpg,reference,378-69,M;69,False,qwen,69,0,1,0.5,0,0.3333333333333333,0,69,M 69
D:/Data/ePillID_data/ePillID_data\classification_data\segmented_nih_pills_224/0378-0162_0_0.jpg,reference,378-162,MYLAN;162,True,qwen,MYLAN 162,1,1,1.0,1,0.0,1,MYLAN 162,MYLAN 162
D:/Data/ePillID_data/ePillID_data\classification_data\segmented_nih_pills_224/0378-0162_0_1.jpg,reference,378-162,MYLAN;162,False,qwen,G3,0,0,0.0,0,1.0,0,G3,MYLAN 162
D:/Data/ePillID_data/ePillID_data\classification_data\segmented_nih_pills_224/0378-0353_0_0.jpg,reference,378-353,M;NE;30,True,qwen,M,0,1,0.3333333333333333,0,0.8,0,M,M NE 30
D:/Data/ePillID_data/ePillID_data\classification_data\segmented_nih_pills_224/0378-0353_0_1.jpg,reference,378-353,M;NE;30,False,qwen,NE 30,0,0,0.6666666666666666,0,0.2,0,NE 30,M NE 30
D:/Data/ePillID_data/ePillID_data\classification_data\segmented_nih_pills_224/0378-0712_0_0.jpg,reference,378-712,M;712,True,qwen,M,0,1,0.5,0,0.75,0,M,M 712
D:/Data/ePillID_data/ePillID_data\classification_data\segmented_nih_pills_224/0378-0712_0_1.jpg,reference,378-712,M;712,False,qwen,712,0,1,0.5,0,0.25,0,712,M 712
D:/Data/ePillID_data/ePillID_data\classification_data\segmented_nih_pills_224/0378-1175_0_0.jpg,reference,378-1175,M;B4;10;10;10,True,qwen,M B4,0,0,0.4,0,0.6666666666666666,0,M B4,M B4 10 10 10
D:/Data/ePillID_data/ePillID_data\classification_data\segmented_nih_pills_224/0378-1175_0_1.jpg,reference,378-1175,M;B4;10;10;10,False,qwen,10 10 10,0,0,0.6,0,0.3333333333333333,0,10 10 10,M B4 10 10 10
D:/Data/ePillID_data/ePillID_data\classification_data\segmented_nih_pills_224/0378-2097_0_0.jpg,reference,378-2097,M;NE;17,True,qwen,M,0,1,0.3333333333333333,0,0.8,0,M,M NE 17
D:/Data/ePillID_data/ePillID_data\classification_data\segmented_nih_pills_224/0378-2097_0_1.jpg,reference,378-2097,M;NE;17,False,qwen,NE 17,0,0,0.6666666666666666,0,0.2,0,NE 17,M NE 17
D:/Data/ePillID_data/ePillID_data\classification_data\segmented_nih_pills_224/0378-3950_0_0.jpg,reference,378-3950,10,True,qwen,10,1,1,1.0,1,0.0,1,10,10
D:/Data/ePillID_data/ePillID_data\classification_data\segmented_nih_pills_224/0378-3950_0_1.jpg,reference,378-3950,10,False,qwen,OVAL,0,0,0.0,0,2.0,0,OVAL,10
D:/Data/ePillID_data/ePillID_data\classification_data\segmented_nih_pills_224/0378-4140_0_0.jpg,reference,378-4140,M;DS;2,True,qwen,M,0,1,0.3333333333333333,0,0.75,0,M,M DS 2
D:/Data/ePillID_data/ePillID_data\classification_data\segmented_nih_pills_224/0378-4140_0_1.jpg,reference,378-4140,M;DS;2,False,qwen,DS 2,0,0,0.6666666666666666,0,0.25,0,DS 2,M DS 2
D:/Data/ePillID_data/ePillID_data\classification_data\segmented_nih_pills_224/0378-5121_0_0.jpg,reference,378-5121,M;F21,True,qwen,M,0,1,0.5,0,0.75,0,M,M F21
D:/Data/ePillID_data/ePillID_data\classification_data\segmented_nih_pills_224/0378-5121_0_1.jpg,reference,378-5121,M;F21,False,qwen,F21,0,1,0.5,0,0.25,0,F21,M F21
D:/Data/ePillID_data/ePillID_data\classification_data\segmented_nih_pills_224/0378-5125_0_0.jpg,reference,378-5125,M;S25,True,qwen,M S25,1,1,1.0,1,0.0,1,M S25,M S25
D:/Data/ePillID_data/ePillID_data\classification_data\segmented_nih_pills_224/0378-5125_0_1.jpg,reference,378-5125,M;S25,False,qwen,T,0,0,0.0,0,1.0,0,T,M S25
D:/Data/ePillID_data/ePillID_data\classification_data\segmented_nih_pills_224/0378-8630_0_0.jpg,reference,378-8630,MYLAN;FE;200,True,qwen,MYLAN FE 200,1,1,1.0,1,0.0,1,MYLAN FE 200,MYLAN FE 200
D:/Data/ePillID_data/ePillID_data\classification_data\segmented_nih_pills_224/0378-8630_0_1.jpg,reference,378-8630,MYLAN;FE;200,False,qwen,G3,0,0,0.0,0,1.0,0,G3,MYLAN FE 200
D:/Data/ePillID_data/ePillID_data\classification_data\segmented_nih_pills_224/0430-0170_0_0.jpg,reference,430-170,DF;7;5,True,qwen,DF,0,1,0.3333333333333333,0,0.5,0,DF,DF 7 5
D:/Data/ePillID_data/ePillID_data\classification_data\segmented_nih_pills_224/0430-0170_0_1.jpg,reference,430-170,DF;7;5,False,qwen,7 5,0,0,0.6666666666666666,0,0.5,0,7 5,DF 7 5
D:/Data/ePillID_data/ePillID_data\classification_data\segmented_nih_pills_224/0430-0472_0_0.jpg,reference,430-472,RSN;35;MG,True,qwen,RSN,0,1,0.3333333333333333,0,0.5714285714285714,0,RSN,RSN 35 MG
D:/Data/ePillID_data/ePillID_data\classification_data\segmented_nih_pills_224/0430-0472_0_1.jpg,reference,430-472,RSN;35;MG,False,qwen,35 MG,0,0,0.6666666666666666,0,0.42857142857142855,0,35 MG,RSN 35 MG
D:/Data/ePillID_data/ePillID_data\classification_data\segmented_nih_pills_224/0440-1866_0_0.jpg,reference,440-1866,Z;Zenith;100;mg;2131,True,qwen,2131 Z Z Z,0,0,0.4,0,0.9375,0,2131 Z Z Z,Z ZENITH 100 MG 2131
D:/Data/ePillID_data/ePillID_data\classification_data\segmented_nih_pills_224/0440-1866_0_1.jpg,reference,440-1866,Z;Zenith;100;mg;2131,False,qwen,ZENITH 100 MG,0,0,0.6,0,0.3125,0,ZENITH 100 MG,Z ZENITH 100 MG 2131
D:/Data/ePillID_data/ePillID_data\classification_data\segmented_nih_pills_224/0555-0606_0_0.jpg,reference,555-606,555;606;b,True,qwen,B,0,1,0.3333333333333333,0,0.8571428571428571,0,B,555 606 B
D:/Data/ePillID_data/ePillID_data\classification_data\segmented_nih_pills_224/0555-0606_0_1.jpg,reference,555-606,555;606;b,False,qwen,555 606,0,0,0.6666666666666666,0,0.14285714285714285,0,555 606,555 606 B
D:/Data/ePillID_data/ePillID_data\classification_data\segmented_nih_pills_224/0555-0790_0_0.jpg,reference,555-790,M;Amphet;Salts;5;mg,True,qwen,M AMPHE 5 MG,0,0,0.6,0,0.4,0,M AMPHE 5 MG,M AMPHET SALTS 5 MG
D:/Data/ePillID_data/ePillID_data\classification_data\segmented_nih_pills_224/0555-0790_0_1.jpg,reference,555-790,M;Amphet;Salts;5;mg,False,qwen,NAPHET SALTS 100 MG,0,0,0.4,0,0.3333333333333333,0,NAPHET SALTS 100 MG,M AMPHET SALTS 5 MG
D:/Data/ePillID_data/ePillID_data\classification_data\segmented_nih_pills_224/0573-2660_0_0.jpg,reference,573-2660,Alavert;D12,True,qwen,ALAVERT D12,1,1,1.0,1,0.0,1,ALAVERT D12,ALAVERT D12
D:/Data/ePillID_data/ePillID_data\classification_data\segmented_nih_pills_224/0573-2660_0_1.jpg,reference,573-2660,Alavert;D12,False,qwen,POLYMER,0,0,0.0,0,0.8,0,POLYMER,ALAVERT D12
D:/Data/ePillID_data/ePillID_data\classification_data\segmented_nih_pills_224/0591-0398_0_0.jpg,reference,591-398,0398,True,qwen,0398,1,1,1.0,1,0.0,1,0398,0398
D:/Data/ePillID_data/ePillID_data\classification_data\segmented_nih_pills_224/0591-0398_0_1.jpg,reference,591-398,0398,False,qwen,E,0,0,0.0,0,1.0,0,E,0398
D:/Data/ePillID_data/ePillID_data\classification_data\segmented_nih_pills_224/0591-0861_0_0.jpg,reference,591-861,WATSON;861,True,qwen,WATSON 861,1,1,1.0,1,0.0,1,WATSON 861,WATSON 861
D:/Data/ePillID_data/ePillID_data\classification_data\segmented_nih_pills_224/0591-0861_0_1.jpg,reference,591-861,WATSON;861,False,qwen,T,0,0,0.0,0,0.8888888888888888,0,T,WATSON 861
D:/Data/ePillID_data/ePillID_data\classification_data\segmented_nih_pills_224/0591-5325_0_0.jpg,reference,591-5325,DAN;DAN;5325,True,qwen,DAN DAN,0,0,0.6666666666666666,0,0.4,0,DAN DAN,DAN DAN 5325
D:/Data/ePillID_data/ePillID_data\classification_data\segmented_nih_pills_224/0591-5325_0_1.jpg,reference,591-5325,DAN;DAN;5325,False,qwen,5325,0,1,0.3333333333333333,0,0.6,0,5325,DAN DAN 5325
D:/Data/ePillID_data/ePillID_data\classification_data\segmented_nih_pills_224/0615-2563_0_0.jpg,reference,615-2563,Mylan;184;40,True,qwen,MYLAN 184,0,0,0.6666666666666666,0,0.2,0,MYLAN 184,MYLAN 184 40
D:/Data/ePillID_data/ePillID_data\classification_data\segmented_nih_pills_224/0615-2563_0_1.jpg,reference,615-2563,Mylan;184;40,False,qwen,40,0,1,0.3333333333333333,0,0.8,0,40,MYLAN 184 40
D:/Data/ePillID_data/ePillID_data\classification_data\segmented_nih_pills_224/0615-5550_0_0.jpg,reference,615-5550,R620,True,qwen,R 620,0,0,0.0,0,0.0,1,R 620,R620
D:/Data/ePillID_data/ePillID_data\classification_data\segmented_nih_pills_224/0615-5550_0_1.jpg,reference,615-5550,R620,False,qwen,N,0,0,0.0,0,1.0,0,N,R620
D:/Data/ePillID_data/ePillID_data\classification_data\segmented_nih_pills_224/0615-7575_0_0.jpg,reference,615-7575,B;384,True,qwen,B 284,0,0,0.5,0,0.25,0,B 284,B 384
D:/Data/ePillID_data/ePillID_data\classification_data\segmented_nih_pills_224/0615-7575_0_1.jpg,reference,615-7575,B;384,False,qwen,G3,0,0,0.0,0,0.75,0,G3,B 384
D:/Data/ePillID_data/ePillID_data\classification_data\segmented_nih_pills_224/0615-7712_0_0.jpg,reference,615-7712,L498,True,qwen,L498,1,1,1.0,1,0.0,1,L498,L498
D:/Data/ePillID_data/ePillID_data\classification_data\segmented_nih_pills_224/0615-7712_0_1.jpg,reference,615-7712,L498,False,qwen,T,0,0,0.0,0,1.0,0,T,L498
D:/Data/ePillID_data/ePillID_data\classification_data\segmented_nih_pills_224/0615-7768_0_0.jpg,reference,615-7768,60;60;1105,True,qwen,1105,0,1,0.3333333333333333,0,0.5,0,1105,60 60 1105
D:/Data/ePillID_data/ePillID_data\classification_data\segmented_nih_pills_224/0615-7768_0_1.jpg,reference,615-7768,60;60;1105,False,qwen,60 60,0,0,0.6666666666666666,0,0.5,0,60 60,60 60 1105
D:/Data/ePillID_data/ePillID_data\classification_data\segmented_nih_pills_224/0615-7938_0_0.jpg,reference,615-7938,54;583,True,qwen,54 583,1,1,1.0,1,0.0,1,54 583,54 583
D:/Data/ePillID_data/ePillID_data\classification_data\segmented_nih_pills_224/0615-7938_0_1.jpg,reference,615-7938,54;583,False,qwen,AS,0,0,0.0,0,1.0,0,AS,54 583
D:/Data/ePillID_data/ePillID_data\classification_data\segmented_nih_pills_224/0615-7978_0_0.jpg,reference,615-7978,90;H,True,qwen,H,0,1,0.5,0,0.6666666666666666,0,H,90 H
D:/Data/ePillID_data/ePillID_data\classification_data\segmented_nih_pills_224/0615-7978_0_1.jpg,reference,615-7978,90;H,False,qwen,90,0,1,0.5,0,0.3333333333333333,0,90,90 H
D:/Data/ePillID_data/ePillID_data\classification_data\segmented_nih_pills_224/0781-1392_0_0.jpg,reference,781-1392,GG;123,True,qwen,GG,0,1,0.5,0,0.6,0,GG,GG 123
D:/Data/ePillID_data/ePillID_data\classification_data\segmented_nih_pills_224/0781-1392_0_1.jpg,reference,781-1392,GG;123,False,qwen,123,0,1,0.5,0,0.4,0,123,GG 123
D:/Data/ePillID_data/ePillID_data\classification_data\segmented_nih_pills_224/0781-1436_0_0.jpg,reference,781-1436,GG97,True,qwen,GG97,1,1,1.0,1,0.0,1,GG97,GG97
D:/Data/ePillID_data/ePillID_data\classification_data\segmented_nih_pills_224/0781-1436_0_1.jpg,reference,781-1436,GG97,False,qwen,T,0,0,0.0,0,1.0,0,T,GG97
D:/Data/ePillID_data/ePillID_data\classification_data\segmented_nih_pills_224/0781-1764_0_0.jpg,reference,781-1764,GG;47,True,qwen,GG,0,1,0.5,0,0.5,0,GG,GG 47
D:/Data/ePillID_data/ePillID_data\classification_data\segmented_nih_pills_224/0781-1764_0_1.jpg,reference,781-1764,GG;47,False,qwen,47,0,1,0.5,0,0.5,0,47,GG 47
D:/Data/ePillID_data/ePillID_data\classification_data\segmented_nih_pills_224/0781-1789_0_0.jpg,reference,781-1789,GG739,True,qwen,GG739,1,1,1.0,1,0.0,1,GG739,GG739
D:/Data/ePillID_data/ePillID_data\classification_data\segmented_nih_pills_224/0781-1789_0_1.jpg,reference,781-1789,GG739,False,qwen,T,0,0,0.0,0,1.0,0,T,GG739
D:/Data/ePillID_data/ePillID_data\classification_data\segmented_nih_pills_224/0781-1943_0_0.jpg,reference,781-1943,SZ137,True,qwen,SZ137,1,1,1.0,1,0.0,1,SZ137,SZ137
D:/Data/ePillID_data/ePillID_data\classification_data\segmented_nih_pills_224/0781-1943_0_1.jpg,reference,781-1943,SZ137,False,qwen,B 1,0,0,0.0,0,0.8,0,B 1,SZ137
D:/Data/ePillID_data/ePillID_data\classification_data\segmented_nih_pills_224/0904-1057_0_0.jpg,reference,904-1057,cor;145,True,qwen,C01 145,0,0,0.5,0,0.3333333333333333,0,C01 145,COR 145
D:/Data/ePillID_data/ePillID_data\classification_data\segmented_nih_pills_224/0904-1057_0_1.jpg,reference,904-1057,cor;145,False,qwen,T,0,0,0.0,0,1.0,0,T,COR 145
D:/Data/ePillID_data/ePillID_data\classification_data\segmented_nih_pills_224/0904-7809_0_0.jpg,reference,904-7809,DAN;5658,True,qwen,DAN,0,1,0.5,0,0.5714285714285714,0,DAN,DAN 5658
D:/Data/ePillID_data/ePillID_data\classification_data\segmented_nih_pills_224/0904-7809_0_1.jpg,reference,904-7809,DAN;5658,False,qwen,5658,0,1,0.5,0,0.42857142857142855,0,5658,DAN 5658
D:/Data/ePillID_data/ePillID_data\classification_data\segmented_nih_pills_224/10370-534_0_0.jpg,reference,10370-534,A534;2;mg,True,qwen,A534,0,1,0.3333333333333333,0,0.42857142857142855,0,A534,A534 2 MG
D:/Data/ePillID_data/ePillID_data\classification_data\segmented_nih_pills_224/10370-534_0_1.jpg,reference,10370-534,A534;2;mg,False,qwen,2 MG,0,0,0.6666666666666666,0,0.5714285714285714,0,2 MG,A534 2 MG
D:/Data/ePillID_data/ePillID_data\classification_data\segmented_nih_pills_224/10544-065_0_0.jpg,reference,10544-65,E;91,True,qwen,E 91,1,1,1.0,1,0.0,1,E 91,E 91
D:/Data/ePillID_data/ePillID_data\classification_data\segmented_nih_pills_224/10544-065_0_1.jpg,reference,10544-65,E;91,False,qwen,G342,0,0,0.0,0,1.3333333333333333,0,G342,E 91
D:/Data/ePillID_data/ePillID_data\classification_data\segmented_nih_pills_224/10544-122_0_0.jpg,reference,10544-122,WC404,True,qwen,WC 404,0,0,0.0,0,0.0,1,WC 404,WC404
D:/Data/ePillID_data/ePillID_data\classification_data\segmented_nih_pills_224/10544-122_0_1.jpg,reference,10544-122,WC404,False,qwen,G3,0,0,0.0,0,1.0,0,G3,WC404
D:/Data/ePillID_data/ePillID_data\classification_data\segmented_nih_pills_224/10544-181_0_0.jpg,reference,10544-181,PLIVA;648,True,qwen,PLIVA,0,1,0.5,0,0.375,0,PLIVA,PLIVA 648
D:/Data/ePillID_data/ePillID_data\classification_data\segmented_nih_pills_224/10544-181_0_1.jpg,reference,10544-181,PLIVA;648,False,qwen,648,0,1,0.5,0,0.625,0,648,PLIVA 648
D:/Data/ePillID_data/ePillID_data\classification_data\segmented_nih_pills_224/10544-213_0_0.jpg,reference,10544-213,IP;464,True,qwen,IP 464,1,1,1.0,1,0.0,1,IP 464,IP 464
D:/Data/ePillID_data/ePillID_data\classification_data\segmented_nih_pills_224/10544-213_0_1.jpg,reference,10544-213,IP;464,False,qwen,T,0,0,0.0,0,1.0,0,T,IP 464
D:/Data/ePillID_data/ePillID_data\classification_data\segmented_nih_pills_224/10544-242_0_0.jpg,reference,10544-242,CTI;143,True,qwen,CTI 143,1,1,1.0,1,0.0,1,CTI 143,CTI 143
D:/Data/ePillID_data/ePillID_data\classification_data\segmented_nih_pills_224/10544-242_0_1.jpg,reference,10544-242,CTI;143,False,qwen,T,0,0,0.0,0,0.8333333333333334,0,T,CTI 143
D:/Data/ePillID_data/ePillID_data\classification_data\segmented_nih_pills_224/10544-252_0_0.jpg,reference,10544-252,7;5,True,qwen,7 5,1,1,1.0,1,0.0,1,7 5,7 5
D:/Data/ePillID_data/ePillID_data\classification_data\segmented_nih_pills_224/10544-252_0_1.jpg,reference,10544-252,7;5,False,qwen,T,0,0,0.0,0,1.0,0,T,7 5
D:/Data/ePillID_data/ePillID_data\classification_data\segmented_nih_pills_224/10544-288_0_0.jpg,reference,10544-288,5904;V,True,qwen,5904 V,1,1,1.0,1,0.0,1,5904 V,5904 V
D:/Data/ePillID_data/ePillID_data\classification_data\segmented_nih_pills_224/10544-288_0_1.jpg,reference,10544-288,5904;V,False,qwen,GOLDEN,0,0,0.0,0,1.2,0,GOLDEN,5904 V
D:/Data/ePillID_data/ePillID_data\classification_data\segmented_nih_pills_224/10544-585_0_0.jpg,reference,10544-585,42;10;V,True,qwen,V,0,1,0.3333333333333333,0,0.8,0,V,42 10 V
D:/Data/ePillID_data/ePillID_data\classification_data\segmented_nih_pills_224/10544-585_0_1.jpg,reference,10544-585,42;10;V,False,qwen,42 10,0,0,0.6666666666666666,0,0.2,0,42 10,42 10 V
D:/Data/ePillID_data/ePillID_data\classification_data\segmented_nih_pills_224/10544-952_0_0.jpg,reference,10544-952,54;312,True,qwen,54 312,1,1,1.0,1,0.0,1,54 312,54 312
D:/Data/ePillID_data/ePillID_data\classification_data\segmented_nih_pills_224/10544-952_0_1.jpg,reference,10544-952,54;312,False,qwen,T,0,0,0.0,0,1.0,0,T,54 312
D:/Data/ePillID_data/ePillID_data\classification_data\segmented_nih_pills_224/11819-351_0_0.jpg,reference,11819-351,CR;250,True,qwen,B,0,0,0.0,0,1.0,0,B,CR 250
D:/Data/ePillID_data/ePillID_data\classification_data\segmented_nih_pills_224/11819-351_0_1.jpg,reference,11819-351,CR;250,False,qwen,CR 500,0,0,0.5,0,0.4,0,CR 500,CR 250
D:/Data/ePillID_data/ePillID_data\classification_data\segmented_nih_pills_224/11822-0532_0_0.jpg,reference,11822-532,44;532,True,qwen,44 532,1,1,1.0,1,0.0,1,44 532,44 532
D:/Data/ePillID_data/ePillID_data\classification_data\segmented_nih_pills_224/11822-0532_0_1.jpg,reference,11822-532,44;532,False,qwen,BLUE,0,0,0.0,0,1.0,0,BLUE,44 532
D:/Data/ePillID_data/ePillID_data\classification_data\segmented_nih_pills_224/12634-786_0_0.jpg,reference,12634-786,AN;627,True,qwen,AN 627,1,1,1.0,1,0.0,1,AN 627,AN 627
D:/Data/ePillID_data/ePillID_data\classification_data\segmented_nih_pills_224/12634-786_0_1.jpg,reference,12634-786,AN;627,False,qwen,T,0,0,0.0,0,1.0,0,T,AN 627
D:/Data/ePillID_data/ePillID_data\classification_data\segmented_nih_pills_224/13668-134_0_0.jpg,reference,13668-134,34;10,True,qwen,34,0,1,0.5,0,0.5,0,34,34 10
D:/Data/ePillID_data/ePillID_data\classification_data\segmented_nih_pills_224/13668-134_0_1.jpg,reference,13668-134,34;10,False,qwen,10,0,1,0.5,0,0.5,0,10,34 10
D:/Data/ePillID_data/ePillID_data\classification_data\segmented_nih_pills_224/13668-217_0_0.jpg,reference,13668-217,5;17,True,qwen,17,0,1,0.5,0,0.3333333333333333,0,17,5 17
D:/Data/ePillID_data/ePillID_data\classification_data\segmented_nih_pills_224/13668-217_0_1.jpg,reference,13668-217,5;17,False,qwen,5,0,1,0.5,0,0.6666666666666666,0,5,5 17
D:/Data/ePillID_data/ePillID_data\classification_data\segmented_nih_pills_224/13668-332_0_0.jpg,reference,13668-332,13;32;505050,True,qwen,13 32,0,0,0.6666666666666666,0,0.6,0,13 32,13 32 505050
D:/Data/ePillID_data/ePillID_data\classification_data\segmented_nih_pills_224/13668-332_0_1.jpg,reference,13668-332,13;32;505050,False,qwen,50 50 50,0,0,0.0,0,0.4,0,50 50 50,13 32 505050
D:/Data/ePillID_data/ePillID_data\classification_data\segmented_nih_pills_224/16110-259_0_0.jpg,reference,16110-259,MONODOX;100;M;259,True,qwen,MONODOX 100,0,0,0.5,0,0.2857142857142857,0,MONODOX 100,MONODOX 100 M 259
D:/Data/ePillID_data/ePillID_data\classification_data\segmented_nih_pills_224/16110-259_0_1.jpg,reference,16110-259,MONODOX;100;M;259,False,qwen,M 259,0,0,0.5,0,0.7142857142857143,0,M 259,MONODOX 100 M 259
D:/Data/ePillID_data/ePillID_data\classification_data\segmented_nih_pills_224/16252-543_0_0.jpg,reference,16252-543,TN4,True,qwen,C,0,0,0.0,0,1.0,0,C,TN4
D:/Data/ePillID_data/ePillID_data\classification_data\segmented_nih_pills_224/16252-543_0_1.jpg,reference,16252-543,TN4,False,qwen,TN 4,0,0,0.0,0,0.0,1,TN 4,TN4
D:/Data/ePillID_data/ePillID_data\classification_data\segmented_nih_pills_224/16590-250_0_0.jpg,reference,16590-250,ZOLOFT;50;mg,True,qwen,LOUP,0,0,0.0,0,0.8,0,LOUP,ZOLOFT 50 MG
D:/Data/ePillID_data/ePillID_data\classification_data\segmented_nih_pills_224/16590-250_0_1.jpg,reference,16590-250,ZOLOFT;50;mg,False,qwen,20 3,0,0,0.0,0,0.9,0,20 3,ZOLOFT 50 MG
D:/Data/ePillID_data/ePillID_data\classification_data\segmented_nih_pills_224/16590-279_0_0.jpg,reference,16590-279,X10,True,qwen,10,0,0,0.0,0,0.3333333333333333,0,10,X10
D:/Data/ePillID_data/ePillID_data\classification_data\segmented_nih_pills_224/16590-279_0_1.jpg,reference,16590-279,X10,False,qwen,LUPIN,0,0,0.0,0,1.6666666666666667,0,LUPIN,X10
D:/Data/ePillID_data/ePillID_data\classification_data\segmented_nih_pills_224/16590-756_0_0.jpg,reference,16590-756,6;MG,True,qwen,6 MG,1,1,1.0,1,0.0,1,6 MG,6 MG
D:/Data/ePillID_data/ePillID_data\classification_data\segmented_nih_pills_224/16590-756_0_1.jpg,reference,16590-756,6;MG,False,qwen,G342,0,0,0.0,0,1.3333333333333333,0,G342,6 MG
D:/Data/ePillID_data/ePillID_data\classification_data\segmented_nih_pills_224/16714-400_0_0.jpg,reference,16714-400,A33,True,qwen,A33,1,1,1.0,1,0.0,1,A33,A33
D:/Data/ePillID_data/ePillID_data\classification_data\segmented_nih_pills_224/16714-400_0_1.jpg,reference,16714-400,A33,False,qwen,G3,0,0,0.0,0,0.6666666666666666,0,G3,A33
D:/Data/ePillID_data/ePillID_data\classification_data\segmented_nih_pills_224/16714-417_0_0.jpg,reference,16714-417,L;230,True,qwen,L 230,1,1,1.0,1,0.0,1,L 230,L 230
D:/Data/ePillID_data/ePillID_data\classification_data\segmented_nih_pills_224/16714-417_0_1.jpg,reference,16714-417,L;230,False,qwen,T,0,0,0.0,0,1.0,0,T,L 230
D:/Data/ePillID_data/ePillID_data\classification_data\segmented_nih_pills_224/16714-531_0_0.jpg,reference,16714-531,S;102,True,qwen,S,0,1,0.5,0,0.75,0,S,S 102
D:/Data/ePillID_data/ePillID_data\classification_data\segmented_nih_pills_224/16714-531_0_1.jpg,reference,16714-531,S;102,False,qwen,102,0,1,0.5,0,0.25,0,102,S 102
D:/Data/ePillID_data/ePillID_data\classification_data\segmented_nih_pills_224/16714-533_0_0.jpg,reference,16714-533,S;104,True,qwen,S,0,1,0.5,0,0.75,0,S,S 104
D:/Data/ePillID_data/ePillID_data\classification_data\segmented_nih_pills_224/16714-533_0_1.jpg,reference,16714-533,S;104,False,qwen,104,0,1,0.5,0,0.25,0,104,S 104
D:/Data/ePillID_data/ePillID_data\classification_data\segmented_nih_pills_224/16714-691_0_0.jpg,reference,16714-691,C;05,True,qwen,C,0,1,0.5,0,0.6666666666666666,0,C,C 05
D:/Data/ePillID_data/ePillID_data\classification_data\segmented_nih_pills_224/16714-691_0_1.jpg,reference,16714-691,C;05,False,qwen,05,0,1,0.5,0,0.3333333333333333,0,05,C 05
D:/Data/ePillID_data/ePillID_data\classification_data\segmented_nih_pills_224/16729-021_0_0.jpg,reference,16729-21,PIO;30,True,qwen,PIO,0,1,0.5,0,0.4,0,PIO,PIO 30
D:/Data/ePillID_data/ePillID_data\classification_data\segmented_nih_pills_224/16729-021_0_1.jpg,reference,16729-21,PIO;30,False,qwen,30,0,1,0.5,0,0.6,0,30,PIO 30
D:/Data/ePillID_data/ePillID_data\classification_data\segmented_nih_pills_224/16729-173_0_0.jpg,reference,16729-173,I3,True,qwen,I3,1,1,1.0,1,0.0,1,I3,I3
D:/Data/ePillID_data/ePillID_data\classification_data\segmented_nih_pills_224/16729-173_0_1.jpg,reference,16729-173,I3,False,qwen,B,0,0,0.0,0,1.0,0,B,I3
D:/Data/ePillID_data/ePillID_data\classification_data\segmented_nih_pills_224/21695-063_0_0.jpg,reference,21695-63,Pfizer;399,True,qwen,PFIZER 399 PFIZER 399,0,0,1.0,1,1.0,1,PFIZER 399 PFIZER 399,PFIZER 399
D:/Data/ePillID_data/ePillID_data\classification_data\segmented_nih_pills_224/21695-063_0_1.jpg,reference,21695-63,Pfizer;399,False,qwen,G342,0,0,0.0,0,0.8888888888888888,0,G342,PFIZER 399
D:/Data/ePillID_data/ePillID_data\classification_data\segmented_nih_pills_224/21695-092_0_0.jpg,reference,21695-92,NEXIUM40mg,True,qwen,NEXIUM40MG,1,1,1.0,1,0.0,1,NEXIUM40MG,NEXIUM40MG
D:/Data/ePillID_data/ePillID_data\classification_data\segmented_nih_pills_224/21695-092_0_1.jpg,reference,21695-92,NEXIUM40mg,False,qwen,3,0,0,0.0,0,1.0,0,3,NEXIUM40MG
D:/Data/ePillID_data/ePillID_data\classification_data\segmented_nih_pills_224/21695-157_0_0.jpg,reference,21695-157,VGR50;Pfizer,True,qwen,PFIZER,0,1,0.5,0,0.45454545454545453,0,PFIZER,VGR50 PFIZER
D:/Data/ePillID_data/ePillID_data\classification_data\segmented_nih_pills_224/21695-157_0_1.jpg,reference,21695-157,VGR50;Pfizer,False,qwen,VGR 50,0,0,0.0,0,0.5454545454545454,0,VGR 50,VGR50 PFIZER
D:/Data/ePillID_data/ePillID_data\classification_data\segmented_nih_pills_224/21695-175_0_0.jpg,reference,21695-175,7113;93,True,qwen,93,0,1,0.5,0,0.6666666666666666,0,93,7113 93
D:/Data/ePillID_data/ePillID_data\classification_data\segmented_nih_pills_224/21695-175_0_1.jpg,reference,21695-175,7113;93,False,qwen,7113,0,1,0.5,0,0.3333333333333333,0,7113,7113 93
D:/Data/ePillID_data/ePillID_data\classification_data\segmented_nih_pills_224/21695-433_0_0.jpg,reference,21695-433,T45,True,qwen,45,0,0,0.0,0,0.3333333333333333,0,45,T45
D:/Data/ePillID_data/ePillID_data\classification_data\segmented_nih_pills_224/21695-433_0_1.jpg,reference,21695-433,T45,False,qwen,T,0,0,0.0,0,0.6666666666666666,0,T,T45
D:/Data/ePillID_data/ePillID_data\classification_data\segmented_nih_pills_224/21695-461_0_0.jpg,reference,21695-461,194;R,True,qwen,R,0,1,0.5,0,0.75,0,R,194 R
D:/Data/ePillID_data/ePillID_data\classification_data\segmented_nih_pills_224/21695-461_0_1.jpg,reference,21695-461,194;R,False,qwen,193,0,0,0.0,0,0.5,0,193,194 R
D:/Data/ePillID_data/ePillID_data\classification_data\segmented_nih_pills_224/21695-497_0_0.jpg,reference,21695-497,GG;172,True,qwen,GG 172,1,1,1.0,1,0.0,1,GG 172,GG 172
D:/Data/ePillID_data/ePillID_data\classification_data\segmented_nih_pills_224/21695-497_0_1.jpg,reference,21695-497,GG;172,False,qwen,I,0,0,0.0,0,1.0,0,I,GG 172
D:/Data/ePillID_data/ePillID_data\classification_data\segmented_nih_pills_224/21695-499_0_0.jpg,reference,21695-499,RX;526,True,qwen,R 52 TO,0,0,0.0,0,0.6,0,R 52 TO,RX 526
D:/Data/ePillID_data/ePillID_data\classification_data\segmented_nih_pills_224/21695-499_0_1.jpg,reference,21695-499,RX;526,False,qwen,T,0,0,0.0,0,1.0,0,T,RX 526
D:/Data/ePillID_data/ePillID_data\classification_data\segmented_nih_pills_224/21695-544_0_0.jpg,reference,21695-544,GG962;875,True,qwen,GG962,0,1,0.5,0,0.375,0,GG962,GG962 875
D:/Data/ePillID_data/ePillID_data\classification_data\segmented_nih_pills_224/21695-544_0_1.jpg,reference,21695-544,GG962;875,False,qwen,875,0,1,0.5,0,0.625,0,875,GG962 875
D:/Data/ePillID_data/ePillID_data\classification_data\segmented_nih_pills_224/21695-656_0_0.jpg,reference,21695-656,BI;01A,True,qwen,01A,0,1,0.5,0,0.4,0,01A,BI 01A
D:/Data/ePillID_data/ePillID_data\classification_data\segmented_nih_pills_224/21695-656_0_1.jpg,reference,21695-656,BI;01A,False,qwen,G342,0,0,0.0,0,1.0,0,G342,BI 01A
D:/Data/ePillID_data/ePillID_data\classification_data\segmented_nih_pills_224/21695-699_0_0.jpg,reference,21695-699,Par821,True,qwen,PAR 821,0,0,0.0,0,0.0,1,PAR 821,PAR821
D:/Data/ePillID_data/ePillID_data\classification_data\segmented_nih_pills_224/21695-699_0_1.jpg,reference,21695-699,Par821,False,qwen,POLYPROPYLENE,0,0,0.0,0,1.8333333333333333,0,POLYPROPYLENE,PAR821
D:/Data/ePillID_data/ePillID_data\classification_data\segmented_nih_pills_224/21695-735_0_0.jpg,reference,21695-735,WATSON;862,True,qwen,WATSON 792,0,0,0.5,0,0.2222222222222222,0,WATSON 792,WATSON 862
D:/Data/ePillID_data/ePillID_data\classification_data\segmented_nih_pills_224/21695-735_0_1.jpg,reference,21695-735,WATSON;862,False,qwen,H,0,0,0.0,0,1.0,0,H,WATSON 862
D:/Data/ePillID_data/ePillID_data\classification_data\segmented_nih_pills_224/21695-750_0_0.jpg,reference,21695-750,JSP;515,True,qwen,JSP,0,1,0.5,0,0.5,0,JSP,JSP 515
D:/Data/ePillID_data/ePillID_data\classification_data\segmented_nih_pills_224/21695-750_0_1.jpg,reference,21695-750,JSP;515,False,qwen,515,0,1,0.5,0,0.5,0,515,JSP 515
D:/Data/ePillID_data/ePillID_data\classification_data\segmented_nih_pills_224/21695-950_0_0.jpg,reference,21695-950,832,True,qwen,831,0,0,0.0,0,0.3333333333333333,0,831,832
D:/Data/ePillID_data/ePillID_data\classification_data\segmented_nih_pills_224/21695-950_0_1.jpg,reference,21695-950,832,False,qwen,N,0,0,0.0,0,1.0,0,N,832
D:/Data/ePillID_data/ePillID_data\classification_data\segmented_nih_pills_224/21695-965_0_0.jpg,reference,21695-965,WPI;3249,True,qwen,WPI,0,1,0.5,0,0.5714285714285714,0,WPI,WPI 3249
D:/Data/ePillID_data/ePillID_data\classification_data\segmented_nih_pills_224/21695-965_0_1.jpg,reference,21695-965,WPI;3249,False,qwen,3249,0,1,0.5,0,0.42857142857142855,0,3249,WPI 3249
D:/Data/ePillID_data/ePillID_data\classification_data\segmented_nih_pills_224/23155-051_0_0.jpg,reference,23155-51,HP;51,True,qwen,HP51,0,0,0.0,0,0.0,1,HP51,HP 51
D:/Data/ePillID_data/ePillID_data\classification_data\segmented_nih_pills_224/23155-051_0_1.jpg,reference,23155-51,HP;51,False,qwen,T,0,0,0.0,0,1.0,0,T,HP 51
D:/Data/ePillID_data/ePillID_data\classification_data\segmented_nih_pills_224/24090-491_0_0.jpg,reference,24090-491,E,True,qwen,H,0,0,0.0,0,1.0,0,H,E
D:/Data/ePillID_data/ePillID_data\classification_data\segmented_nih_pills_224/24090-491_0_1.jpg,reference,24090-491,E,False,qwen,H,0,0,0.0,0,1.0,0,H,E
D:/Data/ePillID_data/ePillID_data\classification_data\segmented_nih_pills_224/24090-494_0_0.jpg,reference,24090-494,J,True,qwen,H,0,0,0.0,0,1.0,0,H,J
D:/Data/ePillID_data/ePillID_data\classification_data\segmented_nih_pills_224/24090-494_0_1.jpg,reference,24090-494,J,False,qwen,573,0,0,0.0,0,3.0,0,573,J
D:/Data/ePillID_data/ePillID_data\classification_data\segmented_nih_pills_224/24236-313_0_0.jpg,reference,24236-313,LAMICTAL;25,True,qwen,LAMICTAL 75,0,0,0.5,0,0.1,0,LAMICTAL 75,LAMICTAL 25
D:/Data/ePillID_data/ePillID_data\classification_data\segmented_nih_pills_224/24236-313_0_1.jpg,reference,24236-313,LAMICTAL;25,False,qwen,3750,0,0,0.0,0,1.0,0,3750,LAMICTAL 25
D:/Data/ePillID_data/ePillID_data\classification_data\segmented_nih_pills_224/29300-125_0_0.jpg,reference,29300-125,U;L;15,True,qwen,UL,0,0,0.0,0,0.5,0,UL,U L 15
D:/Data/ePillID_data/ePillID_data\classification_data\segmented_nih_pills_224/29300-125_0_1.jpg,reference,29300-125,U;L;15,False,qwen,15,0,1,0.3333333333333333,0,0.5,0,15,U L 15
D:/Data/ePillID_data/ePillID_data\classification_data\segmented_nih_pills_224/30698-421_0_0.jpg,reference,30698-421,SPD417;SPD417;200;mg,True,qwen,SPD417 200 MG,0,0,1.0,1,0.35294117647058826,0,SPD417 200 MG,SPD417 SPD417 200 MG
D:/Data/ePillID_data/ePillID_data\classification_data\segmented_nih_pills_224/30698-421_0_1.jpg,reference,30698-421,SPD417;SPD417;200;mg,False,qwen,G34,0,0,0.0,0,0.9411764705882353,0,G34,SPD417 SPD417 200 MG
D:/Data/ePillID_data/ePillID_data\classification_data\segmented_nih_pills_224/31722-256_0_0.jpg,reference,31722-256,IG;256,True,qwen,IG,0,1,0.5,0,0.6,0,IG,IG 256
D:/Data/ePillID_data/ePillID_data\classification_data\segmented_nih_pills_224/31722-256_0_1.jpg,reference,31722-256,IG;256,False,qwen,256,0,1,0.5,0,0.4,0,256,IG 256
D:/Data/ePillID_data/ePillID_data\classification_data\segmented_nih_pills_224/31722-713_0_0.jpg,reference,31722-713,H;126,True,qwen,H126,0,0,0.0,0,0.0,1,H126,H 126
D:/Data/ePillID_data/ePillID_data\classification_data\segmented_nih_pills_224/31722-713_0_1.jpg,reference,31722-713,H;126,False,qwen,T,0,0,0.0,0,1.0,0,T,H 126
D:/Data/ePillID_data/ePillID_data\classification_data\segmented_nih_pills_224/31722-727_0_0.jpg,reference,31722-727,I;112,True,qwen,I,0,1,0.5,0,0.75,0,I,I 112
D:/Data/ePillID_data/ePillID_data\classification_data\segmented_nih_pills_224/31722-727_0_1.jpg,reference,31722-727,I;112,False,qwen,112,0,1,0.5,0,0.25,0,112,I 112
D:/Data/ePillID_data/ePillID_data\classification_data\segmented_nih_pills_224/33261-137_0_0.jpg,reference,33261-137,A45,True,qwen,A4,0,0,0.0,0,0.3333333333333333,0,A4,A45
D:/Data/ePillID_data/ePillID_data\classification_data\segmented_nih_pills_224/33261-137_0_1.jpg,reference,33261-137,A45,False,qwen,45,0,0,0.0,0,0.3333333333333333,0,45,A45
D:/Data/ePillID_data/ePillID_data\classification_data\segmented_nih_pills_224/33261-400_0_0.jpg,reference,33261-400,IG;279,True,qwen,IG,0,1,0.5,0,0.6,0,IG,IG 279
D:/Data/ePillID_data/ePillID_data\classification_data\segmented_nih_pills_224/33261-400_0_1.jpg,reference,33261-400,IG;279,False,qwen,279,0,1,0.5,0,0.4,0,279,IG 279
D:/Data/ePillID_data/ePillID_data\classification_data\segmented_nih_pills_224/33261-416_0_0.jpg,reference,33261-416,LL;B02,True,qwen,LL,0,1,0.5,0,0.6,0,LL,LL B02
D:/Data/ePillID_data/ePillID_data\classification_data\segmented_nih_pills_224/33261-416_0_1.jpg,reference,33261-416,LL;B02,False,qwen,B02,0,1,0.5,0,0.4,0,B02,LL B02
D:/Data/ePillID_data/ePillID_data\classification_data\segmented_nih_pills_224/33261-548_0_0.jpg,reference,33261-548,792,True,qwen,CTI 142,0,0,0.0,0,1.6666666666666667,0,CTI 142,792
D:/Data/ePillID_data/ePillID_data\classification_data\segmented_nih_pills_224/33261-548_0_1.jpg,reference,33261-548,792,False,qwen,T,0,0,0.0,0,1.0,0,T,792
D:/Data/ePillID_data/ePillID_data\classification_data\segmented_nih_pills_224/33261-554_0_0.jpg,reference,33261-554,93;5171,True,qwen,93,0,1,0.5,0,0.6666666666666666,0,93,93 5171
D:/Data/ePillID_data/ePillID_data\classification_data\segmented_nih_pills_224/33261-554_0_1.jpg,reference,33261-554,93;5171,False,qwen,5171,0,1,0.5,0,0.3333333333333333,0,5171,93 5171
D:/Data/ePillID_data/ePillID_data\classification_data\segmented_nih_pills_224/33342-032_0_0.jpg,reference,33342-32,CL;3,True,qwen,CL 3,1,1,1.0,1,0.0,1,CL 3,CL 3
D:/Data/ePillID_data/ePillID_data\classification_data\segmented_nih_pills_224/33342-032_0_1.jpg,reference,33342-32,CL;3,False,qwen,B 1,0,0,0.0,0,1.0,0,B 1,CL 3
D:/Data/ePillID_data/ePillID_data\classification_data\segmented_nih_pills_224/35356-387_0_0.jpg,reference,35356-387,952;5;b,True,qwen,B 6,0,0,0.3333333333333333,0,1.0,0,B 6,952 5 B
D:/Data/ePillID_data/ePillID_data\classification_data\segmented_nih_pills_224/35356-387_0_1.jpg,reference,35356-387,952;5;b,False,qwen,952 5,0,0,0.6666666666666666,0,0.2,0,952 5,952 5 B
D:/Data/ePillID_data/ePillID_data\classification_data\segmented_nih_pills_224/35356-398_0_0.jpg,reference,35356-398,Pfizer;PGN;300,True,qwen,PFIZER PGN 300,1,1,1.0,1,0.0,1,PFIZER PGN 300,PFIZER PGN 300
D:/Data/ePillID_data/ePillID_data\classification_data\segmented_nih_pills_224/35356-398_0_1.jpg,reference,35356-398,Pfizer;PGN;300,False,qwen,G34,0,0,0.0,0,0.8333333333333334,0,G34,PFIZER PGN 300
D:/Data/ePillID_data/ePillID_data\classification_data\segmented_nih_pills_224/35356-732_0_0.jpg,reference,35356-732,CR;500,True,qwen,B,0,0,0.0,0,1.0,0,B,CR 500
D:/Data/ePillID_data/ePillID_data\classification_data\segmented_nih_pills_224/35356-732_0_1.jpg,reference,35356-732,CR;500,False,qwen,CR 500,1,1,1.0,1,0.0,1,CR 500,CR 500
D:/Data/ePillID_data/ePillID_data\classification_data\segmented_nih_pills_224/35356-763_0_0.jpg,reference,35356-763,42;16;V;4,True,qwen,42 16 V,0,0,0.75,0,0.16666666666666666,0,42 16 V,42 16 V 4
D:/Data/ePillID_data/ePillID_data\classification_data\segmented_nih_pills_224/35356-763_0_1.jpg,reference,35356-763,42;16;V;4,False,qwen,4,0,1,0.25,0,0.8333333333333334,0,4,42 16 V 4
D:/Data/ePillID_data/ePillID_data\classification_data\segmented_nih_pills_224/35356-784_0_0.jpg,reference,35356-784,9;3;7701,True,qwen,9 3,0,0,0.6666666666666666,0,0.6666666666666666,0,9 3,9 3 7701
D:/Data/ePillID_data/ePillID_data\classification_data\segmented_nih_pills_224/35356-784_0_1.jpg,reference,35356-784,9;3;7701,False,qwen,7701,0,1,0.3333333333333333,0,0.3333333333333333,0,7701,9 3 7701
D:/Data/ePillID_data/ePillID_data\classification_data\segmented_nih_pills_224/35356-922_0_0.jpg,reference,35356-922,A;13,True,qwen,A,0,1,0.5,0,0.6666666666666666,0,A,A 13
D:/Data/ePillID_data/ePillID_data\classification_data\segmented_nih_pills_224/35356-922_0_1.jpg,reference,35356-922,A;13,False,qwen,13,0,1,0.5,0,0.3333333333333333,0,13,A 13
D:/Data/ePillID_data/ePillID_data\classification_data\segmented_nih_pills_224/35356-932_0_0.jpg,reference,35356-932,5710;1;25;250,True,qwen,5710,0,1,0.25,0,0.6,0,5710,5710 1 25 250
D:/Data/ePillID_data/ePillID_data\classification_data\segmented_nih_pills_224/35356-932_0_1.jpg,reference,35356-932,5710;1;25;250,False,qwen,1 25 250,0,0,0.75,0,0.4,0,1 25 250,5710 1 25 250
D:/Data/ePillID_data/ePillID_data\classification_data\segmented_nih_pills_224/35356-984_0_0.jpg,reference,35356-984,A;6;7,True,qwen,A,0,1,0.3333333333333333,0,0.6666666666666666,0,A,A 6 7
D:/Data/ePillID_data/ePillID_data\classification_data\segmented_nih_pills_224/35356-984_0_1.jpg,reference,35356-984,A;6;7,False,qwen,6 7,0,0,0.6666666666666666,0,0.3333333333333333,0,6 7,A 6 7
D:/Data/ePillID_data/ePillID_data\classification_data\segmented_nih_pills_224/42254-043_0_0.jpg,reference,42254-43,Omeprazole;10;mg;R;157,True,qwen,OMEPRAZOLE 10 MG R 157,1,1,1.0,1,0.0,1,OMEPRAZOLE 10 MG R 157,OMEPRAZOLE 10 MG R 157
D:/Data/ePillID_data/ePillID_data\classification_data\segmented_nih_pills_224/42254-043_0_1.jpg,reference,42254-43,Omeprazole;10;mg;R;157,False,qwen,P,0,0,0.0,0,0.9444444444444444,0,P,OMEPRAZOLE 10 MG R 157
D:/Data/ePillID_data/ePillID_data\classification_data\segmented_nih_pills_224/42254-134_0_0.jpg,reference,42254-134,Pfizer;PGN;225,True,qwen,PFIZER PGN 225,1,1,1.0,1,0.0,1,PFIZER PGN 225,PFIZER PGN 225
D:/Data/ePillID_data/ePillID_data\classification_data\segmented_nih_pills_224/42254-134_0_1.jpg,reference,42254-134,Pfizer;PGN;225,False,qwen,G34,0,0,0.0,0,0.9166666666666666,0,G34,PFIZER PGN 225
D:/Data/ePillID_data/ePillID_data\classification_data\segmented_nih_pills_224/42254-177_0_0.jpg,reference,42254-177,93;3160,True,qwen,93 3160 93 3160,0,0,1.0,1,1.0,1,93 3160 93 3160,93 3160
D:/Data/ePillID_data/ePillID_data\classification_data\segmented_nih_pills_224/42254-177_0_1.jpg,reference,42254-177,93;3160,False,qwen,G3,0,0,0.0,0,0.8333333333333334,0,G3,93 3160
D:/Data/ePillID_data/ePillID_data\classification_data\segmented_nih_pills_224/42291-162_0_0.jpg,reference,42291-162,53;A,True,qwen,A,0,1,0.5,0,0.6666666666666666,0,A,53 A
D:/Data/ePillID_data/ePillID_data\classification_data\segmented_nih_pills_224/42291-162_0_1.jpg,reference,42291-162,53;A,False,qwen,53,0,1,0.5,0,0.3333333333333333,0,53,53 A
D:/Data/ePillID_data/ePillID_data\classification_data\segmented_nih_pills_224/42291-240_0_0.jpg,reference,42291-240,5,True,qwen,5,1,1,1.0,1,0.0,1,5,5
D:/Data/ePillID_data/ePillID_data\classification_data\segmented_nih_pills_224/42291-240_0_1.jpg,reference,42291-240,5,False,qwen,BLUE,0,0,0.0,0,4.0,0,BLUE,5
D:/Data/ePillID_data/ePillID_data\classification_data\segmented_nih_pills_224/42291-305_0_0.jpg,reference,42291-305,93;7456,True,qwen,93,0,1,0.5,0,0.6666666666666666,0,93,93 7456
D:/Data/ePillID_data/ePillID_data\classification_data\segmented_nih_pills_224/42291-305_0_1.jpg,reference,42291-305,93;7456,False,qwen,7456,0,1,0.5,0,0.3333333333333333,0,7456,93 7456
D:/Data/ePillID_data/ePillID_data\classification_data\segmented_nih_pills_224/42291-342_0_0.jpg,reference,42291-342,TEVA;7238,True,qwen,TEVA,0,1,0.5,0,0.5,0,TEVA,TEVA 7238
D:/Data/ePillID_data/ePillID_data\classification_data\segmented_nih_pills_224/42291-342_0_1.jpg,reference,42291-342,TEVA;7238,False,qwen,7238,0,1,0.5,0,0.5,0,7238,TEVA 7238
D:/Data/ePillID_data/ePillID_data\classification_data\segmented_nih_pills_224/42291-726_0_0.jpg,reference,42291-726,7290;93,True,qwen,93,0,1,0.5,0,0.6666666666666666,0,93,7290 93
D:/Data/ePillID_data/ePillID_data\classification_data\segmented_nih_pills_224/42291-726_0_1.jpg,reference,42291-726,7290;93,False,qwen,1290,0,0,0.0,0,0.5,0,1290,7290 93
D:/Data/ePillID_data/ePillID_data\classification_data\segmented_nih_pills_224/42291-819_0_0.jpg,reference,42291-819,PA;918,True,qwen,PA 918,1,1,1.0,1,0.0,1,PA 918,PA 918
D:/Data/ePillID_data/ePillID_data\classification_data\segmented_nih_pills_224/42291-819_0_1.jpg,reference,42291-819,PA;918,False,qwen,N,0,0,0.0,0,1.0,0,N,PA 918
D:/Data/ePillID_data/ePillID_data\classification_data\segmented_nih_pills_224/42291-841_0_0.jpg,reference,42291-841,LANNETT;1632,True,qwen,LAN 1632,0,0,0.5,0,0.36363636363636365,0,LAN 1632,LANNETT 1632
D:/Data/ePillID_data/ePillID_data\classification_data\segmented_nih_pills_224/42291-841_0_1.jpg,reference,42291-841,LANNETT;1632,False,qwen,ENNET,0,0,0.0,0,0.6363636363636364,0,ENNET,LANNETT 1632
D:/Data/ePillID_data/ePillID_data\classification_data\segmented_nih_pills_224/42291-850_0_0.jpg,reference,42291-850,E503,True,qwen,E503,1,1,1.0,1,0.0,1,E503,E503
D:/Data/ePillID_data/ePillID_data\classification_data\segmented_nih_pills_224/42291-850_0_1.jpg,reference,42291-850,E503,False,qwen,G342,0,0,0.0,0,1.0,0,G342,E503
D:/Data/ePillID_data/ePillID_data\classification_data\segmented_nih_pills_224/42799-806_0_0.jpg,reference,42799-806,806,True,qwen,806,1,1,1.0,1,0.0,1,806,806
D:/Data/ePillID_data/ePillID_data\classification_data\segmented_nih_pills_224/42799-806_0_1.jpg,reference,42799-806,806,False,qwen,T,0,0,0.0,0,1.0,0,T,806
D:/Data/ePillID_data/ePillID_data\classification_data\segmented_nih_pills_224/42865-302_0_0.jpg,reference,42865-302,APTALIS;15,True,qwen,APTALL 15,0,0,0.5,0,0.2222222222222222,0,APTALL 15,APTALIS 15
D:/Data/ePillID_data/ePillID_data\classification_data\segmented_nih_pills_224/42865-302_0_1.jpg,reference,42865-302,APTALIS;15,False,qwen,PLALIS 5,0,0,0.0,0,0.3333333333333333,0,PLALIS 5,APTALIS 15
D:/Data/ePillID_data/ePillID_data\classification_data\segmented_nih_pills_224/43063-133_0_0.jpg,reference,43063-133,E171,True,qwen,E171,1,1,1.0,1,0.0,1,E171,E171
D:/Data/ePillID_data/ePillID_data\classification_data\segmented_nih_pills_224/43063-133_0_1.jpg,reference,43063-133,E171,False,qwen,325,0,0,0.0,0,1.0,0,325,E171
D:/Data/ePillID_data/ePillID_data\classification_data\segmented_nih_pills_224/43063-176_0_0.jpg,reference,43063-176,TV;5;1721,True,qwen,TV 5,0,0,0.6666666666666666,0,0.5714285714285714,0,TV 5,TV 5 1721
D:/Data/ePillID_data/ePillID_data\classification_data\segmented_nih_pills_224/43063-176_0_1.jpg,reference,43063-176,TV;5;1721,False,qwen,1721,0,1,0.3333333333333333,0,0.42857142857142855,0,1721,TV 5 1721
D:/Data/ePillID_data/ePillID_data\classification_data\segmented_nih_pills_224/43063-230_0_0.jpg,reference,43063-230,M;L;9,True,qwen,M,0,1,0.3333333333333333,0,0.6666666666666666,0,M,M L 9
D:/Data/ePillID_data/ePillID_data\classification_data\segmented_nih_pills_224/43063-230_0_1.jpg,reference,43063-230,M;L;9,False,qwen,L 9,0,0,0.6666666666666666,0,0.3333333333333333,0,L 9,M L 9
D:/Data/ePillID_data/ePillID_data\classification_data\segmented_nih_pills_224/43063-284_0_0.jpg,reference,43063-284,M;433,True,qwen,M,0,1,0.5,0,0.75,0,M,M 433
D:/Data/ePillID_data/ePillID_data\classification_data\segmented_nih_pills_224/43063-284_0_1.jpg,reference,43063-284,M;433,False,qwen,433,0,1,0.5,0,0.25,0,433,M 433
D:/Data/ePillID_data/ePillID_data\classification_data\segmented_nih_pills_224/43063-364_0_0.jpg,reference,43063-364,S902,True,qwen,S 902,0,0,0.0,0,0.0,1,S 902,S902
D:/Data/ePillID_data/ePillID_data\classification_data\segmented_nih_pills_224/43063-364_0_1.jpg,reference,43063-364,S902,False,qwen,KNIFE,0,0,0.0,0,1.25,0,KNIFE,S902
D:/Data/ePillID_data/ePillID_data\classification_data\segmented_nih_pills_224/43063-402_0_0.jpg,reference,43063-402,TEVA;7372,True,qwen,TEVA 7372,1,1,1.0,1,0.0,1,TEVA 7372,TEVA 7372
D:/Data/ePillID_data/ePillID_data\classification_data\segmented_nih_pills_224/43063-402_0_1.jpg,reference,43063-402,TEVA;7372,False,qwen,G34,0,0,0.0,0,0.875,0,G34,TEVA 7372
D:/Data/ePillID_data/ePillID_data\classification_data\segmented_nih_pills_224/43063-442_0_0.jpg,reference,43063-442,GG172,True,qwen,GG 172,0,0,0.0,0,0.0,1,GG 172,GG172
D:/Data/ePillID_data/ePillID_data\classification_data\segmented_nih_pills_224/43063-442_0_1.jpg,reference,43063-442,GG172,False,qwen,I,0,0,0.0,0,1.0,0,I,GG172
D:/Data/ePillID_data/ePillID_data\classification_data\segmented_nih_pills_224/43199-014_0_0.jpg,reference,43199-14,CL;14,True,qwen,CL,0,1,0.5,0,0.5,0,CL,CL 14
D:/Data/ePillID_data/ePillID_data\classification_data\segmented_nih_pills_224/43199-014_0_1.jpg,reference,43199-14,CL;14,False,qwen,14,0,1,0.5,0,0.5,0,14,CL 14
D:/Data/ePillID_data/ePillID_data\classification_data\segmented_nih_pills_224/43353-290_0_0.jpg,reference,43353-290,10;crestor,True,qwen,CRESTOR 10,0,0,1.0,1,0.4444444444444444,0,CRESTOR 10,10 CRESTOR
D:/Data/ePillID_data/ePillID_data\classification_data\segmented_nih_pills_224/43353-290_0_1.jpg,reference,43353-290,10;crestor,False,qwen,T,0,0,0.0,0,0.8888888888888888,0,T,10 CRESTOR
D:/Data/ePillID_data/ePillID_data\classification_data\segmented_nih_pills_224/43353-535_0_0.jpg,reference,43353-535,0;8;A,True,qwen,A,0,1,0.3333333333333333,0,0.6666666666666666,0,A,0 8 A
D:/Data/ePillID_data/ePillID_data\classification_data\segmented_nih_pills_224/43353-535_0_1.jpg,reference,43353-535,0;8;A,False,qwen,8 0,0,0,0.6666666666666666,0,0.6666666666666666,0,8 0,0 8 A
D:/Data/ePillID_data/ePillID_data\classification_data\segmented_nih_pills_224/43353-689_0_0.jpg,reference,43353-689,6148;V,True,qwen,V,0,1,0.5,0,0.8,0,V,6148 V
D:/Data/ePillID_data/ePillID_data\classification_data\segmented_nih_pills_224/43353-689_0_1.jpg,reference,43353-689,6148;V,False,qwen,61 48,0,0,0.0,0,0.2,0,61 48,6148 V
D:/Data/ePillID_data/ePillID_data\classification_data\segmented_nih_pills_224/43353-747_0_0.jpg,reference,43353-747,54;840,True,qwen,54 840,1,1,1.0,1,0.0,1,54 840,54 840
D:/Data/ePillID_data/ePillID_data\classification_data\segmented_nih_pills_224/43353-747_0_1.jpg,reference,43353-747,54;840,False,qwen,T,0,0,0.0,0,1.0,0,T,54 840
D:/Data/ePillID_data/ePillID_data\classification_data\segmented_nih_pills_224/43353-769_0_0.jpg,reference,43353-769,271;KU,True,qwen,KU,0,1,0.5,0,0.6,0,KU,271 KU
D:/Data/ePillID_data/ePillID_data\classification_data\segmented_nih_pills_224/43353-769_0_1.jpg,reference,43353-769,271;KU,False,qwen,271,0,1,0.5,0,0.4,0,271,271 KU
D:/Data/ePillID_data/ePillID_data\classification_data\segmented_nih_pills_224/43353-926_0_0.jpg,reference,43353-926,717,True,qwen,TEZCOR,0,0,0.0,0,2.0,0,TEZCOR,717
D:/Data/ePillID_data/ePillID_data\classification_data\segmented_nih_pills_224/43353-926_0_1.jpg,reference,43353-926,717,False,qwen,717,1,1,1.0,1,0.0,1,717,717
D:/Data/ePillID_data/ePillID_data\classification_data\segmented_nih_pills_224/43353-961_0_0.jpg,reference,43353-961,MYLAN;183;20,True,qwen,MYLAN 183,0,0,0.6666666666666666,0,0.2,0,MYLAN 183,MYLAN 183 20
D:/Data/ePillID_data/ePillID_data\classification_data\segmented_nih_pills_224/43353-961_0_1.jpg,reference,43353-961,MYLAN;183;20,False,qwen,20,0,1,0.3333333333333333,0,0.8,0,20,MYLAN 183 20
D:/Data/ePillID_data/ePillID_data\classification_data\segmented_nih_pills_224/43353-978_0_0.jpg,reference,43353-978,832;38,True,qwen,832,0,1,0.5,0,0.4,0,832,832 38
D:/Data/ePillID_data/ePillID_data\classification_data\segmented_nih_pills_224/43353-978_0_1.jpg,reference,43353-978,832;38,False,qwen,3 8,0,0,0.0,0,0.6,0,3 8,832 38
D:/Data/ePillID_data/ePillID_data\classification_data\segmented_nih_pills_224/43478-903_0_0.jpg,reference,43478-903,AK;160,True,qwen,AK 160,1,1,1.0,1,0.0,1,AK 160,AK 160
D:/Data/ePillID_data/ePillID_data\classification_data\segmented_nih_pills_224/43478-903_0_1.jpg,reference,43478-903,AK;160,False,qwen,G342,0,0,0.0,0,1.0,0,G342,AK 160
D:/Data/ePillID_data/ePillID_data\classification_data\segmented_nih_pills_224/43547-275_0_0.jpg,reference,43547-275,HH205,True,qwen,HH205,1,1,1.0,1,0.0,1,HH205,HH205
D:/Data/ePillID_data/ePillID_data\classification_data\segmented_nih_pills_224/43547-275_0_1.jpg,reference,43547-275,HH205,False,qwen,T,0,0,0.0,0,1.0,0,T,HH205
D:/Data/ePillID_data/ePillID_data\classification_data\segmented_nih_pills_224/43547-367_0_0.jpg,reference,43547-367,HH;341,True,qwen,HH,0,1,0.5,0,0.6,0,HH,HH 341
D:/Data/ePillID_data/ePillID_data\classification_data\segmented_nih_pills_224/43547-367_0_1.jpg,reference,43547-367,HH;341,False,qwen,3 41,0,0,0.0,0,0.4,0,3 41,HH 341
D:/Data/ePillID_data/ePillID_data\classification_data\segmented_nih_pills_224/43547-369_0_0.jpg,reference,43547-369,HH;343,True,qwen,HH,0,1,0.5,0,0.6,0,HH,HH 343
D:/Data/ePillID_data/ePillID_data\classification_data\segmented_nih_pills_224/43547-369_0_1.jpg,reference,43547-369,HH;343,False,qwen,343,0,1,0.5,0,0.4,0,343,HH 343
D:/Data/ePillID_data/ePillID_data\classification_data\segmented_nih_pills_224/44946-1008_0_0.jpg,reference,44946-1008,SCI;6,True,qwen,SCI,0,1,0.5,0,0.25,0,SCI,SCI 6
D:/Data/ePillID_data/ePillID_data\classification_data\segmented_nih_pills_224/44946-1008_0_1.jpg,reference,44946-1008,SCI;6,False,qwen,6,0,1,0.5,0,0.75,0,6,SCI 6
D:/Data/ePillID_data/ePillID_data\classification_data\segmented_nih_pills_224/45865-471_0_0.jpg,reference,45865-471,P;500,True,qwen,P,0,1,0.5,0,0.75,0,P,P 500
D:/Data/ePillID_data/ePillID_data\classification_data\segmented_nih_pills_224/45865-471_0_1.jpg,reference,45865-471,P;500,False,qwen,500,0,1,0.5,0,0.25,0,500,P 500
D:/Data/ePillID_data/ePillID_data\classification_data\segmented_nih_pills_224/45865-670_0_0.jpg,reference,45865-670,5093;V,True,qwen,V,0,1,0.5,0,0.8,0,V,5093 V
D:/Data/ePillID_data/ePillID_data\classification_data\segmented_nih_pills_224/45865-670_0_1.jpg,reference,45865-670,5093;V,False,qwen,5093,0,1,0.5,0,0.2,0,5093,5093 V
D:/Data/ePillID_data/ePillID_data\classification_data\segmented_nih_pills_224/47335-539_0_0.jpg,reference,47335-539,S;500,True,qwen,S,0,1,0.5,0,0.75,0,S,S 500
D:/Data/ePillID_data/ePillID_data\classification_data\segmented_nih_pills_224/47335-539_0_1.jpg,reference,47335-539,S;500,False,qwen,500,0,1,0.5,0,0.25,0,500,S 500
D:/Data/ePillID_data/ePillID_data\classification_data\segmented_nih_pills_224/47781-103_0_0.jpg,reference,47781-103,ID;150,True,qwen,ID,0,1,0.5,0,0.6,0,ID,ID 150
D:/Data/ePillID_data/ePillID_data\classification_data\segmented_nih_pills_224/47781-103_0_1.jpg,reference,47781-103,ID;150,False,qwen,150,0,1,0.5,0,0.4,0,150,ID 150
D:/Data/ePillID_data/ePillID_data\classification_data\segmented_nih_pills_224/49884-413_0_0.jpg,reference,49884-413,257,True,qwen,257,1,1,1.0,1,0.0,1,257,257
D:/Data/ePillID_data/ePillID_data\classification_data\segmented_nih_pills_224/49884-413_0_1.jpg,reference,49884-413,257,False,qwen,B 1,0,0,0.0,0,1.0,0,B 1,257
D:/Data/ePillID_data/ePillID_data\classification_data\segmented_nih_pills_224/49884-455_0_0.jpg,reference,49884-455,par;455,True,qwen,PLIVA 455,0,0,0.5,0,0.6666666666666666,0,PLIVA 455,PAR 455
D:/Data/ePillID_data/ePillID_data\classification_data\segmented_nih_pills_224/49884-455_0_1.jpg,reference,49884-455,par;455,False,qwen,G342,0,0,0.0,0,0.8333333333333334,0,G342,PAR 455
D:/Data/ePillID_data/ePillID_data\classification_data\segmented_nih_pills_224/50090-0513_0_0.jpg,reference,50090-513,555;483;barr,True,qwen,BARR,0,1,0.3333333333333333,0,0.6,0,BARR,555 483 BARR
D:/Data/ePillID_data/ePillID_data\classification_data\segmented_nih_pills_224/50090-0513_0_1.jpg,reference,50090-513,555;483;barr,False,qwen,555 483,0,0,0.6666666666666666,0,0.4,0,555 483,555 483 BARR
D:/Data/ePillID_data/ePillID_data\classification_data\segmented_nih_pills_224/50090-0848_0_0.jpg,reference,50090-848,56;C,True,qwen,C 5,0,0,0.5,0,1.0,0,C 5,56 C
D:/Data/ePillID_data/ePillID_data\classification_data\segmented_nih_pills_224/50090-0848_0_1.jpg,reference,50090-848,56;C,False,qwen,5 6,0,0,0.0,0,0.3333333333333333,0,5 6,56 C
D:/Data/ePillID_data/ePillID_data\classification_data\segmented_nih_pills_224/50090-1101_0_0.jpg,reference,50090-1101,15;mg;C;Cephalon,True,qwen,15 MG,0,0,0.5,0,0.6923076923076923,0,15 MG,15 MG C CEPHALON
D:/Data/ePillID_data/ePillID_data\classification_data\segmented_nih_pills_224/50090-1101_0_1.jpg,reference,50090-1101,15;mg;C;Cephalon,False,qwen,THALON 5 MG,0,0,0.25,0,0.8461538461538461,0,THALON 5 MG,15 MG C CEPHALON
D:/Data/ePillID_data/ePillID_data\classification_data\segmented_nih_pills_224/50090-1112_0_0.jpg,reference,50090-1112,202;IG,True,qwen,IG,0,1,0.5,0,0.6,0,IG,202 IG
D:/Data/ePillID_data/ePillID_data\classification_data\segmented_nih_pills_224/50090-1112_0_1.jpg,reference,50090-1112,202;IG,False,qwen,202,0,1,0.5,0,0.4,0,202,202 IG
D:/Data/ePillID_data/ePillID_data\classification_data\segmented_nih_pills_224/50090-1594_0_0.jpg,reference,50090-1594,G5;10,True,qwen,G5,0,1,0.5,0,0.5,0,G5,G5 10
D:/Data/ePillID_data/ePillID_data\classification_data\segmented_nih_pills_224/50090-1594_0_1.jpg,reference,50090-1594,G5;10,False,qwen,10,0,1,0.5,0,0.5,0,10,G5 10
D:/Data/ePillID_data/ePillID_data\classification_data\segmented_nih_pills_224/50090-1950_0_0.jpg,reference,50090-1950,AN;511,True,qwen,AN 511,1,1,1.0,1,0.0,1,AN 511,AN 511
D:/Data/ePillID_data/ePillID_data\classification_data\segmented_nih_pills_224/50090-1950_0_1.jpg,reference,50090-1950,AN;511,False,qwen,T,0,0,0.0,0,1.0,0,T,AN 511
D:/Data/ePillID_data/ePillID_data\classification_data\segmented_nih_pills_224/50268-087_0_0.jpg,reference,50268-87,I;94,True,qwen,I,0,1,0.5,0,0.6666666666666666,0,I,I 94
D:/Data/ePillID_data/ePillID_data\classification_data\segmented_nih_pills_224/50268-087_0_1.jpg,reference,50268-87,I;94,False,qwen,94,0,1,0.5,0,0.3333333333333333,0,94,I 94
D:/Data/ePillID_data/ePillID_data\classification_data\segmented_nih_pills_224/50268-091_0_0.jpg,reference,50268-91,I;98,True,qwen,I,0,1,0.5,0,0.6666666666666666,0,I,I 98
D:/Data/ePillID_data/ePillID_data\classification_data\segmented_nih_pills_224/50268-091_0_1.jpg,reference,50268-91,I;98,False,qwen,98,0,1,0.5,0,0.3333333333333333,0,98,I 98
D:/Data/ePillID_data/ePillID_data\classification_data\segmented_nih_pills_224/50268-330_0_0.jpg,reference,50268-330,7033,True,qwen,7033,1,1,1.0,1,0.0,1,7033,7033
D:/Data/ePillID_data/ePillID_data\classification_data\segmented_nih_pills_224/50268-330_0_1.jpg,reference,50268-330,7033,False,qwen,AS,0,0,0.0,0,1.0,0,AS,7033
D:/Data/ePillID_data/ePillID_data\classification_data\segmented_nih_pills_224/50268-531_0_0.jpg,reference,50268-531,IP;178,True,qwen,IP 178,1,1,1.0,1,0.0,1,IP 178,IP 178
D:/Data/ePillID_data/ePillID_data\classification_data\segmented_nih_pills_224/50268-531_0_1.jpg,reference,50268-531,IP;178,False,qwen,G3,0,0,0.0,0,1.0,0,G3,IP 178
D:/Data/ePillID_data/ePillID_data\classification_data\segmented_nih_pills_224/50268-532_0_0.jpg,reference,50268-532,IP;179,True,qwen,IP 179,1,1,1.0,1,0.0,1,IP 179,IP 179
D:/Data/ePillID_data/ePillID_data\classification_data\segmented_nih_pills_224/50268-532_0_1.jpg,reference,50268-532,IP;179,False,qwen,E 1,0,0,0.0,0,0.8,0,E 1,IP 179
D:/Data/ePillID_data/ePillID_data\classification_data\segmented_nih_pills_224/50268-609_0_0.jpg,reference,50268-609,APO;OLA;2;5,True,qwen,APO,0,1,0.25,0,0.625,0,APO,APO OLA 2 5
D:/Data/ePillID_data/ePillID_data\classification_data\segmented_nih_pills_224/50268-609_0_1.jpg,reference,50268-609,APO;OLA;2;5,False,qwen,OLA 2 5,0,0,0.75,0,0.375,0,OLA 2 5,APO OLA 2 5
D:/Data/ePillID_data/ePillID_data\classification_data\segmented_nih_pills_224/50268-628_0_0.jpg,reference,50268-628,KU;271,True,qwen,KU,0,1,0.5,0,0.6,0,KU,KU 271
D:/Data/ePillID_data/ePillID_data\classification_data\segmented_nih_pills_224/50268-628_0_1.jpg,reference,50268-628,KU;271,False,qwen,271,0,1,0.5,0,0.4,0,271,KU 271
D:/Data/ePillID_data/ePillID_data\classification_data\segmented_nih_pills_224/50383-172_0_0.jpg,reference,50383-172,LC;77,True,qwen,LC 77,1,1,1.0,1,0.0,1,LC 77,LC 77
D:/Data/ePillID_data/ePillID_data\classification_data\segmented_nih_pills_224/50383-172_0_1.jpg,reference,50383-172,LC;77,False,qwen,PLAIN,0,0,0.0,0,1.0,0,PLAIN,LC 77
D:/Data/ePillID_data/ePillID_data\classification_data\segmented_nih_pills_224/50436-0170_0_0.jpg,reference,50436-170,20,True,qwen,20,1,1,1.0,1,0.0,1,20,20
D:/Data/ePillID_data/ePillID_data\classification_data\segmented_nih_pills_224/50436-0170_0_1.jpg,reference,50436-170,20,False,qwen,T,0,0,0.0,0,1.0,0,T,20
D:/Data/ePillID_data/ePillID_data\classification_data\segmented_nih_pills_224/50436-1873_0_0.jpg,reference,50436-1873,TV;2204,True,qwen,TV,0,1,0.5,0,0.6666666666666666,0,TV,TV 2204
D:/Data/ePillID_data/ePillID_data\classification_data\segmented_nih_pills_224/50436-1873_0_1.jpg,reference,50436-1873,TV;2204,False,qwen,2204,0,1,0.5,0,0.3333333333333333,0,2204,TV 2204
D:/Data/ePillID_data/ePillID_data\classification_data\segmented_nih_pills_224/50436-3922_0_0.jpg,reference,50436-3922,LCI;1413,True,qwen,LCI,0,1,0.5,0,0.5714285714285714,0,LCI,LCI 1413
D:/Data/ePillID_data/ePillID_data\classification_data\segmented_nih_pills_224/50436-3922_0_1.jpg,reference,50436-3922,LCI;1413,False,qwen,1413,0,1,0.5,0,0.42857142857142855,0,1413,LCI 1413
D:/Data/ePillID_data/ePillID_data\classification_data\segmented_nih_pills_224/50436-9802_0_0.jpg,reference,50436-9802,2631;V,True,qwen,V,0,1,0.5,0,0.8,0,V,2631 V
D:/Data/ePillID_data/ePillID_data\classification_data\segmented_nih_pills_224/50436-9802_0_1.jpg,reference,50436-9802,2631;V,False,qwen,2631,0,1,0.5,0,0.2,0,2631,2631 V
D:/Data/ePillID_data/ePillID_data\classification_data\segmented_nih_pills_224/50436-9993_0_0.jpg,reference,50436-9993,FL;25,True,qwen,FL,0,1,0.5,0,0.5,0,FL,FL 25
D:/Data/ePillID_data/ePillID_data\classification_data\segmented_nih_pills_224/50436-9993_0_1.jpg,reference,50436-9993,FL;25,False,qwen,25,0,1,0.5,0,0.5,0,25,FL 25
D:/Data/ePillID_data/ePillID_data\classification_data\segmented_nih_pills_224/50458-140_0_0.jpg,reference,50458-140,CFZ;100,True,qwen,CFZ,0,1,0.5,0,0.5,0,CFZ,CFZ 100
D:/Data/ePillID_data/ePillID_data\classification_data\segmented_nih_pills_224/50458-140_0_1.jpg,reference,50458-140,CFZ;100,False,qwen,100,0,1,0.5,0,0.5,0,100,CFZ 100
D:/Data/ePillID_data/ePillID_data\classification_data\segmented_nih_pills_224/50532-115_0_0.jpg,reference,50532-115,AP;115,True,qwen,AP,0,1,0.5,0,0.6,0,AP,AP 115
D:/Data/ePillID_data/ePillID_data\classification_data\segmented_nih_pills_224/50532-115_0_1.jpg,reference,50532-115,AP;115,False,qwen,115,0,1,0.5,0,0.4,0,115,AP 115
D:/Data/ePillID_data/ePillID_data\classification_data\segmented_nih_pills_224/50844-175_0_0.jpg,reference,50844-175,44;175,True,qwen,44 175,1,1,1.0,1,0.0,1,44 175,44 175
D:/Data/ePillID_data/ePillID_data\classification_data\segmented_nih_pills_224/50844-175_0_1.jpg,reference,50844-175,44;175,False,qwen,T,0,0,0.0,0,1.0,0,T,44 175
D:/Data/ePillID_data/ePillID_data\classification_data\segmented_nih_pills_224/50844-293_0_0.jpg,reference,50844-293,A99,True,qwen,A99,1,1,1.0,1,0.0,1,A99,A99
D:/Data/ePillID_data/ePillID_data\classification_data\segmented_nih_pills_224/50844-293_0_1.jpg,reference,50844-293,A99,False,qwen,D 001,0,0,0.0,0,1.3333333333333333,0,D 001,A99
D:/Data/ePillID_data/ePillID_data\classification_data\segmented_nih_pills_224/50844-411_0_0.jpg,reference,50844-411,411,True,qwen,411,1,1,1.0,1,0.0,1,411,411
D:/Data/ePillID_data/ePillID_data\classification_data\segmented_nih_pills_224/50844-411_0_1.jpg,reference,50844-411,411,False,qwen,RED,0,0,0.0,0,1.0,0,RED,411
D:/Data/ePillID_data/ePillID_data\classification_data\segmented_nih_pills_224/51079-147_0_0.jpg,reference,51079-147,M;37,True,qwen,M 37,1,1,1.0,1,0.0,1,M 37,M 37
D:/Data/ePillID_data/ePillID_data\classification_data\segmented_nih_pills_224/51079-147_0_1.jpg,reference,51079-147,M;37,False,qwen,T,0,0,0.0,0,1.0,0,T,M 37
D:/Data/ePillID_data/ePillID_data\classification_data\segmented_nih_pills_224/51079-466_0_0.jpg,reference,51079-466,G;DS;50,True,qwen,G DS 50,1,1,1.0,1,0.0,1,G DS 50,G DS 50
D:/Data/ePillID_data/ePillID_data\classification_data\segmented_nih_pills_224/51079-466_0_1.jpg,reference,51079-466,G;DS;50,False,qwen,G3,0,0,0.0,0,0.8,0,G3,G DS 50
D:/Data/ePillID_data/ePillID_data\classification_data\segmented_nih_pills_224/51079-547_0_0.jpg,reference,51079-547,M;753,True,qwen,M 753,1,1,1.0,1,0.0,1,M 753,M 753
D:/Data/ePillID_data/ePillID_data\classification_data\segmented_nih_pills_224/51079-547_0_1.jpg,reference,51079-547,M;753,False,qwen,TEAL BLUE,0,0,0.0,0,2.0,0,TEAL BLUE,M 753
D:/Data/ePillID_data/ePillID_data\classification_data\segmented_nih_pills_224/51079-899_0_0.jpg,reference,51079-899,M;312,True,qwen,M 312,1,1,1.0,1,0.0,1,M 312,M 312
D:/Data/ePillID_data/ePillID_data\classification_data\segmented_nih_pills_224/51079-899_0_1.jpg,reference,51079-899,M;312,False,qwen,N,0,0,0.0,0,1.0,0,N,M 312
D:/Data/ePillID_data/ePillID_data\classification_data\segmented_nih_pills_224/51079-923_0_0.jpg,reference,51079-923,MYLAN;9;4,True,qwen,MYLAN,0,1,0.3333333333333333,0,0.2857142857142857,0,MYLAN,MYLAN 9 4
D:/Data/ePillID_data/ePillID_data\classification_data\segmented_nih_pills_224/51079-923_0_1.jpg,reference,51079-923,MYLAN;9;4,False,qwen,9 4,0,0,0.6666666666666666,0,0.7142857142857143,0,9 4,MYLAN 9 4
D:/Data/ePillID_data/ePillID_data\classification_data\segmented_nih_pills_224/51525-5901_0_0.jpg,reference,51525-5901,WP;5901,True,qwen,WP 5901,1,1,1.0,1,0.0,1,WP 5901,WP 5901
D:/Data/ePillID_data/ePillID_data\classification_data\segmented_nih_pills_224/51525-5901_0_1.jpg,reference,51525-5901,WP;5901,False,qwen,G3,0,0,0.0,0,1.0,0,G3,WP 5901
D:/Data/ePillID_data/ePillID_data\classification_data\segmented_nih_pills_224/51655-129_0_0.jpg,reference,51655-129,A;TF,True,qwen,A TF,1,1,1.0,1,0.0,1,A TF,A TF
D:/Data/ePillID_data/ePillID_data\classification_data\segmented_nih_pills_224/51655-129_0_1.jpg,reference,51655-129,A;TF,False,qwen,T,0,0,0.0,0,0.6666666666666666,0,T,A TF
D:/Data/ePillID_data/ePillID_data\classification_data\segmented_nih_pills_224/51655-641_0_0.jpg,reference,51655-641,19,True,qwen,19,1,1,1.0,1,0.0,1,19,19
D:/Data/ePillID_data/ePillID_data\classification_data\segmented_nih_pills_224/51655-641_0_1.jpg,reference,51655-641,19,False,qwen,G342,0,0,0.0,0,2.0,0,G342,19
D:/Data/ePillID_data/ePillID_data\classification_data\segmented_nih_pills_224/51862-558_0_0.jpg,reference,51862-558,D;D,True,qwen,DID,0,0,0.0,0,0.5,0,DID,D D
D:/Data/ePillID_data/ePillID_data\classification_data\segmented_nih_pills_224/51862-558_0_1.jpg,reference,51862-558,D;D,False,qwen,JELLO,0,0,0.0,0,2.5,0,JELLO,D D
D:/Data/ePillID_data/ePillID_data\classification_data\segmented_nih_pills_224/52125-816_0_0.jpg,reference,52125-816,I;2,True,qwen,1 2,0,0,0.5,0,0.5,0,1 2,I 2
D:/Data/ePillID_data/ePillID_data\classification_data\segmented_nih_pills_224/52125-816_0_1.jpg,reference,52125-816,I;2,False,qwen,V,0,0,0.0,0,1.0,0,V,I 2
D:/Data/ePillID_data/ePillID_data\classification_data\segmented_nih_pills_224/52544-629_0_0.jpg,reference,52544-629,Watson;629,True,qwen,WATSON 629,1,1,1.0,1,0.0,1,WATSON 629,WATSON 629
D:/Data/ePillID_data/ePillID_data\classification_data\segmented_nih_pills_224/52544-629_0_1.jpg,reference,52544-629,Watson;629,False,qwen,G3,0,0,0.0,0,1.0,0,G3,WATSON 629
D:/Data/ePillID_data/ePillID_data\classification_data\segmented_nih_pills_224/52959-398_0_0.jpg,reference,52959-398,93;756,True,qwen,93 756 93 756,0,0,1.0,1,1.0,1,93 756 93 756,93 756
D:/Data/ePillID_data/ePillID_data\classification_data\segmented_nih_pills_224/52959-398_0_1.jpg,reference,52959-398,93;756,False,qwen,G342,0,0,0.0,0,0.8,0,G342,93 756
D:/Data/ePillID_data/ePillID_data\classification_data\segmented_nih_pills_224/52959-919_0_0.jpg,reference,52959-919,S191,True,qwen,S191,1,1,1.0,1,0.0,1,S191,S191
D:/Data/ePillID_data/ePillID_data\classification_data\segmented_nih_pills_224/52959-919_0_1.jpg,reference,52959-919,S191,False,qwen,M,0,0,0.0,0,1.0,0,M,S191
D:/Data/ePillID_data/ePillID_data\classification_data\segmented_nih_pills_224/53489-517_0_0.jpg,reference,53489-517,MP;168;25;25;50;50,True,qwen,MP 168,0,0,0.3333333333333333,0,0.6153846153846154,0,MP 168,MP 168 25 25 50 50
D:/Data/ePillID_data/ePillID_data\classification_data\segmented_nih_pills_224/53489-517_0_1.jpg,reference,53489-517,MP;168;25;25;50;50,False,qwen,25 25 50 50,0,0,0.6666666666666666,0,0.38461538461538464,0,25 25 50 50,MP 168 25 25 50 50
D:/Data/ePillID_data/ePillID_data\classification_data\segmented_nih_pills_224/53808-0231_0_0.jpg,reference,53808-231,R128,True,qwen,R 1,0,0,0.0,0,0.5,0,R 1,R128
D:/Data/ePillID_data/ePillID_data\classification_data\segmented_nih_pills_224/53808-0231_0_1.jpg,reference,53808-231,R128,False,qwen,23,0,0,0.0,0,0.75,0,23,R128
D:/Data/ePillID_data/ePillID_data\classification_data\segmented_nih_pills_224/53808-0272_0_0.jpg,reference,53808-272,41,True,qwen,IP 131,0,0,0.0,0,2.0,0,IP 131,41
D:/Data/ePillID_data/ePillID_data\classification_data\segmented_nih_pills_224/53808-0272_0_1.jpg,reference,53808-272,41,False,qwen,400,0,0,0.0,0,1.0,0,400,41
D:/Data/ePillID_data/ePillID_data\classification_data\segmented_nih_pills_224/53808-0344_0_0.jpg,reference,53808-344,Z;67,True,qwen,Z 67,1,1,1.0,1,0.0,1,Z 67,Z 67
D:/Data/ePillID_data/ePillID_data\classification_data\segmented_nih_pills_224/53808-0344_0_1.jpg,reference,53808-344,Z;67,False,qwen,POLYPROPYLENE,0,0,0.0,0,4.333333333333333,0,POLYPROPYLENE,Z 67
D:/Data/ePillID_data/ePillID_data\classification_data\segmented_nih_pills_224/53808-0483_0_0.jpg,reference,53808-483,APO;MI;30,True,qwen,APO,0,1,0.3333333333333333,0,0.5714285714285714,0,APO,APO MI 30
D:/Data/ePillID_data/ePillID_data\classification_data\segmented_nih_pills_224/53808-0483_0_1.jpg,reference,53808-483,APO;MI;30,False,qwen,MI 30,0,0,0.6666666666666666,0,0.42857142857142855,0,MI 30,APO MI 30
D:/Data/ePillID_data/ePillID_data\classification_data\segmented_nih_pills_224/53808-0626_0_0.jpg,reference,53808-626,GG227,True,qwen,GG227,1,1,1.0,1,0.0,1,GG227,GG227
D:/Data/ePillID_data/ePillID_data\classification_data\segmented_nih_pills_224/53808-0626_0_1.jpg,reference,53808-626,GG227,False,qwen,G3,0,0,0.0,0,0.8,0,G3,GG227
D:/Data/ePillID_data/ePillID_data\classification_data\segmented_nih_pills_224/53808-0807_0_0.jpg,reference,53808-807,7301,True,qwen,BOW,0,0,0.0,0,1.0,0,BOW,7301
D:/Data/ePillID_data/ePillID_data\classification_data\segmented_nih_pills_224/53808-0807_0_1.jpg,reference,53808-807,7301,False,qwen,7301,1,1,1.0,1,0.0,1,7301,7301
D:/Data/ePillID_data/ePillID_data\classification_data\segmented_nih_pills_224/53808-0942_0_0.jpg,reference,53808-942,GXL;10,True,qwen,GXL 10,1,1,1.0,1,0.0,1,GXL 10,GXL 10
D:/Data/ePillID_data/ePillID_data\classification_data\segmented_nih_pills_224/53808-0942_0_1.jpg,reference,53808-942,GXL;10,False,qwen,T,0,0,0.0,0,1.0,0,T,GXL 10
D:/Data/ePillID_data/ePillID_data\classification_data\segmented_nih_pills_224/53808-1054_0_0.jpg,reference,53808-1054,M;L;6,True,qwen,M,0,1,0.3333333333333333,0,0.6666666666666666,0,M,M L 6
D:/Data/ePillID_data/ePillID_data\classification_data\segmented_nih_pills_224/53808-1054_0_1.jpg,reference,53808-1054,M;L;6,False,qwen,L 6,0,0,0.6666666666666666,0,0.3333333333333333,0,L 6,M L 6
D:/Data/ePillID_data/ePillID_data\classification_data\segmented_nih_pills_224/54458-916_0_0.jpg,reference,54458-916,926;93,True,qwen,TEVA,0,0,0.0,0,1.0,0,TEVA,926 93
D:/Data/ePillID_data/ePillID_data\classification_data\segmented_nih_pills_224/54458-916_0_1.jpg,reference,54458-916,926;93,False,qwen,926,0,1,0.5,0,0.4,0,926,926 93
D:/Data/ePillID_data/ePillID_data\classification_data\segmented_nih_pills_224/54505-332_0_0.jpg,reference,54505-332,CP;332,True,qwen,CP 332,1,1,1.0,1,0.0,1,CP 332,CP 332
D:/Data/ePillID_data/ePillID_data\classification_data\segmented_nih_pills_224/54505-332_0_1.jpg,reference,54505-332,CP;332,False,qwen,T,0,0,0.0,0,1.0,0,T,CP 332
D:/Data/ePillID_data/ePillID_data\classification_data\segmented_nih_pills_224/54868-1744_0_0.jpg,reference,54868-1744,54;943,True,qwen,54 943,1,1,1.0,1,0.0,1,54 943,54 943
D:/Data/ePillID_data/ePillID_data\classification_data\segmented_nih_pills_224/54868-1744_0_1.jpg,reference,54868-1744,54;943,False,qwen,G342,0,0,0.0,0,0.8,0,G342,54 943
D:/Data/ePillID_data/ePillID_data\classification_data\segmented_nih_pills_224/54868-2077_0_0.jpg,reference,54868-2077,L9CZ;5,True,qwen,L9CZ 5,1,1,1.0,1,0.0,1,L9CZ 5,L9CZ 5
D:/Data/ePillID_data/ePillID_data\classification_data\segmented_nih_pills_224/54868-2077_0_1.jpg,reference,54868-2077,L9CZ;5,False,qwen,N,0,0,0.0,0,1.0,0,N,L9CZ 5
D:/Data/ePillID_data/ePillID_data\classification_data\segmented_nih_pills_224/54868-2126_0_0.jpg,reference,54868-2126,3925;TEVA,True,qwen,TEVA,0,1,0.5,0,0.5,0,TEVA,3925 TEVA
D:/Data/ePillID_data/ePillID_data\classification_data\segmented_nih_pills_224/54868-2126_0_1.jpg,reference,54868-2126,3925;TEVA,False,qwen,3925,0,1,0.5,0,0.5,0,3925,3925 TEVA
D:/Data/ePillID_data/ePillID_data\classification_data\segmented_nih_pills_224/54868-4059_0_0.jpg,reference,54868-4059,TARO;89,True,qwen,TARO,0,1,0.5,0,0.3333333333333333,0,TARO,TARO 89
D:/Data/ePillID_data/ePillID_data\classification_data\segmented_nih_pills_224/54868-4059_0_1.jpg,reference,54868-4059,TARO;89,False,qwen,89,0,1,0.5,0,0.6666666666666666,0,89,TARO 89
D:/Data/ePillID_data/ePillID_data\classification_data\segmented_nih_pills_224/54868-4198_0_0.jpg,reference,54868-4198,SB;4,True,qwen,B 3,0,0,0.0,0,0.6666666666666666,0,B 3,SB 4
D:/Data/ePillID_data/ePillID_data\classification_data\segmented_nih_pills_224/54868-4198_0_1.jpg,reference,54868-4198,SB;4,False,qwen,L 4,0,0,0.5,0,0.6666666666666666,0,L 4,SB 4
D:/Data/ePillID_data/ePillID_data\classification_data\segmented_nih_pills_224/54868-4263_0_0.jpg,reference,54868-4263,Par822,True,qwen,PAR 822,0,0,0.0,0,0.0,1,PAR 822,PAR822
D:/Data/ePillID_data/ePillID_data\classification_data\segmented_nih_pills_224/54868-4263_0_1.jpg,reference,54868-4263,Par822,False,qwen,POLYPROPYLENE,0,0,0.0,0,1.8333333333333333,0,POLYPROPYLENE,PAR822
D:/Data/ePillID_data/ePillID_data\classification_data\segmented_nih_pills_224/54868-4421_0_0.jpg,reference,54868-4421,39;SB,True,qwen,G34,0,0,0.0,0,1.0,0,G34,39 SB
D:/Data/ePillID_data/ePillID_data\classification_data\segmented_nih_pills_224/54868-4421_0_1.jpg,reference,54868-4421,39;SB,False,qwen,931,0,0,0.0,0,0.75,0,931,39 SB
D:/Data/ePillID_data/ePillID_data\classification_data\segmented_nih_pills_224/54868-4540_0_0.jpg,reference,54868-4540,H8,True,qwen,H8,1,1,1.0,1,0.0,1,H8,H8
D:/Data/ePillID_data/ePillID_data\classification_data\segmented_nih_pills_224/54868-4540_0_1.jpg,reference,54868-4540,H8,False,qwen,N,0,0,0.0,0,1.0,0,N,H8
D:/Data/ePillID_data/ePillID_data\classification_data\segmented_nih_pills_224/54868-4673_0_0.jpg,reference,54868-4673,LAMICTAL;25,True,qwen,LAMICTAL 75,0,0,0.5,0,0.1,0,LAMICTAL 75,LAMICTAL 25
D:/Data/ePillID_data/ePillID_data\classification_data\segmented_nih_pills_224/54868-4673_0_1.jpg,reference,54868-4673,LAMICTAL;25,False,qwen,3750,0,0,0.0,0,1.0,0,3750,LAMICTAL 25
D:/Data/ePillID_data/ePillID_data\classification_data\segmented_nih_pills_224/54868-5250_0_0.jpg,reference,54868-5250,311,True,qwen,311,1,1,1.0,1,0.0,1,311,311
D:/Data/ePillID_data/ePillID_data\classification_data\segmented_nih_pills_224/54868-5250_0_1.jpg,reference,54868-5250,311,False,qwen,G3,0,0,0.0,0,1.0,0,G3,311
D:/Data/ePillID_data/ePillID_data\classification_data\segmented_nih_pills_224/54868-5282_0_0.jpg,reference,54868-5282,P02,True,qwen,P 02,0,0,0.0,0,0.0,1,P 02,P02
D:/Data/ePillID_data/ePillID_data\classification_data\segmented_nih_pills_224/54868-5282_0_1.jpg,reference,54868-5282,P02,False,qwen,3750,0,0,0.0,0,1.3333333333333333,0,3750,P02
D:/Data/ePillID_data/ePillID_data\classification_data\segmented_nih_pills_224/54868-5738_0_0.jpg,reference,54868-5738,131,True,qwen,131,1,1,1.0,1,0.0,1,131,131
D:/Data/ePillID_data/ePillID_data\classification_data\segmented_nih_pills_224/54868-5738_0_1.jpg,reference,54868-5738,131,False,qwen,E,0,0,0.0,0,1.0,0,E,131
D:/Data/ePillID_data/ePillID_data\classification_data\segmented_nih_pills_224/54868-5840_0_0.jpg,reference,54868-5840,277,True,qwen,277,1,1,1.0,1,0.0,1,277,277
D:/Data/ePillID_data/ePillID_data\classification_data\segmented_nih_pills_224/54868-5840_0_1.jpg,reference,54868-5840,277,False,qwen,T,0,0,0.0,0,1.0,0,T,277
D:/Data/ePillID_data/ePillID_data\classification_data\segmented_nih_pills_224/54868-6014_0_0.jpg,reference,54868-6014,S;711,True,qwen,S,0,1,0.5,0,0.75,0,S,S 711
D:/Data/ePillID_data/ePillID_data\classification_data\segmented_nih_pills_224/54868-6014_0_1.jpg,reference,54868-6014,S;711,False,qwen,711,0,1,0.5,0,0.25,0,711,S 711
D:/Data/ePillID_data/ePillID_data\classification_data\segmented_nih_pills_224/54868-6129_0_0.jpg,reference,54868-6129,G;13;9,True,qwen,G 1,0,0,0.3333333333333333,0,0.5,0,G 1,G 13 9
D:/Data/ePillID_data/ePillID_data\classification_data\segmented_nih_pills_224/54868-6129_0_1.jpg,reference,54868-6129,G;13;9,False,qwen,13 9,0,0,0.6666666666666666,0,0.25,0,13 9,G 13 9
D:/Data/ePillID_data/ePillID_data\classification_data\segmented_nih_pills_224/54868-6165_0_0.jpg,reference,54868-6165,E;5,True,qwen,E,0,1,0.5,0,0.5,0,E,E 5
D:/Data/ePillID_data/ePillID_data\classification_data\segmented_nih_pills_224/54868-6165_0_1.jpg,reference,54868-6165,E;5,False,qwen,5,0,1,0.5,0,0.5,0,5,E 5
D:/Data/ePillID_data/ePillID_data\classification_data\segmented_nih_pills_224/55111-322_0_0.jpg,reference,55111-322,RDY;322,True,qwen,RDY,0,1,0.5,0,0.5,0,RDY,RDY 322
D:/Data/ePillID_data/ePillID_data\classification_data\segmented_nih_pills_224/55111-322_0_1.jpg,reference,55111-322,RDY;322,False,qwen,3 22,0,0,0.0,0,0.5,0,3 22,RDY 322
D:/Data/ePillID_data/ePillID_data\classification_data\segmented_nih_pills_224/55111-586_0_0.jpg,reference,55111-586,RDY;586,True,qwen,RDY 586,1,1,1.0,1,0.0,1,RDY 586,RDY 586
D:/Data/ePillID_data/ePillID_data\classification_data\segmented_nih_pills_224/55111-586_0_1.jpg,reference,55111-586,RDY;586,False,qwen,PLAIN,0,0,0.0,0,1.0,0,PLAIN,RDY 586
D:/Data/ePillID_data/ePillID_data\classification_data\segmented_nih_pills_224/55111-625_0_0.jpg,reference,55111-625,R;625,True,qwen,R,0,1,0.5,0,0.75,0,R,R 625
D:/Data/ePillID_data/ePillID_data\classification_data\segmented_nih_pills_224/55111-625_0_1.jpg,reference,55111-625,R;625,False,qwen,625,0,1,0.5,0,0.25,0,625,R 625
D:/Data/ePillID_data/ePillID_data\classification_data\segmented_nih_pills_224/55111-639_0_0.jpg,reference,55111-639,I;73,True,qwen,I73,0,0,0.0,0,0.0,1,I73,I 73
D:/Data/ePillID_data/ePillID_data\classification_data\segmented_nih_pills_224/55111-639_0_1.jpg,reference,55111-639,I;73,False,qwen,T,0,0,0.0,0,1.0,0,T,I 73
D:/Data/ePillID_data/ePillID_data\classification_data\segmented_nih_pills_224/55154-0219_0_0.jpg,reference,55154-219,PREMARIN;09,True,qwen,PREMARIN 09,1,1,1.0,1,0.0,1,PREMARIN 09,PREMARIN 09
D:/Data/ePillID_data/ePillID_data\classification_data\segmented_nih_pills_224/55154-0219_0_1.jpg,reference,55154-219,PREMARIN;09,False,qwen,G3,0,0,0.0,0,1.0,0,G3,PREMARIN 09
D:/Data/ePillID_data/ePillID_data\classification_data\segmented_nih_pills_224/55154-1422_0_0.jpg,reference,55154-1422,10;Xa,True,qwen,XA,0,1,0.5,0,0.5,0,XA,10 XA
D:/Data/ePillID_data/ePillID_data\classification_data\segmented_nih_pills_224/55154-1422_0_1.jpg,reference,55154-1422,10;Xa,False,qwen,10 V,0,0,0.5,0,0.5,0,10 V,10 XA
D:/Data/ePillID_data/ePillID_data\classification_data\segmented_nih_pills_224/55154-4233_0_0.jpg,reference,55154-4233,P;40,True,qwen,PROTONIX,0,0,0.0,0,2.3333333333333335,0,PROTONIX,P 40
D:/Data/ePillID_data/ePillID_data\classification_data\segmented_nih_pills_224/55154-4233_0_1.jpg,reference,55154-4233,P;40,False,qwen,N,0,0,0.0,0,1.0,0,N,P 40
D:/Data/ePillID_data/ePillID_data\classification_data\segmented_nih_pills_224/55154-6157_0_0.jpg,reference,55154-6157,I;3759,True,qwen,I,0,1,0.5,0,0.8,0,I,I 3759
D:/Data/ePillID_data/ePillID_data\classification_data\segmented_nih_pills_224/55154-6157_0_1.jpg,reference,55154-6157,I;3759,False,qwen,3759,0,1,0.5,0,0.2,0,3759,I 3759
D:/Data/ePillID_data/ePillID_data\classification_data\segmented_nih_pills_224/55154-6349_0_0.jpg,reference,55154-6349,100;mg,True,qwen,100 MG,1,1,1.0,1,0.0,1,100 MG,100 MG
D:/Data/ePillID_data/ePillID_data\classification_data\segmented_nih_pills_224/55154-6349_0_1.jpg,reference,55154-6349,100;mg,False,qwen,BIO 500,0,0,0.0,0,1.2,0,BIO 500,100 MG
D:/Data/ePillID_data/ePillID_data\classification_data\segmented_nih_pills_224/55154-7777_0_0.jpg,reference,55154-7777,Mucinex;600,True,qwen,MUCINEX,0,1,0.5,0,0.3,0,MUCINEX,MUCINEX 600
D:/Data/ePillID_data/ePillID_data\classification_data\segmented_nih_pills_224/55154-7777_0_1.jpg,reference,55154-7777,Mucinex;600,False,qwen,600,0,1,0.5,0,0.7,0,600,MUCINEX 600
D:/Data/ePillID_data/ePillID_data\classification_data\segmented_nih_pills_224/55154-9728_0_0.jpg,reference,55154-9728,RENVELA;800,True,qwen,RENVELA 800,1,1,1.0,1,0.0,1,RENVELA 800,RENVELA 800
D:/Data/ePillID_data/ePillID_data\classification_data\segmented_nih_pills_224/55154-9728_0_1.jpg,reference,55154-9728,RENVELA;800,False,qwen,G342,0,0,0.0,0,1.0,0,G342,RENVELA 800
D:/Data/ePillID_data/ePillID_data\classification_data\segmented_nih_pills_224/55289-132_0_0.jpg,reference,55289-132,4,True,qwen,4,1,1,1.0,1,0.0,1,4,4
D:/Data/ePillID_data/ePillID_data\classification_data\segmented_nih_pills_224/55289-132_0_1.jpg,reference,55289-132,4,False,qwen,BLUE,0,0,0.0,0,4.0,0,BLUE,4
D:/Data/ePillID_data/ePillID_data\classification_data\segmented_nih_pills_224/55289-453_0_0.jpg,reference,55289-453,DAYPRO;1381,True,qwen,DAYPRO,0,1,0.5,0,0.4,0,DAYPRO,DAYPRO 1381
D:/Data/ePillID_data/ePillID_data\classification_data\segmented_nih_pills_224/55289-453_0_1.jpg,reference,55289-453,DAYPRO;1381,False,qwen,13 81,0,0,0.0,0,0.6,0,13 81,DAYPRO 1381
D:/Data/ePillID_data/ePillID_data\classification_data\segmented_nih_pills_224/55289-781_0_0.jpg,reference,55289-781,GG977,True,qwen,GG977,1,1,1.0,1,0.0,1,GG977,GG977
D:/Data/ePillID_data/ePillID_data\classification_data\segmented_nih_pills_224/55289-781_0_1.jpg,reference,55289-781,GG977,False,qwen,T,0,0,0.0,0,1.0,0,T,GG977
D:/Data/ePillID_data/ePillID_data\classification_data\segmented_nih_pills_224/55289-959_0_0.jpg,reference,55289-959,G;31,True,qwen,G 31,1,1,1.0,1,0.0,1,G 31,G 31
D:/Data/ePillID_data/ePillID_data\classification_data\segmented_nih_pills_224/55289-959_0_1.jpg,reference,55289-959,G;31,False,qwen,B 1,0,0,0.0,0,0.6666666666666666,0,B 1,G 31
D:/Data/ePillID_data/ePillID_data\classification_data\segmented_nih_pills_224/55695-019_0_0.jpg,reference,55695-19,MSD;32,True,qwen,MSD,0,1,0.5,0,0.4,0,MSD,MSD 32
D:/Data/ePillID_data/ePillID_data\classification_data\segmented_nih_pills_224/55695-019_0_1.jpg,reference,55695-19,MSD;32,False,qwen,32,0,1,0.5,0,0.6,0,32,MSD 32
D:/Data/ePillID_data/ePillID_data\classification_data\segmented_nih_pills_224/55700-208_0_0.jpg,reference,55700-208,TL173,True,qwen,TL173,1,1,1.0,1,0.0,1,TL173,TL173
D:/Data/ePillID_data/ePillID_data\classification_data\segmented_nih_pills_224/55700-208_0_1.jpg,reference,55700-208,TL173,False,qwen,AS,0,0,0.0,0,1.0,0,AS,TL173
D:/Data/ePillID_data/ePillID_data\classification_data\segmented_nih_pills_224/55700-307_0_0.jpg,reference,55700-307,GG165,True,qwen,GG 165,0,0,0.0,0,0.0,1,GG 165,GG165
D:/Data/ePillID_data/ePillID_data\classification_data\segmented_nih_pills_224/55700-307_0_1.jpg,reference,55700-307,GG165,False,qwen,T,0,0,0.0,0,1.0,0,T,GG165
D:/Data/ePillID_data/ePillID_data\classification_data\segmented_nih_pills_224/57664-397_0_0.jpg,reference,57664-397,397,True,qwen,397,1,1,1.0,1,0.0,1,397,397
D:/Data/ePillID_data/ePillID_data\classification_data\segmented_nih_pills_224/57664-397_0_1.jpg,reference,57664-397,397,False,qwen,T,0,0,0.0,0,1.0,0,T,397
D:/Data/ePillID_data/ePillID_data\classification_data\segmented_nih_pills_224/57664-648_0_0.jpg,reference,57664-648,MP;30,True,qwen,MP 30,1,1,1.0,1,0.0,1,MP 30,MP 30
D:/Data/ePillID_data/ePillID_data\classification_data\segmented_nih_pills_224/57664-648_0_1.jpg,reference,57664-648,MP;30,False,qwen,L,0,0,0.0,0,1.0,0,L,MP 30
D:/Data/ePillID_data/ePillID_data\classification_data\segmented_nih_pills_224/57844-208_0_0.jpg,reference,57844-208,93;208;93;208,True,qwen,93 208 93 208,1,1,1.0,1,0.0,1,93 208 93 208,93 208 93 208
D:/Data/ePillID_data/ePillID_data\classification_data\segmented_nih_pills_224/57844-208_0_1.jpg,reference,57844-208,93;208;93;208,False,qwen,T,0,0,0.0,0,1.0,0,T,93 208 93 208
D:/Data/ePillID_data/ePillID_data\classification_data\segmented_nih_pills_224/58118-0032_0_0.jpg,reference,58118-32,9;3;7382,True,qwen,9 3,0,0,0.6666666666666666,0,0.6666666666666666,0,9 3,9 3 7382
D:/Data/ePillID_data/ePillID_data\classification_data\segmented_nih_pills_224/58118-0032_0_1.jpg,reference,58118-32,9;3;7382,False,qwen,7382,0,1,0.3333333333333333,0,0.3333333333333333,0,7382,9 3 7382
D:/Data/ePillID_data/ePillID_data\classification_data\segmented_nih_pills_224/58118-0062_0_0.jpg,reference,58118-62,832;BC20,True,qwen,832 BC20,1,1,1.0,1,0.0,1,832 BC20,832 BC20
D:/Data/ePillID_data/ePillID_data\classification_data\segmented_nih_pills_224/58118-0062_0_1.jpg,reference,58118-62,832;BC20,False,qwen,G3,0,0,0.0,0,0.8571428571428571,0,G3,832 BC20
D:/Data/ePillID_data/ePillID_data\classification_data\segmented_nih_pills_224/58118-0085_0_0.jpg,reference,58118-85,257,True,qwen,257,1,1,1.0,1,0.0,1,257,257
D:/Data/ePillID_data/ePillID_data\classification_data\segmented_nih_pills_224/58118-0085_0_1.jpg,reference,58118-85,257,False,qwen,E 1,0,0,0.0,0,1.0,0,E 1,257
D:/Data/ePillID_data/ePillID_data\classification_data\segmented_nih_pills_224/59746-385_0_0.jpg,reference,59746-385,TL385,True,qwen,TL385,1,1,1.0,1,0.0,1,TL385,TL385
D:/Data/ePillID_data/ePillID_data\classification_data\segmented_nih_pills_224/59746-385_0_1.jpg,reference,59746-385,TL385,False,qwen,PILL,0,0,0.0,0,1.0,0,PILL,TL385
D:/Data/ePillID_data/ePillID_data\classification_data\segmented_nih_pills_224/59762-6002_0_0.jpg,reference,59762-6002,G;5002,True,qwen,DAYPRO,0,0,0.0,0,1.2,0,DAYPRO,G 5002
D:/Data/ePillID_data/ePillID_data\classification_data\segmented_nih_pills_224/59762-6002_0_1.jpg,reference,59762-6002,G;5002,False,qwen,13 81,0,0,0.0,0,1.0,0,13 81,G 5002
D:/Data/ePillID_data/ePillID_data\classification_data\segmented_nih_pills_224/60429-293_0_0.jpg,reference,60429-293,M;B3;5;5;5,True,qwen,M B3,0,0,0.4,0,0.5,0,M B3,M B3 5 5 5
D:/Data/ePillID_data/ePillID_data\classification_data\segmented_nih_pills_224/60429-293_0_1.jpg,reference,60429-293,M;B3;5;5;5,False,qwen,5 5 5,0,0,0.6,0,0.5,0,5 5 5,M B3 5 5 5
D:/Data/ePillID_data/ePillID_data\classification_data\segmented_nih_pills_224/60505-0094_0_0.jpg,reference,60505-94,APO;094,True,qwen,APO,0,1,0.5,0,0.5,0,APO,APO 094
D:/Data/ePillID_data/ePillID_data\classification_data\segmented_nih_pills_224/60505-0094_0_1.jpg,reference,60505-94,APO;094,False,qwen,094,0,1,0.5,0,0.5,0,094,APO 094
D:/Data/ePillID_data/ePillID_data\classification_data\segmented_nih_pills_224/60505-0102_0_0.jpg,reference,60505-102,APO;102;500,True,qwen,APO 102,0,0,0.6666666666666666,0,0.3333333333333333,0,APO 102,APO 102 500
D:/Data/ePillID_data/ePillID_data\classification_data\segmented_nih_pills_224/60505-0102_0_1.jpg,reference,60505-102,APO;102;500,False,qwen,500,0,1,0.3333333333333333,0,0.6666666666666666,0,500,APO 102 500
D:/Data/ePillID_data/ePillID_data\classification_data\segmented_nih_pills_224/60505-0145_0_0.jpg,reference,60505-145,APO;010,True,qwen,APO 010,1,1,1.0,1,0.0,1,APO 010,APO 010
D:/Data/ePillID_data/ePillID_data\classification_data\segmented_nih_pills_224/60505-0145_0_1.jpg,reference,60505-145,APO;010,False,qwen,G342,0,0,0.0,0,1.0,0,G342,APO 010
D:/Data/ePillID_data/ePillID_data\classification_data\segmented_nih_pills_224/60505-3140_0_0.jpg,reference,60505-3140,APO;OLA;20,True,qwen,APO,0,1,0.3333333333333333,0,0.625,0,APO,APO OLA 20
D:/Data/ePillID_data/ePillID_data\classification_data\segmented_nih_pills_224/60505-3140_0_1.jpg,reference,60505-3140,APO;OLA;20,False,qwen,OLA 20,0,0,0.6666666666666666,0,0.375,0,OLA 20,APO OLA 20
D:/Data/ePillID_data/ePillID_data\classification_data\segmented_nih_pills_224/60505-3145_0_0.jpg,reference,60505-3145,APO;C30,True,qwen,APO C30,1,1,1.0,1,0.0,1,APO C30,APO C30
D:/Data/ePillID_data/ePillID_data\classification_data\segmented_nih_pills_224/60505-3145_0_1.jpg,reference,60505-3145,APO;C30,False,qwen,C,0,0,0.0,0,0.8333333333333334,0,C,APO C30
D:/Data/ePillID_data/ePillID_data\classification_data\segmented_nih_pills_224/60760-271_0_0.jpg,reference,60760-271,717,True,qwen,R,0,0,0.0,0,1.0,0,R,717
D:/Data/ePillID_data/ePillID_data\classification_data\segmented_nih_pills_224/60760-271_0_1.jpg,reference,60760-271,717,False,qwen,717,1,1,1.0,1,0.0,1,717,717
D:/Data/ePillID_data/ePillID_data\classification_data\segmented_nih_pills_224/60846-803_0_0.jpg,reference,60846-803,JSP;515,True,qwen,JSP,0,1,0.5,0,0.5,0,JSP,JSP 515
D:/Data/ePillID_data/ePillID_data\classification_data\segmented_nih_pills_224/60846-803_0_1.jpg,reference,60846-803,JSP;515,False,qwen,515,0,1,0.5,0,0.5,0,515,JSP 515
D:/Data/ePillID_data/ePillID_data\classification_data\segmented_nih_pills_224/61442-143_0_0.jpg,reference,61442-143,CTI;143,True,qwen,CTI 143,1,1,1.0,1,0.0,1,CTI 143,CTI 143
D:/Data/ePillID_data/ePillID_data\classification_data\segmented_nih_pills_224/61442-143_0_1.jpg,reference,61442-143,CTI;143,False,qwen,T,0,0,0.0,0,0.8333333333333334,0,T,CTI 143
D:/Data/ePillID_data/ePillID_data\classification_data\segmented_nih_pills_224/61442-172_0_0.jpg,reference,61442-172,KRC500,True,qwen,KRC500,1,1,1.0,1,0.0,1,KRC500,KRC500
D:/Data/ePillID_data/ePillID_data\classification_data\segmented_nih_pills_224/61442-172_0_1.jpg,reference,61442-172,KRC500,False,qwen,G3,0,0,0.0,0,1.0,0,G3,KRC500
D:/Data/ePillID_data/ePillID_data\classification_data\segmented_nih_pills_224/61442-323_0_0.jpg,reference,61442-323,YS;03,True,qwen,YS 03,1,1,1.0,1,0.0,1,YS 03,YS 03
D:/Data/ePillID_data/ePillID_data\classification_data\segmented_nih_pills_224/61442-323_0_1.jpg,reference,61442-323,YS;03,False,qwen,N,0,0,0.0,0,1.0,0,N,YS 03
D:/Data/ePillID_data/ePillID_data\classification_data\segmented_nih_pills_224/61786-263_0_0.jpg,reference,61786-263,RX696,True,qwen,RX696,1,1,1.0,1,0.0,1,RX696,RX696
D:/Data/ePillID_data/ePillID_data\classification_data\segmented_nih_pills_224/61786-263_0_1.jpg,reference,61786-263,RX696,False,qwen,G342,0,0,0.0,0,1.0,0,G342,RX696
D:/Data/ePillID_data/ePillID_data\classification_data\segmented_nih_pills_224/61786-490_0_0.jpg,reference,61786-490,U;136,True,qwen,U 136,1,1,1.0,1,0.0,1,U 136,U 136
D:/Data/ePillID_data/ePillID_data\classification_data\segmented_nih_pills_224/61786-490_0_1.jpg,reference,61786-490,U;136,False,qwen,E,0,0,0.0,0,1.0,0,E,U 136
D:/Data/ePillID_data/ePillID_data\classification_data\segmented_nih_pills_224/61786-514_0_0.jpg,reference,61786-514,54;377,True,qwen,54,0,1,0.5,0,0.6,0,54,54 377
D:/Data/ePillID_data/ePillID_data\classification_data\segmented_nih_pills_224/61786-514_0_1.jpg,reference,61786-514,54;377,False,qwen,377,0,1,0.5,0,0.4,0,377,54 377
D:/Data/ePillID_data/ePillID_data\classification_data\segmented_nih_pills_224/61786-524_0_0.jpg,reference,61786-524,54;137,True,qwen,54 137,1,1,1.0,1,0.0,1,54 137,54 137
D:/Data/ePillID_data/ePillID_data\classification_data\segmented_nih_pills_224/61786-524_0_1.jpg,reference,61786-524,54;137,False,qwen,G3,0,0,0.0,0,0.8,0,G3,54 137
D:/Data/ePillID_data/ePillID_data\classification_data\segmented_nih_pills_224/61786-549_0_0.jpg,reference,61786-549,M;3,True,qwen,M 3,1,1,1.0,1,0.0,1,M 3,M 3
D:/Data/ePillID_data/ePillID_data\classification_data\segmented_nih_pills_224/61786-549_0_1.jpg,reference,61786-549,M;3,False,qwen,G3,0,0,0.0,0,0.5,0,G3,M 3
D:/Data/ePillID_data/ePillID_data\classification_data\segmented_nih_pills_224/61786-570_0_0.jpg,reference,61786-570,3;WARFARIN;TARO,True,qwen,WARFARIN TARO,0,0,0.6666666666666666,0,0.07692307692307693,0,WARFARIN TARO,3 WARFARIN TARO
D:/Data/ePillID_data/ePillID_data\classification_data\segmented_nih_pills_224/61786-570_0_1.jpg,reference,61786-570,3;WARFARIN;TARO,False,qwen,W 5,0,0,0.0,0,0.9230769230769231,0,W 5,3 WARFARIN TARO
D:/Data/ePillID_data/ePillID_data\classification_data\segmented_nih_pills_224/61786-600_0_0.jpg,reference,61786-600,EP;127,True,qwen,EP 127,1,1,1.0,1,0.0,1,EP 127,EP 127
D:/Data/ePillID_data/ePillID_data\classification_data\segmented_nih_pills_224/61786-600_0_1.jpg,reference,61786-600,EP;127,False,qwen,T,0,0,0.0,0,1.0,0,T,EP 127
D:/Data/ePillID_data/ePillID_data\classification_data\segmented_nih_pills_224/61786-629_0_0.jpg,reference,61786-629,H;1,True,qwen,H,0,1,0.5,0,0.5,0,H,H 1
D:/Data/ePillID_data/ePillID_data\classification_data\segmented_nih_pills_224/61786-629_0_1.jpg,reference,61786-629,H;1,False,qwen,1,0,1,0.5,0,0.5,0,1,H 1
D:/Data/ePillID_data/ePillID_data\classification_data\segmented_nih_pills_224/61786-843_0_0.jpg,reference,61786-843,227,True,qwen,227,1,1,1.0,1,0.0,1,227,227
D:/Data/ePillID_data/ePillID_data\classification_data\segmented_nih_pills_224/61786-843_0_1.jpg,reference,61786-843,227,False,qwen,BIOCRAFT,0,0,0.0,0,2.6666666666666665,0,BIOCRAFT,227
D:/Data/ePillID_data/ePillID_data\classification_data\segmented_nih_pills_224/61786-860_0_0.jpg,reference,61786-860,FL;20;G,True,qwen,G,0,1,0.3333333333333333,0,0.8,0,G,FL 20 G
D:/Data/ePillID_data/ePillID_data\classification_data\segmented_nih_pills_224/61786-860_0_1.jpg,reference,61786-860,FL;20;G,False,qwen,FL 20,0,0,0.6666666666666666,0,0.2,0,FL 20,FL 20 G
D:/Data/ePillID_data/ePillID_data\classification_data\segmented_nih_pills_224/61786-872_0_0.jpg,reference,61786-872,TARO;NTP75,True,qwen,TARO NTP75,1,1,1.0,1,0.0,1,TARO NTP75,TARO NTP75
D:/Data/ePillID_data/ePillID_data\classification_data\segmented_nih_pills_224/61786-872_0_1.jpg,reference,61786-872,TARO;NTP75,False,qwen,G342,0,0,0.0,0,1.0,0,G342,TARO NTP75
D:/Data/ePillID_data/ePillID_data\classification_data\segmented_nih_pills_224/61919-238_0_0.jpg,reference,61919-238,TEVA;50mg;0812,True,qwen,TEVA 50MG 0812,1,1,1.0,1,0.0,1,TEVA 50MG 0812,TEVA 50MG 0812
D:/Data/ePillID_data/ePillID_data\classification_data\segmented_nih_pills_224/61919-238_0_1.jpg,reference,61919-238,TEVA;50mg;0812,False,qwen,G342,0,0,0.0,0,0.8333333333333334,0,G342,TEVA 50MG 0812
D:/Data/ePillID_data/ePillID_data\classification_data\segmented_nih_pills_224/61919-530_0_0.jpg,reference,61919-530,J;50,True,qwen,J,0,1,0.5,0,0.6666666666666666,0,J,J 50
D:/Data/ePillID_data/ePillID_data\classification_data\segmented_nih_pills_224/61919-530_0_1.jpg,reference,61919-530,J;50,False,qwen,50,0,1,0.5,0,0.3333333333333333,0,50,J 50
D:/Data/ePillID_data/ePillID_data\classification_data\segmented_nih_pills_224/61919-657_0_0.jpg,reference,61919-657,H;P;248,True,qwen,HP,0,0,0.0,0,0.6,0,HP,H P 248
D:/Data/ePillID_data/ePillID_data\classification_data\segmented_nih_pills_224/61919-657_0_1.jpg,reference,61919-657,H;P;248,False,qwen,248,0,1,0.3333333333333333,0,0.4,0,248,H P 248
D:/Data/ePillID_data/ePillID_data\classification_data\segmented_nih_pills_224/62175-107_0_0.jpg,reference,62175-107,20;KU;107,True,qwen,KU 107,0,0,0.6666666666666666,0,0.2857142857142857,0,KU 107,20 KU 107
D:/Data/ePillID_data/ePillID_data\classification_data\segmented_nih_pills_224/62175-107_0_1.jpg,reference,62175-107,20;KU;107,False,qwen,20,0,1,0.3333333333333333,0,0.7142857142857143,0,20,20 KU 107
D:/Data/ePillID_data/ePillID_data\classification_data\segmented_nih_pills_224/62175-129_0_0.jpg,reference,62175-129,KU;129,True,qwen,KU 129,1,1,1.0,1,0.0,1,KU 129,KU 129
D:/Data/ePillID_data/ePillID_data\classification_data\segmented_nih_pills_224/62175-129_0_1.jpg,reference,62175-129,KU;129,False,qwen,E 1,0,0,0.0,0,0.8,0,E 1,KU 129
D:/Data/ePillID_data/ePillID_data\classification_data\segmented_nih_pills_224/62756-143_0_0.jpg,reference,62756-143,143,True,qwen,F 12,0,0,0.0,0,1.0,0,F 12,143
D:/Data/ePillID_data/ePillID_data\classification_data\segmented_nih_pills_224/62756-143_0_1.jpg,reference,62756-143,143,False,qwen,N,0,0,0.0,0,1.0,0,N,143
D:/Data/ePillID_data/ePillID_data\classification_data\segmented_nih_pills_224/63187-554_0_0.jpg,reference,63187-554,APO;MI;30,True,qwen,APO,0,1,0.3333333333333333,0,0.5714285714285714,0,APO,APO MI 30
D:/Data/ePillID_data/ePillID_data\classification_data\segmented_nih_pills_224/63187-554_0_1.jpg,reference,63187-554,APO;MI;30,False,qwen,MI 30,0,0,0.6666666666666666,0,0.42857142857142855,0,MI 30,APO MI 30
D:/Data/ePillID_data/ePillID_data\classification_data\segmented_nih_pills_224/63187-630_0_0.jpg,reference,63187-630,TEVA;7465,True,qwen,TEVA,0,1,0.5,0,0.5,0,TEVA,TEVA 7465
D:/Data/ePillID_data/ePillID_data\classification_data\segmented_nih_pills_224/63187-630_0_1.jpg,reference,63187-630,TEVA;7465,False,qwen,7465,0,1,0.5,0,0.5,0,7465,TEVA 7465
D:/Data/ePillID_data/ePillID_data\classification_data\segmented_nih_pills_224/63187-642_0_0.jpg,reference,63187-642,RI2,True,qwen,R12,0,0,0.0,0,0.3333333333333333,0,R12,RI2
D:/Data/ePillID_data/ePillID_data\classification_data\segmented_nih_pills_224/63187-642_0_1.jpg,reference,63187-642,RI2,False,qwen,T,0,0,0.0,0,1.0,0,T,RI2
D:/Data/ePillID_data/ePillID_data\classification_data\segmented_nih_pills_224/63304-240_0_0.jpg,reference,63304-240,R50,True,qwen,R50,1,1,1.0,1,0.0,1,R50,R50
D:/Data/ePillID_data/ePillID_data\classification_data\segmented_nih_pills_224/63304-240_0_1.jpg,reference,63304-240,R50,False,qwen,N,0,0,0.0,0,1.0,0,N,R50
D:/Data/ePillID_data/ePillID_data\classification_data\segmented_nih_pills_224/63304-479_0_0.jpg,reference,63304-479,EVOXAC;30mg,True,qwen,EVOXAC 30 MG,0,0,0.5,0,0.0,1,EVOXAC 30 MG,EVOXAC 30MG
D:/Data/ePillID_data/ePillID_data\classification_data\segmented_nih_pills_224/63304-479_0_1.jpg,reference,63304-479,EVOXAC;30mg,False,qwen,G34,0,0,0.0,0,0.9,0,G34,EVOXAC 30MG
D:/Data/ePillID_data/ePillID_data\classification_data\segmented_nih_pills_224/63629-1342_0_0.jpg,reference,63629-1342,TCL;131,True,qwen,G347,0,0,0.0,0,1.0,0,G347,TCL 131
D:/Data/ePillID_data/ePillID_data\classification_data\segmented_nih_pills_224/63629-1342_0_1.jpg,reference,63629-1342,TCL;131,False,qwen,B 1,0,0,0.0,0,0.8333333333333334,0,B 1,TCL 131
D:/Data/ePillID_data/ePillID_data\classification_data\segmented_nih_pills_224/63629-1513_0_0.jpg,reference,63629-1513,61;60;V,True,qwen,V,0,1,0.3333333333333333,0,0.8,0,V,61 60 V
D:/Data/ePillID_data/ePillID_data\classification_data\segmented_nih_pills_224/63629-1513_0_1.jpg,reference,63629-1513,61;60;V,False,qwen,G160,0,0,0.0,0,0.4,0,G160,61 60 V
D:/Data/ePillID_data/ePillID_data\classification_data\segmented_nih_pills_224/63629-2548_0_0.jpg,reference,63629-2548,5;WARFARIN;TARO,True,qwen,WARFARIN TARO,0,0,0.6666666666666666,0,0.07692307692307693,0,WARFARIN TARO,5 WARFARIN TARO
D:/Data/ePillID_data/ePillID_data\classification_data\segmented_nih_pills_224/63629-2548_0_1.jpg,reference,63629-2548,5;WARFARIN;TARO,False,qwen,U T,0,0,0.0,0,0.9230769230769231,0,U T,5 WARFARIN TARO
D:/Data/ePillID_data/ePillID_data\classification_data\segmented_nih_pills_224/63629-3309_0_0.jpg,reference,63629-3309,I;G;213,True,qwen,I 0,0,0,0.3333333333333333,0,0.8,0,I 0,I G 213
D:/Data/ePillID_data/ePillID_data\classification_data\segmented_nih_pills_224/63629-3309_0_1.jpg,reference,63629-3309,I;G;213,False,qwen,213,0,1,0.3333333333333333,0,0.4,0,213,I G 213
D:/Data/ePillID_data/ePillID_data\classification_data\segmented_nih_pills_224/63629-3610_0_0.jpg,reference,63629-3610,VALTREX;500;mg,True,qwen,VALTREX 500 MG,1,1,1.0,1,0.0,1,VALTREX 500 MG,VALTREX 500 MG
D:/Data/ePillID_data/ePillID_data\classification_data\segmented_nih_pills_224/63629-3610_0_1.jpg,reference,63629-3610,VALTREX;500;mg,False,qwen,N,0,0,0.0,0,1.0,0,N,VALTREX 500 MG
D:/Data/ePillID_data/ePillID_data\classification_data\segmented_nih_pills_224/63629-3768_0_0.jpg,reference,63629-3768,1;0;dp,True,qwen,DP,0,1,0.3333333333333333,0,0.5,0,DP,1 0 DP
D:/Data/ePillID_data/ePillID_data\classification_data\segmented_nih_pills_224/63629-3768_0_1.jpg,reference,63629-3768,1;0;dp,False,qwen,10,0,0,0.0,0,0.5,0,10,1 0 DP
D:/Data/ePillID_data/ePillID_data\classification_data\segmented_nih_pills_224/63629-3786_0_0.jpg,reference,63629-3786,S191,True,qwen,S191,1,1,1.0,1,0.0,1,S191,S191
D:/Data/ePillID_data/ePillID_data\classification_data\segmented_nih_pills_224/63629-3786_0_1.jpg,reference,63629-3786,S191,False,qwen,M,0,0,0.0,0,1.0,0,M,S191
D:/Data/ePillID_data/ePillID_data\classification_data\segmented_nih_pills_224/63629-4034_0_0.jpg,reference,63629-4034,N8,True,qwen,N8,1,1,1.0,1,0.0,1,N8,N8
D:/Data/ePillID_data/ePillID_data\classification_data\segmented_nih_pills_224/63629-4034_0_1.jpg,reference,63629-4034,N8,False,qwen,T,0,0,0.0,0,1.0,0,T,N8
D:/Data/ePillID_data/ePillID_data\classification_data\segmented_nih_pills_224/63629-4358_0_0.jpg,reference,63629-4358,Omepraole;20mg;R158,True,qwen,OMEPRAZOLE 20 MG R158,0,0,0.3333333333333333,0,0.058823529411764705,0,OMEPRAZOLE 20 MG R158,OMEPRAOLE 20MG R158
D:/Data/ePillID_data/ePillID_data\classification_data\segmented_nih_pills_224/63629-4358_0_1.jpg,reference,63629-4358,Omepraole;20mg;R158,False,qwen,O,0,0,0.0,0,0.9411764705882353,0,O,OMEPRAOLE 20MG R158
D:/Data/ePillID_data/ePillID_data\classification_data\segmented_nih_pills_224/63629-5034_0_0.jpg,reference,63629-5034,P;3,True,qwen,P 3,1,1,1.0,1,0.0,1,P 3,P 3
D:/Data/ePillID_data/ePillID_data\classification_data\segmented_nih_pills_224/63629-5034_0_1.jpg,reference,63629-5034,P;3,False,qwen,LAVENDER,0,0,0.0,0,4.0,0,LAVENDER,P 3
D:/Data/ePillID_data/ePillID_data\classification_data\segmented_nih_pills_224/63629-5223_0_0.jpg,reference,63629-5223,AN;522,True,qwen,AN 522,1,1,1.0,1,0.0,1,AN 522,AN 522
D:/Data/ePillID_data/ePillID_data\classification_data\segmented_nih_pills_224/63629-5223_0_1.jpg,reference,63629-5223,AN;522,False,qwen,T,0,0,0.0,0,1.0,0,T,AN 522
D:/Data/ePillID_data/ePillID_data\classification_data\segmented_nih_pills_224/63629-5268_0_0.jpg,reference,63629-5268,WATSON;606,True,qwen,WATSON 606,1,1,1.0,1,0.0,1,WATSON 606,WATSON 606
D:/Data/ePillID_data/ePillID_data\classification_data\segmented_nih_pills_224/63629-5268_0_1.jpg,reference,63629-5268,WATSON;606,False,qwen,G342,0,0,0.0,0,1.0,0,G342,WATSON 606
D:/Data/ePillID_data/ePillID_data\classification_data\segmented_nih_pills_224/63739-165_0_0.jpg,reference,63739-165,Par;290,True,qwen,PAR 290,1,1,1.0,1,0.0,1,PAR 290,PAR 290
D:/Data/ePillID_data/ePillID_data\classification_data\segmented_nih_pills_224/63739-165_0_1.jpg,reference,63739-165,Par;290,False,qwen,T,0,0,0.0,0,1.0,0,T,PAR 290
D:/Data/ePillID_data/ePillID_data\classification_data\segmented_nih_pills_224/63739-571_0_0.jpg,reference,63739-571,A;01,True,qwen,A,0,1,0.5,0,0.6666666666666666,0,A,A 01
D:/Data/ePillID_data/ePillID_data\classification_data\segmented_nih_pills_224/63739-571_0_1.jpg,reference,63739-571,A;01,False,qwen,01,0,1,0.5,0,0.3333333333333333,0,01,A 01
D:/Data/ePillID_data/ePillID_data\classification_data\segmented_nih_pills_224/63739-675_0_0.jpg,reference,63739-675,IP101,True,qwen,IP 101 101,0,0,0.0,0,0.6,1,IP 101 101,IP101
D:/Data/ePillID_data/ePillID_data\classification_data\segmented_nih_pills_224/63739-675_0_1.jpg,reference,63739-675,IP101,False,qwen,CAPSULE,0,0,0.0,0,1.2,0,CAPSULE,IP101
D:/Data/ePillID_data/ePillID_data\classification_data\segmented_nih_pills_224/64376-131_0_0.jpg,reference,64376-131,500;0140,True,qwen,0140,0,1,0.5,0,0.42857142857142855,0,0140,500 0140
D:/Data/ePillID_data/ePillID_data\classification_data\segmented_nih_pills_224/64376-131_0_1.jpg,reference,64376-131,500;0140,False,qwen,500,0,1,0.5,0,0.5714285714285714,0,500,500 0140
D:/Data/ePillID_data/ePillID_data\classification_data\segmented_nih_pills_224/64380-742_0_0.jpg,reference,64380-742,10,True,qwen,10,1,1,1.0,1,0.0,1,10,10
D:/Data/ePillID_data/ePillID_data\classification_data\segmented_nih_pills_224/64380-742_0_1.jpg,reference,64380-742,10,False,qwen,B 1,0,0,0.0,0,1.0,0,B 1,10
D:/Data/ePillID_data/ePillID_data\classification_data\segmented_nih_pills_224/64679-928_0_0.jpg,reference,64679-928,W;928,True,qwen,W 928,1,1,1.0,1,0.0,1,W 928,W 928
D:/Data/ePillID_data/ePillID_data\classification_data\segmented_nih_pills_224/64679-928_0_1.jpg,reference,64679-928,W;928,False,qwen,M B,0,0,0.0,0,1.0,0,M B,W 928
D:/Data/ePillID_data/ePillID_data\classification_data\segmented_nih_pills_224/64679-954_0_0.jpg,reference,64679-954,W954,True,qwen,W954,1,1,1.0,1,0.0,1,W954,W954
D:/Data/ePillID_data/ePillID_data\classification_data\segmented_nih_pills_224/64679-954_0_1.jpg,reference,64679-954,W954,False,qwen,WATSON 50 MG,0,0,0.0,0,2.0,0,WATSON 50 MG,W954
D:/Data/ePillID_data/ePillID_data\classification_data\segmented_nih_pills_224/64725-5375_0_0.jpg,reference,64725-5375,MYLAN;5375,True,qwen,MYLAN 5375,1,1,1.0,1,0.0,1,MYLAN 5375,MYLAN 5375
D:/Data/ePillID_data/ePillID_data\classification_data\segmented_nih_pills_224/64725-5375_0_1.jpg,reference,64725-5375,MYLAN;5375,False,qwen,GLO W,0,0,0.0,0,0.8888888888888888,0,GLO W,MYLAN 5375
D:/Data/ePillID_data/ePillID_data\classification_data\segmented_nih_pills_224/64980-133_0_0.jpg,reference,64980-133,SL;81,True,qwen,SL,0,1,0.5,0,0.5,0,SL,SL 81
D:/Data/ePillID_data/ePillID_data\classification_data\segmented_nih_pills_224/64980-133_0_1.jpg,reference,64980-133,SL;81,False,qwen,81,0,1,0.5,0,0.5,0,81,SL 81
D:/Data/ePillID_data/ePillID_data\classification_data\segmented_nih_pills_224/64980-186_0_0.jpg,reference,64980-186,12,True,qwen,12,1,1,1.0,1,0.0,1,12,12
D:/Data/ePillID_data/ePillID_data\classification_data\segmented_nih_pills_224/64980-186_0_1.jpg,reference,64980-186,12,False,qwen,G34,0,0,0.0,0,1.5,0,G34,12
D:/Data/ePillID_data/ePillID_data\classification_data\segmented_nih_pills_224/65084-123_0_0.jpg,reference,65084-123,D;Donnatal,True,qwen,D,0,1,0.5,0,0.8888888888888888,0,D,D DONNATAL
D:/Data/ePillID_data/ePillID_data\classification_data\segmented_nih_pills_224/65084-123_0_1.jpg,reference,65084-123,D;Donnatal,False,qwen,D DONNATAL,1,1,1.0,1,0.0,1,D DONNATAL,D DONNATAL
D:/Data/ePillID_data/ePillID_data\classification_data\segmented_nih_pills_224/65162-537_0_0.jpg,reference,65162-537,A2,True,qwen,A2,1,1,1.0,1,0.0,1,A2,A2
D:/Data/ePillID_data/ePillID_data\classification_data\segmented_nih_pills_224/65162-537_0_1.jpg,reference,65162-537,A2,False,qwen,L,0,0,0.0,0,1.0,0,L,A2
D:/Data/ePillID_data/ePillID_data\classification_data\segmented_nih_pills_224/65162-769_0_0.jpg,reference,65162-769,769;10;AN,True,qwen,AN,0,1,0.3333333333333333,0,0.7142857142857143,0,AN,769 10 AN
D:/Data/ePillID_data/ePillID_data\classification_data\segmented_nih_pills_224/65162-769_0_1.jpg,reference,65162-769,769;10;AN,False,qwen,769 10,0,0,0.6666666666666666,0,0.2857142857142857,0,769 10,769 10 AN
D:/Data/ePillID_data/ePillID_data\classification_data\segmented_nih_pills_224/65597-116_0_0.jpg,reference,65597-116,C54,True,qwen,C54,1,1,1.0,1,0.0,1,C54,C54
D:/Data/ePillID_data/ePillID_data\classification_data\segmented_nih_pills_224/65597-116_0_1.jpg,reference,65597-116,C54,False,qwen,N,0,0,0.0,0,1.0,0,N,C54
D:/Data/ePillID_data/ePillID_data\classification_data\segmented_nih_pills_224/65862-133_0_0.jpg,reference,65862-133,D;27,True,qwen,D 27,1,1,1.0,1,0.0,1,D 27,D 27
D:/Data/ePillID_data/ePillID_data\classification_data\segmented_nih_pills_224/65862-133_0_1.jpg,reference,65862-133,D;27,False,qwen,T,0,0,0.0,0,1.0,0,T,D 27
D:/Data/ePillID_data/ePillID_data\classification_data\segmented_nih_pills_224/65862-143_0_0.jpg,reference,65862-143,E;02,True,qwen,E,0,1,0.5,0,0.6666666666666666,0,E,E 02
D:/Data/ePillID_data/ePillID_data\classification_data\segmented_nih_pills_224/65862-143_0_1.jpg,reference,65862-143,E;02,False,qwen,02,0,1,0.5,0,0.3333333333333333,0,02,E 02
D:/Data/ePillID_data/ePillID_data\classification_data\segmented_nih_pills_224/65862-210_0_0.jpg,reference,65862-210,C;77,True,qwen,C 77,1,1,1.0,1,0.0,1,C 77,C 77
D:/Data/ePillID_data/ePillID_data\classification_data\segmented_nih_pills_224/65862-210_0_1.jpg,reference,65862-210,C;77,False,qwen,CAPSULE,0,0,0.0,0,2.0,0,CAPSULE,C 77
D:/Data/ePillID_data/ePillID_data\classification_data\segmented_nih_pills_224/65862-586_0_0.jpg,reference,65862-586,J;02,True,qwen,J 02,1,1,1.0,1,0.0,1,J 02,J 02
D:/Data/ePillID_data/ePillID_data\classification_data\segmented_nih_pills_224/65862-586_0_1.jpg,reference,65862-586,J;02,False,qwen,G342,0,0,0.0,0,1.0,0,G342,J 02
D:/Data/ePillID_data/ePillID_data\classification_data\segmented_nih_pills_224/65862-663_0_0.jpg,reference,65862-663,63;H,True,qwen,H,0,1,0.5,0,0.6666666666666666,0,H,63 H
D:/Data/ePillID_data/ePillID_data\classification_data\segmented_nih_pills_224/65862-663_0_1.jpg,reference,65862-663,63;H,False,qwen,63,0,1,0.5,0,0.3333333333333333,0,63,63 H
D:/Data/ePillID_data/ePillID_data\classification_data\segmented_nih_pills_224/66116-417_0_0.jpg,reference,66116-417,S;521,True,qwen,S 521,1,1,1.0,1,0.0,1,S 521,S 521
D:/Data/ePillID_data/ePillID_data\classification_data\segmented_nih_pills_224/66116-417_0_1.jpg,reference,66116-417,S;521,False,qwen,G3,0,0,0.0,0,1.0,0,G3,S 521
D:/Data/ePillID_data/ePillID_data\classification_data\segmented_nih_pills_224/66869-104_0_0.jpg,reference,66869-104,1;KC,True,qwen,KC,0,1,0.5,0,0.3333333333333333,0,KC,1 KC
D:/Data/ePillID_data/ePillID_data\classification_data\segmented_nih_pills_224/66869-104_0_1.jpg,reference,66869-104,1;KC,False,qwen,1,0,1,0.5,0,0.6666666666666666,0,1,1 KC
D:/Data/ePillID_data/ePillID_data\classification_data\segmented_nih_pills_224/66869-204_0_0.jpg,reference,66869-204,2;KC,True,qwen,KC,0,1,0.5,0,0.3333333333333333,0,KC,2 KC
D:/Data/ePillID_data/ePillID_data\classification_data\segmented_nih_pills_224/66869-204_0_1.jpg,reference,66869-204,2;KC,False,qwen,2,0,1,0.5,0,0.6666666666666666,0,2,2 KC
D:/Data/ePillID_data/ePillID_data\classification_data\segmented_nih_pills_224/66869-404_0_0.jpg,reference,66869-404,4;KC,True,qwen,KC,0,1,0.5,0,0.3333333333333333,0,KC,4 KC
D:/Data/ePillID_data/ePillID_data\classification_data\segmented_nih_pills_224/66869-404_0_1.jpg,reference,66869-404,4;KC,False,qwen,4,0,1,0.5,0,0.6666666666666666,0,4,4 KC
D:/Data/ePillID_data/ePillID_data\classification_data\segmented_nih_pills_224/66993-057_0_0.jpg,reference,66993-57,PLAQUENIL,True,qwen,PLAQUENIL,1,1,1.0,1,0.0,1,PLAQUENIL,PLAQUENIL
D:/Data/ePillID_data/ePillID_data\classification_data\segmented_nih_pills_224/66993-057_0_1.jpg,reference,66993-57,PLAQUENIL,False,qwen,G3,0,0,0.0,0,1.0,0,G3,PLAQUENIL
D:/Data/ePillID_data/ePillID_data\classification_data\segmented_nih_pills_224/67046-589_0_0.jpg,reference,67046-589,Andrexlogo;560,True,qwen,560,0,1,0.5,0,0.7692307692307693,0,560,ANDREXLOGO 560
D:/Data/ePillID_data/ePillID_data\classification_data\segmented_nih_pills_224/67046-589_0_1.jpg,reference,67046-589,Andrexlogo;560,False,qwen,G34,0,0,0.0,0,0.9230769230769231,0,G34,ANDREXLOGO 560
D:/Data/ePillID_data/ePillID_data\classification_data\segmented_nih_pills_224/67046-640_0_0.jpg,reference,67046-640,93;221,True,qwen,93,0,1,0.5,0,0.6,0,93,93 221
D:/Data/ePillID_data/ePillID_data\classification_data\segmented_nih_pills_224/67046-640_0_1.jpg,reference,67046-640,93;221,False,qwen,221,0,1,0.5,0,0.4,0,221,93 221
D:/Data/ePillID_data/ePillID_data\classification_data\segmented_nih_pills_224/67046-805_0_0.jpg,reference,67046-805,PA2120,True,qwen,PA2120,1,1,1.0,1,0.0,1,PA2120,PA2120
D:/Data/ePillID_data/ePillID_data\classification_data\segmented_nih_pills_224/67046-805_0_1.jpg,reference,67046-805,PA2120,False,qwen,G3,0,0,0.0,0,1.0,0,G3,PA2120
D:/Data/ePillID_data/ePillID_data\classification_data\segmented_nih_pills_224/67296-0140_0_0.jpg,reference,67296-140,DAN;DAN;5442,True,qwen,G342,0,0,0.0,0,0.8,0,G342,DAN DAN 5442
D:/Data/ePillID_data/ePillID_data\classification_data\segmented_nih_pills_224/67296-0140_0_1.jpg,reference,67296-140,DAN;DAN;5442,False,qwen,5052,0,0,0.0,0,0.8,0,5052,DAN DAN 5442
D:/Data/ePillID_data/ePillID_data\classification_data\segmented_nih_pills_224/67296-0505_0_0.jpg,reference,67296-505,M;15,True,qwen,M 15,1,1,1.0,1,0.0,1,M 15,M 15
D:/Data/ePillID_data/ePillID_data\classification_data\segmented_nih_pills_224/67296-0505_0_1.jpg,reference,67296-505,M;15,False,qwen,T,0,0,0.0,0,1.0,0,T,M 15
D:/Data/ePillID_data/ePillID_data\classification_data\segmented_nih_pills_224/67296-0543_0_0.jpg,reference,67296-543,TEVA;5312,True,qwen,TEVA,0,1,0.5,0,0.5,0,TEVA,TEVA 5312
D:/Data/ePillID_data/ePillID_data\classification_data\segmented_nih_pills_224/67296-0543_0_1.jpg,reference,67296-543,TEVA;5312,False,qwen,5312,0,1,0.5,0,0.5,0,5312,TEVA 5312
D:/Data/ePillID_data/ePillID_data\classification_data\segmented_nih_pills_224/67296-0683_0_0.jpg,reference,67296-683,A;05,True,qwen,A,0,1,0.5,0,0.6666666666666666,0,A,A 05
D:/Data/ePillID_data/ePillID_data\classification_data\segmented_nih_pills_224/67296-0683_0_1.jpg,reference,67296-683,A;05,False,qwen,O 6,0,0,0.0,0,1.0,0,O 6,A 05
D:/Data/ePillID_data/ePillID_data\classification_data\segmented_nih_pills_224/68012-002_0_0.jpg,reference,68012-2,GMZ;500,True,qwen,GMZ,0,1,0.5,0,0.5,0,GMZ,GMZ 500
D:/Data/ePillID_data/ePillID_data\classification_data\segmented_nih_pills_224/68012-002_0_1.jpg,reference,68012-2,GMZ;500,False,qwen,500,0,1,0.5,0,0.5,0,500,GMZ 500
D:/Data/ePillID_data/ePillID_data\classification_data\segmented_nih_pills_224/68012-495_0_0.jpg,reference,68012-495,FHI,True,qwen,FXI,0,0,0.0,0,0.3333333333333333,0,FXI,FHI
D:/Data/ePillID_data/ePillID_data\classification_data\segmented_nih_pills_224/68012-495_0_1.jpg,reference,68012-495,FHI,False,qwen,G342,0,0,0.0,0,1.3333333333333333,0,G342,FHI
D:/Data/ePillID_data/ePillID_data\classification_data\segmented_nih_pills_224/68084-128_0_0.jpg,reference,68084-128,Omepraole;20mg;R158,True,qwen,OMEPRAZOLE 20 MG R158,0,0,0.3333333333333333,0,0.058823529411764705,0,OMEPRAZOLE 20 MG R158,OMEPRAOLE 20MG R158
D:/Data/ePillID_data/ePillID_data\classification_data\segmented_nih_pills_224/68084-128_0_1.jpg,reference,68084-128,Omepraole;20mg;R158,False,qwen,O,0,0,0.0,0,0.9411764705882353,0,O,OMEPRAOLE 20MG R158
D:/Data/ePillID_data/ePillID_data\classification_data\segmented_nih_pills_224/68084-217_0_0.jpg,reference,68084-217,159;H,True,qwen,H,0,1,0.5,0,0.75,0,H,159 H
D:/Data/ePillID_data/ePillID_data\classification_data\segmented_nih_pills_224/68084-217_0_1.jpg,reference,68084-217,159;H,False,qwen,159,0,1,0.5,0,0.25,0,159,159 H
D:/Data/ePillID_data/ePillID_data\classification_data\segmented_nih_pills_224/68084-229_0_0.jpg,reference,68084-229,ZC;59,True,qwen,ZC 59,1,1,1.0,1,0.0,1,ZC 59,ZC 59
D:/Data/ePillID_data/ePillID_data\classification_data\segmented_nih_pills_224/68084-229_0_1.jpg,reference,68084-229,ZC;59,False,qwen,E,0,0,0.0,0,1.0,0,E,ZC 59
D:/Data/ePillID_data/ePillID_data\classification_data\segmented_nih_pills_224/68084-295_0_0.jpg,reference,68084-295,WPI;900,True,qwen,WPI 900,1,1,1.0,1,0.0,1,WPI 900,WPI 900
D:/Data/ePillID_data/ePillID_data\classification_data\segmented_nih_pills_224/68084-295_0_1.jpg,reference,68084-295,WPI;900,False,qwen,T,0,0,0.0,0,1.0,0,T,WPI 900
D:/Data/ePillID_data/ePillID_data\classification_data\segmented_nih_pills_224/68084-499_0_0.jpg,reference,68084-499,K;400,True,qwen,K 400,1,1,1.0,1,0.0,1,K 400,K 400
D:/Data/ePillID_data/ePillID_data\classification_data\segmented_nih_pills_224/68084-499_0_1.jpg,reference,68084-499,K;400,False,qwen,T,0,0,0.0,0,1.0,0,T,K 400
D:/Data/ePillID_data/ePillID_data\classification_data\segmented_nih_pills_224/68084-531_0_0.jpg,reference,68084-531,R;2,True,qwen,R,0,1,0.5,0,0.5,0,R,R 2
D:/Data/ePillID_data/ePillID_data\classification_data\segmented_nih_pills_224/68084-531_0_1.jpg,reference,68084-531,R;2,False,qwen,Z 2,0,0,0.5,0,0.5,0,Z 2,R 2
D:/Data/ePillID_data/ePillID_data\classification_data\segmented_nih_pills_224/68084-758_0_0.jpg,reference,68084-758,161;H,True,qwen,H,0,1,0.5,0,0.75,0,H,161 H
D:/Data/ePillID_data/ePillID_data\classification_data\segmented_nih_pills_224/68084-758_0_1.jpg,reference,68084-758,161;H,False,qwen,161,0,1,0.5,0,0.25,0,161,161 H
D:/Data/ePillID_data/ePillID_data\classification_data\segmented_nih_pills_224/68084-820_0_0.jpg,reference,68084-820,G;2011,True,qwen,G,0,1,0.5,0,0.8,0,G,G 2011
D:/Data/ePillID_data/ePillID_data\classification_data\segmented_nih_pills_224/68084-820_0_1.jpg,reference,68084-820,G;2011,False,qwen,2011,0,1,0.5,0,0.2,0,2011,G 2011
D:/Data/ePillID_data/ePillID_data\classification_data\segmented_nih_pills_224/68151-1923_0_0.jpg,reference,68151-1923,AN;512,True,qwen,AN 512,1,1,1.0,1,0.0,1,AN 512,AN 512
D:/Data/ePillID_data/ePillID_data\classification_data\segmented_nih_pills_224/68151-1923_0_1.jpg,reference,68151-1923,AN;512,False,qwen,LIME,0,0,0.0,0,1.0,0,LIME,AN 512
D:/Data/ePillID_data/ePillID_data\classification_data\segmented_nih_pills_224/68151-4717_0_0.jpg,reference,68151-4717,FO,True,qwen,A,0,0,0.0,0,1.0,0,A,FO
D:/Data/ePillID_data/ePillID_data\classification_data\segmented_nih_pills_224/68151-4717_0_1.jpg,reference,68151-4717,FO,False,qwen,FO,1,1,1.0,1,0.0,1,FO,FO
D:/Data/ePillID_data/ePillID_data\classification_data\segmented_nih_pills_224/68180-352_0_0.jpg,reference,68180-352,L;U;D02,True,qwen,L U,0,0,0.6666666666666666,0,0.6,0,L U,L U D02
D:/Data/ePillID_data/ePillID_data\classification_data\segmented_nih_pills_224/68180-352_0_1.jpg,reference,68180-352,L;U;D02,False,qwen,B02,0,0,0.0,0,0.6,0,B02,L U D02
D:/Data/ePillID_data/ePillID_data\classification_data\segmented_nih_pills_224/68180-482_0_0.jpg,reference,68180-482,LL;C01,True,qwen,LL,0,1,0.5,0,0.6,0,LL,LL C01
D:/Data/ePillID_data/ePillID_data\classification_data\segmented_nih_pills_224/68180-482_0_1.jpg,reference,68180-482,LL;C01,False,qwen,C01,0,1,0.5,0,0.4,0,C01,LL C01
D:/Data/ePillID_data/ePillID_data\classification_data\segmented_nih_pills_224/68258-6100_0_0.jpg,reference,68258-6100,93;7327,True,qwen,93,0,1,0.5,0,0.6666666666666666,0,93,93 7327
D:/Data/ePillID_data/ePillID_data\classification_data\segmented_nih_pills_224/68258-6100_0_1.jpg,reference,68258-6100,93;7327,False,qwen,7327,0,1,0.5,0,0.3333333333333333,0,7327,93 7327
D:/Data/ePillID_data/ePillID_data\classification_data\segmented_nih_pills_224/68258-6106_0_0.jpg,reference,68258-6106,E42,True,qwen,E42,1,1,1.0,1,0.0,1,E42,E42
D:/Data/ePillID_data/ePillID_data\classification_data\segmented_nih_pills_224/68258-6106_0_1.jpg,reference,68258-6106,E42,False,qwen,G34,0,0,0.0,0,1.0,0,G34,E42
D:/Data/ePillID_data/ePillID_data\classification_data\segmented_nih_pills_224/68382-078_0_0.jpg,reference,68382-78,135;a,True,qwen,135,0,1,0.5,0,0.25,0,135,135 A
D:/Data/ePillID_data/ePillID_data\classification_data\segmented_nih_pills_224/68382-078_0_1.jpg,reference,68382-78,135;a,False,qwen,T,0,0,0.0,0,1.0,0,T,135 A
D:/Data/ePillID_data/ePillID_data\classification_data\segmented_nih_pills_224/68382-144_0_0.jpg,reference,68382-144,ZA;43;1;25mg,True,qwen,ZA 43 125 MG,0,0,0.5,0,0.0,1,ZA 43 125 MG,ZA 43 1 25MG
D:/Data/ePillID_data/ePillID_data\classification_data\segmented_nih_pills_224/68382-144_0_1.jpg,reference,68382-144,ZA;43;1;25mg,False,qwen,G342,0,0,0.0,0,0.7777777777777778,0,G342,ZA 43 1 25MG
D:/Data/ePillID_data/ePillID_data\classification_data\segmented_nih_pills_224/68387-170_0_0.jpg,reference,68387-170,TL;001,True,qwen,TL001,0,0,0.0,0,0.0,1,TL001,TL 001
D:/Data/ePillID_data/ePillID_data\classification_data\segmented_nih_pills_224/68387-170_0_1.jpg,reference,68387-170,TL;001,False,qwen,4,0,0,0.0,0,1.0,0,4,TL 001
D:/Data/ePillID_data/ePillID_data\classification_data\segmented_nih_pills_224/68462-500_0_0.jpg,reference,68462-500,F11,True,qwen,F11,1,1,1.0,1,0.0,1,F11,F11
D:/Data/ePillID_data/ePillID_data\classification_data\segmented_nih_pills_224/68462-500_0_1.jpg,reference,68462-500,F11,False,qwen,PH 3,0,0,0.0,0,1.0,0,PH 3,F11
D:/Data/ePillID_data/ePillID_data\classification_data\segmented_nih_pills_224/68645-282_0_0.jpg,reference,68645-282,RDY;343,True,qwen,RDY 344,0,0,0.5,0,0.16666666666666666,0,RDY 344,RDY 343
D:/Data/ePillID_data/ePillID_data\classification_data\segmented_nih_pills_224/68645-282_0_1.jpg,reference,68645-282,RDY;343,False,qwen,B 1,0,0,0.0,0,1.0,0,B 1,RDY 343
D:/Data/ePillID_data/ePillID_data\classification_data\segmented_nih_pills_224/68788-0881_0_0.jpg,reference,68788-881,M;5859,True,qwen,M,0,1,0.5,0,0.8,0,M,M 5859
D:/Data/ePillID_data/ePillID_data\classification_data\segmented_nih_pills_224/68788-0881_0_1.jpg,reference,68788-881,M;5859,False,qwen,58 59,0,0,0.0,0,0.2,0,58 59,M 5859
D:/Data/ePillID_data/ePillID_data\classification_data\segmented_nih_pills_224/68788-6761_0_0.jpg,reference,68788-6761,P;40,True,qwen,P 40,1,1,1.0,1,0.0,1,P 40,P 40
D:/Data/ePillID_data/ePillID_data\classification_data\segmented_nih_pills_224/68788-6761_0_1.jpg,reference,68788-6761,P;40,False,qwen,MARTIN,0,0,0.0,0,2.0,0,MARTIN,P 40
D:/Data/ePillID_data/ePillID_data\classification_data\segmented_nih_pills_224/68788-9054_0_0.jpg,reference,68788-9054,133,True,qwen,133,1,1,1.0,1,0.0,1,133,133
D:/Data/ePillID_data/ePillID_data\classification_data\segmented_nih_pills_224/68788-9054_0_1.jpg,reference,68788-9054,133,False,qwen,G3,0,0,0.0,0,0.6666666666666666,0,G3,133
D:/Data/ePillID_data/ePillID_data\classification_data\segmented_nih_pills_224/68788-9181_0_0.jpg,reference,68788-9181,R;634,True,qwen,R,0,1,0.5,0,0.75,0,R,R 634
D:/Data/ePillID_data/ePillID_data\classification_data\segmented_nih_pills_224/68788-9181_0_1.jpg,reference,68788-9181,R;634,False,qwen,G34,0,0,0.0,0,0.5,0,G34,R 634
D:/Data/ePillID_data/ePillID_data\classification_data\segmented_nih_pills_224/68788-9227_0_0.jpg,reference,68788-9227,MP;542,True,qwen,MP 542,1,1,1.0,1,0.0,1,MP 542,MP 542
D:/Data/ePillID_data/ePillID_data\classification_data\segmented_nih_pills_224/68788-9227_0_1.jpg,reference,68788-9227,MP;542,False,qwen,B 1,0,0,0.0,0,1.0,0,B 1,MP 542
D:/Data/ePillID_data/ePillID_data\classification_data\segmented_nih_pills_224/68788-9235_0_0.jpg,reference,68788-9235,75;GG;333,True,qwen,GG333,0,0,0.0,0,0.2857142857142857,0,GG333,75 GG 333
D:/Data/ePillID_data/ePillID_data\classification_data\segmented_nih_pills_224/68788-9235_0_1.jpg,reference,68788-9235,75;GG;333,False,qwen,75,0,1,0.3333333333333333,0,0.7142857142857143,0,75,75 GG 333
D:/Data/ePillID_data/ePillID_data\classification_data\segmented_nih_pills_224/68788-9308_0_0.jpg,reference,68788-9308,RI62,True,qwen,RI 62,0,0,0.0,0,0.0,1,RI 62,RI62
D:/Data/ePillID_data/ePillID_data\classification_data\segmented_nih_pills_224/68788-9308_0_1.jpg,reference,68788-9308,RI62,False,qwen,T,0,0,0.0,0,1.0,0,T,RI62
D:/Data/ePillID_data/ePillID_data\classification_data\segmented_nih_pills_224/68788-9509_0_0.jpg,reference,68788-9509,214,True,qwen,214,1,1,1.0,1,0.0,1,214,214
D:/Data/ePillID_data/ePillID_data\classification_data\segmented_nih_pills_224/68788-9509_0_1.jpg,reference,68788-9509,214,False,qwen,T,0,0,0.0,0,1.0,0,T,214
D:/Data/ePillID_data/ePillID_data\classification_data\segmented_nih_pills_224/68788-9686_0_0.jpg,reference,68788-9686,RE;79,True,qwen,RE 79,1,1,1.0,1,0.0,1,RE 79,RE 79
D:/Data/ePillID_data/ePillID_data\classification_data\segmented_nih_pills_224/68788-9686_0_1.jpg,reference,68788-9686,RE;79,False,qwen,T,0,0,0.0,0,1.0,0,T,RE 79
D:/Data/ePillID_data/ePillID_data\classification_data\segmented_nih_pills_224/68788-9712_0_0.jpg,reference,68788-9712,E;4;6,True,qwen,E,0,1,0.3333333333333333,0,0.6666666666666666,0,E,E 4 6
D:/Data/ePillID_data/ePillID_data\classification_data\segmented_nih_pills_224/68788-9712_0_1.jpg,reference,68788-9712,E;4;6,False,qwen,4 6,0,0,0.6666666666666666,0,0.3333333333333333,0,4 6,E 4 6
D:/Data/ePillID_data/ePillID_data\classification_data\segmented_nih_pills_224/69097-857_0_0.jpg,reference,69097-857,IG;201,True,qwen,IG,0,1,0.5,0,0.6,0,IG,IG 201
D:/Data/ePillID_data/ePillID_data\classification_data\segmented_nih_pills_224/69097-857_0_1.jpg,reference,69097-857,IG;201,False,qwen,201,0,1,0.5,0,0.4,0,201,IG 201
D:/Data/ePillID_data/ePillID_data\classification_data\segmented_nih_pills_224/69189-0164_0_0.jpg,reference,69189-164,54;848,True,qwen,54 848,1,1,1.0,1,0.0,1,54 848,54 848
D:/Data/ePillID_data/ePillID_data\classification_data\segmented_nih_pills_224/69189-0164_0_1.jpg,reference,69189-164,54;848,False,qwen,G3,0,0,0.0,0,1.0,0,G3,54 848
D:/Data/ePillID_data/ePillID_data\classification_data\segmented_nih_pills_224/69189-0174_0_0.jpg,reference,69189-174,E145,True,qwen,E145,1,1,1.0,1,0.0,1,E145,E145
D:/Data/ePillID_data/ePillID_data\classification_data\segmented_nih_pills_224/69189-0174_0_1.jpg,reference,69189-174,E145,False,qwen,G342,0,0,0.0,0,0.75,0,G342,E145
D:/Data/ePillID_data/ePillID_data\classification_data\segmented_nih_pills_224/69189-0188_0_0.jpg,reference,69189-188,93;132,True,qwen,93,0,1,0.5,0,0.6,0,93,93 132
D:/Data/ePillID_data/ePillID_data\classification_data\segmented_nih_pills_224/69189-0188_0_1.jpg,reference,69189-188,93;132,False,qwen,132,0,1,0.5,0,0.4,0,132,93 132
D:/Data/ePillID_data/ePillID_data\classification_data\segmented_nih_pills_224/69189-0194_0_0.jpg,reference,69189-194,U;130,True,qwen,U 130,1,1,1.0,1,0.0,1,U 130,U 130
D:/Data/ePillID_data/ePillID_data\classification_data\segmented_nih_pills_224/69189-0194_0_1.jpg,reference,69189-194,U;130,False,qwen,G342,0,0,0.0,0,1.0,0,G342,U 130
D:/Data/ePillID_data/ePillID_data\classification_data\segmented_nih_pills_224/69189-0270_0_0.jpg,reference,69189-270,974;HH,True,qwen,HH,0,1,0.5,0,0.6,0,HH,974 HH
D:/Data/ePillID_data/ePillID_data\classification_data\segmented_nih_pills_224/69189-0270_0_1.jpg,reference,69189-270,974;HH,False,qwen,974,0,1,0.5,0,0.4,0,974,974 HH
D:/Data/ePillID_data/ePillID_data\classification_data\segmented_nih_pills_224/69189-0305_0_0.jpg,reference,69189-305,G;304,True,qwen,G 1,0,0,0.5,0,0.75,0,G 1,G 304
D:/Data/ePillID_data/ePillID_data\classification_data\segmented_nih_pills_224/69189-0305_0_1.jpg,reference,69189-305,G;304,False,qwen,304,0,1,0.5,0,0.25,0,304,G 304
D:/Data/ePillID_data/ePillID_data\classification_data\segmented_nih_pills_224/69189-0420_0_0.jpg,reference,69189-420,4;93;350,True,qwen,93 350,0,0,0.6666666666666666,0,0.16666666666666666,0,93 350,4 93 350
D:/Data/ePillID_data/ePillID_data\classification_data\segmented_nih_pills_224/69189-0420_0_1.jpg,reference,69189-420,4;93;350,False,qwen,4,0,1,0.3333333333333333,0,0.8333333333333334,0,4,4 93 350
D:/Data/ePillID_data/ePillID_data\classification_data\segmented_nih_pills_224/69189-3228_0_0.jpg,reference,69189-3228,LILLY;3228;25;mg,True,qwen,LILLY 3228 25 MG,1,1,1.0,1,0.0,1,LILLY 3228 25 MG,LILLY 3228 25 MG
D:/Data/ePillID_data/ePillID_data\classification_data\segmented_nih_pills_224/69189-3228_0_1.jpg,reference,69189-3228,LILLY;3228;25;mg,False,qwen,G342,0,0,0.0,0,0.8461538461538461,0,G342,LILLY 3228 25 MG
D:/Data/ePillID_data/ePillID_data\classification_data\segmented_nih_pills_224/69189-4124_0_0.jpg,reference,69189-4124,T26,True,qwen,T26,1,1,1.0,1,0.0,1,T26,T26
D:/Data/ePillID_data/ePillID_data\classification_data\segmented_nih_pills_224/69189-4124_0_1.jpg,reference,69189-4124,T26,False,qwen,POLYURETHANE,0,0,0.0,0,3.6666666666666665,0,POLYURETHANE,T26
D:/Data/ePillID_data/ePillID_data\classification_data\segmented_nih_pills_224/69189-4234_0_0.jpg,reference,69189-4234,2;Z;4234,True,qwen,Z 4234,0,0,0.6666666666666666,0,0.16666666666666666,0,Z 4234,2 Z 4234
D:/Data/ePillID_data/ePillID_data\classification_data\segmented_nih_pills_224/69189-4234_0_1.jpg,reference,69189-4234,2;Z;4234,False,qwen,2,0,1,0.3333333333333333,0,0.8333333333333334,0,2,2 Z 4234
D:/Data/ePillID_data/ePillID_data\classification_data\segmented_nih_pills_224/69189-5140_0_0.jpg,reference,69189-5140,93;5140,True,qwen,93,0,1,0.5,0,0.6666666666666666,0,93,93 5140
D:/Data/ePillID_data/ePillID_data\classification_data\segmented_nih_pills_224/69189-5140_0_1.jpg,reference,69189-5140,93;5140,False,qwen,5140,0,1,0.5,0,0.3333333333333333,0,5140,93 5140
D:/Data/ePillID_data/ePillID_data\classification_data\segmented_nih_pills_224/69189-5420_0_0.jpg,reference,69189-5420,0;5;5420,True,qwen,05,0,0,0.0,0,0.6666666666666666,0,05,0 5 5420
D:/Data/ePillID_data/ePillID_data\classification_data\segmented_nih_pills_224/69189-5420_0_1.jpg,reference,69189-5420,0;5;5420,False,qwen,5420,0,1,0.3333333333333333,0,0.3333333333333333,0,5420,0 5 5420
D:/Data/ePillID_data/ePillID_data\classification_data\segmented_nih_pills_224/69189-7772_0_0.jpg,reference,69189-7772,7772;100,True,qwen,7772,0,1,0.5,0,0.42857142857142855,0,7772,7772 100
D:/Data/ePillID_data/ePillID_data\classification_data\segmented_nih_pills_224/69189-7772_0_1.jpg,reference,69189-7772,7772;100,False,qwen,100,0,1,0.5,0,0.5714285714285714,0,100,7772 100
D:/Data/ePillID_data/ePillID_data\classification_data\segmented_nih_pills_224/70786-1496_0_0.jpg,reference,70786-1496,GGD6,True,qwen,GGD6,1,1,1.0,1,0.0,1,GGD6,GGD6
D:/Data/ePillID_data/ePillID_data\classification_data\segmented_nih_pills_224/70786-1496_0_1.jpg,reference,70786-1496,GGD6,False,qwen,E,0,0,0.0,0,1.0,0,E,GGD6
D:/Data/ePillID_data/ePillID_data\classification_data\segmented_nih_pills_224/70786-1716_0_0.jpg,reference,70786-1716,TV;4;1716,True,qwen,TV 4,0,0,0.6666666666666666,0,0.5714285714285714,0,TV 4,TV 4 1716
D:/Data/ePillID_data/ePillID_data\classification_data\segmented_nih_pills_224/70786-1716_0_1.jpg,reference,70786-1716,TV;4;1716,False,qwen,1716,0,1,0.3333333333333333,0,0.42857142857142855,0,1716,TV 4 1716
D:/Data/ePillID_data/ePillID_data\classification_data\segmented_nih_pills_224/70786-1718_0_0.jpg,reference,70786-1718,TV;6;1718,True,qwen,TV 6,0,0,0.6666666666666666,0,0.5714285714285714,0,TV 6,TV 6 1718
D:/Data/ePillID_data/ePillID_data\classification_data\segmented_nih_pills_224/70786-1718_0_1.jpg,reference,70786-1718,TV;6;1718,False,qwen,1718,0,1,0.3333333333333333,0,0.42857142857142855,0,1718,TV 6 1718
D:/Data/ePillID_data/ePillID_data\classification_data\segmented_nih_pills_224/76237-202_0_0.jpg,reference,76237-202,93;7234,True,qwen,93,0,1,0.5,0,0.6666666666666666,0,93,93 7234
D:/Data/ePillID_data/ePillID_data\classification_data\segmented_nih_pills_224/76237-202_0_1.jpg,reference,76237-202,93;7234,False,qwen,7234,0,1,0.5,0,0.3333333333333333,0,7234,93 7234
D:/Data/ePillID_data/ePillID_data\classification_data\segmented_nih_pills_224/76237-250_0_0.jpg,reference,76237-250,GG531,True,qwen,GG531,1,1,1.0,1,0.0,1,GG531,GG531
D:/Data/ePillID_data/ePillID_data\classification_data\segmented_nih_pills_224/76237-250_0_1.jpg,reference,76237-250,GG531,False,qwen,TEVA,0,0,0.0,0,1.0,0,TEVA,GG531
D:/Data/ePillID_data/ePillID_data\classification_data\segmented_nih_pills_224/76237-303_0_0.jpg,reference,76237-303,60;60;1105,True,qwen,1105,0,1,0.3333333333333333,0,0.5,0,1105,60 60 1105
D:/Data/ePillID_data/ePillID_data\classification_data\segmented_nih_pills_224/76237-303_0_1.jpg,reference,76237-303,60;60;1105,False,qwen,60 60,0,0,0.6666666666666666,0,0.5,0,60 60,60 60 1105
D:/Data/ePillID_data/ePillID_data\classification_data\segmented_nih_pills_224/76439-302_0_0.jpg,reference,76439-302,VP;302,True,qwen,VP302,0,0,0.0,0,0.0,1,VP302,VP 302
D:/Data/ePillID_data/ePillID_data\classification_data\segmented_nih_pills_224/76439-302_0_1.jpg,reference,76439-302,VP;302,False,qwen,T,0,0,0.0,0,1.0,0,T,VP 302
D:/Data/ePillID_data/ePillID_data\classification_data\segmented_nih_pills_224/76519-1004_0_0.jpg,reference,76519-1004,RDY;197,True,qwen,RDY,0,1,0.5,0,0.5,0,RDY,RDY 197
D:/Data/ePillID_data/ePillID_data\classification_data\segmented_nih_pills_224/76519-1004_0_1.jpg,reference,76519-1004,RDY;197,False,qwen,197,0,1,0.5,0,0.5,0,197,RDY 197
D:/Data/ePillID_data/ePillID_data\classification_data\fcn_mix_weight/dc_224/1006.jpg,consumer,93-7220,93;7220,True,qwen,93,0,1,0.5,0,0.6666666666666666,0,93,93 7220
D:/Data/ePillID_data/ePillID_data\classification_data\fcn_mix_weight/dc_224/1008.jpg,consumer,93-5256,TEVA;5256,False,qwen,G342,0,0,0.0,0,0.875,0,G342,TEVA 5256
D:/Data/ePillID_data/ePillID_data\classification_data\fcn_mix_weight/dc_224/1019.jpg,consumer,378-3632,M;C32,True,qwen,M V,0,0,0.5,0,0.75,0,M V,M C32
D:/Data/ePillID_data/ePillID_data\classification_data\fcn_mix_weight/dc_224/1024.jpg,consumer,59762-5024,G;22,False,qwen,N,0,0,0.0,0,1.0,0,N,G 22
D:/Data/ePillID_data/ePillID_data\classification_data\fcn_mix_weight/dc_224/1041.jpg,consumer,781-5185,112;GG;336,True,qwen,GG336,0,0,0.0,0,0.375,0,GG336,112 GG 336
D:/Data/ePillID_data/ePillID_data\classification_data\fcn_mix_weight/dc_224/106.jpg,consumer,93-7242,93;7242,False,qwen,7242 Z,0,0,0.5,0,0.5,0,7242 Z,93 7242
D:/Data/ePillID_data/ePillID_data\classification_data\fcn_mix_weight/dc_224/1062.jpg,consumer,74-6594,SYNTHROID;88,False,qwen,88,0,1,0.5,0,0.8181818181818182,0,88,SYNTHROID 88
D:/Data/ePillID_data/ePillID_data\classification_data\fcn_mix_weight/dc_224/1080.jpg,consumer,93-8035,3;035;N,True,qwen,Z,0,0,0.0,0,1.0,0,Z,3 035 N
D:/Data/ePillID_data/ePillID_data\classification_data\fcn_mix_weight/dc_224/1086.jpg,consumer,832-1025,832;BC20,False,qwen,E 1,0,0,0.0,0,1.0,0,E 1,832 BC20
D:/Data/ePillID_data/ePillID_data\classification_data\fcn_mix_weight/dc_224/1099.jpg,consumer,93-7242,93;7242,True,qwen,M B,0,0,0.0,0,1.0,0,M B,93 7242
D:/Data/ePillID_data/ePillID_data\classification_data\fcn_mix_weight/dc_224/111.jpg,consumer,23-9350,SAN;60,True,qwen,SAN 60,1,1,1.0,1,0.0,1,SAN 60,SAN 60
D:/Data/ePillID_data/ePillID_data\classification_data\fcn_mix_weight/dc_224/1117.jpg,consumer,99207-461,DYN;090,True,qwen,DYN 090,1,1,1.0,1,0.0,1,DYN 090,DYN 090
D:/Data/ePillID_data/ePillID_data\classification_data\fcn_mix_weight/dc_224/1161.jpg,consumer,378-232,MYLAN;232;80,False,qwen,80,0,1,0.3333333333333333,0,0.8,0,80,MYLAN 232 80
D:/Data/ePillID_data/ePillID_data\classification_data\fcn_mix_weight/dc_224/1174.jpg,consumer,93-5171,93;5171,False,qwen,5171,0,1,0.5,0,0.3333333333333333,0,5171,93 5171
D:/Data/ePillID_data/ePillID_data\classification_data\fcn_mix_weight/dc_224/1180.jpg,consumer,777-3105,DISTA;3105;Prozac;20;mg,False,qwen,11,0,0,0.0,0,0.9473684210526315,0,11,DISTA 3105 PROZAC 20 MG
D:/Data/ePillID_data/ePillID_data\classification_data\fcn_mix_weight/dc_224/12.jpg,consumer,93-7426,TV;7426,True,qwen,E 3,0,0,0.0,0,1.0,0,E 3,TV 7426
D:/Data/ePillID_data/ePillID_data\classification_data\fcn_mix_weight/dc_224/1200.jpg,consumer,93-3147,TEVA;3147,False,qwen,RED,0,0,0.0,0,0.875,0,RED,TEVA 3147
D:/Data/ePillID_data/ePillID_data\classification_data\fcn_mix_weight/dc_224/121.jpg,consumer,93-199,9;3;199,True,qwen,3 3,0,0,0.3333333333333333,0,0.8,0,3 3,9 3 199
D:/Data/ePillID_data/ePillID_data\classification_data\fcn_mix_weight/dc_224/1220.jpg,consumer,23-9350,SAN;60,True,qwen,SAN 60,1,1,1.0,1,0.0,1,SAN 60,SAN 60
D:/Data/ePillID_data/ePillID_data\classification_data\fcn_mix_weight/dc_224/1257.jpg,consumer,51285-87,b;556,True,qwen,B 5,0,0,0.5,0,0.5,0,B 5,B 556
D:/Data/ePillID_data/ePillID_data\classification_data\fcn_mix_weight/dc_224/1262.jpg,consumer,93-753,753;TEVA,True,qwen,TEVA,0,1,0.5,0,0.42857142857142855,0,TEVA,753 TEVA
D:/Data/ePillID_data/ePillID_data\classification_data\fcn_mix_weight/dc_224/1263.jpg,consumer,93-5710,5710;1;25;250,True,qwen,5710,0,1,0.25,0,0.6,0,5710,5710 1 25 250
D:/Data/ePillID_data/ePillID_data\classification_data\fcn_mix_weight/dc_224/1305.jpg,consumer,93-5852,5852;20,False,qwen,585,0,0,0.0,0,0.5,0,585,5852 20
D:/Data/ePillID_data/ePillID_data\classification_data\fcn_mix_weight/dc_224/1328.jpg,consumer,378-216,MYLAN;216;40,False,qwen,LL0,0,0,0.0,0,0.8,0,LL0,MYLAN 216 40
D:/Data/ePillID_data/ePillID_data\classification_data\fcn_mix_weight/dc_224/1335.jpg,consumer,93-5852,5852;20,True,qwen,20,0,1,0.5,0,0.6666666666666666,0,20,5852 20
D:/Data/ePillID_data/ePillID_data\classification_data\fcn_mix_weight/dc_224/1362.jpg,consumer,93-787,787;TEVA,False,qwen,737,0,0,0.0,0,0.7142857142857143,0,737,787 TEVA
D:/Data/ePillID_data/ePillID_data\classification_data\fcn_mix_weight/dc_224/1372.jpg,consumer,555-9008,b;944,True,qwen,B,0,1,0.5,0,0.75,0,B,B 944
D:/Data/ePillID_data/ePillID_data\classification_data\fcn_mix_weight/dc_224/1379.jpg,consumer,93-7426,TV;7426,True,qwen,Z 2,0,0,0.0,0,0.8333333333333334,0,Z 2,TV 7426
D:/Data/ePillID_data/ePillID_data\classification_data\fcn_mix_weight/dc_224/138.jpg,consumer,2-4463,C;10,True,qwen,C 30,0,0,0.5,0,0.3333333333333333,0,C 30,C 10
D:/Data/ePillID_data/ePillID_data\classification_data\fcn_mix_weight/dc_224/1400.jpg,consumer,378-1165,M;B3;5;5;5,True,qwen,M BE,0,0,0.2,0,0.6666666666666666,0,M BE,M B3 5 5 5
D:/Data/ePillID_data/ePillID_data\classification_data\fcn_mix_weight/dc_224/1411.jpg,consumer,93-4741,4741;9;3,True,qwen,9 3,0,0,0.6666666666666666,0,0.6666666666666666,0,9 3,4741 9 3
D:/Data/ePillID_data/ePillID_data\classification_data\fcn_mix_weight/dc_224/1419.jpg,consumer,2-4463,C;10,False,qwen,T,0,0,0.0,0,1.0,0,T,C 10
D:/Data/ePillID_data/ePillID_data\classification_data\fcn_mix_weight/dc_224/142.jpg,consumer,78-521,NVR;LCI,False,qwen,LCI,0,1,0.5,0,0.5,0,LCI,NVR LCI
D:/Data/ePillID_data/ePillID_data\classification_data\fcn_mix_weight/dc_224/1430.jpg,consumer,93-7380,9;3;7380,False,qwen,7380,0,1,0.3333333333333333,0,0.3333333333333333,0,7380,9 3 7380
D:/Data/ePillID_data/ePillID_data\classification_data\fcn_mix_weight/dc_224/1455.jpg,consumer,53489-648,Mutual;866,False,qwen,B 1,0,0,0.0,0,1.0,0,B 1,MUTUAL 866
D:/Data/ePillID_data/ePillID_data\classification_data\fcn_mix_weight/dc_224/1459.jpg,consumer,143-9920,H5,True,qwen,T,0,0,0.0,0,1.0,0,T,H5
D:/Data/ePillID_data/ePillID_data\classification_data\fcn_mix_weight/dc_224/1487.jpg,consumer,37-2250,SOMA;250,False,qwen,E,0,0,0.0,0,1.0,0,E,SOMA 250
D:/Data/ePillID_data/ePillID_data\classification_data\fcn_mix_weight/dc_224/1490.jpg,consumer,93-1172,93;1172,True,qwen,93,0,1,0.5,0,0.6666666666666666,0,93,93 1172
D:/Data/ePillID_data/ePillID_data\classification_data\fcn_mix_weight/dc_224/1491.jpg,consumer,93-5852,5852;20,False,qwen,859,0,0,0.0,0,0.6666666666666666,0,859,5852 20
D:/Data/ePillID_data/ePillID_data\classification_data\fcn_mix_weight/dc_224/1497.jpg,consumer,93-199,9;3;199,False,qwen,199,0,1,0.3333333333333333,0,0.4,0,199,9 3 199
D:/Data/ePillID_data/ePillID_data\classification_data\fcn_mix_weight/dc_224/1498.jpg,consumer,93-2929,2929;93,True,qwen,93 2929,0,0,1.0,1,0.6666666666666666,0,93 2929,2929 93
D:/Data/ePillID_data/ePillID_data\classification_data\fcn_mix_weight/dc_224/1510.jpg,consumer,378-7003,M;N3,False,qwen,MACARON,0,0,0.0,0,2.0,0,MACARON,M N3
D:/Data/ePillID_data/ePillID_data\classification_data\fcn_mix_weight/dc_224/1534.jpg,consumer,93-3147,TEVA;3147,True,qwen,TEVA 247,0,0,0.5,0,0.25,0,TEVA 247,TEVA 3147
D:/Data/ePillID_data/ePillID_data\classification_data\fcn_mix_weight/dc_224/1535.jpg,consumer,51285-87,b;556,True,qwen,B 1,0,0,0.5,0,0.75,0,B 1,B 556
D:/Data/ePillID_data/ePillID_data\classification_data\fcn_mix_weight/dc_224/1545.jpg,consumer,93-5256,TEVA;5256,True,qwen,TEVA 5256,1,1,1.0,1,0.0,1,TEVA 5256,TEVA 5256
D:/Data/ePillID_data/ePillID_data\classification_data\fcn_mix_weight/dc_224/1571.jpg,consumer,93-199,9;3;199,True,qwen,9 3,0,0,0.6666666666666666,0,0.6,0,9 3,9 3 199
D:/Data/ePillID_data/ePillID_data\classification_data\fcn_mix_weight/dc_224/1584.jpg,consumer,378-186,MYLAN;186,False,qwen,T,0,0,0.0,0,1.0,0,T,MYLAN 186
D:/Data/ePillID_data/ePillID_data\classification_data\fcn_mix_weight/dc_224/159.jpg,consumer,93-308,93;308,True,qwen,93 308,1,1,1.0,1,0.0,1,93 308,93 308
D:/Data/ePillID_data/ePillID_data\classification_data\fcn_mix_weight/dc_224/1595.jpg,consumer,777-3105,DISTA;3105;Prozac;20;mg,False,qwen,BIO 101,0,0,0.0,0,0.8421052631578947,0,BIO 101,DISTA 3105 PROZAC 20 MG
D:/Data/ePillID_data/ePillID_data\classification_data\fcn_mix_weight/dc_224/1615.jpg,consumer,93-5171,93;5171,False,qwen,5171,0,1,0.5,0,0.3333333333333333,0,5171,93 5171
D:/Data/ePillID_data/ePillID_data\classification_data\fcn_mix_weight/dc_224/162.jpg,consumer,378-7003,M;N3,True,qwen,M N3,1,1,1.0,1,0.0,1,M N3,M N3
D:/Data/ePillID_data/ePillID_data\classification_data\fcn_mix_weight/dc_224/1628.jpg,consumer,93-753,753;TEVA,False,qwen,ES3 753,0,0,0.5,0,0.8571428571428571,0,ES3 753,753 TEVA
D:/Data/ePillID_data/ePillID_data\classification_data\fcn_mix_weight/dc_224/1629.jpg,consumer,59762-2004,G;2004,True,qwen,2004,0,1,0.5,0,0.2,0,2004,G 2004
D:/Data/ePillID_data/ePillID_data\classification_data\fcn_mix_weight/dc_224/1650.jpg,consumer,93-2268,9;3;2268,False,qwen,2258,0,0,0.0,0,0.5,0,2258,9 3 2268
D:/Data/ePillID_data/ePillID_data\classification_data\fcn_mix_weight/dc_224/1656.jpg,consumer,555-485,b;485,True,qwen,P 9,0,0,0.0,0,1.0,0,P 9,B 485
D:/Data/ePillID_data/ePillID_data\classification_data\fcn_mix_weight/dc_224/1666.jpg,consumer,93-2929,2929;93,True,qwen,93 2929,0,0,1.0,1,0.6666666666666666,0,93 2929,2929 93
D:/Data/ePillID_data/ePillID_data\classification_data\fcn_mix_weight/dc_224/1669.jpg,consumer,378-1813,M;L;10,False,qwen,L 10,0,0,0.6666666666666666,0,0.25,0,L 10,M L 10
D:/Data/ePillID_data/ePillID_data\classification_data\fcn_mix_weight/dc_224/1686.jpg,consumer,23-9350,SAN;60,False,qwen,G341,0,0,0.0,0,1.0,0,G341,SAN 60
D:/Data/ePillID_data/ePillID_data\classification_data\fcn_mix_weight/dc_224/1691.jpg,consumer,378-2076,L;26;M,True,qwen,M,0,1,0.3333333333333333,0,0.75,0,M,L 26 M
D:/Data/ePillID_data/ePillID_data\classification_data\fcn_mix_weight/dc_224/1693.jpg,consumer,93-7365,9;3;7365,True,qwen,9 3,0,0,0.6666666666666666,0,0.6666666666666666,0,9 3,9 3 7365
D:/Data/ePillID_data/ePillID_data\classification_data\fcn_mix_weight/dc_224/1705.jpg,consumer,172-5033,5033;10;12;5,True,qwen,5037,0,0,0.0,0,0.6666666666666666,0,5037,5033 10 12 5
D:/Data/ePillID_data/ePillID_data\classification_data\fcn_mix_weight/dc_224/1712.jpg,consumer,2-4464,C;20,True,qwen,C 20,1,1,1.0,1,0.0,1,C 20,C 20
D:/Data/ePillID_data/ePillID_data\classification_data\fcn_mix_weight/dc_224/1742.jpg,consumer,51285-87,b;556,True,qwen,G342,0,0,0.0,0,1.0,0,G342,B 556
D:/Data/ePillID_data/ePillID_data\classification_data\fcn_mix_weight/dc_224/1743.jpg,consumer,172-4626,20;4626,False,qwen,4626,0,1,0.5,0,0.3333333333333333,0,4626,20 4626
D:/Data/ePillID_data/ePillID_data\classification_data\fcn_mix_weight/dc_224/1745.jpg,consumer,555-9008,b;944,True,qwen,B 6,0,0,0.5,0,0.75,0,B 6,B 944
D:/Data/ePillID_data/ePillID_data\classification_data\fcn_mix_weight/dc_224/175.jpg,consumer,93-1177,93;1177,False,qwen,1177,0,1,0.5,0,0.3333333333333333,0,1177,93 1177
D:/Data/ePillID_data/ePillID_data\classification_data\fcn_mix_weight/dc_224/1761.jpg,consumer,93-1061,93;61,True,qwen,93 61,1,1,1.0,1,0.0,1,93 61,93 61
D:/Data/ePillID_data/ePillID_data\classification_data\fcn_mix_weight/dc_224/1769.jpg,consumer,93-1172,93;1172,True,qwen,83,0,0,0.0,0,0.8333333333333334,0,83,93 1172
D:/Data/ePillID_data/ePillID_data\classification_data\fcn_mix_weight/dc_224/1782.jpg,consumer,93-5504,TEVA;5504,True,qwen,TEVA 5504,1,1,1.0,1,0.0,1,TEVA 5504,TEVA 5504
D:/Data/ePillID_data/ePillID_data\classification_data\fcn_mix_weight/dc_224/179.jpg,consumer,172-5411,5411;100,False,qwen,5411,0,1,0.5,0,0.42857142857142855,0,5411,5411 100
D:/Data/ePillID_data/ePillID_data\classification_data\fcn_mix_weight/dc_224/1790.jpg,consumer,555-9008,b;944,False,qwen,941,0,0,0.0,0,0.5,0,941,B 944
D:/Data/ePillID_data/ePillID_data\classification_data\fcn_mix_weight/dc_224/1818.jpg,consumer,93-199,9;3;199,True,qwen,9 3,0,0,0.6666666666666666,0,0.6,0,9 3,9 3 199
D:/Data/ePillID_data/ePillID_data\classification_data\fcn_mix_weight/dc_224/1821.jpg,consumer,93-2268,9;3;2268,False,qwen,2268,0,1,0.3333333333333333,0,0.3333333333333333,0,2268,9 3 2268
D:/Data/ePillID_data/ePillID_data\classification_data\fcn_mix_weight/dc_224/1849.jpg,consumer,93-7426,TV;7426,True,qwen,TV 72,0,0,0.5,0,0.3333333333333333,0,TV 72,TV 7426
D:/Data/ePillID_data/ePillID_data\classification_data\fcn_mix_weight/dc_224/1864.jpg,consumer,93-7212,93;7212,False,qwen,7212,0,1,0.5,0,0.3333333333333333,0,7212,93 7212
D:/Data/ePillID_data/ePillID_data\classification_data\fcn_mix_weight/dc_224/1870.jpg,consumer,93-3147,TEVA;3147,True,qwen,347 3147,0,0,0.5,0,0.5,0,347 3147,TEVA 3147
D:/Data/ePillID_data/ePillID_data\classification_data\fcn_mix_weight/dc_224/1876.jpg,consumer,51672-4030,3;WARFARIN;TARO,False,qwen,PS,0,0,0.0,0,1.0,0,PS,3 WARFARIN TARO
D:/Data/ePillID_data/ePillID_data\classification_data\fcn_mix_weight/dc_224/1881.jpg,consumer,172-4626,20;4626,True,qwen,20,0,1,0.5,0,0.6666666666666666,0,20,20 4626
D:/Data/ePillID_data/ePillID_data\classification_data\fcn_mix_weight/dc_224/1899.jpg,consumer,378-1165,M;B3;5;5;5,True,qwen,M B3,0,0,0.4,0,0.5,0,M B3,M B3 5 5 5
D:/Data/ePillID_data/ePillID_data\classification_data\fcn_mix_weight/dc_224/191.jpg,consumer,93-4059,9;3;4059,True,qwen,93,0,0,0.0,0,0.6666666666666666,0,93,9 3 4059
D:/Data/ePillID_data/ePillID_data\classification_data\fcn_mix_weight/dc_224/1925.jpg,consumer,93-5050,4833M;15;850,True,qwen,4838M,0,0,0.0,0,0.6,0,4838M,4833M 15 850
D:/Data/ePillID_data/ePillID_data\classification_data\fcn_mix_weight/dc_224/1926.jpg,consumer,93-5852,5852;20,True,qwen,20,0,1,0.5,0,0.6666666666666666,0,20,5852 20
D:/Data/ePillID_data/ePillID_data\classification_data\fcn_mix_weight/dc_224/1930.jpg,consumer,93-7220,93;7220,True,qwen,E6,0,0,0.0,0,1.0,0,E6,93 7220
D:/Data/ePillID_data/ePillID_data\classification_data\fcn_mix_weight/dc_224/1964.jpg,consumer,378-2076,L;26;M,True,qwen,M,0,1,0.3333333333333333,0,0.75,0,M,L 26 M
D:/Data/ePillID_data/ePillID_data\classification_data\fcn_mix_weight/dc_224/1983.jpg,consumer,555-485,b;485,True,qwen,B 6,0,0,0.5,0,0.75,0,B 6,B 485
D:/Data/ePillID_data/ePillID_data\classification_data\fcn_mix_weight/dc_224/2006.jpg,consumer,228-2127,R127,True,qwen,2 12,0,0,0.0,0,0.5,0,2 12,R127
D:/Data/ePillID_data/ePillID_data\classification_data\fcn_mix_weight/dc_224/2019.jpg,consumer,93-2268,9;3;2268,False,qwen,2268,0,1,0.3333333333333333,0,0.3333333333333333,0,2268,9 3 2268
D:/Data/ePillID_data/ePillID_data\classification_data\fcn_mix_weight/dc_224/202.jpg,consumer,777-3105,DISTA;3105;Prozac;20;mg,True,qwen,DISTA 3105 PROZAC 20 MG,1,1,1.0,1,0.0,1,DISTA 3105 PROZAC 20 MG,DISTA 3105 PROZAC 20 MG
D:/Data/ePillID_data/ePillID_data\classification_data\fcn_mix_weight/dc_224/2023.jpg,consumer,93-4742,4742;9;3,False,qwen,G343,0,0,0.0,0,0.6666666666666666,0,G343,4742 9 3
D:/Data/ePillID_data/ePillID_data\classification_data\fcn_mix_weight/dc_224/206.jpg,consumer,93-463,9;3;463,False,qwen,463,0,1,0.3333333333333333,0,0.4,0,463,9 3 463
D:/Data/ePillID_data/ePillID_data\classification_data\fcn_mix_weight/dc_224/2067.jpg,consumer,93-4742,4742;9;3,True,qwen,E 6,0,0,0.0,0,1.0,0,E 6,4742 9 3
D:/Data/ePillID_data/ePillID_data\classification_data\fcn_mix_weight/dc_224/2075.jpg,consumer,378-2074,L;24;M,True,qwen,M,0,1,0.3333333333333333,0,0.75,0,M,L 24 M
D:/Data/ePillID_data/ePillID_data\classification_data\fcn_mix_weight/dc_224/2079.jpg,consumer,781-2053,GG623,True,qwen,GG623,1,1,1.0,1,0.0,1,GG623,GG623
D:/Data/ePillID_data/ePillID_data\classification_data\fcn_mix_weight/dc_224/209.jpg,consumer,93-7380,9;3;7380,True,qwen,9 3,0,0,0.6666666666666666,0,0.6666666666666666,0,9 3,9 3 7380
D:/Data/ePillID_data/ePillID_data\classification_data\fcn_mix_weight/dc_224/2105.jpg,consumer,832-1025,832;BC20,True,qwen,BC20 832,0,0,1.0,1,0.8571428571428571,0,BC20 832,832 BC20
D:/Data/ePillID_data/ePillID_data\classification_data\fcn_mix_weight/dc_224/2120.jpg,consumer,777-3105,DISTA;3105;Prozac;20;mg,True,qwen,DISTA 3105 PROZAC 20 MG,1,1,1.0,1,0.0,1,DISTA 3105 PROZAC 20 MG,DISTA 3105 PROZAC 20 MG
D:/Data/ePillID_data/ePillID_data\classification_data\fcn_mix_weight/dc_224/2123.jpg,consumer,93-7370,TEVA;7370,True,qwen,TEVA 7370,1,1,1.0,1,0.0,1,TEVA 7370,TEVA 7370
D:/Data/ePillID_data/ePillID_data\classification_data\fcn_mix_weight/dc_224/2135.jpg,consumer,93-753,753;TEVA,False,qwen,753,0,1,0.5,0,0.5714285714285714,0,753,753 TEVA
D:/Data/ePillID_data/ePillID_data\classification_data\fcn_mix_weight/dc_224/2145.jpg,consumer,378-2074,L;24;M,True,qwen,W,0,0,0.0,0,1.0,0,W,L 24 M
D:/Data/ePillID_data/ePillID_data\classification_data\fcn_mix_weight/dc_224/2149.jpg,consumer,378-1813,M;L;10,True,qwen,M,0,1,0.3333333333333333,0,0.75,0,M,M L 10
D:/Data/ePillID_data/ePillID_data\classification_data\fcn_mix_weight/dc_224/2166.jpg,consumer,93-2929,2929;93,True,qwen,93 2929,0,0,1.0,1,0.6666666666666666,0,93 2929,2929 93
D:/Data/ePillID_data/ePillID_data\classification_data\fcn_mix_weight/dc_224/2174.jpg,consumer,50111-648,PLIVA;648,True,qwen,PLIVA,0,1,0.5,0,0.375,0,PLIVA,PLIVA 648
D:/Data/ePillID_data/ePillID_data\classification_data\fcn_mix_weight/dc_224/2178.jpg,consumer,93-5050,4833M;15;850,False,qwen,15 850,0,0,0.6666666666666666,0,0.5,0,15 850,4833M 15 850
D:/Data/ePillID_data/ePillID_data\classification_data\fcn_mix_weight/dc_224/218.jpg,consumer,93-4059,9;3;4059,True,qwen,93,0,0,0.0,0,0.6666666666666666,0,93,9 3 4059
D:/Data/ePillID_data/ePillID_data\classification_data\fcn_mix_weight/dc_224/2206.jpg,consumer,378-2076,L;26;M,True,qwen,M,0,1,0.3333333333333333,0,0.75,0,M,L 26 M
D:/Data/ePillID_data/ePillID_data\classification_data\fcn_mix_weight/dc_224/2211.jpg,consumer,93-7370,TEVA;7370,True,qwen,93 7370 93 7370,0,0,0.5,0,1.0,0,93 7370 93 7370,TEVA 7370
D:/Data/ePillID_data/ePillID_data\classification_data\fcn_mix_weight/dc_224/223.jpg,consumer,93-7247,9;3;7247,False,qwen,7247,0,1,0.3333333333333333,0,0.3333333333333333,0,7247,9 3 7247
D:/Data/ePillID_data/ePillID_data\classification_data\fcn_mix_weight/dc_224/2244.jpg,consumer,555-71,b;071;300,False,qwen,071 300,0,0,0.6666666666666666,0,0.14285714285714285,0,071 300,B 071 300
D:/Data/ePillID_data/ePillID_data\classification_data\fcn_mix_weight/dc_224/2246.jpg,consumer,93-7220,93;7220,False,qwen,7220,0,1,0.5,0,0.3333333333333333,0,7220,93 7220
D:/Data/ePillID_data/ePillID_data\classification_data\fcn_mix_weight/dc_224/2255.jpg,consumer,93-463,9;3;463,True,qwen,9 3,0,0,0.6666666666666666,0,0.6,0,9 3,9 3 463
D:/Data/ePillID_data/ePillID_data\classification_data\fcn_mix_weight/dc_224/2270.jpg,consumer,172-5411,5411;100,True,qwen,3100,0,0,0.0,0,0.5714285714285714,0,3100,5411 100
D:/Data/ePillID_data/ePillID_data\classification_data\fcn_mix_weight/dc_224/2293.jpg,consumer,228-2550,R;550,False,qwen,550,0,1,0.5,0,0.25,0,550,R 550
D:/Data/ePillID_data/ePillID_data\classification_data\fcn_mix_weight/dc_224/23.jpg,consumer,93-7370,TEVA;7370,True,qwen,TEVA 7370,1,1,1.0,1,0.0,1,TEVA 7370,TEVA 7370
D:/Data/ePillID_data/ePillID_data\classification_data\fcn_mix_weight/dc_224/2328.jpg,consumer,93-7426,TV;7426,False,qwen,7425,0,0,0.0,0,0.5,0,7425,TV 7426
D:/Data/ePillID_data/ePillID_data\classification_data\fcn_mix_weight/dc_224/233.jpg,consumer,93-7380,9;3;7380,False,qwen,7380,0,1,0.3333333333333333,0,0.3333333333333333,0,7380,9 3 7380
D:/Data/ePillID_data/ePillID_data\classification_data\fcn_mix_weight/dc_224/2330.jpg,consumer,55111-180,R;180,False,qwen,4,0,0,0.0,0,1.0,0,4,R 180
D:/Data/ePillID_data/ePillID_data\classification_data\fcn_mix_weight/dc_224/2334.jpg,consumer,93-810,TEVA;10mg;0810,False,qwen,T,0,0,0.0,0,0.9166666666666666,0,T,TEVA 10MG 0810
D:/Data/ePillID_data/ePillID_data\classification_data\fcn_mix_weight/dc_224/2335.jpg,consumer,93-8036,6;036;N,True,qwen,Z,0,0,0.0,0,1.0,0,Z,6 036 N
D:/Data/ePillID_data/ePillID_data\classification_data\fcn_mix_weight/dc_224/2337.jpg,consumer,93-7247,9;3;7247,True,qwen,3 6,0,0,0.3333333333333333,0,0.8333333333333334,0,3 6,9 3 7247
D:/Data/ePillID_data/ePillID_data\classification_data\fcn_mix_weight/dc_224/234.jpg,consumer,781-5185,112;GG;336,False,qwen,N,0,0,0.0,0,1.0,0,N,112 GG 336
D:/Data/ePillID_data/ePillID_data\classification_data\fcn_mix_weight/dc_224/2350.jpg,consumer,93-7305,93;7305,True,qwen,93,0,1,0.5,0,0.6666666666666666,0,93,93 7305
D:/Data/ePillID_data/ePillID_data\classification_data\fcn_mix_weight/dc_224/2355.jpg,consumer,456-1550,FL;50,False,qwen,50,0,1,0.5,0,0.5,0,50,FL 50
D:/Data/ePillID_data/ePillID_data\classification_data\fcn_mix_weight/dc_224/2361.jpg,consumer,555-485,b;485,False,qwen,485,0,1,0.5,0,0.25,0,485,B 485
D:/Data/ePillID_data/ePillID_data\classification_data\fcn_mix_weight/dc_224/2367.jpg,consumer,93-3147,TEVA;3147,True,qwen,TEVA 3147,1,1,1.0,1,0.0,1,TEVA 3147,TEVA 3147
D:/Data/ePillID_data/ePillID_data\classification_data\fcn_mix_weight/dc_224/2372.jpg,consumer,93-7380,9;3;7380,False,qwen,7380,0,1,0.3333333333333333,0,0.3333333333333333,0,7380,9 3 7380
D:/Data/ePillID_data/ePillID_data\classification_data\fcn_mix_weight/dc_224/2398.jpg,consumer,456-1550,FL;50,True,qwen,FL,0,1,0.5,0,0.5,0,FL,FL 50
D:/Data/ePillID_data/ePillID_data\classification_data\fcn_mix_weight/dc_224/2401.jpg,consumer,93-308,93;308,False,qwen,EPISTEMOL,0,0,0.0,0,1.8,0,EPISTEMOL,93 308
D:/Data/ePillID_data/ePillID_data\classification_data\fcn_mix_weight/dc_224/2430.jpg,consumer,378-4151,M;T7,False,qwen,17,0,0,0.0,0,0.6666666666666666,0,17,M T7
D:/Data/ePillID_data/ePillID_data\classification_data\fcn_mix_weight/dc_224/2452.jpg,consumer,93-1061,93;61,True,qwen,93 610,0,0,0.5,0,0.25,1,93 610,93 61
D:/Data/ePillID_data/ePillID_data\classification_data\fcn_mix_weight/dc_224/2458.jpg,consumer,93-8035,3;035;N,False,qwen,3035,0,0,0.0,0,0.2,0,3035,3 035 N
D:/Data/ePillID_data/ePillID_data\classification_data\fcn_mix_weight/dc_224/2467.jpg,consumer,93-308,93;308,True,qwen,93 308,1,1,1.0,1,0.0,1,93 308,93 308
D:/Data/ePillID_data/ePillID_data\classification_data\fcn_mix_weight/dc_224/2485.jpg,consumer,93-5256,TEVA;5256,True,qwen,93 5256 93 5256,0,0,0.5,0,1.0,0,93 5256 93 5256,TEVA 5256
D:/Data/ePillID_data/ePillID_data\classification_data\fcn_mix_weight/dc_224/2517.jpg,consumer,93-7212,93;7212,True,qwen,93,0,1,0.5,0,0.6666666666666666,0,93,93 7212
D:/Data/ePillID_data/ePillID_data\classification_data\fcn_mix_weight/dc_224/255.jpg,consumer,93-7365,9;3;7365,False,qwen,7365,0,1,0.3333333333333333,0,0.3333333333333333,0,7365,9 3 7365
D:/Data/ePillID_data/ePillID_data\classification_data\fcn_mix_weight/dc_224/2625.jpg,consumer,173-565,VALTREX;1;gram,False,qwen,N,0,0,0.0,0,1.0,0,N,VALTREX 1 GRAM
D:/Data/ePillID_data/ePillID_data\classification_data\fcn_mix_weight/dc_224/2658.jpg,consumer,93-7443,TEVA;7443,True,qwen,TEVA 7443,1,1,1.0,1,0.0,1,TEVA 7443,TEVA 7443
D:/Data/ePillID_data/ePillID_data\classification_data\fcn_mix_weight/dc_224/2667.jpg,consumer,172-5033,5033;10;12;5,True,qwen,5034,0,0,0.0,0,0.6666666666666666,0,5034,5033 10 12 5
D:/Data/ePillID_data/ePillID_data\classification_data\fcn_mix_weight/dc_224/2682.jpg,consumer,228-2550,R;550,True,qwen,R,0,1,0.5,0,0.75,0,R,R 550
D:/Data/ePillID_data/ePillID_data\classification_data\fcn_mix_weight/dc_224/2689.jpg,consumer,93-1061,93;61,True,qwen,93 61,1,1,1.0,1,0.0,1,93 61,93 61
D:/Data/ePillID_data/ePillID_data\classification_data\fcn_mix_weight/dc_224/2693.jpg,consumer,93-3010,A08,True,qwen,A08,1,1,1.0,1,0.0,1,A08,A08
D:/Data/ePillID_data/ePillID_data\classification_data\fcn_mix_weight/dc_224/2708.jpg,consumer,93-7220,93;7220,True,qwen,93,0,1,0.5,0,0.6666666666666666,0,93,93 7220
D:/Data/ePillID_data/ePillID_data\classification_data\fcn_mix_weight/dc_224/271.jpg,consumer,51672-4030,3;WARFARIN;TARO,False,qwen,U U,0,0,0.0,0,1.0,0,U U,3 WARFARIN TARO
D:/Data/ePillID_data/ePillID_data\classification_data\fcn_mix_weight/dc_224/2718.jpg,consumer,75-7700,RPR;202,True,qwen,RFR 202,0,0,0.5,0,0.16666666666666666,0,RFR 202,RPR 202
D:/Data/ePillID_data/ePillID_data\classification_data\fcn_mix_weight/dc_224/272.jpg,consumer,378-1165,M;B3;5;5;5,True,qwen,M B3,0,0,0.4,0,0.5,0,M B3,M B3 5 5 5
D:/Data/ePillID_data/ePillID_data\classification_data\fcn_mix_weight/dc_224/2729.jpg,consumer,93-7212,93;7212,False,qwen,7212,0,1,0.5,0,0.3333333333333333,0,7212,93 7212
D:/Data/ePillID_data/ePillID_data\classification_data\fcn_mix_weight/dc_224/273.jpg,consumer,93-463,9;3;463,False,qwen,463,0,1,0.3333333333333333,0,0.4,0,463,9 3 463
D:/Data/ePillID_data/ePillID_data\classification_data\fcn_mix_weight/dc_224/2759.jpg,consumer,59762-5024,G;22,True,qwen,G 22,1,1,1.0,1,0.0,1,G 22,G 22
D:/Data/ePillID_data/ePillID_data\classification_data\fcn_mix_weight/dc_224/2775.jpg,consumer,93-7242,93;7242,False,qwen,724 2,0,0,0.0,0,0.3333333333333333,0,724 2,93 7242
D:/Data/ePillID_data/ePillID_data\classification_data\fcn_mix_weight/dc_224/2781.jpg,consumer,50111-393,b;1114,True,qwen,375,0,0,0.0,0,1.0,0,375,B 1114
D:/Data/ePillID_data/ePillID_data\classification_data\fcn_mix_weight/dc_224/2788.jpg,consumer,93-7370,TEVA;7370,False,qwen,G342,0,0,0.0,0,0.875,0,G342,TEVA 7370
D:/Data/ePillID_data/ePillID_data\classification_data\fcn_mix_weight/dc_224/279.jpg,consumer,93-787,787;TEVA,True,qwen,TEVA,0,1,0.5,0,0.42857142857142855,0,TEVA,787 TEVA
D:/Data/ePillID_data/ePillID_data\classification_data\fcn_mix_weight/dc_224/2806.jpg,consumer,172-5033,5033;10;12;5,True,qwen,5033,0,1,0.25,0,0.5555555555555556,0,5033,5033 10 12 5
D:/Data/ePillID_data/ePillID_data\classification_data\fcn_mix_weight/dc_224/2809.jpg,consumer,555-808,barr;808,False,qwen,G342,0,0,0.0,0,1.0,0,G342,BARR 808
D:/Data/ePillID_data/ePillID_data\classification_data\fcn_mix_weight/dc_224/2836.jpg,consumer,378-7003,M;N3,False,qwen,MACARON,0,0,0.0,0,2.0,0,MACARON,M N3
D:/Data/ePillID_data/ePillID_data\classification_data\fcn_mix_weight/dc_224/2844.jpg,consumer,93-658,93;658,True,qwen,888,0,0,0.0,0,0.8,0,888,93 658
D:/Data/ePillID_data/ePillID_data\classification_data\fcn_mix_weight/dc_224/2877.jpg,consumer,228-2127,R127,False,qwen,N,0,0,0.0,0,1.0,0,N,R127
D:/Data/ePillID_data/ePillID_data\classification_data\fcn_mix_weight/dc_224/2879.jpg,consumer,74-6594,SYNTHROID;88,True,qwen,SYNTHROID,0,1,0.5,0,0.18181818181818182,0,SYNTHROID,SYNTHROID 88
D:/Data/ePillID_data/ePillID_data\classification_data\fcn_mix_weight/dc_224/2888.jpg,consumer,50111-647,PLIVA;647;PLIVA;647,True,qwen,PLIVA,0,1,0.5,0,0.6875,0,PLIVA,PLIVA 647 PLIVA 647
D:/Data/ePillID_data/ePillID_data\classification_data\fcn_mix_weight/dc_224/2927.jpg,consumer,50111-393,b;1114,False,qwen,B 1,0,0,0.5,0,0.6,0,B 1,B 1114
D:/Data/ePillID_data/ePillID_data\classification_data\fcn_mix_weight/dc_224/2940.jpg,consumer,378-232,MYLAN;232;80,True,qwen,MYLAN 232,0,0,0.6666666666666666,0,0.2,0,MYLAN 232,MYLAN 232 80
D:/Data/ePillID_data/ePillID_data\classification_data\fcn_mix_weight/dc_224/2949.jpg,consumer,37-2250,SOMA;250,True,qwen,SOMA 250,1,1,1.0,1,0.0,1,SOMA 250,SOMA 250
D:/Data/ePillID_data/ePillID_data\classification_data\fcn_mix_weight/dc_224/2951.jpg,consumer,781-2053,GG623,True,qwen,GG623,1,1,1.0,1,0.0,1,GG623,GG623
D:/Data/ePillID_data/ePillID_data\classification_data\fcn_mix_weight/dc_224/2958.jpg,consumer,93-2264,93;2264,True,qwen,93 2264,1,1,1.0,1,0.0,1,93 2264,93 2264
D:/Data/ePillID_data/ePillID_data\classification_data\fcn_mix_weight/dc_224/2963.jpg,consumer,93-7305,93;7305,True,qwen,93,0,1,0.5,0,0.6666666666666666,0,93,93 7305
D:/Data/ePillID_data/ePillID_data\classification_data\fcn_mix_weight/dc_224/2966.jpg,consumer,37-2250,SOMA;250,True,qwen,SOMA 250,1,1,1.0,1,0.0,1,SOMA 250,SOMA 250
D:/Data/ePillID_data/ePillID_data\classification_data\fcn_mix_weight/dc_224/298.jpg,consumer,93-1061,93;61,False,qwen,G3,0,0,0.0,0,0.75,0,G3,93 61
D:/Data/ePillID_data/ePillID_data\classification_data\fcn_mix_weight/dc_224/2984.jpg,consumer,93-5171,93;5171,False,qwen,5171,0,1,0.5,0,0.3333333333333333,0,5171,93 5171
D:/Data/ePillID_data/ePillID_data\classification_data\fcn_mix_weight/dc_224/299.jpg,consumer,378-1165,M;B3;5;5;5,False,qwen,5 5 5,0,0,0.6,0,0.5,0,5 5 5,M B3 5 5 5
D:/Data/ePillID_data/ePillID_data\classification_data\fcn_mix_weight/dc_224/3008.jpg,consumer,93-5710,5710;1;25;250,False,qwen,1 25 250,0,0,0.75,0,0.4,0,1 25 250,5710 1 25 250
D:/Data/ePillID_data/ePillID_data\classification_data\fcn_mix_weight/dc_224/3026.jpg,consumer,93-7305,93;7305,False,qwen,7305,0,1,0.5,0,0.3333333333333333,0,7305,93 7305
D:/Data/ePillID_data/ePillID_data\classification_data\fcn_mix_weight/dc_224/3052.jpg,consumer,51285-87,b;556,False,qwen,556,0,1,0.5,0,0.25,0,556,B 556
D:/Data/ePillID_data/ePillID_data\classification_data\fcn_mix_weight/dc_224/3063.jpg,consumer,59762-5024,G;22,True,qwen,G 22,1,1,1.0,1,0.0,1,G 22,G 22
D:/Data/ePillID_data/ePillID_data\classification_data\fcn_mix_weight/dc_224/3081.jpg,consumer,555-9008,b;944,False,qwen,941,0,0,0.0,0,0.5,0,941,B 944
D:/Data/ePillID_data/ePillID_data\classification_data\fcn_mix_weight/dc_224/312.jpg,consumer,93-2929,2929;93,False,qwen,T,0,0,0.0,0,1.0,0,T,2929 93
D:/Data/ePillID_data/ePillID_data\classification_data\fcn_mix_weight/dc_224/3141.jpg,consumer,93-7443,TEVA;7443,False,qwen,T,0,0,0.0,0,0.875,0,T,TEVA 7443
D:/Data/ePillID_data/ePillID_data\classification_data\fcn_mix_weight/dc_224/3155.jpg,consumer,228-2127,R127,False,qwen,G342,0,0,0.0,0,1.0,0,G342,R127
D:/Data/ePillID_data/ePillID_data\classification_data\fcn_mix_weight/dc_224/3177.jpg,consumer,93-7247,9;3;7247,True,qwen,9 3,0,0,0.6666666666666666,0,0.6666666666666666,0,9 3,9 3 7247
D:/Data/ePillID_data/ePillID_data\classification_data\fcn_mix_weight/dc_224/3179.jpg,consumer,93-753,753;TEVA,True,qwen,TEVA,0,1,0.5,0,0.42857142857142855,0,TEVA,753 TEVA
D:/Data/ePillID_data/ePillID_data\classification_data\fcn_mix_weight/dc_224/318.jpg,consumer,781-2053,GG623,True,qwen,GG623,1,1,1.0,1,0.0,1,GG623,GG623
D:/Data/ePillID_data/ePillID_data\classification_data\fcn_mix_weight/dc_224/3184.jpg,consumer,93-1177,93;1177,False,qwen,1177,0,1,0.5,0,0.3333333333333333,0,1177,93 1177
D:/Data/ePillID_data/ePillID_data\classification_data\fcn_mix_weight/dc_224/3218.jpg,consumer,93-5171,93;5171,False,qwen,5171,0,1,0.5,0,0.3333333333333333,0,5171,93 5171
D:/Data/ePillID_data/ePillID_data\classification_data\fcn_mix_weight/dc_224/3239.jpg,consumer,93-7247,9;3;7247,False,qwen,7247,0,1,0.3333333333333333,0,0.3333333333333333,0,7247,9 3 7247
D:/Data/ePillID_data/ePillID_data\classification_data\fcn_mix_weight/dc_224/3240.jpg,consumer,781-2053,GG623,True,qwen,GG623,1,1,1.0,1,0.0,1,GG623,GG623
D:/Data/ePillID_data/ePillID_data\classification_data\fcn_mix_weight/dc_224/3305.jpg,consumer,93-7212,93;7212,True,qwen,93,0,1,0.5,0,0.6666666666666666,0,93,93 7212
D:/Data/ePillID_data/ePillID_data\classification_data\fcn_mix_weight/dc_224/3311.jpg,consumer,93-2046,ACTOS;45,False,qwen,45,0,1,0.5,0,0.7142857142857143,0,45,ACTOS 45
D:/Data/ePillID_data/ePillID_data\classification_data\fcn_mix_weight/dc_224/3313.jpg,consumer,99207-461,DYN;090,True,qwen,DYN 090,1,1,1.0,1,0.0,1,DYN 090,DYN 090
D:/Data/ePillID_data/ePillID_data\classification_data\fcn_mix_weight/dc_224/3335.jpg,consumer,93-308,93;308,True,qwen,93 308,1,1,1.0,1,0.0,1,93 308,93 308
D:/Data/ePillID_data/ePillID_data\classification_data\fcn_mix_weight/dc_224/3341.jpg,consumer,74-6594,SYNTHROID;88,False,qwen,88,0,1,0.5,0,0.8181818181818182,0,88,SYNTHROID 88
D:/Data/ePillID_data/ePillID_data\classification_data\fcn_mix_weight/dc_224/3354.jpg,consumer,228-2550,R;550,True,qwen,R,0,1,0.5,0,0.75,0,R,R 550
D:/Data/ePillID_data/ePillID_data\classification_data\fcn_mix_weight/dc_224/3363.jpg,consumer,172-5410,5410;50,True,qwen,50,0,1,0.5,0,0.6666666666666666,0,50,5410 50
D:/Data/ePillID_data/ePillID_data\classification_data\fcn_mix_weight/dc_224/3370.jpg,consumer,93-1177,93;1177,True,qwen,93,0,1,0.5,0,0.6666666666666666,0,93,93 1177
D:/Data/ePillID_data/ePillID_data\classification_data\fcn_mix_weight/dc_224/3388.jpg,consumer,245-41,KC;10,True,qwen,R20,0,0,0.0,0,0.75,0,R20,KC 10
D:/Data/ePillID_data/ePillID_data\classification_data\fcn_mix_weight/dc_224/3426.jpg,consumer,245-41,KC;10,False,qwen,Y,0,0,0.0,0,1.0,0,Y,KC 10
D:/Data/ePillID_data/ePillID_data\classification_data\fcn_mix_weight/dc_224/3427.jpg,consumer,23-9350,SAN;60,True,qwen,SAN 60,1,1,1.0,1,0.0,1,SAN 60,SAN 60
D:/Data/ePillID_data/ePillID_data\classification_data\fcn_mix_weight/dc_224/3438.jpg,consumer,93-8035,3;035;N,False,qwen,3035,0,0,0.0,0,0.2,0,3035,3 035 N
D:/Data/ePillID_data/ePillID_data\classification_data\fcn_mix_weight/dc_224/3441.jpg,consumer,93-1172,93;1172,False,qwen,1172,0,1,0.5,0,0.3333333333333333,0,1172,93 1172
D:/Data/ePillID_data/ePillID_data\classification_data\fcn_mix_weight/dc_224/3462.jpg,consumer,832-1025,832;BC20,True,qwen,832 BC20,1,1,1.0,1,0.0,1,832 BC20,832 BC20
D:/Data/ePillID_data/ePillID_data\classification_data\fcn_mix_weight/dc_224/3480.jpg,consumer,51285-406,E;1,True,qwen,E 1,1,1,1.0,1,0.0,1,E 1,E 1
D:/Data/ePillID_data/ePillID_data\classification_data\fcn_mix_weight/dc_224/3481.jpg,consumer,378-2074,L;24;M,False,qwen,24 7,0,0,0.3333333333333333,0,0.5,0,24 7,L 24 M
D:/Data/ePillID_data/ePillID_data\classification_data\fcn_mix_weight/dc_224/3484.jpg,consumer,93-2264,93;2264,True,qwen,93 2264,1,1,1.0,1,0.0,1,93 2264,93 2264
D:/Data/ePillID_data/ePillID_data\classification_data\fcn_mix_weight/dc_224/3526.jpg,consumer,172-5410,5410;50,True,qwen,50,0,1,0.5,0,0.6666666666666666,0,50,5410 50
D:/Data/ePillID_data/ePillID_data\classification_data\fcn_mix_weight/dc_224/3565.jpg,consumer,143-9920,H5,True,qwen,H 5,0,0,0.0,0,0.0,1,H 5,H5
D:/Data/ePillID_data/ePillID_data\classification_data\fcn_mix_weight/dc_224/3587.jpg,consumer,93-4059,9;3;4059,True,qwen,9 3,0,0,0.6666666666666666,0,0.6666666666666666,0,9 3,9 3 4059
D:/Data/ePillID_data/ePillID_data\classification_data\fcn_mix_weight/dc_224/3599.jpg,consumer,93-5256,TEVA;5256,True,qwen,93 5256 93 5256,0,0,0.5,0,1.0,0,93 5256 93 5256,TEVA 5256
D:/Data/ePillID_data/ePillID_data\classification_data\fcn_mix_weight/dc_224/3616.jpg,consumer,555-71,b;071;300,True,qwen,C 9,0,0,0.0,0,1.0,0,C 9,B 071 300
D:/Data/ePillID_data/ePillID_data\classification_data\fcn_mix_weight/dc_224/3619.jpg,consumer,93-2046,ACTOS;45,False,qwen,45,0,1,0.5,0,0.7142857142857143,0,45,ACTOS 45
D:/Data/ePillID_data/ePillID_data\classification_data\fcn_mix_weight/dc_224/3632.jpg,consumer,143-9920,H5,True,qwen,H 5,0,0,0.0,0,0.0,1,H 5,H5
D:/Data/ePillID_data/ePillID_data\classification_data\fcn_mix_weight/dc_224/3644.jpg,consumer,2-4463,C;10,True,qwen,C 10,1,1,1.0,1,0.0,1,C 10,C 10
D:/Data/ePillID_data/ePillID_data\classification_data\fcn_mix_weight/dc_224/3646.jpg,consumer,781-5185,112;GG;336,True,qwen,GG338,0,0,0.0,0,0.5,0,GG338,112 GG 336
D:/Data/ePillID_data/ePillID_data\classification_data\fcn_mix_weight/dc_224/3655.jpg,consumer,378-3632,M;C32,True,qwen,M,0,1,0.5,0,0.75,0,M,M C32
D:/Data/ePillID_data/ePillID_data\classification_data\fcn_mix_weight/dc_224/3668.jpg,consumer,93-5504,TEVA;5504,False,qwen,B,0,0,0.0,0,1.0,0,B,TEVA 5504
D:/Data/ePillID_data/ePillID_data\classification_data\fcn_mix_weight/dc_224/3686.jpg,consumer,93-787,787;TEVA,False,qwen,787,0,1,0.5,0,0.5714285714285714,0,787,787 TEVA
D:/Data/ePillID_data/ePillID_data\classification_data\fcn_mix_weight/dc_224/3694.jpg,consumer,93-7242,93;7242,False,qwen,Z Z Z 726 Z,0,0,0.0,0,0.8333333333333334,0,Z Z Z 726 Z,93 7242
D:/Data/ePillID_data/ePillID_data\classification_data\fcn_mix_weight/dc_224/3695.jpg,consumer,378-7003,M;N3,True,qwen,M N 3,0,0,0.5,0,0.0,1,M N 3,M N3
D:/Data/ePillID_data/ePillID_data\classification_data\fcn_mix_weight/dc_224/370.jpg,consumer,93-8036,6;036;N,True,qwen,N,0,1,0.3333333333333333,0,0.8,0,N,6 036 N
D:/Data/ePillID_data/ePillID_data\classification_data\fcn_mix_weight/dc_224/3717.jpg,consumer,93-7443,TEVA;7443,False,qwen,G342,0,0,0.0,0,0.875,0,G342,TEVA 7443
D:/Data/ePillID_data/ePillID_data\classification_data\fcn_mix_weight/dc_224/3719.jpg,consumer,93-4059,9;3;4059,False,qwen,4059,0,1,0.3333333333333333,0,0.3333333333333333,0,4059,9 3 4059
D:/Data/ePillID_data/ePillID_data\classification_data\fcn_mix_weight/dc_224/3727.jpg,consumer,93-4741,4741;9;3,False,qwen,L741,0,0,0.0,0,0.5,0,L741,4741 9 3
D:/Data/ePillID_data/ePillID_data\classification_data\fcn_mix_weight/dc_224/3744.jpg,consumer,378-216,MYLAN;216;40,False,qwen,40,0,1,0.3333333333333333,0,0.8,0,40,MYLAN 216 40
D:/Data/ePillID_data/ePillID_data\classification_data\fcn_mix_weight/dc_224/3752.jpg,consumer,93-787,787;TEVA,True,qwen,TEVA,0,1,0.5,0,0.42857142857142855,0,TEVA,787 TEVA
D:/Data/ePillID_data/ePillID_data\classification_data\fcn_mix_weight/dc_224/3766.jpg,consumer,2-4463,C;10,False,qwen,T 1,0,0,0.0,0,0.6666666666666666,0,T 1,C 10
D:/Data/ePillID_data/ePillID_data\classification_data\fcn_mix_weight/dc_224/377.jpg,consumer,172-4626,20;4626,False,qwen,4626,0,1,0.5,0,0.3333333333333333,0,4626,20 4626
D:/Data/ePillID_data/ePillID_data\classification_data\fcn_mix_weight/dc_224/3792.jpg,consumer,50111-393,b;1114,True,qwen,B 1114,1,1,1.0,1,0.0,1,B 1114,B 1114
D:/Data/ePillID_data/ePillID_data\classification_data\fcn_mix_weight/dc_224/3793.jpg,consumer,93-1177,93;1177,True,qwen,93,0,1,0.5,0,0.6666666666666666,0,93,93 1177
D:/Data/ePillID_data/ePillID_data\classification_data\fcn_mix_weight/dc_224/3832.jpg,consumer,143-9920,H5,True,qwen,E 07,0,0,0.0,0,1.5,0,E 07,H5
D:/Data/ePillID_data/ePillID_data\classification_data\fcn_mix_weight/dc_224/3865.jpg,consumer,173-565,VALTREX;1;gram,True,qwen,VALTREX 1 GRAM,1,1,1.0,1,0.0,1,VALTREX 1 GRAM,VALTREX 1 GRAM
D:/Data/ePillID_data/ePillID_data\classification_data\fcn_mix_weight/dc_224/3892.jpg,consumer,50111-393,b;1114,False,qwen,T,0,0,0.0,0,1.0,0,T,B 1114
D:/Data/ePillID_data/ePillID_data\classification_data\fcn_mix_weight/dc_224/3906.jpg,consumer,93-5710,5710;1;25;250,False,qwen,1 25 250,0,0,0.75,0,0.4,0,1 25 250,5710 1 25 250
D:/Data/ePillID_data/ePillID_data\classification_data\fcn_mix_weight/dc_224/3909.jpg,consumer,59762-2004,G;2004,True,qwen,G 2004,1,1,1.0,1,0.0,1,G 2004,G 2004
D:/Data/ePillID_data/ePillID_data\classification_data\fcn_mix_weight/dc_224/3919.jpg,consumer,93-7443,TEVA;7443,True,qwen,TEVA 7443,1,1,1.0,1,0.0,1,TEVA 7443,TEVA 7443
D:/Data/ePillID_data/ePillID_data\classification_data\fcn_mix_weight/dc_224/3920.jpg,consumer,37-2250,SOMA;250,False,qwen,T,0,0,0.0,0,1.0,0,T,SOMA 250
D:/Data/ePillID_data/ePillID_data\classification_data\fcn_mix_weight/dc_224/3942.jpg,consumer,78-521,NVR;LCI,False,qwen,LCI,0,1,0.5,0,0.5,0,LCI,NVR LCI
D:/Data/ePillID_data/ePillID_data\classification_data\fcn_mix_weight/dc_224/3971.jpg,consumer,75-7700,RPR;202,False,qwen,T 1,0,0,0.0,0,1.0,0,T 1,RPR 202
D:/Data/ePillID_data/ePillID_data\classification_data\fcn_mix_weight/dc_224/3996.jpg,consumer,74-6594,SYNTHROID;88,False,qwen,88,0,1,0.5,0,0.8181818181818182,0,88,SYNTHROID 88
D:/Data/ePillID_data/ePillID_data\classification_data\fcn_mix_weight/dc_224/4044.jpg,consumer,93-5710,5710;1;25;250,True,qwen,5710,0,1,0.25,0,0.6,0,5710,5710 1 25 250
D:/Data/ePillID_data/ePillID_data\classification_data\fcn_mix_weight/dc_224/4075.jpg,consumer,93-810,TEVA;10mg;0810,False,qwen,T,0,0,0.0,0,0.9166666666666666,0,T,TEVA 10MG 0810
D:/Data/ePillID_data/ePillID_data\classification_data\fcn_mix_weight/dc_224/409.jpg,consumer,93-4741,4741;9;3,False,qwen,L7U1,0,0,0.0,0,0.6666666666666666,0,L7U1,4741 9 3
D:/Data/ePillID_data/ePillID_data\classification_data\fcn_mix_weight/dc_224/4126.jpg,consumer,781-5185,112;GG;336,False,qwen,112,0,1,0.3333333333333333,0,0.625,0,112,112 GG 336
D:/Data/ePillID_data/ePillID_data\classification_data\fcn_mix_weight/dc_224/413.jpg,consumer,53489-648,Mutual;866,True,qwen,MUTUAL 866,1,1,1.0,1,0.0,1,MUTUAL 866,MUTUAL 866
D:/Data/ePillID_data/ePillID_data\classification_data\fcn_mix_weight/dc_224/4134.jpg,consumer,172-5411,5411;100,False,qwen,5 7,0,0,0.0,0,0.8571428571428571,0,5 7,5411 100
D:/Data/ePillID_data/ePillID_data\classification_data\fcn_mix_weight/dc_224/4164.jpg,consumer,93-5504,TEVA;5504,True,qwen,TEVA 5504,1,1,1.0,1,0.0,1,TEVA 5504,TEVA 5504
D:/Data/ePillID_data/ePillID_data\classification_data\fcn_mix_weight/dc_224/4170.jpg,consumer,53489-648,Mutual;866,True,qwen,MUTUAL 866,1,1,1.0,1,0.0,1,MUTUAL 866,MUTUAL 866
D:/Data/ePillID_data/ePillID_data\classification_data\fcn_mix_weight/dc_224/418.jpg,consumer,59762-5033,GLIPIZIDE;XL;10,True,qwen,GLIPIZIDE XL 10,1,1,1.0,1,0.0,1,GLIPIZIDE XL 10,GLIPIZIDE XL 10
D:/Data/ePillID_data/ePillID_data\classification_data\fcn_mix_weight/dc_224/4210.jpg,consumer,93-1172,93;1172,True,qwen,93,0,1,0.5,0,0.6666666666666666,0,93,93 1172
D:/Data/ePillID_data/ePillID_data\classification_data\fcn_mix_weight/dc_224/4228.jpg,consumer,56-176,2;1;2;COUMADIN,False,qwen,M,0,0,0.0,0,0.9090909090909091,0,M,2 1 2 COUMADIN
D:/Data/ePillID_data/ePillID_data\classification_data\fcn_mix_weight/dc_224/4232.jpg,consumer,245-41,KC;10,True,qwen,KC 10,1,1,1.0,1,0.0,1,KC 10,KC 10
D:/Data/ePillID_data/ePillID_data\classification_data\fcn_mix_weight/dc_224/4301.jpg,consumer,59148-6,A;006;2,False,qwen,G3,0,0,0.0,0,1.0,0,G3,A 006 2
D:/Data/ePillID_data/ePillID_data\classification_data\fcn_mix_weight/dc_224/4305.jpg,consumer,93-8035,3;035;N,False,qwen,3035,0,0,0.0,0,0.2,0,3035,3 035 N
D:/Data/ePillID_data/ePillID_data\classification_data\fcn_mix_weight/dc_224/4320.jpg,consumer,93-2264,93;2264,False,qwen,T,0,0,0.0,0,1.0,0,T,93 2264
D:/Data/ePillID_data/ePillID_data\classification_data\fcn_mix_weight/dc_224/4331.jpg,consumer,59762-5024,G;22,True,qwen,G 72,0,0,0.5,0,0.3333333333333333,0,G 72,G 22
D:/Data/ePillID_data/ePillID_data\classification_data\fcn_mix_weight/dc_224/4366.jpg,consumer,172-5034,5034;20;12;5,True,qwen,A B,0,0,0.0,0,1.0,0,A B,5034 20 12 5
D:/Data/ePillID_data/ePillID_data\classification_data\fcn_mix_weight/dc_224/4392.jpg,consumer,78-521,NVR;LCI,True,qwen,NVR,0,1,0.5,0,0.5,0,NVR,NVR LCI
D:/Data/ePillID_data/ePillID_data\classification_data\fcn_mix_weight/dc_224/4394.jpg,consumer,378-232,MYLAN;232;80,True,qwen,MYLAN 232,0,0,0.6666666666666666,0,0.2,0,MYLAN 232,MYLAN 232 80
D:/Data/ePillID_data/ePillID_data\classification_data\fcn_mix_weight/dc_224/4416.jpg,consumer,51285-406,E;1,True,qwen,B 1,0,0,0.5,0,0.5,0,B 1,E 1
D:/Data/ePillID_data/ePillID_data\classification_data\fcn_mix_weight/dc_224/445.jpg,consumer,50111-647,PLIVA;647;PLIVA;647,True,qwen,PLIVA,0,1,0.5,0,0.6875,0,PLIVA,PLIVA 647 PLIVA 647
D:/Data/ePillID_data/ePillID_data\classification_data\fcn_mix_weight/dc_224/4500.jpg,consumer,93-7365,9;3;7365,False,qwen,7365,0,1,0.3333333333333333,0,0.3333333333333333,0,7365,9 3 7365
D:/Data/ePillID_data/ePillID_data\classification_data\fcn_mix_weight/dc_224/4558.jpg,consumer,172-4626,20;4626,True,qwen,20,0,1,0.5,0,0.6666666666666666,0,20,20 4626
D:/Data/ePillID_data/ePillID_data\classification_data\fcn_mix_weight/dc_224/4570.jpg,consumer,378-232,MYLAN;232;80,True,qwen,MYLAN 2072,0,0,0.3333333333333333,0,0.4,0,MYLAN 2072,MYLAN 232 80
D:/Data/ePillID_data/ePillID_data\classification_data\fcn_mix_weight/dc_224/4590.jpg,consumer,55111-180,R;180,False,qwen,4,0,0,0.0,0,1.0,0,4,R 180
D:/Data/ePillID_data/ePillID_data\classification_data\fcn_mix_weight/dc_224/4602.jpg,consumer,555-71,b;071;300,False,qwen,071 300,0,0,0.6666666666666666,0,0.14285714285714285,0,071 300,B 071 300
D:/Data/ePillID_data/ePillID_data\classification_data\fcn_mix_weight/dc_224/4613.jpg,consumer,555-485,b;485,False,qwen,485,0,1,0.5,0,0.25,0,485,B 485
D:/Data/ePillID_data/ePillID_data\classification_data\fcn_mix_weight/dc_224/4617.jpg,consumer,93-658,93;658,True,qwen,83 658,0,0,0.5,0,0.2,0,83 658,93 658
D:/Data/ePillID_data/ePillID_data\classification_data\fcn_mix_weight/dc_224/4626.jpg,consumer,51285-406,E;1,True,qwen,E,0,1,0.5,0,0.5,0,E,E 1
D:/Data/ePillID_data/ePillID_data\classification_data\fcn_mix_weight/dc_224/4664.jpg,consumer,555-71,b;071;300,True,qwen,B,0,1,0.3333333333333333,0,0.8571428571428571,0,B,B 071 300
D:/Data/ePillID_data/ePillID_data\classification_data\fcn_mix_weight/dc_224/4668.jpg,consumer,93-658,93;658,True,qwen,93 668,0,0,0.5,0,0.2,0,93 668,93 658
D:/Data/ePillID_data/ePillID_data\classification_data\fcn_mix_weight/dc_224/4688.jpg,consumer,93-7305,93;7305,False,qwen,7305,0,1,0.5,0,0.3333333333333333,0,7305,93 7305
D:/Data/ePillID_data/ePillID_data\classification_data\fcn_mix_weight/dc_224/4697.jpg,consumer,59762-2004,G;2004,False,qwen,G342,0,0,0.0,0,0.8,0,G342,G 2004
D:/Data/ePillID_data/ePillID_data\classification_data\fcn_mix_weight/dc_224/4707.jpg,consumer,228-2550,R;550,False,qwen,550,0,1,0.5,0,0.25,0,550,R 550
D:/Data/ePillID_data/ePillID_data\classification_data\fcn_mix_weight/dc_224/4719.jpg,consumer,93-4742,4742;9;3,False,qwen,4742,0,1,0.3333333333333333,0,0.3333333333333333,0,4742,4742 9 3
D:/Data/ePillID_data/ePillID_data\classification_data\fcn_mix_weight/dc_224/4758.jpg,consumer,378-1150,M;B2,False,qwen,E,0,0,0.0,0,1.0,0,E,M B2
D:/Data/ePillID_data/ePillID_data\classification_data\fcn_mix_weight/dc_224/4808.jpg,consumer,93-2046,ACTOS;45,False,qwen,45,0,1,0.5,0,0.7142857142857143,0,45,ACTOS 45
D:/Data/ePillID_data/ePillID_data\classification_data\fcn_mix_weight/dc_224/4825.jpg,consumer,378-2076,L;26;M,True,qwen,M V,0,0,0.3333333333333333,0,1.0,0,M V,L 26 M
D:/Data/ePillID_data/ePillID_data\classification_data\fcn_mix_weight/dc_224/483.jpg,consumer,173-565,VALTREX;1;gram,False,qwen,N,0,0,0.0,0,1.0,0,N,VALTREX 1 GRAM
D:/Data/ePillID_data/ePillID_data\classification_data\fcn_mix_weight/dc_224/4845.jpg,consumer,245-41,KC;10,False,qwen,MACARON,0,0,0.0,0,1.5,0,MACARON,KC 10
D:/Data/ePillID_data/ePillID_data\classification_data\fcn_mix_weight/dc_224/4861.jpg,consumer,93-3010,A08,True,qwen,A08,1,1,1.0,1,0.0,1,A08,A08
D:/Data/ePillID_data/ePillID_data\classification_data\fcn_mix_weight/dc_224/487.jpg,consumer,59762-2004,G;2004,True,qwen,G 2004,1,1,1.0,1,0.0,1,G 2004,G 2004
D:/Data/ePillID_data/ePillID_data\classification_data\fcn_mix_weight/dc_224/4923.jpg,consumer,378-3632,M;C32,True,qwen,M,0,1,0.5,0,0.75,0,M,M C32
D:/Data/ePillID_data/ePillID_data\classification_data\fcn_mix_weight/dc_224/4948.jpg,consumer,832-1025,832;BC20,False,qwen,E 1,0,0,0.0,0,1.0,0,E 1,832 BC20
D:/Data/ePillID_data/ePillID_data\classification_data\fcn_mix_weight/dc_224/496.jpg,consumer,93-463,9;3;463,True,qwen,9 3,0,0,0.6666666666666666,0,0.6,0,9 3,9 3 463
D:/Data/ePillID_data/ePillID_data\classification_data\fcn_mix_weight/dc_224/4988.jpg,consumer,172-5034,5034;20;12;5,False,qwen,20 12 5,0,0,0.75,0,0.4444444444444444,0,20 12 5,5034 20 12 5
D:/Data/ePillID_data/ePillID_data\classification_data\fcn_mix_weight/dc_224/502.jpg,consumer,93-4741,4741;9;3,True,qwen,93,0,0,0.0,0,0.6666666666666666,0,93,4741 9 3
D:/Data/ePillID_data/ePillID_data\classification_data\fcn_mix_weight/dc_224/520.jpg,consumer,59148-6,A;006;2,False,qwen,G3,0,0,0.0,0,1.0,0,G3,A 006 2
D:/Data/ePillID_data/ePillID_data\classification_data\fcn_mix_weight/dc_224/585.jpg,consumer,378-1813,M;L;10,False,qwen,L 10,0,0,0.6666666666666666,0,0.25,0,L 10,M L 10
D:/Data/ePillID_data/ePillID_data\classification_data\fcn_mix_weight/dc_224/599.jpg,consumer,53489-648,Mutual;866,True,qwen,MUTUAL 866 866,0,0,1.0,1,0.3333333333333333,1,MUTUAL 866 866,MUTUAL 866
D:/Data/ePillID_data/ePillID_data\classification_data\fcn_mix_weight/dc_224/609.jpg,consumer,456-1550,FL;50,False,qwen,50,0,1,0.5,0,0.5,0,50,FL 50
D:/Data/ePillID_data/ePillID_data\classification_data\fcn_mix_weight/dc_224/614.jpg,consumer,2-4464,C;20,False,qwen,T 1,0,0,0.0,0,1.0,0,T 1,C 20
D:/Data/ePillID_data/ePillID_data\classification_data\fcn_mix_weight/dc_224/658.jpg,consumer,93-7365,9;3;7365,True,qwen,9 3,0,0,0.6666666666666666,0,0.6666666666666666,0,9 3,9 3 7365
D:/Data/ePillID_data/ePillID_data\classification_data\fcn_mix_weight/dc_224/664.jpg,consumer,93-4742,4742;9;3,False,qwen,4742,0,1,0.3333333333333333,0,0.3333333333333333,0,4742,4742 9 3
D:/Data/ePillID_data/ePillID_data\classification_data\fcn_mix_weight/dc_224/719.jpg,consumer,2-4464,C;20,False,qwen,T 1,0,0,0.0,0,1.0,0,T 1,C 20
D:/Data/ePillID_data/ePillID_data\classification_data\fcn_mix_weight/dc_224/735.jpg,consumer,378-4151,M;T7,False,qwen,T7,0,1,0.5,0,0.3333333333333333,0,T7,M T7
D:/Data/ePillID_data/ePillID_data\classification_data\fcn_mix_weight/dc_224/767.jpg,consumer,378-2074,L;24;M,False,qwen,L 24,0,0,0.6666666666666666,0,0.25,0,L 24,L 24 M
D:/Data/ePillID_data/ePillID_data\classification_data\fcn_mix_weight/dc_224/781.jpg,consumer,93-5504,TEVA;5504,False,qwen,G34,0,0,0.0,0,0.875,0,G34,TEVA 5504
D:/Data/ePillID_data/ePillID_data\classification_data\fcn_mix_weight/dc_224/795.jpg,consumer,456-1550,FL;50,False,qwen,50,0,1,0.5,0,0.5,0,50,FL 50
D:/Data/ePillID_data/ePillID_data\classification_data\fcn_mix_weight/dc_224/876.jpg,consumer,378-1813,M;L;10,True,qwen,M,0,1,0.3333333333333333,0,0.75,0,M,M L 10
D:/Data/ePillID_data/ePillID_data\classification_data\fcn_mix_weight/dc_224/898.jpg,consumer,173-565,VALTREX;1;gram,True,qwen,VALTREX 1 GRAM,1,1,1.0,1,0.0,1,VALTREX 1 GRAM,VALTREX 1 GRAM
D:/Data/ePillID_data/ePillID_data\classification_data\fcn_mix_weight/dc_224/953.jpg,consumer,93-2268,9;3;2268,False,qwen,2268I,0,0,0.0,0,0.5,0,2268I,9 3 2268
