full_path,domain,label_prod_code,splimprint,is_front
D:/Data/ePillID_data/ePillID_data\classification_data\fcn_mix_weight/dr_224/00002-4463-30_PART_1_OF_1_CHAL10_SB_B5155ACA.jpg,reference,2-4463,C;10,False
D:/Data/ePillID_data/ePillID_data\classification_data\fcn_mix_weight/dr_224/00002-4463-30_PART_1_OF_1_CHAL10_SF_B5155ACA.jpg,reference,2-4463,C;10,True
D:/Data/ePillID_data/ePillID_data\classification_data\fcn_mix_weight/dr_224/00002-4464-30_PART_1_OF_1_CHAL10_SB_B8155C1A.jpg,reference,2-4464,C;20,False
D:/Data/ePillID_data/ePillID_data\classification_data\fcn_mix_weight/dr_224/00002-4464-30_PART_1_OF_1_CHAL10_SF_B8155C1A.jpg,reference,2-4464,C;20,True
D:/Data/ePillID_data/ePillID_data\classification_data\fcn_mix_weight/dr_224/00023-9350-07_PART_1_OF_1_CHAL10_SB_D4196A7B.jpg,reference,23-9350,SAN;60,False
D:/Data/ePillID_data/ePillID_data\classification_data\fcn_mix_weight/dr_224/00023-9350-07_PART_1_OF_1_CHAL10_SF_D4196A7B.jpg,reference,23-9350,SAN;60,True
D:/Data/ePillID_data/ePillID_data\classification_data\fcn_mix_weight/dr_224/00037-2250-10_PART_1_OF_1_CHAL10_SB_BD1D5EFA.jpg,reference,37-2250,SOMA;250,False
D:/Data/ePillID_data/ePillID_data\classification_data\fcn_mix_weight/dr_224/00037-2250-10_PART_1_OF_1_CHAL10_SF_BD1D5EFA.jpg,reference,37-2250,SOMA;250,True
D:/Data/ePillID_data/ePillID_data\classification_data\fcn_mix_weight/dr_224/00056-0176-70_PART_1_OF_1_CHAL10_SB_99134CAA.jpg,reference,56-176,2;1;2;COUMADIN,False
D:/Data/ePillID_data/ePillID_data\classification_data\fcn_mix_weight/dr_224/00056-0176-70_PART_1_OF_1_CHAL10_SF_99134CAA.jpg,reference,56-176,2;1;2;COUMADIN,True
D:/Data/ePillID_data/ePillID_data\classification_data\fcn_mix_weight/dr_224/00074-6594-90_PART_1_OF_1_CHAL10_SB_AB1D55FA.jpg,reference,74-6594,SYNTHROID;88,False
D:/Data/ePillID_data/ePillID_data\classification_data\fcn_mix_weight/dr_224/00074-6594-90_PART_1_OF_1_CHAL10_SF_AB1D55FA.jpg,reference,74-6594,SYNTHROID;88,True
D:/Data/ePillID_data/ePillID_data\classification_data\fcn_mix_weight/dr_224/00075-7700-60_PART_1_OF_1_CHAL10_SB_E51C72E3.jpg,reference,75-7700,RPR;202,False
D:/Data/ePillID_data/ePillID_data\classification_data\fcn_mix_weight/dr_224/00075-7700-60_PART_1_OF_1_CHAL10_SF_E51C72E3.jpg,reference,75-7700,RPR;202,True
D:/Data/ePillID_data/ePillID_data\classification_data\fcn_mix_weight/dr_224/00078-0521-15_PART_1_OF_1_CHAL10_SB_E51D72AB.jpg,reference,78-521,NVR;LCI,False
D:/Data/ePillID_data/ePillID_data\classification_data\fcn_mix_weight/dr_224/00078-0521-15_PART_1_OF_1_CHAL10_SF_E51D72AB.jpg,reference,78-521,NVR;LCI,True
D:/Data/ePillID_data/ePillID_data\classification_data\fcn_mix_weight/dr_224/00093-0199-01_PART_1_OF_1_CHAL10_SB_B6295B4A.jpg,reference,93-199,9;3;199,False
D:/Data/ePillID_data/ePillID_data\classification_data\fcn_mix_weight/dr_224/00093-0199-01_PART_1_OF_1_CHAL10_SB_CD266683.jpg,reference,93-199,9;3;199,False
D:/Data/ePillID_data/ePillID_data\classification_data\fcn_mix_weight/dr_224/00093-0199-01_PART_1_OF_1_CHAL10_SF_B6295B4A.jpg,reference,93-199,9;3;199,True
D:/Data/ePillID_data/ePillID_data\classification_data\fcn_mix_weight/dr_224/00093-0199-01_PART_1_OF_1_CHAL10_SF_CD266683.jpg,reference,93-199,9;3;199,True
D:/Data/ePillID_data/ePillID_data\classification_data\fcn_mix_weight/dr_224/00093-0308-01_PART_1_OF_1_CHAL10_SB_342B1A18.jpg,reference,93-308,93;308,False
D:/Data/ePillID_data/ePillID_data\classification_data\fcn_mix_weight/dr_224/00093-0308-01_PART_1_OF_1_CHAL10_SF_342B1A18.jpg,reference,93-308,93;308,True
D:/Data/ePillID_data/ePillID_data\classification_data\fcn_mix_weight/dr_224/00093-0463-01_PART_1_OF_1_CHAL10_SB_5429AA3D.jpg,reference,93-463,9;3;463,False
D:/Data/ePillID_data/ePillID_data\classification_data\fcn_mix_weight/dr_224/00093-0463-01_PART_1_OF_1_CHAL10_SF_5429AA3D.jpg,reference,93-463,9;3;463,True
D:/Data/ePillID_data/ePillID_data\classification_data\fcn_mix_weight/dr_224/00093-0658-01_PART_1_OF_1_CHAL10_SB_2B2B15C8.jpg,reference,93-658,93;658,False
D:/Data/ePillID_data/ePillID_data\classification_data\fcn_mix_weight/dr_224/00093-0658-01_PART_1_OF_1_CHAL10_SF_2B2B15C8.jpg,reference,93-658,93;658,True
D:/Data/ePillID_data/ePillID_data\classification_data\fcn_mix_weight/dr_224/00093-0753-01_PART_1_OF_1_CHAL10_SB_A526D2E6.jpg,reference,93-753,753;TEVA,False
D:/Data/ePillID_data/ePillID_data\classification_data\fcn_mix_weight/dr_224/00093-0753-01_PART_1_OF_1_CHAL10_SF_A526D2E6.jpg,reference,93-753,753;TEVA,True
D:/Data/ePillID_data/ePillID_data\classification_data\fcn_mix_weight/dr_224/00093-0787-01_PART_1_OF_1_CHAL10_SB_AE26D766.jpg,reference,93-787,787;TEVA,False
D:/Data/ePillID_data/ePillID_data\classification_data\fcn_mix_weight/dr_224/00093-0787-01_PART_1_OF_1_CHAL10_SF_AE26D766.jpg,reference,93-787,787;TEVA,True
D:/Data/ePillID_data/ePillID_data\classification_data\fcn_mix_weight/dr_224/00093-0810-01_PART_1_OF_1_CHAL10_SB_24231228.jpg,reference,93-810,TEVA;10mg;0810,False
D:/Data/ePillID_data/ePillID_data\classification_data\fcn_mix_weight/dr_224/00093-0810-01_PART_1_OF_1_CHAL10_SB_34271A58.jpg,reference,93-810,TEVA;10mg;0810,False
D:/Data/ePillID_data/ePillID_data\classification_data\fcn_mix_weight/dr_224/00093-0810-01_PART_1_OF_1_CHAL10_SF_24231228.jpg,reference,93-810,TEVA;10mg;0810,True
D:/Data/ePillID_data/ePillID_data\classification_data\fcn_mix_weight/dr_224/00093-0810-01_PART_1_OF_1_CHAL10_SF_34271A58.jpg,reference,93-810,TEVA;10mg;0810,True
D:/Data/ePillID_data/ePillID_data\classification_data\fcn_mix_weight/dr_224/00093-1061-01_PART_1_OF_1_CHAL10_SB_9329C9EE.jpg,reference,93-1061,93;61,False
D:/Data/ePillID_data/ePillID_data\classification_data\fcn_mix_weight/dr_224/00093-1061-01_PART_1_OF_1_CHAL10_SF_9329C9EE.jpg,reference,93-1061,93;61,True
D:/Data/ePillID_data/ePillID_data\classification_data\fcn_mix_weight/dr_224/00093-1172-01_PART_1_OF_1_CHAL10_SB_CC2DE65F.jpg,reference,93-1172,93;1172,False
D:/Data/ePillID_data/ePillID_data\classification_data\fcn_mix_weight/dr_224/00093-1172-01_PART_1_OF_1_CHAL10_SF_CC2DE65F.jpg,reference,93-1172,93;1172,True
D:/Data/ePillID_data/ePillID_data\classification_data\fcn_mix_weight/dr_224/00093-1177-01_PART_1_OF_1_CHAL10_SB_4F2B27C9.jpg,reference,93-1177,93;1177,False
D:/Data/ePillID_data/ePillID_data\classification_data\fcn_mix_weight/dr_224/00093-1177-01_PART_1_OF_1_CHAL10_SF_4F2B27C9.jpg,reference,93-1177,93;1177,True
D:/Data/ePillID_data/ePillID_data\classification_data\fcn_mix_weight/dr_224/00093-2046-56_PART_1_OF_1_CHAL10_SB_EE29773B.jpg,reference,93-2046,ACTOS;45,False
D:/Data/ePillID_data/ePillID_data\classification_data\fcn_mix_weight/dr_224/00093-2046-56_PART_1_OF_1_CHAL10_SF_EE29773B.jpg,reference,93-2046,ACTOS;45,True
D:/Data/ePillID_data/ePillID_data\classification_data\fcn_mix_weight/dr_224/00093-2264-01_PART_1_OF_1_CHAL10_SB_DE296F5B.jpg,reference,93-2264,93;2264,False
D:/Data/ePillID_data/ePillID_data\classification_data\fcn_mix_weight/dr_224/00093-2264-01_PART_1_OF_1_CHAL10_SF_DE296F5B.jpg,reference,93-2264,93;2264,True
D:/Data/ePillID_data/ePillID_data\classification_data\fcn_mix_weight/dr_224/00093-2268-01_PART_1_OF_1_CHAL10_SB_D5296ADB.jpg,reference,93-2268,9;3;2268,False
D:/Data/ePillID_data/ePillID_data\classification_data\fcn_mix_weight/dr_224/00093-2268-01_PART_1_OF_1_CHAL10_SF_D5296ADB.jpg,reference,93-2268,9;3;2268,True
D:/Data/ePillID_data/ePillID_data\classification_data\fcn_mix_weight/dr_224/00093-2929-01_PART_1_OF_1_CHAL10_SB_E52972BB.jpg,reference,93-2929,2929;93,False
D:/Data/ePillID_data/ePillID_data\classification_data\fcn_mix_weight/dr_224/00093-2929-01_PART_1_OF_1_CHAL10_SF_E52972BB.jpg,reference,93-2929,2929;93,True
D:/Data/ePillID_data/ePillID_data\classification_data\fcn_mix_weight/dr_224/00093-3010-84_PART_1_OF_1_CHAL10_SB_F72CFBF7.jpg,reference,93-3010,A08,False
D:/Data/ePillID_data/ePillID_data\classification_data\fcn_mix_weight/dr_224/00093-3010-84_PART_1_OF_1_CHAL10_SF_F72CFBF7.jpg,reference,93-3010,A08,True
D:/Data/ePillID_data/ePillID_data\classification_data\fcn_mix_weight/dr_224/00093-3147-01_PART_1_OF_1_CHAL10_SB_24231258.jpg,reference,93-3147,TEVA;3147,False
D:/Data/ePillID_data/ePillID_data\classification_data\fcn_mix_weight/dr_224/00093-3147-01_PART_1_OF_1_CHAL10_SB_C51962CB.jpg,reference,93-3147,TEVA;3147,False
D:/Data/ePillID_data/ePillID_data\classification_data\fcn_mix_weight/dr_224/00093-3147-01_PART_1_OF_1_CHAL10_SF_24231258.jpg,reference,93-3147,TEVA;3147,True
D:/Data/ePillID_data/ePillID_data\classification_data\fcn_mix_weight/dr_224/00093-3147-01_PART_1_OF_1_CHAL10_SF_C51962CB.jpg,reference,93-3147,TEVA;3147,True
D:/Data/ePillID_data/ePillID_data\classification_data\fcn_mix_weight/dr_224/00093-4059-53_PART_1_OF_1_CHAL10_SB_FD2D7EDB.jpg,reference,93-4059,9;3;4059,False
D:/Data/ePillID_data/ePillID_data\classification_data\fcn_mix_weight/dr_224/00093-4059-53_PART_1_OF_1_CHAL10_SF_FD2D7EDB.jpg,reference,93-4059,9;3;4059,True
D:/Data/ePillID_data/ePillID_data\classification_data\fcn_mix_weight/dr_224/00093-4741-01_PART_1_OF_1_CHAL10_SB_F42D7A5B.jpg,reference,93-4741,4741;9;3,False
D:/Data/ePillID_data/ePillID_data\classification_data\fcn_mix_weight/dr_224/00093-4741-01_PART_1_OF_1_CHAL10_SF_F42D7A5B.jpg,reference,93-4741,4741;9;3,True
D:/Data/ePillID_data/ePillID_data\classification_data\fcn_mix_weight/dr_224/00093-4742-01_PART_1_OF_1_CHAL10_SB_E62D736B.jpg,reference,93-4742,4742;9;3,False
D:/Data/ePillID_data/ePillID_data\classification_data\fcn_mix_weight/dr_224/00093-4742-01_PART_1_OF_1_CHAL10_SF_E62D736B.jpg,reference,93-4742,4742;9;3,True
D:/Data/ePillID_data/ePillID_data\classification_data\fcn_mix_weight/dr_224/00093-5050-06_PART_1_OF_1_CHAL10_SB_992D4C9A.jpg,reference,93-5050,4833M;15;850,False
D:/Data/ePillID_data/ePillID_data\classification_data\fcn_mix_weight/dr_224/00093-5050-06_PART_1_OF_1_CHAL10_SF_992D4C9A.jpg,reference,93-5050,4833M;15;850,True
D:/Data/ePillID_data/ePillID_data\classification_data\fcn_mix_weight/dr_224/00093-5171-20_PART_1_OF_1_CHAL10_SB_4C2DA60D.jpg,reference,93-5171,93;5171,False
D:/Data/ePillID_data/ePillID_data\classification_data\fcn_mix_weight/dr_224/00093-5171-20_PART_1_OF_1_CHAL10_SF_4C2DA60D.jpg,reference,93-5171,93;5171,True
D:/Data/ePillID_data/ePillID_data\classification_data\fcn_mix_weight/dr_224/00093-5256-68_PART_1_OF_1_CHAL10_SB_15268A84.jpg,reference,93-5256,TEVA;5256,False
D:/Data/ePillID_data/ePillID_data\classification_data\fcn_mix_weight/dr_224/00093-5256-68_PART_1_OF_1_CHAL10_SB_8727C3AE.jpg,reference,93-5256,TEVA;5256,False
D:/Data/ePillID_data/ePillID_data\classification_data\fcn_mix_weight/dr_224/00093-5256-68_PART_1_OF_1_CHAL10_SF_15268A84.jpg,reference,93-5256,TEVA;5256,True
D:/Data/ePillID_data/ePillID_data\classification_data\fcn_mix_weight/dr_224/00093-5256-68_PART_1_OF_1_CHAL10_SF_8727C3AE.jpg,reference,93-5256,TEVA;5256,True
D:/Data/ePillID_data/ePillID_data\classification_data\fcn_mix_weight/dr_224/00093-5504-56_PART_1_OF_1_CHAL10_SB_292714E8.jpg,reference,93-5504,TEVA;5504,False
D:/Data/ePillID_data/ePillID_data\classification_data\fcn_mix_weight/dr_224/00093-5504-56_PART_1_OF_1_CHAL10_SF_292714E8.jpg,reference,93-5504,TEVA;5504,True
D:/Data/ePillID_data/ePillID_data\classification_data\fcn_mix_weight/dr_224/00093-5710-01_PART_1_OF_1_CHAL10_SB_3F2B9FCC.jpg,reference,93-5710,5710;1;25;250,False
D:/Data/ePillID_data/ePillID_data\classification_data\fcn_mix_weight/dr_224/00093-5710-01_PART_1_OF_1_CHAL10_SF_3F2B9FCC.jpg,reference,93-5710,5710;1;25;250,True
D:/Data/ePillID_data/ePillID_data\classification_data\fcn_mix_weight/dr_224/00093-5852-01_PART_1_OF_1_CHAL10_SB_512BA8FD.jpg,reference,93-5852,5852;20,False
D:/Data/ePillID_data/ePillID_data\classification_data\fcn_mix_weight/dr_224/00093-5852-01_PART_1_OF_1_CHAL10_SF_512BA8FD.jpg,reference,93-5852,5852;20,True
D:/Data/ePillID_data/ePillID_data\classification_data\fcn_mix_weight/dr_224/00093-7212-01_PART_1_OF_1_CHAL10_SB_9F23CF8E.jpg,reference,93-7212,93;7212,False
D:/Data/ePillID_data/ePillID_data\classification_data\fcn_mix_weight/dr_224/00093-7212-01_PART_1_OF_1_CHAL10_SB_C92FE4DF.jpg,reference,93-7212,93;7212,False
D:/Data/ePillID_data/ePillID_data\classification_data\fcn_mix_weight/dr_224/00093-7212-01_PART_1_OF_1_CHAL10_SF_9F23CF8E.jpg,reference,93-7212,93;7212,True
D:/Data/ePillID_data/ePillID_data\classification_data\fcn_mix_weight/dr_224/00093-7212-01_PART_1_OF_1_CHAL10_SF_C92FE4DF.jpg,reference,93-7212,93;7212,True
D:/Data/ePillID_data/ePillID_data\classification_data\fcn_mix_weight/dr_224/00093-7220-06_PART_1_OF_1_CHAL10_SB_692934D9.jpg,reference,93-7220,93;7220,False
D:/Data/ePillID_data/ePillID_data\classification_data\fcn_mix_weight/dr_224/00093-7220-06_PART_1_OF_1_CHAL10_SF_692934D9.jpg,reference,93-7220,93;7220,True
D:/Data/ePillID_data/ePillID_data\classification_data\fcn_mix_weight/dr_224/00093-7242-06_PART_1_OF_1_CHAL10_SB_76293B69.jpg,reference,93-7242,93;7242,False
D:/Data/ePillID_data/ePillID_data\classification_data\fcn_mix_weight/dr_224/00093-7242-06_PART_1_OF_1_CHAL10_SF_76293B69.jpg,reference,93-7242,93;7242,True
D:/Data/ePillID_data/ePillID_data\classification_data\fcn_mix_weight/dr_224/00093-7247-06_PART_1_OF_1_CHAL10_SB_7329B9CD.jpg,reference,93-7247,9;3;7247,False
D:/Data/ePillID_data/ePillID_data\classification_data\fcn_mix_weight/dr_224/00093-7247-06_PART_1_OF_1_CHAL10_SF_7329B9CD.jpg,reference,93-7247,9;3;7247,True
D:/Data/ePillID_data/ePillID_data\classification_data\fcn_mix_weight/dr_224/00093-7305-65_PART_1_OF_1_CHAL10_SB_7C2F3E59.jpg,reference,93-7305,93;7305,False
D:/Data/ePillID_data/ePillID_data\classification_data\fcn_mix_weight/dr_224/00093-7305-65_PART_1_OF_1_CHAL10_SF_7C2F3E59.jpg,reference,93-7305,93;7305,True
D:/Data/ePillID_data/ePillID_data\classification_data\fcn_mix_weight/dr_224/00093-7365-56_PART_1_OF_1_CHAL10_SB_AA305552.jpg,reference,93-7365,9;3;7365,False
D:/Data/ePillID_data/ePillID_data\classification_data\fcn_mix_weight/dr_224/00093-7365-56_PART_1_OF_1_CHAL10_SF_AA305552.jpg,reference,93-7365,9;3;7365,True
D:/Data/ePillID_data/ePillID_data\classification_data\fcn_mix_weight/dr_224/00093-7370-01_PART_1_OF_1_CHAL10_SB_C419623B.jpg,reference,93-7370,TEVA;7370,False
D:/Data/ePillID_data/ePillID_data\classification_data\fcn_mix_weight/dr_224/00093-7370-01_PART_1_OF_1_CHAL10_SB_F026F807.jpg,reference,93-7370,TEVA;7370,False
D:/Data/ePillID_data/ePillID_data\classification_data\fcn_mix_weight/dr_224/00093-7370-01_PART_1_OF_1_CHAL10_SF_C419623B.jpg,reference,93-7370,TEVA;7370,True
D:/Data/ePillID_data/ePillID_data\classification_data\fcn_mix_weight/dr_224/00093-7370-01_PART_1_OF_1_CHAL10_SF_F026F807.jpg,reference,93-7370,TEVA;7370,True
D:/Data/ePillID_data/ePillID_data\classification_data\fcn_mix_weight/dr_224/00093-7380-01_PART_1_OF_1_CHAL10_SB_A0265062.jpg,reference,93-7380,9;3;7380,False
D:/Data/ePillID_data/ePillID_data\classification_data\fcn_mix_weight/dr_224/00093-7380-01_PART_1_OF_1_CHAL10_SB_B12958DA.jpg,reference,93-7380,9;3;7380,False
D:/Data/ePillID_data/ePillID_data\classification_data\fcn_mix_weight/dr_224/00093-7380-01_PART_1_OF_1_CHAL10_SF_A0265062.jpg,reference,93-7380,9;3;7380,True
D:/Data/ePillID_data/ePillID_data\classification_data\fcn_mix_weight/dr_224/00093-7380-01_PART_1_OF_1_CHAL10_SF_B12958DA.jpg,reference,93-7380,9;3;7380,True
D:/Data/ePillID_data/ePillID_data\classification_data\fcn_mix_weight/dr_224/00093-7426-56_PART_1_OF_1_CHAL10_SB_DC27EE6F.jpg,reference,93-7426,TV;7426,False
D:/Data/ePillID_data/ePillID_data\classification_data\fcn_mix_weight/dr_224/00093-7426-56_PART_1_OF_1_CHAL10_SF_DC27EE6F.jpg,reference,93-7426,TV;7426,True
D:/Data/ePillID_data/ePillID_data\classification_data\fcn_mix_weight/dr_224/00093-7443-56_PART_1_OF_1_CHAL10_SB_052702B8.jpg,reference,93-7443,TEVA;7443,False
D:/Data/ePillID_data/ePillID_data\classification_data\fcn_mix_weight/dr_224/00093-7443-56_PART_1_OF_1_CHAL10_SF_052702B8.jpg,reference,93-7443,TEVA;7443,True
D:/Data/ePillID_data/ePillID_data\classification_data\fcn_mix_weight/dr_224/00093-8035-01_PART_1_OF_1_CHAL10_SB_DC266E63.jpg,reference,93-8035,3;035;N,False
D:/Data/ePillID_data/ePillID_data\classification_data\fcn_mix_weight/dr_224/00093-8035-01_PART_1_OF_1_CHAL10_SF_DC266E63.jpg,reference,93-8035,3;035;N,True
D:/Data/ePillID_data/ePillID_data\classification_data\fcn_mix_weight/dr_224/00093-8036-01_PART_1_OF_1_CHAL10_SB_C2266173.jpg,reference,93-8036,6;036;N,False
D:/Data/ePillID_data/ePillID_data\classification_data\fcn_mix_weight/dr_224/00093-8036-01_PART_1_OF_1_CHAL10_SF_C2266173.jpg,reference,93-8036,6;036;N,True
D:/Data/ePillID_data/ePillID_data\classification_data\fcn_mix_weight/dr_224/00143-9920-01_PART_1_OF_1_CHAL10_SB_A4265272.jpg,reference,143-9920,H5,False
D:/Data/ePillID_data/ePillID_data\classification_data\fcn_mix_weight/dr_224/00143-9920-01_PART_1_OF_1_CHAL10_SF_A4265272.jpg,reference,143-9920,H5,True
D:/Data/ePillID_data/ePillID_data\classification_data\fcn_mix_weight/dr_224/00149-0007-05_PART_1_OF_1_CHAL10_SB_AB1FD58E.jpg,reference,149-7,Macrodantin;25;mg;0149-0007,False
D:/Data/ePillID_data/ePillID_data\classification_data\fcn_mix_weight/dr_224/00149-0007-05_PART_1_OF_1_CHAL10_SF_AB1FD58E.jpg,reference,149-7,Macrodantin;25;mg;0149-0007,True
D:/Data/ePillID_data/ePillID_data\classification_data\fcn_mix_weight/dr_224/00172-4626-60_PART_1_OF_1_CHAL10_SB_6B2DB59D.jpg,reference,172-4626,20;4626,False
D:/Data/ePillID_data/ePillID_data\classification_data\fcn_mix_weight/dr_224/00172-4626-60_PART_1_OF_1_CHAL10_SF_6B2DB59D.jpg,reference,172-4626,20;4626,True
D:/Data/ePillID_data/ePillID_data\classification_data\fcn_mix_weight/dr_224/00172-5033-60_PART_1_OF_1_CHAL10_SB_BD2D5E9A.jpg,reference,172-5033,5033;10;12;5,False
D:/Data/ePillID_data/ePillID_data\classification_data\fcn_mix_weight/dr_224/00172-5033-60_PART_1_OF_1_CHAL10_SF_BD2D5E9A.jpg,reference,172-5033,5033;10;12;5,True
D:/Data/ePillID_data/ePillID_data\classification_data\fcn_mix_weight/dr_224/00172-5034-60_PART_1_OF_1_CHAL10_SB_052D0288.jpg,reference,172-5034,5034;20;12;5,False
D:/Data/ePillID_data/ePillID_data\classification_data\fcn_mix_weight/dr_224/00172-5034-60_PART_1_OF_1_CHAL10_SF_052D0288.jpg,reference,172-5034,5034;20;12;5,True
D:/Data/ePillID_data/ePillID_data\classification_data\fcn_mix_weight/dr_224/00172-5410-46_PART_1_OF_1_CHAL10_SB_502DA81D.jpg,reference,172-5410,5410;50,False
D:/Data/ePillID_data/ePillID_data\classification_data\fcn_mix_weight/dr_224/00172-5410-46_PART_1_OF_1_CHAL10_SF_502DA81D.jpg,reference,172-5410,5410;50,True
D:/Data/ePillID_data/ePillID_data\classification_data\fcn_mix_weight/dr_224/00172-5411-46_PART_1_OF_1_CHAL10_SB_552DAA8D.jpg,reference,172-5411,5411;100,False
D:/Data/ePillID_data/ePillID_data\classification_data\fcn_mix_weight/dr_224/00172-5411-46_PART_1_OF_1_CHAL10_SF_552DAA8D.jpg,reference,172-5411,5411;100,True
D:/Data/ePillID_data/ePillID_data\classification_data\fcn_mix_weight/dr_224/00173-0565-04_PART_1_OF_1_CHAL10_SB_461DA30D.jpg,reference,173-565,VALTREX;1;gram,False
D:/Data/ePillID_data/ePillID_data\classification_data\fcn_mix_weight/dr_224/00173-0565-04_PART_1_OF_1_CHAL10_SF_461DA30D.jpg,reference,173-565,VALTREX;1;gram,True
D:/Data/ePillID_data/ePillID_data\classification_data\fcn_mix_weight/dr_224/00228-2127-10_PART_1_OF_1_CHAL10_SB_5321A9ED.jpg,reference,228-2127,R127,False
D:/Data/ePillID_data/ePillID_data\classification_data\fcn_mix_weight/dr_224/00228-2127-10_PART_1_OF_1_CHAL10_SF_5321A9ED.jpg,reference,228-2127,R127,True
D:/Data/ePillID_data/ePillID_data\classification_data\fcn_mix_weight/dr_224/00228-2550-06_PART_1_OF_1_CHAL10_SB_412320F9.jpg,reference,228-2550,R;550,False
D:/Data/ePillID_data/ePillID_data\classification_data\fcn_mix_weight/dr_224/00228-2550-06_PART_1_OF_1_CHAL10_SF_412320F9.jpg,reference,228-2550,R;550,True
D:/Data/ePillID_data/ePillID_data\classification_data\fcn_mix_weight/dr_224/00245-0041-11_PART_1_OF_1_CHAL10_SB_9623CB0E.jpg,reference,245-41,KC;10,False
D:/Data/ePillID_data/ePillID_data\classification_data\fcn_mix_weight/dr_224/00245-0041-11_PART_1_OF_1_CHAL10_SF_9623CB0E.jpg,reference,245-41,KC;10,True
D:/Data/ePillID_data/ePillID_data\classification_data\fcn_mix_weight/dr_224/00378-0186-01_PART_1_OF_1_CHAL10_SB_5626AB25.jpg,reference,378-186,MYLAN;186,False
D:/Data/ePillID_data/ePillID_data\classification_data\fcn_mix_weight/dr_224/00378-0186-01_PART_1_OF_1_CHAL10_SF_5626AB25.jpg,reference,378-186,MYLAN;186,True
D:/Data/ePillID_data/ePillID_data\classification_data\fcn_mix_weight/dr_224/00378-0216-01_PART_1_OF_1_CHAL10_SB_74203A31.jpg,reference,378-216,MYLAN;216;40,False
D:/Data/ePillID_data/ePillID_data\classification_data\fcn_mix_weight/dr_224/00378-0216-01_PART_1_OF_1_CHAL10_SF_74203A31.jpg,reference,378-216,MYLAN;216;40,True
D:/Data/ePillID_data/ePillID_data\classification_data\fcn_mix_weight/dr_224/00378-0232-01_PART_1_OF_1_CHAL10_SB_86204302.jpg,reference,378-232,MYLAN;232;80,False
D:/Data/ePillID_data/ePillID_data\classification_data\fcn_mix_weight/dr_224/00378-0232-01_PART_1_OF_1_CHAL10_SF_86204302.jpg,reference,378-232,MYLAN;232;80,True
D:/Data/ePillID_data/ePillID_data\classification_data\fcn_mix_weight/dr_224/00378-1150-01_PART_1_OF_1_CHAL10_SB_8B23458A.jpg,reference,378-1150,M;B2,False
D:/Data/ePillID_data/ePillID_data\classification_data\fcn_mix_weight/dr_224/00378-1150-01_PART_1_OF_1_CHAL10_SF_8B23458A.jpg,reference,378-1150,M;B2,True
D:/Data/ePillID_data/ePillID_data\classification_data\fcn_mix_weight/dr_224/00378-1165-91_PART_1_OF_1_CHAL10_SB_3E201F00.jpg,reference,378-1165,M;B3;5;5;5,False
D:/Data/ePillID_data/ePillID_data\classification_data\fcn_mix_weight/dr_224/00378-1165-91_PART_1_OF_1_CHAL10_SF_3E201F00.jpg,reference,378-1165,M;B3;5;5;5,True
D:/Data/ePillID_data/ePillID_data\classification_data\fcn_mix_weight/dr_224/00378-1813-01_PART_1_OF_1_CHAL10_SB_4823A43D.jpg,reference,378-1813,M;L;10,False
D:/Data/ePillID_data/ePillID_data\classification_data\fcn_mix_weight/dr_224/00378-1813-01_PART_1_OF_1_CHAL10_SF_4823A43D.jpg,reference,378-1813,M;L;10,True
D:/Data/ePillID_data/ePillID_data\classification_data\fcn_mix_weight/dr_224/00378-2074-01_PART_1_OF_1_CHAL10_SB_8B2145CA.jpg,reference,378-2074,L;24;M,False
D:/Data/ePillID_data/ePillID_data\classification_data\fcn_mix_weight/dr_224/00378-2074-01_PART_1_OF_1_CHAL10_SF_8B2145CA.jpg,reference,378-2074,L;24;M,True
D:/Data/ePillID_data/ePillID_data\classification_data\fcn_mix_weight/dr_224/00378-2076-01_PART_1_OF_1_CHAL10_SB_5A23AD6D.jpg,reference,378-2076,L;26;M,False
D:/Data/ePillID_data/ePillID_data\classification_data\fcn_mix_weight/dr_224/00378-2076-01_PART_1_OF_1_CHAL10_SF_5A23AD6D.jpg,reference,378-2076,L;26;M,True
D:/Data/ePillID_data/ePillID_data\classification_data\fcn_mix_weight/dr_224/00378-3632-01_PART_1_OF_1_CHAL10_SB_4B242591.jpg,reference,378-3632,M;C32,False
D:/Data/ePillID_data/ePillID_data\classification_data\fcn_mix_weight/dr_224/00378-3632-01_PART_1_OF_1_CHAL10_SF_4B242591.jpg,reference,378-3632,M;C32,True
D:/Data/ePillID_data/ePillID_data\classification_data\fcn_mix_weight/dr_224/00378-4151-01_PART_1_OF_1_CHAL10_SB_2A21954C.jpg,reference,378-4151,M;T7,False
D:/Data/ePillID_data/ePillID_data\classification_data\fcn_mix_weight/dr_224/00378-4151-01_PART_1_OF_1_CHAL10_SF_2A21954C.jpg,reference,378-4151,M;T7,True
D:/Data/ePillID_data/ePillID_data\classification_data\fcn_mix_weight/dr_224/00378-7003-93_PART_1_OF_1_CHAL10_SB_74243A01.jpg,reference,378-7003,M;N3,False
D:/Data/ePillID_data/ePillID_data\classification_data\fcn_mix_weight/dr_224/00378-7003-93_PART_1_OF_1_CHAL10_SF_74243A01.jpg,reference,378-7003,M;N3,True
D:/Data/ePillID_data/ePillID_data\classification_data\fcn_mix_weight/dr_224/00456-1550-60_PART_1_OF_1_CHAL10_SB_0D1C8694.jpg,reference,456-1550,FL;50,False
D:/Data/ePillID_data/ePillID_data\classification_data\fcn_mix_weight/dr_224/00456-1550-60_PART_1_OF_1_CHAL10_SF_0D1C8694.jpg,reference,456-1550,FL;50,True
D:/Data/ePillID_data/ePillID_data\classification_data\fcn_mix_weight/dr_224/00555-0071-01_PART_1_OF_1_CHAL10_SB_BF2B5FAA.jpg,reference,555-71,b;071;300,False
D:/Data/ePillID_data/ePillID_data\classification_data\fcn_mix_weight/dr_224/00555-0071-01_PART_1_OF_1_CHAL10_SF_BF2B5FAA.jpg,reference,555-71,b;071;300,True
D:/Data/ePillID_data/ePillID_data\classification_data\fcn_mix_weight/dr_224/00555-0485-27_PART_1_OF_1_CHAL10_SB_0D2B86DC.jpg,reference,555-485,b;485,False
D:/Data/ePillID_data/ePillID_data\classification_data\fcn_mix_weight/dr_224/00555-0485-27_PART_1_OF_1_CHAL10_SF_0D2B86DC.jpg,reference,555-485,b;485,True
D:/Data/ePillID_data/ePillID_data\classification_data\fcn_mix_weight/dr_224/00555-0808-02_PART_1_OF_1_CHAL10_SB_62303121.jpg,reference,555-808,barr;808,False
D:/Data/ePillID_data/ePillID_data\classification_data\fcn_mix_weight/dr_224/00555-0808-02_PART_1_OF_1_CHAL10_SF_62303121.jpg,reference,555-808,barr;808,True
D:/Data/ePillID_data/ePillID_data\classification_data\fcn_mix_weight/dr_224/00555-9008-67_PART_1_OF_2_CHAL10_SB_252F928C.jpg,reference,555-9008,b;944,False
D:/Data/ePillID_data/ePillID_data\classification_data\fcn_mix_weight/dr_224/00555-9008-67_PART_1_OF_2_CHAL10_SF_252F928C.jpg,reference,555-9008,b;944,True
D:/Data/ePillID_data/ePillID_data\classification_data\fcn_mix_weight/dr_224/00555-9008-67_PART_2_OF_2_CHAL10_SB_292F949C.jpg,reference,555-9008,b;944,False
D:/Data/ePillID_data/ePillID_data\classification_data\fcn_mix_weight/dr_224/00555-9008-67_PART_2_OF_2_CHAL10_SF_292F949C.jpg,reference,555-9008,b;944,True
D:/Data/ePillID_data/ePillID_data\classification_data\fcn_mix_weight/dr_224/00777-3105-02_PART_1_OF_1_CHAL10_SB_061C8364.jpg,reference,777-3105,DISTA;3105;Prozac;20;mg,False
D:/Data/ePillID_data/ePillID_data\classification_data\fcn_mix_weight/dr_224/00777-3105-02_PART_1_OF_1_CHAL10_SF_061C8364.jpg,reference,777-3105,DISTA;3105;Prozac;20;mg,True
D:/Data/ePillID_data/ePillID_data\classification_data\fcn_mix_weight/dr_224/00781-2053-01_PART_1_OF_1_CHAL10_SB_521E2911.jpg,reference,781-2053,GG623,False
D:/Data/ePillID_data/ePillID_data\classification_data\fcn_mix_weight/dr_224/00781-2053-01_PART_1_OF_1_CHAL10_SF_521E2911.jpg,reference,781-2053,GG623,True
D:/Data/ePillID_data/ePillID_data\classification_data\fcn_mix_weight/dr_224/00781-5185-01_PART_1_OF_1_CHAL10_SB_8323C1DE.jpg,reference,781-5185,112;GG;336,False
D:/Data/ePillID_data/ePillID_data\classification_data\fcn_mix_weight/dr_224/00781-5185-01_PART_1_OF_1_CHAL10_SF_8323C1DE.jpg,reference,781-5185,112;GG;336,True
D:/Data/ePillID_data/ePillID_data\classification_data\fcn_mix_weight/dr_224/00832-1025-00_PART_1_OF_1_CHAL10_SB_73233989.jpg,reference,832-1025,832;BC20,False
D:/Data/ePillID_data/ePillID_data\classification_data\fcn_mix_weight/dr_224/00832-1025-00_PART_1_OF_1_CHAL10_SF_73233989.jpg,reference,832-1025,832;BC20,True
D:/Data/ePillID_data/ePillID_data\classification_data\fcn_mix_weight/dr_224/47781-0307-01_PART_1_OF_1_CHAL10_SB_C41C6263.jpg,reference,47781-307,MACRODANTIN;50;mg;52427;287,False
D:/Data/ePillID_data/ePillID_data\classification_data\fcn_mix_weight/dr_224/47781-0307-01_PART_1_OF_1_CHAL10_SF_C41C6263.jpg,reference,47781-307,MACRODANTIN;50;mg;52427;287,True
D:/Data/ePillID_data/ePillID_data\classification_data\fcn_mix_weight/dr_224/50111-0393-01_PART_1_OF_1_CHAL10_SB_61233089.jpg,reference,50111-393,b;1114,False
D:/Data/ePillID_data/ePillID_data\classification_data\fcn_mix_weight/dr_224/50111-0393-01_PART_1_OF_1_CHAL10_SF_61233089.jpg,reference,50111-393,b;1114,True
D:/Data/ePillID_data/ePillID_data\classification_data\fcn_mix_weight/dr_224/50111-0647-01_PART_1_OF_1_CHAL10_SB_893044A2.jpg,reference,50111-647,PLIVA;647;PLIVA;647,False
D:/Data/ePillID_data/ePillID_data\classification_data\fcn_mix_weight/dr_224/50111-0647-01_PART_1_OF_1_CHAL10_SF_893044A2.jpg,reference,50111-647,PLIVA;647;PLIVA;647,True
D:/Data/ePillID_data/ePillID_data\classification_data\fcn_mix_weight/dr_224/50111-0648-01_PART_1_OF_1_CHAL10_SB_6E303721.jpg,reference,50111-648,PLIVA;648,False
D:/Data/ePillID_data/ePillID_data\classification_data\fcn_mix_weight/dr_224/50111-0648-01_PART_1_OF_1_CHAL10_SF_6E303721.jpg,reference,50111-648,PLIVA;648,True
D:/Data/ePillID_data/ePillID_data\classification_data\fcn_mix_weight/dr_224/51285-0087-87_PART_1_OF_2_CHAL10_SB_8C2FC64E.jpg,reference,51285-87,b;556,False
D:/Data/ePillID_data/ePillID_data\classification_data\fcn_mix_weight/dr_224/51285-0087-87_PART_1_OF_2_CHAL10_SF_8C2FC64E.jpg,reference,51285-87,b;556,True
D:/Data/ePillID_data/ePillID_data\classification_data\fcn_mix_weight/dr_224/51285-0087-87_PART_2_OF_2_CHAL10_SB_912FC8BE.jpg,reference,51285-87,b;556,False
D:/Data/ePillID_data/ePillID_data\classification_data\fcn_mix_weight/dr_224/51285-0087-87_PART_2_OF_2_CHAL10_SF_912FC8BE.jpg,reference,51285-87,b;556,True
D:/Data/ePillID_data/ePillID_data\classification_data\fcn_mix_weight/dr_224/51285-0406-02_PART_1_OF_1_CHAL10_SB_E91FF4AF.jpg,reference,51285-406,E;1,False
D:/Data/ePillID_data/ePillID_data\classification_data\fcn_mix_weight/dr_224/51285-0406-02_PART_1_OF_1_CHAL10_SF_E91FF4AF.jpg,reference,51285-406,E;1,True
D:/Data/ePillID_data/ePillID_data\classification_data\fcn_mix_weight/dr_224/51672-4030-01_PART_1_OF_1_CHAL10_SB_D12668F3.jpg,reference,51672-4030,3;WARFARIN;TARO,False
D:/Data/ePillID_data/ePillID_data\classification_data\fcn_mix_weight/dr_224/51672-4030-01_PART_1_OF_1_CHAL10_SF_D12668F3.jpg,reference,51672-4030,3;WARFARIN;TARO,True
D:/Data/ePillID_data/ePillID_data\classification_data\fcn_mix_weight/dr_224/53489-0648-01_PART_1_OF_1_CHAL10_SB_D31DE9BF.jpg,reference,53489-648,Mutual;866,False
D:/Data/ePillID_data/ePillID_data\classification_data\fcn_mix_weight/dr_224/53489-0648-01_PART_1_OF_1_CHAL10_SF_D31DE9BF.jpg,reference,53489-648,Mutual;866,True
D:/Data/ePillID_data/ePillID_data\classification_data\fcn_mix_weight/dr_224/55111-0180-15_PART_1_OF_1_CHAL10_SB_D31D69AB.jpg,reference,55111-180,R;180,False
D:/Data/ePillID_data/ePillID_data\classification_data\fcn_mix_weight/dr_224/55111-0180-15_PART_1_OF_1_CHAL10_SF_D31D69AB.jpg,reference,55111-180,R;180,True
D:/Data/ePillID_data/ePillID_data\classification_data\fcn_mix_weight/dr_224/59148-0006-13_PART_1_OF_1_CHAL10_SB_97154BCA.jpg,reference,59148-6,A;006;2,False
D:/Data/ePillID_data/ePillID_data\classification_data\fcn_mix_weight/dr_224/59148-0006-13_PART_1_OF_1_CHAL10_SF_97154BCA.jpg,reference,59148-6,A;006;2,True
D:/Data/ePillID_data/ePillID_data\classification_data\fcn_mix_weight/dr_224/59762-2004-01_PART_1_OF_1_CHAL10_SB_E61DF31F.jpg,reference,59762-2004,G;2004,False
D:/Data/ePillID_data/ePillID_data\classification_data\fcn_mix_weight/dr_224/59762-2004-01_PART_1_OF_1_CHAL10_SF_E61DF31F.jpg,reference,59762-2004,G;2004,True
D:/Data/ePillID_data/ePillID_data\classification_data\fcn_mix_weight/dr_224/59762-5024-01_PART_1_OF_1_CHAL10_SB_4D26A6A5.jpg,reference,59762-5024,G;22,False
D:/Data/ePillID_data/ePillID_data\classification_data\fcn_mix_weight/dr_224/59762-5024-01_PART_1_OF_1_CHAL10_SF_4D26A6A5.jpg,reference,59762-5024,G;22,True
D:/Data/ePillID_data/ePillID_data\classification_data\fcn_mix_weight/dr_224/59762-5033-02_PART_1_OF_1_CHAL10_SB_8015C00E.jpg,reference,59762-5033,GLIPIZIDE;XL;10,False
D:/Data/ePillID_data/ePillID_data\classification_data\fcn_mix_weight/dr_224/59762-5033-02_PART_1_OF_1_CHAL10_SF_8015C00E.jpg,reference,59762-5033,GLIPIZIDE;XL;10,True
D:/Data/ePillID_data/ePillID_data\classification_data\fcn_mix_weight/dr_224/63459-0700-60_PART_1_OF_1_CHAL10_SB_572D2B99.jpg,reference,63459-700,15;mg;C;Cephalon,False
D:/Data/ePillID_data/ePillID_data\classification_data\fcn_mix_weight/dr_224/63459-0700-60_PART_1_OF_1_CHAL10_SF_572D2B99.jpg,reference,63459-700,15;mg;C;Cephalon,True
D:/Data/ePillID_data/ePillID_data\classification_data\fcn_mix_weight/dr_224/99207-0461-30_PART_1_OF_1_CHAL10_SB_EF1C7793.jpg,reference,99207-461,DYN;090,False
D:/Data/ePillID_data/ePillID_data\classification_data\fcn_mix_weight/dr_224/99207-0461-30_PART_1_OF_1_CHAL10_SF_EF1C7793.jpg,reference,99207-461,DYN;090,True
D:/Data/ePillID_data/ePillID_data\classification_data\segmented_nih_pills_224/0002-5123_0_0.jpg,reference,2-5123,10;5123,True
D:/Data/ePillID_data/ePillID_data\classification_data\segmented_nih_pills_224/0002-5123_0_1.jpg,reference,2-5123,10;5123,False
D:/Data/ePillID_data/ePillID_data\classification_data\segmented_nih_pills_224/0006-0575_0_0.jpg,reference,6-575,575,True
D:/Data/ePillID_data/ePillID_data\classification_data\segmented_nih_pills_224/0006-0575_0_1.jpg,reference,6-575,575,False
D:/Data/ePillID_data/ePillID_data\classification_data\segmented_nih_pills_224/0008-0836_0_0.jpg,reference,8-836,W;EffexorXR;150,True
D:/Data/ePillID_data/ePillID_data\classification_data\segmented_nih_pills_224/0008-0836_0_1.jpg,reference,8-836,W;EffexorXR;150,False
D:/Data/ePillID_data/ePillID_data\classification_data\segmented_nih_pills_224/0054-0037_0_0.jpg,reference,54-37,54;312,True
D:/Data/ePillID_data/ePillID_data\classification_data\segmented_nih_pills_224/0054-0037_0_1.jpg,reference,54-37,54;312,False
D:/Data/ePillID_data/ePillID_data\classification_data\segmented_nih_pills_224/0054-2531_0_0.jpg,reference,54-2531,54;702,True
D:/Data/ePillID_data/ePillID_data\classification_data\segmented_nih_pills_224/0054-2531_0_1.jpg,reference,54-2531,54;702,False
D:/Data/ePillID_data/ePillID_data\classification_data\segmented_nih_pills_224/0056-0169_0_0.jpg,reference,56-169,1;COUMADIN,True
D:/Data/ePillID_data/ePillID_data\classification_data\segmented_nih_pills_224/0056-0169_0_1.jpg,reference,56-169,1;COUMADIN,False
D:/Data/ePillID_data/ePillID_data\classification_data\segmented_nih_pills_224/0071-1014_0_0.jpg,reference,71-1014,Pfizer;PGN;75,True
D:/Data/ePillID_data/ePillID_data\classification_data\segmented_nih_pills_224/0071-1014_0_1.jpg,reference,71-1014,Pfizer;PGN;75,False
D:/Data/ePillID_data/ePillID_data\classification_data\segmented_nih_pills_224/0078-0456_0_0.jpg,reference,78-456,T;D;C;G,True
D:/Data/ePillID_data/ePillID_data\classification_data\segmented_nih_pills_224/0078-0456_0_1.jpg,reference,78-456,T;D;C;G,False
D:/Data/ePillID_data/ePillID_data\classification_data\segmented_nih_pills_224/0093-0832_0_0.jpg,reference,93-832,832;TEVA,True
D:/Data/ePillID_data/ePillID_data\classification_data\segmented_nih_pills_224/0093-0832_0_1.jpg,reference,93-832,832;TEVA,False
D:/Data/ePillID_data/ePillID_data\classification_data\segmented_nih_pills_224/0093-1135_0_0.jpg,reference,93-1135,TEVA;1135,True
D:/Data/ePillID_data/ePillID_data\classification_data\segmented_nih_pills_224/0093-1135_0_1.jpg,reference,93-1135,TEVA;1135,False
D:/Data/ePillID_data/ePillID_data\classification_data\segmented_nih_pills_224/0093-2056_0_0.jpg,reference,93-2056,TO,True
D:/Data/ePillID_data/ePillID_data\classification_data\segmented_nih_pills_224/0093-2056_0_1.jpg,reference,93-2056,TO,False
D:/Data/ePillID_data/ePillID_data\classification_data\segmented_nih_pills_224/0093-2067_0_0.jpg,reference,93-2067,TV;598;8,True
D:/Data/ePillID_data/ePillID_data\classification_data\segmented_nih_pills_224/0093-2067_0_1.jpg,reference,93-2067,TV;598;8,False
D:/Data/ePillID_data/ePillID_data\classification_data\segmented_nih_pills_224/0093-5060_0_0.jpg,reference,93-5060,TV;307,True
D:/Data/ePillID_data/ePillID_data\classification_data\segmented_nih_pills_224/0093-5060_0_1.jpg,reference,93-5060,TV;307,False
D:/Data/ePillID_data/ePillID_data\classification_data\segmented_nih_pills_224/0093-5553_0_0.jpg,reference,93-5553,TEVA;5553,True
D:/Data/ePillID_data/ePillID_data\classification_data\segmented_nih_pills_224/0093-5553_0_1.jpg,reference,93-5553,TEVA;5553,False
D:/Data/ePillID_data/ePillID_data\classification_data\segmented_nih_pills_224/0093-6450_0_0.jpg,reference,93-6450,6450;20;mg,True
D:/Data/ePillID_data/ePillID_data\classification_data\segmented_nih_pills_224/0093-6450_0_1.jpg,reference,93-6450,6450;20;mg,False
D:/Data/ePillID_data/ePillID_data\classification_data\segmented_nih_pills_224/0093-7373_0_0.jpg,reference,93-7373,TEVA;7373,True
D:/Data/ePillID_data/ePillID_data\classification_data\segmented_nih_pills_224/0093-7373_0_1.jpg,reference,93-7373,TEVA;7373,False
D:/Data/ePillID_data/ePillID_data\classification_data\segmented_nih_pills_224/0093-7472_0_0.jpg,reference,93-7472,93;7472,True
D:/Data/ePillID_data/ePillID_data\classification_data\segmented_nih_pills_224/0093-7472_0_1.jpg,reference,93-7472,93;7472,False
D:/Data/ePillID_data/ePillID_data\classification_data\segmented_nih_pills_224/0115-4433_0_0.jpg,reference,115-4433,G443,True
D:/Data/ePillID_data/ePillID_data\classification_data\segmented_nih_pills_224/0115-4433_0_1.jpg,reference,115-4433,G443,False
D:/Data/ePillID_data/ePillID_data\classification_data\segmented_nih_pills_224/0143-1333_0_0.jpg,reference,143-1333,WW;33,True
D:/Data/ePillID_data/ePillID_data\classification_data\segmented_nih_pills_224/0143-1333_0_1.jpg,reference,143-1333,WW;33,False
D:/Data/ePillID_data/ePillID_data\classification_data\segmented_nih_pills_224/0143-1450_0_0.jpg,reference,143-1450,Westward;450,True
D:/Data/ePillID_data/ePillID_data\classification_data\segmented_nih_pills_224/0143-1450_0_1.jpg,reference,143-1450,Westward;450,False
D:/Data/ePillID_data/ePillID_data\classification_data\segmented_nih_pills_224/0173-0712_0_0.jpg,reference,173-712,GX;CE2,True
D:/Data/ePillID_data/ePillID_data\classification_data\segmented_nih_pills_224/0173-0712_0_1.jpg,reference,173-712,GX;CE2,False
D:/Data/ePillID_data/ePillID_data\classification_data\segmented_nih_pills_224/0179-0071_0_0.jpg,reference,179-71,9;3;7207,True
D:/Data/ePillID_data/ePillID_data\classification_data\segmented_nih_pills_224/0179-0071_0_1.jpg,reference,179-71,9;3;7207,False
D:/Data/ePillID_data/ePillID_data\classification_data\segmented_nih_pills_224/0179-0083_0_0.jpg,reference,179-83,P1,True
D:/Data/ePillID_data/ePillID_data\classification_data\segmented_nih_pills_224/0179-0083_0_1.jpg,reference,179-83,P1,False
D:/Data/ePillID_data/ePillID_data\classification_data\segmented_nih_pills_224/0179-0128_0_0.jpg,reference,179-128,7152;TV,True
D:/Data/ePillID_data/ePillID_data\classification_data\segmented_nih_pills_224/0179-0128_0_1.jpg,reference,179-128,7152;TV,False
D:/Data/ePillID_data/ePillID_data\classification_data\segmented_nih_pills_224/0179-0158_0_0.jpg,reference,179-158,HP;248,True
D:/Data/ePillID_data/ePillID_data\classification_data\segmented_nih_pills_224/0179-0158_0_1.jpg,reference,179-158,HP;248,False
D:/Data/ePillID_data/ePillID_data\classification_data\segmented_nih_pills_224/0185-0047_0_0.jpg,reference,185-47,E;47,True
D:/Data/ePillID_data/ePillID_data\classification_data\segmented_nih_pills_224/0185-0047_0_1.jpg,reference,185-47,E;47,False
D:/Data/ePillID_data/ePillID_data\classification_data\segmented_nih_pills_224/0185-0630_0_0.jpg,reference,185-630,E103,True
D:/Data/ePillID_data/ePillID_data\classification_data\segmented_nih_pills_224/0185-0630_0_1.jpg,reference,185-630,E103,False
D:/Data/ePillID_data/ePillID_data\classification_data\segmented_nih_pills_224/0245-0040_0_0.jpg,reference,245-40,KC;8,True
D:/Data/ePillID_data/ePillID_data\classification_data\segmented_nih_pills_224/0245-0040_0_1.jpg,reference,245-40,KC;8,False
D:/Data/ePillID_data/ePillID_data\classification_data\segmented_nih_pills_224/0245-0213_0_0.jpg,reference,245-213,US;10;213,True
D:/Data/ePillID_data/ePillID_data\classification_data\segmented_nih_pills_224/0245-0213_0_1.jpg,reference,245-213,US;10;213,False
D:/Data/ePillID_data/ePillID_data\classification_data\segmented_nih_pills_224/0378-0069_0_0.jpg,reference,378-69,M;69,True
D:/Data/ePillID_data/ePillID_data\classification_data\segmented_nih_pills_224/0378-0069_0_1.jpg,reference,378-69,M;69,False
D:/Data/ePillID_data/ePillID_data\classification_data\segmented_nih_pills_224/0378-0162_0_0.jpg,reference,378-162,MYLAN;162,True
D:/Data/ePillID_data/ePillID_data\classification_data\segmented_nih_pills_224/0378-0162_0_1.jpg,reference,378-162,MYLAN;162,False
D:/Data/ePillID_data/ePillID_data\classification_data\segmented_nih_pills_224/0378-0353_0_0.jpg,reference,378-353,M;NE;30,True
D:/Data/ePillID_data/ePillID_data\classification_data\segmented_nih_pills_224/0378-0353_0_1.jpg,reference,378-353,M;NE;30,False
D:/Data/ePillID_data/ePillID_data\classification_data\segmented_nih_pills_224/0378-0712_0_0.jpg,reference,378-712,M;712,True
D:/Data/ePillID_data/ePillID_data\classification_data\segmented_nih_pills_224/0378-0712_0_1.jpg,reference,378-712,M;712,False
D:/Data/ePillID_data/ePillID_data\classification_data\segmented_nih_pills_224/0378-1175_0_0.jpg,reference,378-1175,M;B4;10;10;10,True
D:/Data/ePillID_data/ePillID_data\classification_data\segmented_nih_pills_224/0378-1175_0_1.jpg,reference,378-1175,M;B4;10;10;10,False
D:/Data/ePillID_data/ePillID_data\classification_data\segmented_nih_pills_224/0378-2097_0_0.jpg,reference,378-2097,M;NE;17,True
D:/Data/ePillID_data/ePillID_data\classification_data\segmented_nih_pills_224/0378-2097_0_1.jpg,reference,378-2097,M;NE;17,False
D:/Data/ePillID_data/ePillID_data\classification_data\segmented_nih_pills_224/0378-3950_0_0.jpg,reference,378-3950,10,True
D:/Data/ePillID_data/ePillID_data\classification_data\segmented_nih_pills_224/0378-3950_0_1.jpg,reference,378-3950,10,False
D:/Data/ePillID_data/ePillID_data\classification_data\segmented_nih_pills_224/0378-4140_0_0.jpg,reference,378-4140,M;DS;2,True
D:/Data/ePillID_data/ePillID_data\classification_data\segmented_nih_pills_224/0378-4140_0_1.jpg,reference,378-4140,M;DS;2,False
D:/Data/ePillID_data/ePillID_data\classification_data\segmented_nih_pills_224/0378-5121_0_0.jpg,reference,378-5121,M;F21,True
D:/Data/ePillID_data/ePillID_data\classification_data\segmented_nih_pills_224/0378-5121_0_1.jpg,reference,378-5121,M;F21,False
D:/Data/ePillID_data/ePillID_data\classification_data\segmented_nih_pills_224/0378-5125_0_0.jpg,reference,378-5125,M;S25,True
D:/Data/ePillID_data/ePillID_data\classification_data\segmented_nih_pills_224/0378-5125_0_1.jpg,reference,378-5125,M;S25,False
D:/Data/ePillID_data/ePillID_data\classification_data\segmented_nih_pills_224/0378-8630_0_0.jpg,reference,378-8630,MYLAN;FE;200,True
D:/Data/ePillID_data/ePillID_data\classification_data\segmented_nih_pills_224/0378-8630_0_1.jpg,reference,378-8630,MYLAN;FE;200,False
D:/Data/ePillID_data/ePillID_data\classification_data\segmented_nih_pills_224/0430-0170_0_0.jpg,reference,430-170,DF;7;5,True
D:/Data/ePillID_data/ePillID_data\classification_data\segmented_nih_pills_224/0430-0170_0_1.jpg,reference,430-170,DF;7;5,False
D:/Data/ePillID_data/ePillID_data\classification_data\segmented_nih_pills_224/0430-0472_0_0.jpg,reference,430-472,RSN;35;MG,True
D:/Data/ePillID_data/ePillID_data\classification_data\segmented_nih_pills_224/0430-0472_0_1.jpg,reference,430-472,RSN;35;MG,False
D:/Data/ePillID_data/ePillID_data\classification_data\segmented_nih_pills_224/0440-1866_0_0.jpg,reference,440-1866,Z;Zenith;100;mg;2131,True
D:/Data/ePillID_data/ePillID_data\classification_data\segmented_nih_pills_224/0440-1866_0_1.jpg,reference,440-1866,Z;Zenith;100;mg;2131,False
D:/Data/ePillID_data/ePillID_data\classification_data\segmented_nih_pills_224/0555-0606_0_0.jpg,reference,555-606,555;606;b,True
D:/Data/ePillID_data/ePillID_data\classification_data\segmented_nih_pills_224/0555-0606_0_1.jpg,reference,555-606,555;606;b,False
D:/Data/ePillID_data/ePillID_data\classification_data\segmented_nih_pills_224/0555-0790_0_0.jpg,reference,555-790,M;Amphet;Salts;5;mg,True
D:/Data/ePillID_data/ePillID_data\classification_data\segmented_nih_pills_224/0555-0790_0_1.jpg,reference,555-790,M;Amphet;Salts;5;mg,False
D:/Data/ePillID_data/ePillID_data\classification_data\segmented_nih_pills_224/0573-2660_0_0.jpg,reference,573-2660,Alavert;D12,True
D:/Data/ePillID_data/ePillID_data\classification_data\segmented_nih_pills_224/0573-2660_0_1.jpg,reference,573-2660,Alavert;D12,False
D:/Data/ePillID_data/ePillID_data\classification_data\segmented_nih_pills_224/0591-0398_0_0.jpg,reference,591-398,0398,True
D:/Data/ePillID_data/ePillID_data\classification_data\segmented_nih_pills_224/0591-0398_0_1.jpg,reference,591-398,0398,False
D:/Data/ePillID_data/ePillID_data\classification_data\segmented_nih_pills_224/0591-0861_0_0.jpg,reference,591-861,WATSON;861,True
D:/Data/ePillID_data/ePillID_data\classification_data\segmented_nih_pills_224/0591-0861_0_1.jpg,reference,591-861,WATSON;861,False
D:/Data/ePillID_data/ePillID_data\classification_data\segmented_nih_pills_224/0591-5325_0_0.jpg,reference,591-5325,DAN;DAN;5325,True
D:/Data/ePillID_data/ePillID_data\classification_data\segmented_nih_pills_224/0591-5325_0_1.jpg,reference,591-5325,DAN;DAN;5325,False
D:/Data/ePillID_data/ePillID_data\classification_data\segmented_nih_pills_224/0615-2563_0_0.jpg,reference,615-2563,Mylan;184;40,True
D:/Data/ePillID_data/ePillID_data\classification_data\segmented_nih_pills_224/0615-2563_0_1.jpg,reference,615-2563,Mylan;184;40,False
D:/Data/ePillID_data/ePillID_data\classification_data\segmented_nih_pills_224/0615-5550_0_0.jpg,reference,615-5550,R620,True
D:/Data/ePillID_data/ePillID_data\classification_data\segmented_nih_pills_224/0615-5550_0_1.jpg,reference,615-5550,R620,False
D:/Data/ePillID_data/ePillID_data\classification_data\segmented_nih_pills_224/0615-7575_0_0.jpg,reference,615-7575,B;384,True
D:/Data/ePillID_data/ePillID_data\classification_data\segmented_nih_pills_224/0615-7575_0_1.jpg,reference,615-7575,B;384,False
D:/Data/ePillID_data/ePillID_data\classification_data\segmented_nih_pills_224/0615-7712_0_0.jpg,reference,615-7712,L498,True
D:/Data/ePillID_data/ePillID_data\classification_data\segmented_nih_pills_224/0615-7712_0_1.jpg,reference,615-7712,L498,False
D:/Data/ePillID_data/ePillID_data\classification_data\segmented_nih_pills_224/0615-7768_0_0.jpg,reference,615-7768,60;60;1105,True
D:/Data/ePillID_data/ePillID_data\classification_data\segmented_nih_pills_224/0615-7768_0_1.jpg,reference,615-7768,60;60;1105,False
D:/Data/ePillID_data/ePillID_data\classification_data\segmented_nih_pills_224/0615-7938_0_0.jpg,reference,615-7938,54;583,True
D:/Data/ePillID_data/ePillID_data\classification_data\segmented_nih_pills_224/0615-7938_0_1.jpg,reference,615-7938,54;583,False
D:/Data/ePillID_data/ePillID_data\classification_data\segmented_nih_pills_224/0615-7978_0_0.jpg,reference,615-7978,90;H,True
D:/Data/ePillID_data/ePillID_data\classification_data\segmented_nih_pills_224/0615-7978_0_1.jpg,reference,615-7978,90;H,False
D:/Data/ePillID_data/ePillID_data\classification_data\segmented_nih_pills_224/0781-1392_0_0.jpg,reference,781-1392,GG;123,True
D:/Data/ePillID_data/ePillID_data\classification_data\segmented_nih_pills_224/0781-1392_0_1.jpg,reference,781-1392,GG;123,False
D:/Data/ePillID_data/ePillID_data\classification_data\segmented_nih_pills_224/0781-1436_0_0.jpg,reference,781-1436,GG97,True
D:/Data/ePillID_data/ePillID_data\classification_data\segmented_nih_pills_224/0781-1436_0_1.jpg,reference,781-1436,GG97,False
D:/Data/ePillID_data/ePillID_data\classification_data\segmented_nih_pills_224/0781-1764_0_0.jpg,reference,781-1764,GG;47,True
D:/Data/ePillID_data/ePillID_data\classification_data\segmented_nih_pills_224/0781-1764_0_1.jpg,reference,781-1764,GG;47,False
D:/Data/ePillID_data/ePillID_data\classification_data\segmented_nih_pills_224/0781-1789_0_0.jpg,reference,781-1789,GG739,True
D:/Data/ePillID_data/ePillID_data\classification_data\segmented_nih_pills_224/0781-1789_0_1.jpg,reference,781-1789,GG739,False
D:/Data/ePillID_data/ePillID_data\classification_data\segmented_nih_pills_224/0781-1943_0_0.jpg,reference,781-1943,SZ137,True
D:/Data/ePillID_data/ePillID_data\classification_data\segmented_nih_pills_224/0781-1943_0_1.jpg,reference,781-1943,SZ137,False
D:/Data/ePillID_data/ePillID_data\classification_data\segmented_nih_pills_224/0904-1057_0_0.jpg,reference,904-1057,cor;145,True
D:/Data/ePillID_data/ePillID_data\classification_data\segmented_nih_pills_224/0904-1057_0_1.jpg,reference,904-1057,cor;145,False
D:/Data/ePillID_data/ePillID_data\classification_data\segmented_nih_pills_224/0904-7809_0_0.jpg,reference,904-7809,DAN;5658,True
D:/Data/ePillID_data/ePillID_data\classification_data\segmented_nih_pills_224/0904-7809_0_1.jpg,reference,904-7809,DAN;5658,False
D:/Data/ePillID_data/ePillID_data\classification_data\segmented_nih_pills_224/10370-534_0_0.jpg,reference,10370-534,A534;2;mg,True
D:/Data/ePillID_data/ePillID_data\classification_data\segmented_nih_pills_224/10370-534_0_1.jpg,reference,10370-534,A534;2;mg,False
D:/Data/ePillID_data/ePillID_data\classification_data\segmented_nih_pills_224/10544-065_0_0.jpg,reference,10544-65,E;91,True
D:/Data/ePillID_data/ePillID_data\classification_data\segmented_nih_pills_224/10544-065_0_1.jpg,reference,10544-65,E;91,False
D:/Data/ePillID_data/ePillID_data\classification_data\segmented_nih_pills_224/10544-122_0_0.jpg,reference,10544-122,WC404,True
D:/Data/ePillID_data/ePillID_data\classification_data\segmented_nih_pills_224/10544-122_0_1.jpg,reference,10544-122,WC404,False
D:/Data/ePillID_data/ePillID_data\classification_data\segmented_nih_pills_224/10544-181_0_0.jpg,reference,10544-181,PLIVA;648,True
D:/Data/ePillID_data/ePillID_data\classification_data\segmented_nih_pills_224/10544-181_0_1.jpg,reference,10544-181,PLIVA;648,False
D:/Data/ePillID_data/ePillID_data\classification_data\segmented_nih_pills_224/10544-213_0_0.jpg,reference,10544-213,IP;464,True
D:/Data/ePillID_data/ePillID_data\classification_data\segmented_nih_pills_224/10544-213_0_1.jpg,reference,10544-213,IP;464,False
D:/Data/ePillID_data/ePillID_data\classification_data\segmented_nih_pills_224/10544-242_0_0.jpg,reference,10544-242,CTI;143,True
D:/Data/ePillID_data/ePillID_data\classification_data\segmented_nih_pills_224/10544-242_0_1.jpg,reference,10544-242,CTI;143,False
D:/Data/ePillID_data/ePillID_data\classification_data\segmented_nih_pills_224/10544-252_0_0.jpg,reference,10544-252,7;5,True
D:/Data/ePillID_data/ePillID_data\classification_data\segmented_nih_pills_224/10544-252_0_1.jpg,reference,10544-252,7;5,False
D:/Data/ePillID_data/ePillID_data\classification_data\segmented_nih_pills_224/10544-288_0_0.jpg,reference,10544-288,5904;V,True
D:/Data/ePillID_data/ePillID_data\classification_data\segmented_nih_pills_224/10544-288_0_1.jpg,reference,10544-288,5904;V,False
D:/Data/ePillID_data/ePillID_data\classification_data\segmented_nih_pills_224/10544-585_0_0.jpg,reference,10544-585,42;10;V,True
D:/Data/ePillID_data/ePillID_data\classification_data\segmented_nih_pills_224/10544-585_0_1.jpg,reference,10544-585,42;10;V,False
D:/Data/ePillID_data/ePillID_data\classification_data\segmented_nih_pills_224/10544-952_0_0.jpg,reference,10544-952,54;312,True
D:/Data/ePillID_data/ePillID_data\classification_data\segmented_nih_pills_224/10544-952_0_1.jpg,reference,10544-952,54;312,False
D:/Data/ePillID_data/ePillID_data\classification_data\segmented_nih_pills_224/11819-351_0_0.jpg,reference,11819-351,CR;250,True
D:/Data/ePillID_data/ePillID_data\classification_data\segmented_nih_pills_224/11819-351_0_1.jpg,reference,11819-351,CR;250,False
D:/Data/ePillID_data/ePillID_data\classification_data\segmented_nih_pills_224/11822-0532_0_0.jpg,reference,11822-532,44;532,True
D:/Data/ePillID_data/ePillID_data\classification_data\segmented_nih_pills_224/11822-0532_0_1.jpg,reference,11822-532,44;532,False
D:/Data/ePillID_data/ePillID_data\classification_data\segmented_nih_pills_224/12634-786_0_0.jpg,reference,12634-786,AN;627,True
D:/Data/ePillID_data/ePillID_data\classification_data\segmented_nih_pills_224/12634-786_0_1.jpg,reference,12634-786,AN;627,False
D:/Data/ePillID_data/ePillID_data\classification_data\segmented_nih_pills_224/13668-134_0_0.jpg,reference,13668-134,34;10,True
D:/Data/ePillID_data/ePillID_data\classification_data\segmented_nih_pills_224/13668-134_0_1.jpg,reference,13668-134,34;10,False
D:/Data/ePillID_data/ePillID_data\classification_data\segmented_nih_pills_224/13668-217_0_0.jpg,reference,13668-217,5;17,True
D:/Data/ePillID_data/ePillID_data\classification_data\segmented_nih_pills_224/13668-217_0_1.jpg,reference,13668-217,5;17,False
D:/Data/ePillID_data/ePillID_data\classification_data\segmented_nih_pills_224/13668-332_0_0.jpg,reference,13668-332,13;32;505050,True
D:/Data/ePillID_data/ePillID_data\classification_data\segmented_nih_pills_224/13668-332_0_1.jpg,reference,13668-332,13;32;505050,False
D:/Data/ePillID_data/ePillID_data\classification_data\segmented_nih_pills_224/16110-259_0_0.jpg,reference,16110-259,MONODOX;100;M;259,True
D:/Data/ePillID_data/ePillID_data\classification_data\segmented_nih_pills_224/16110-259_0_1.jpg,reference,16110-259,MONODOX;100;M;259,False
D:/Data/ePillID_data/ePillID_data\classification_data\segmented_nih_pills_224/16252-543_0_0.jpg,reference,16252-543,TN4,True
D:/Data/ePillID_data/ePillID_data\classification_data\segmented_nih_pills_224/16252-543_0_1.jpg,reference,16252-543,TN4,False
D:/Data/ePillID_data/ePillID_data\classification_data\segmented_nih_pills_224/16590-250_0_0.jpg,reference,16590-250,ZOLOFT;50;mg,True
D:/Data/ePillID_data/ePillID_data\classification_data\segmented_nih_pills_224/16590-250_0_1.jpg,reference,16590-250,ZOLOFT;50;mg,False
D:/Data/ePillID_data/ePillID_data\classification_data\segmented_nih_pills_224/16590-279_0_0.jpg,reference,16590-279,X10,True
D:/Data/ePillID_data/ePillID_data\classification_data\segmented_nih_pills_224/16590-279_0_1.jpg,reference,16590-279,X10,False
D:/Data/ePillID_data/ePillID_data\classification_data\segmented_nih_pills_224/16590-756_0_0.jpg,reference,16590-756,6;MG,True
D:/Data/ePillID_data/ePillID_data\classification_data\segmented_nih_pills_224/16590-756_0_1.jpg,reference,16590-756,6;MG,False
D:/Data/ePillID_data/ePillID_data\classification_data\segmented_nih_pills_224/16714-400_0_0.jpg,reference,16714-400,A33,True
D:/Data/ePillID_data/ePillID_data\classification_data\segmented_nih_pills_224/16714-400_0_1.jpg,reference,16714-400,A33,False
D:/Data/ePillID_data/ePillID_data\classification_data\segmented_nih_pills_224/16714-417_0_0.jpg,reference,16714-417,L;230,True
D:/Data/ePillID_data/ePillID_data\classification_data\segmented_nih_pills_224/16714-417_0_1.jpg,reference,16714-417,L;230,False
D:/Data/ePillID_data/ePillID_data\classification_data\segmented_nih_pills_224/16714-531_0_0.jpg,reference,16714-531,S;102,True
D:/Data/ePillID_data/ePillID_data\classification_data\segmented_nih_pills_224/16714-531_0_1.jpg,reference,16714-531,S;102,False
D:/Data/ePillID_data/ePillID_data\classification_data\segmented_nih_pills_224/16714-533_0_0.jpg,reference,16714-533,S;104,True
D:/Data/ePillID_data/ePillID_data\classification_data\segmented_nih_pills_224/16714-533_0_1.jpg,reference,16714-533,S;104,False
D:/Data/ePillID_data/ePillID_data\classification_data\segmented_nih_pills_224/16714-691_0_0.jpg,reference,16714-691,C;05,True
D:/Data/ePillID_data/ePillID_data\classification_data\segmented_nih_pills_224/16714-691_0_1.jpg,reference,16714-691,C;05,False
D:/Data/ePillID_data/ePillID_data\classification_data\segmented_nih_pills_224/16729-021_0_0.jpg,reference,16729-21,PIO;30,True
D:/Data/ePillID_data/ePillID_data\classification_data\segmented_nih_pills_224/16729-021_0_1.jpg,reference,16729-21,PIO;30,False
D:/Data/ePillID_data/ePillID_data\classification_data\segmented_nih_pills_224/16729-173_0_0.jpg,reference,16729-173,I3,True
D:/Data/ePillID_data/ePillID_data\classification_data\segmented_nih_pills_224/16729-173_0_1.jpg,reference,16729-173,I3,False
D:/Data/ePillID_data/ePillID_data\classification_data\segmented_nih_pills_224/21695-063_0_0.jpg,reference,21695-63,Pfizer;399,True
D:/Data/ePillID_data/ePillID_data\classification_data\segmented_nih_pills_224/21695-063_0_1.jpg,reference,21695-63,Pfizer;399,False
D:/Data/ePillID_data/ePillID_data\classification_data\segmented_nih_pills_224/21695-092_0_0.jpg,reference,21695-92,NEXIUM40mg,True
D:/Data/ePillID_data/ePillID_data\classification_data\segmented_nih_pills_224/21695-092_0_1.jpg,reference,21695-92,NEXIUM40mg,False
D:/Data/ePillID_data/ePillID_data\classification_data\segmented_nih_pills_224/21695-157_0_0.jpg,reference,21695-157,VGR50;Pfizer,True
D:/Data/ePillID_data/ePillID_data\classification_data\segmented_nih_pills_224/21695-157_0_1.jpg,reference,21695-157,VGR50;Pfizer,False
D:/Data/ePillID_data/ePillID_data\classification_data\segmented_nih_pills_224/21695-175_0_0.jpg,reference,21695-175,7113;93,True
D:/Data/ePillID_data/ePillID_data\classification_data\segmented_nih_pills_224/21695-175_0_1.jpg,reference,21695-175,7113;93,False
D:/Data/ePillID_data/ePillID_data\classification_data\segmented_nih_pills_224/21695-433_0_0.jpg,reference,21695-433,T45,True
D:/Data/ePillID_data/ePillID_data\classification_data\segmented_nih_pills_224/21695-433_0_1.jpg,reference,21695-433,T45,False
D:/Data/ePillID_data/ePillID_data\classification_data\segmented_nih_pills_224/21695-461_0_0.jpg,reference,21695-461,194;R,True
D:/Data/ePillID_data/ePillID_data\classification_data\segmented_nih_pills_224/21695-461_0_1.jpg,reference,21695-461,194;R,False
D:/Data/ePillID_data/ePillID_data\classification_data\segmented_nih_pills_224/21695-497_0_0.jpg,reference,21695-497,GG;172,True
D:/Data/ePillID_data/ePillID_data\classification_data\segmented_nih_pills_224/21695-497_0_1.jpg,reference,21695-497,GG;172,False
D:/Data/ePillID_data/ePillID_data\classification_data\segmented_nih_pills_224/21695-499_0_0.jpg,reference,21695-499,RX;526,True
D:/Data/ePillID_data/ePillID_data\classification_data\segmented_nih_pills_224/21695-499_0_1.jpg,reference,21695-499,RX;526,False
D:/Data/ePillID_data/ePillID_data\classification_data\segmented_nih_pills_224/21695-544_0_0.jpg,reference,21695-544,GG962;875,True
D:/Data/ePillID_data/ePillID_data\classification_data\segmented_nih_pills_224/21695-544_0_1.jpg,reference,21695-544,GG962;875,False
D:/Data/ePillID_data/ePillID_data\classification_data\segmented_nih_pills_224/21695-656_0_0.jpg,reference,21695-656,BI;01A,True
D:/Data/ePillID_data/ePillID_data\classification_data\segmented_nih_pills_224/21695-656_0_1.jpg,reference,21695-656,BI;01A,False
D:/Data/ePillID_data/ePillID_data\classification_data\segmented_nih_pills_224/21695-699_0_0.jpg,reference,21695-699,Par821,True
D:/Data/ePillID_data/ePillID_data\classification_data\segmented_nih_pills_224/21695-699_0_1.jpg,reference,21695-699,Par821,False
D:/Data/ePillID_data/ePillID_data\classification_data\segmented_nih_pills_224/21695-735_0_0.jpg,reference,21695-735,WATSON;862,True
D:/Data/ePillID_data/ePillID_data\classification_data\segmented_nih_pills_224/21695-735_0_1.jpg,reference,21695-735,WATSON;862,False
D:/Data/ePillID_data/ePillID_data\classification_data\segmented_nih_pills_224/21695-750_0_0.jpg,reference,21695-750,JSP;515,True
D:/Data/ePillID_data/ePillID_data\classification_data\segmented_nih_pills_224/21695-750_0_1.jpg,reference,21695-750,JSP;515,False
D:/Data/ePillID_data/ePillID_data\classification_data\segmented_nih_pills_224/21695-950_0_0.jpg,reference,21695-950,832,True
D:/Data/ePillID_data/ePillID_data\classification_data\segmented_nih_pills_224/21695-950_0_1.jpg,reference,21695-950,832,False
D:/Data/ePillID_data/ePillID_data\classification_data\segmented_nih_pills_224/21695-965_0_0.jpg,reference,21695-965,WPI;3249,True
D:/Data/ePillID_data/ePillID_data\classification_data\segmented_nih_pills_224/21695-965_0_1.jpg,reference,21695-965,WPI;3249,False
D:/Data/ePillID_data/ePillID_data\classification_data\segmented_nih_pills_224/23155-051_0_0.jpg,reference,23155-51,HP;51,True
D:/Data/ePillID_data/ePillID_data\classification_data\segmented_nih_pills_224/23155-051_0_1.jpg,reference,23155-51,HP;51,False
D:/Data/ePillID_data/ePillID_data\classification_data\segmented_nih_pills_224/24090-491_0_0.jpg,reference,24090-491,E,True
D:/Data/ePillID_data/ePillID_data\classification_data\segmented_nih_pills_224/24090-491_0_1.jpg,reference,24090-491,E,False
D:/Data/ePillID_data/ePillID_data\classification_data\segmented_nih_pills_224/24090-494_0_0.jpg,reference,24090-494,J,True
D:/Data/ePillID_data/ePillID_data\classification_data\segmented_nih_pills_224/24090-494_0_1.jpg,reference,24090-494,J,False
D:/Data/ePillID_data/ePillID_data\classification_data\segmented_nih_pills_224/24236-313_0_0.jpg,reference,24236-313,LAMICTAL;25,True
D:/Data/ePillID_data/ePillID_data\classification_data\segmented_nih_pills_224/24236-313_0_1.jpg,reference,24236-313,LAMICTAL;25,False
D:/Data/ePillID_data/ePillID_data\classification_data\segmented_nih_pills_224/29300-125_0_0.jpg,reference,29300-125,U;L;15,True
D:/Data/ePillID_data/ePillID_data\classification_data\segmented_nih_pills_224/29300-125_0_1.jpg,reference,29300-125,U;L;15,False
D:/Data/ePillID_data/ePillID_data\classification_data\segmented_nih_pills_224/30698-421_0_0.jpg,reference,30698-421,SPD417;SPD417;200;mg,True
D:/Data/ePillID_data/ePillID_data\classification_data\segmented_nih_pills_224/30698-421_0_1.jpg,reference,30698-421,SPD417;SPD417;200;mg,False
D:/Data/ePillID_data/ePillID_data\classification_data\segmented_nih_pills_224/31722-256_0_0.jpg,reference,31722-256,IG;256,True
D:/Data/ePillID_data/ePillID_data\classification_data\segmented_nih_pills_224/31722-256_0_1.jpg,reference,31722-256,IG;256,False
D:/Data/ePillID_data/ePillID_data\classification_data\segmented_nih_pills_224/31722-713_0_0.jpg,reference,31722-713,H;126,True
D:/Data/ePillID_data/ePillID_data\classification_data\segmented_nih_pills_224/31722-713_0_1.jpg,reference,31722-713,H;126,False
D:/Data/ePillID_data/ePillID_data\classification_data\segmented_nih_pills_224/31722-727_0_0.jpg,reference,31722-727,I;112,True
D:/Data/ePillID_data/ePillID_data\classification_data\segmented_nih_pills_224/31722-727_0_1.jpg,reference,31722-727,I;112,False
D:/Data/ePillID_data/ePillID_data\classification_data\segmented_nih_pills_224/33261-137_0_0.jpg,reference,33261-137,A45,True
D:/Data/ePillID_data/ePillID_data\classification_data\segmented_nih_pills_224/33261-137_0_1.jpg,reference,33261-137,A45,False
D:/Data/ePillID_data/ePillID_data\classification_data\segmented_nih_pills_224/33261-400_0_0.jpg,reference,33261-400,IG;279,True
D:/Data/ePillID_data/ePillID_data\classification_data\segmented_nih_pills_224/33261-400_0_1.jpg,reference,33261-400,IG;279,False
D:/Data/ePillID_data/ePillID_data\classification_data\segmented_nih_pills_224/33261-416_0_0.jpg,reference,33261-416,LL;B02,True
D:/Data/ePillID_data/ePillID_data\classification_data\segmented_nih_pills_224/33261-416_0_1.jpg,reference,33261-416,LL;B02,False
D:/Data/ePillID_data/ePillID_data\classification_data\segmented_nih_pills_224/33261-548_0_0.jpg,reference,33261-548,792,True
D:/Data/ePillID_data/ePillID_data\classification_data\segmented_nih_pills_224/33261-548_0_1.jpg,reference,33261-548,792,False
D:/Data/ePillID_data/ePillID_data\classification_data\segmented_nih_pills_224/33261-554_0_0.jpg,reference,33261-554,93;5171,True
D:/Data/ePillID_data/ePillID_data\classification_data\segmented_nih_pills_224/33261-554_0_1.jpg,reference,33261-554,93;5171,False
D:/Data/ePillID_data/ePillID_data\classification_data\segmented_nih_pills_224/33342-032_0_0.jpg,reference,33342-32,CL;3,True
D:/Data/ePillID_data/ePillID_data\classification_data\segmented_nih_pills_224/33342-032_0_1.jpg,reference,33342-32,CL;3,False
D:/Data/ePillID_data/ePillID_data\classification_data\segmented_nih_pills_224/35356-387_0_0.jpg,reference,35356-387,952;5;b,True
D:/Data/ePillID_data/ePillID_data\classification_data\segmented_nih_pills_224/35356-387_0_1.jpg,reference,35356-387,952;5;b,False
D:/Data/ePillID_data/ePillID_data\classification_data\segmented_nih_pills_224/35356-398_0_0.jpg,reference,35356-398,Pfizer;PGN;300,True
D:/Data/ePillID_data/ePillID_data\classification_data\segmented_nih_pills_224/35356-398_0_1.jpg,reference,35356-398,Pfizer;PGN;300,False
D:/Data/ePillID_data/ePillID_data\classification_data\segmented_nih_pills_224/35356-732_0_0.jpg,reference,35356-732,CR;500,True
D:/Data/ePillID_data/ePillID_data\classification_data\segmented_nih_pills_224/35356-732_0_1.jpg,reference,35356-732,CR;500,False
D:/Data/ePillID_data/ePillID_data\classification_data\segmented_nih_pills_224/35356-763_0_0.jpg,reference,35356-763,42;16;V;4,True
D:/Data/ePillID_data/ePillID_data\classification_data\segmented_nih_pills_224/35356-763_0_1.jpg,reference,35356-763,42;16;V;4,False
D:/Data/ePillID_data/ePillID_data\classification_data\segmented_nih_pills_224/35356-784_0_0.jpg,reference,35356-784,9;3;7701,True
D:/Data/ePillID_data/ePillID_data\classification_data\segmented_nih_pills_224/35356-784_0_1.jpg,reference,35356-784,9;3;7701,False
D:/Data/ePillID_data/ePillID_data\classification_data\segmented_nih_pills_224/35356-922_0_0.jpg,reference,35356-922,A;13,True
D:/Data/ePillID_data/ePillID_data\classification_data\segmented_nih_pills_224/35356-922_0_1.jpg,reference,35356-922,A;13,False
D:/Data/ePillID_data/ePillID_data\classification_data\segmented_nih_pills_224/35356-932_0_0.jpg,reference,35356-932,5710;1;25;250,True
D:/Data/ePillID_data/ePillID_data\classification_data\segmented_nih_pills_224/35356-932_0_1.jpg,reference,35356-932,5710;1;25;250,False
D:/Data/ePillID_data/ePillID_data\classification_data\segmented_nih_pills_224/35356-984_0_0.jpg,reference,35356-984,A;6;7,True
D:/Data/ePillID_data/ePillID_data\classification_data\segmented_nih_pills_224/35356-984_0_1.jpg,reference,35356-984,A;6;7,False
D:/Data/ePillID_data/ePillID_data\classification_data\segmented_nih_pills_224/42254-043_0_0.jpg,reference,42254-43,Omeprazole;10;mg;R;157,True
D:/Data/ePillID_data/ePillID_data\classification_data\segmented_nih_pills_224/42254-043_0_1.jpg,reference,42254-43,Omeprazole;10;mg;R;157,False
D:/Data/ePillID_data/ePillID_data\classification_data\segmented_nih_pills_224/42254-134_0_0.jpg,reference,42254-134,Pfizer;PGN;225,True
D:/Data/ePillID_data/ePillID_data\classification_data\segmented_nih_pills_224/42254-134_0_1.jpg,reference,42254-134,Pfizer;PGN;225,False
D:/Data/ePillID_data/ePillID_data\classification_data\segmented_nih_pills_224/42254-177_0_0.jpg,reference,42254-177,93;3160,True
D:/Data/ePillID_data/ePillID_data\classification_data\segmented_nih_pills_224/42254-177_0_1.jpg,reference,42254-177,93;3160,False
D:/Data/ePillID_data/ePillID_data\classification_data\segmented_nih_pills_224/42291-162_0_0.jpg,reference,42291-162,53;A,True
D:/Data/ePillID_data/ePillID_data\classification_data\segmented_nih_pills_224/42291-162_0_1.jpg,reference,42291-162,53;A,False
D:/Data/ePillID_data/ePillID_data\classification_data\segmented_nih_pills_224/42291-240_0_0.jpg,reference,42291-240,5,True
D:/Data/ePillID_data/ePillID_data\classification_data\segmented_nih_pills_224/42291-240_0_1.jpg,reference,42291-240,5,False
D:/Data/ePillID_data/ePillID_data\classification_data\segmented_nih_pills_224/42291-305_0_0.jpg,reference,42291-305,93;7456,True
D:/Data/ePillID_data/ePillID_data\classification_data\segmented_nih_pills_224/42291-305_0_1.jpg,reference,42291-305,93;7456,False
D:/Data/ePillID_data/ePillID_data\classification_data\segmented_nih_pills_224/42291-342_0_0.jpg,reference,42291-342,TEVA;7238,True
D:/Data/ePillID_data/ePillID_data\classification_data\segmented_nih_pills_224/42291-342_0_1.jpg,reference,42291-342,TEVA;7238,False
D:/Data/ePillID_data/ePillID_data\classification_data\segmented_nih_pills_224/42291-726_0_0.jpg,reference,42291-726,7290;93,True
D:/Data/ePillID_data/ePillID_data\classification_data\segmented_nih_pills_224/42291-726_0_1.jpg,reference,42291-726,7290;93,False
D:/Data/ePillID_data/ePillID_data\classification_data\segmented_nih_pills_224/42291-819_0_0.jpg,reference,42291-819,PA;918,True
D:/Data/ePillID_data/ePillID_data\classification_data\segmented_nih_pills_224/42291-819_0_1.jpg,reference,42291-819,PA;918,False
D:/Data/ePillID_data/ePillID_data\classification_data\segmented_nih_pills_224/42291-841_0_0.jpg,reference,42291-841,LANNETT;1632,True
D:/Data/ePillID_data/ePillID_data\classification_data\segmented_nih_pills_224/42291-841_0_1.jpg,reference,42291-841,LANNETT;1632,False
D:/Data/ePillID_data/ePillID_data\classification_data\segmented_nih_pills_224/42291-850_0_0.jpg,reference,42291-850,E503,True
D:/Data/ePillID_data/ePillID_data\classification_data\segmented_nih_pills_224/42291-850_0_1.jpg,reference,42291-850,E503,False
D:/Data/ePillID_data/ePillID_data\classification_data\segmented_nih_pills_224/42799-806_0_0.jpg,reference,42799-806,806,True
D:/Data/ePillID_data/ePillID_data\classification_data\segmented_nih_pills_224/42799-806_0_1.jpg,reference,42799-806,806,False
D:/Data/ePillID_data/ePillID_data\classification_data\segmented_nih_pills_224/42865-302_0_0.jpg,reference,42865-302,APTALIS;15,True
D:/Data/ePillID_data/ePillID_data\classification_data\segmented_nih_pills_224/42865-302_0_1.jpg,reference,42865-302,APTALIS;15,False
D:/Data/ePillID_data/ePillID_data\classification_data\segmented_nih_pills_224/43063-133_0_0.jpg,reference,43063-133,E171,True
D:/Data/ePillID_data/ePillID_data\classification_data\segmented_nih_pills_224/43063-133_0_1.jpg,reference,43063-133,E171,False
D:/Data/ePillID_data/ePillID_data\classification_data\segmented_nih_pills_224/43063-176_0_0.jpg,reference,43063-176,TV;5;1721,True
D:/Data/ePillID_data/ePillID_data\classification_data\segmented_nih_pills_224/43063-176_0_1.jpg,reference,43063-176,TV;5;1721,False
D:/Data/ePillID_data/ePillID_data\classification_data\segmented_nih_pills_224/43063-230_0_0.jpg,reference,43063-230,M;L;9,True
D:/Data/ePillID_data/ePillID_data\classification_data\segmented_nih_pills_224/43063-230_0_1.jpg,reference,43063-230,M;L;9,False
D:/Data/ePillID_data/ePillID_data\classification_data\segmented_nih_pills_224/43063-284_0_0.jpg,reference,43063-284,M;433,True
D:/Data/ePillID_data/ePillID_data\classification_data\segmented_nih_pills_224/43063-284_0_1.jpg,reference,43063-284,M;433,False
D:/Data/ePillID_data/ePillID_data\classification_data\segmented_nih_pills_224/43063-364_0_0.jpg,reference,43063-364,S902,True
D:/Data/ePillID_data/ePillID_data\classification_data\segmented_nih_pills_224/43063-364_0_1.jpg,reference,43063-364,S902,False
D:/Data/ePillID_data/ePillID_data\classification_data\segmented_nih_pills_224/43063-402_0_0.jpg,reference,43063-402,TEVA;7372,True
D:/Data/ePillID_data/ePillID_data\classification_data\segmented_nih_pills_224/43063-402_0_1.jpg,reference,43063-402,TEVA;7372,False
D:/Data/ePillID_data/ePillID_data\classification_data\segmented_nih_pills_224/43063-442_0_0.jpg,reference,43063-442,GG172,True
D:/Data/ePillID_data/ePillID_data\classification_data\segmented_nih_pills_224/43063-442_0_1.jpg,reference,43063-442,GG172,False
D:/Data/ePillID_data/ePillID_data\classification_data\segmented_nih_pills_224/43199-014_0_0.jpg,reference,43199-14,CL;14,True
D:/Data/ePillID_data/ePillID_data\classification_data\segmented_nih_pills_224/43199-014_0_1.jpg,reference,43199-14,CL;14,False
D:/Data/ePillID_data/ePillID_data\classification_data\segmented_nih_pills_224/43353-290_0_0.jpg,reference,43353-290,10;crestor,True
D:/Data/ePillID_data/ePillID_data\classification_data\segmented_nih_pills_224/43353-290_0_1.jpg,reference,43353-290,10;crestor,False
D:/Data/ePillID_data/ePillID_data\classification_data\segmented_nih_pills_224/43353-535_0_0.jpg,reference,43353-535,0;8;A,True
D:/Data/ePillID_data/ePillID_data\classification_data\segmented_nih_pills_224/43353-535_0_1.jpg,reference,43353-535,0;8;A,False
D:/Data/ePillID_data/ePillID_data\classification_data\segmented_nih_pills_224/43353-689_0_0.jpg,reference,43353-689,6148;V,True
D:/Data/ePillID_data/ePillID_data\classification_data\segmented_nih_pills_224/43353-689_0_1.jpg,reference,43353-689,6148;V,False
D:/Data/ePillID_data/ePillID_data\classification_data\segmented_nih_pills_224/43353-747_0_0.jpg,reference,43353-747,54;840,True
D:/Data/ePillID_data/ePillID_data\classification_data\segmented_nih_pills_224/43353-747_0_1.jpg,reference,43353-747,54;840,False
D:/Data/ePillID_data/ePillID_data\classification_data\segmented_nih_pills_224/43353-769_0_0.jpg,reference,43353-769,271;KU,True
D:/Data/ePillID_data/ePillID_data\classification_data\segmented_nih_pills_224/43353-769_0_1.jpg,reference,43353-769,271;KU,False
D:/Data/ePillID_data/ePillID_data\classification_data\segmented_nih_pills_224/43353-926_0_0.jpg,reference,43353-926,717,True
D:/Data/ePillID_data/ePillID_data\classification_data\segmented_nih_pills_224/43353-926_0_1.jpg,reference,43353-926,717,False
D:/Data/ePillID_data/ePillID_data\classification_data\segmented_nih_pills_224/43353-961_0_0.jpg,reference,43353-961,MYLAN;183;20,True
D:/Data/ePillID_data/ePillID_data\classification_data\segmented_nih_pills_224/43353-961_0_1.jpg,reference,43353-961,MYLAN;183;20,False
D:/Data/ePillID_data/ePillID_data\classification_data\segmented_nih_pills_224/43353-978_0_0.jpg,reference,43353-978,832;38,True
D:/Data/ePillID_data/ePillID_data\classification_data\segmented_nih_pills_224/43353-978_0_1.jpg,reference,43353-978,832;38,False
D:/Data/ePillID_data/ePillID_data\classification_data\segmented_nih_pills_224/43478-903_0_0.jpg,reference,43478-903,AK;160,True
D:/Data/ePillID_data/ePillID_data\classification_data\segmented_nih_pills_224/43478-903_0_1.jpg,reference,43478-903,AK;160,False
D:/Data/ePillID_data/ePillID_data\classification_data\segmented_nih_pills_224/43547-275_0_0.jpg,reference,43547-275,HH205,True
D:/Data/ePillID_data/ePillID_data\classification_data\segmented_nih_pills_224/43547-275_0_1.jpg,reference,43547-275,HH205,False
D:/Data/ePillID_data/ePillID_data\classification_data\segmented_nih_pills_224/43547-367_0_0.jpg,reference,43547-367,HH;341,True
D:/Data/ePillID_data/ePillID_data\classification_data\segmented_nih_pills_224/43547-367_0_1.jpg,reference,43547-367,HH;341,False
D:/Data/ePillID_data/ePillID_data\classification_data\segmented_nih_pills_224/43547-369_0_0.jpg,reference,43547-369,HH;343,True
D:/Data/ePillID_data/ePillID_data\classification_data\segmented_nih_pills_224/43547-369_0_1.jpg,reference,43547-369,HH;343,False
D:/Data/ePillID_data/ePillID_data\classification_data\segmented_nih_pills_224/44946-1008_0_0.jpg,reference,44946-1008,SCI;6,True
D:/Data/ePillID_data/ePillID_data\classification_data\segmented_nih_pills_224/44946-1008_0_1.jpg,reference,44946-1008,SCI;6,False
D:/Data/ePillID_data/ePillID_data\classification_data\segmented_nih_pills_224/45865-471_0_0.jpg,reference,45865-471,P;500,True
D:/Data/ePillID_data/ePillID_data\classification_data\segmented_nih_pills_224/45865-471_0_1.jpg,reference,45865-471,P;500,False
D:/Data/ePillID_data/ePillID_data\classification_data\segmented_nih_pills_224/45865-670_0_0.jpg,reference,45865-670,5093;V,True
D:/Data/ePillID_data/ePillID_data\classification_data\segmented_nih_pills_224/45865-670_0_1.jpg,reference,45865-670,5093;V,False
D:/Data/ePillID_data/ePillID_data\classification_data\segmented_nih_pills_224/47335-539_0_0.jpg,reference,47335-539,S;500,True
D:/Data/ePillID_data/ePillID_data\classification_data\segmented_nih_pills_224/47335-539_0_1.jpg,reference,47335-539,S;500,False
D:/Data/ePillID_data/ePillID_data\classification_data\segmented_nih_pills_224/47781-103_0_0.jpg,reference,47781-103,ID;150,True
D:/Data/ePillID_data/ePillID_data\classification_data\segmented_nih_pills_224/47781-103_0_1.jpg,reference,47781-103,ID;150,False
D:/Data/ePillID_data/ePillID_data\classification_data\segmented_nih_pills_224/49884-413_0_0.jpg,reference,49884-413,257,True
D:/Data/ePillID_data/ePillID_data\classification_data\segmented_nih_pills_224/49884-413_0_1.jpg,reference,49884-413,257,False
D:/Data/ePillID_data/ePillID_data\classification_data\segmented_nih_pills_224/49884-455_0_0.jpg,reference,49884-455,par;455,True
D:/Data/ePillID_data/ePillID_data\classification_data\segmented_nih_pills_224/49884-455_0_1.jpg,reference,49884-455,par;455,False
D:/Data/ePillID_data/ePillID_data\classification_data\segmented_nih_pills_224/50090-0513_0_0.jpg,reference,50090-513,555;483;barr,True
D:/Data/ePillID_data/ePillID_data\classification_data\segmented_nih_pills_224/50090-0513_0_1.jpg,reference,50090-513,555;483;barr,False
D:/Data/ePillID_data/ePillID_data\classification_data\segmented_nih_pills_224/50090-0848_0_0.jpg,reference,50090-848,56;C,True
D:/Data/ePillID_data/ePillID_data\classification_data\segmented_nih_pills_224/50090-0848_0_1.jpg,reference,50090-848,56;C,False
D:/Data/ePillID_data/ePillID_data\classification_data\segmented_nih_pills_224/50090-1101_0_0.jpg,reference,50090-1101,15;mg;C;Cephalon,True
D:/Data/ePillID_data/ePillID_data\classification_data\segmented_nih_pills_224/50090-1101_0_1.jpg,reference,50090-1101,15;mg;C;Cephalon,False
D:/Data/ePillID_data/ePillID_data\classification_data\segmented_nih_pills_224/50090-1112_0_0.jpg,reference,50090-1112,202;IG,True
D:/Data/ePillID_data/ePillID_data\classification_data\segmented_nih_pills_224/50090-1112_0_1.jpg,reference,50090-1112,202;IG,False
D:/Data/ePillID_data/ePillID_data\classification_data\segmented_nih_pills_224/50090-1594_0_0.jpg,reference,50090-1594,G5;10,True
D:/Data/ePillID_data/ePillID_data\classification_data\segmented_nih_pills_224/50090-1594_0_1.jpg,reference,50090-1594,G5;10,False
D:/Data/ePillID_data/ePillID_data\classification_data\segmented_nih_pills_224/50090-1950_0_0.jpg,reference,50090-1950,AN;511,True
D:/Data/ePillID_data/ePillID_data\classification_data\segmented_nih_pills_224/50090-1950_0_1.jpg,reference,50090-1950,AN;511,False
D:/Data/ePillID_data/ePillID_data\classification_data\segmented_nih_pills_224/50268-087_0_0.jpg,reference,50268-87,I;94,True
D:/Data/ePillID_data/ePillID_data\classification_data\segmented_nih_pills_224/50268-087_0_1.jpg,reference,50268-87,I;94,False
D:/Data/ePillID_data/ePillID_data\classification_data\segmented_nih_pills_224/50268-091_0_0.jpg,reference,50268-91,I;98,True
D:/Data/ePillID_data/ePillID_data\classification_data\segmented_nih_pills_224/50268-091_0_1.jpg,reference,50268-91,I;98,False
D:/Data/ePillID_data/ePillID_data\classification_data\segmented_nih_pills_224/50268-330_0_0.jpg,reference,50268-330,7033,True
D:/Data/ePillID_data/ePillID_data\classification_data\segmented_nih_pills_224/50268-330_0_1.jpg,reference,50268-330,7033,False
D:/Data/ePillID_data/ePillID_data\classification_data\segmented_nih_pills_224/50268-531_0_0.jpg,reference,50268-531,IP;178,True
D:/Data/ePillID_data/ePillID_data\classification_data\segmented_nih_pills_224/50268-531_0_1.jpg,reference,50268-531,IP;178,False
D:/Data/ePillID_data/ePillID_data\classification_data\segmented_nih_pills_224/50268-532_0_0.jpg,reference,50268-532,IP;179,True
D:/Data/ePillID_data/ePillID_data\classification_data\segmented_nih_pills_224/50268-532_0_1.jpg,reference,50268-532,IP;179,False
D:/Data/ePillID_data/ePillID_data\classification_data\segmented_nih_pills_224/50268-609_0_0.jpg,reference,50268-609,APO;OLA;2;5,True
D:/Data/ePillID_data/ePillID_data\classification_data\segmented_nih_pills_224/50268-609_0_1.jpg,reference,50268-609,APO;OLA;2;5,False
D:/Data/ePillID_data/ePillID_data\classification_data\segmented_nih_pills_224/50268-628_0_0.jpg,reference,50268-628,KU;271,True
D:/Data/ePillID_data/ePillID_data\classification_data\segmented_nih_pills_224/50268-628_0_1.jpg,reference,50268-628,KU;271,False
D:/Data/ePillID_data/ePillID_data\classification_data\segmented_nih_pills_224/50383-172_0_0.jpg,reference,50383-172,LC;77,True
D:/Data/ePillID_data/ePillID_data\classification_data\segmented_nih_pills_224/50383-172_0_1.jpg,reference,50383-172,LC;77,False
D:/Data/ePillID_data/ePillID_data\classification_data\segmented_nih_pills_224/50436-0170_0_0.jpg,reference,50436-170,20,True
D:/Data/ePillID_data/ePillID_data\classification_data\segmented_nih_pills_224/50436-0170_0_1.jpg,reference,50436-170,20,False
D:/Data/ePillID_data/ePillID_data\classification_data\segmented_nih_pills_224/50436-1873_0_0.jpg,reference,50436-1873,TV;2204,True
D:/Data/ePillID_data/ePillID_data\classification_data\segmented_nih_pills_224/50436-1873_0_1.jpg,reference,50436-1873,TV;2204,False
D:/Data/ePillID_data/ePillID_data\classification_data\segmented_nih_pills_224/50436-3922_0_0.jpg,reference,50436-3922,LCI;1413,True
D:/Data/ePillID_data/ePillID_data\classification_data\segmented_nih_pills_224/50436-3922_0_1.jpg,reference,50436-3922,LCI;1413,False
D:/Data/ePillID_data/ePillID_data\classification_data\segmented_nih_pills_224/50436-9802_0_0.jpg,reference,50436-9802,2631;V,True
D:/Data/ePillID_data/ePillID_data\classification_data\segmented_nih_pills_224/50436-9802_0_1.jpg,reference,50436-9802,2631;V,False
D:/Data/ePillID_data/ePillID_data\classification_data\segmented_nih_pills_224/50436-9993_0_0.jpg,reference,50436-9993,FL;25,True
D:/Data/ePillID_data/ePillID_data\classification_data\segmented_nih_pills_224/50436-9993_0_1.jpg,reference,50436-9993,FL;25,False
D:/Data/ePillID_data/ePillID_data\classification_data\segmented_nih_pills_224/50458-140_0_0.jpg,reference,50458-140,CFZ;100,True
D:/Data/ePillID_data/ePillID_data\classification_data\segmented_nih_pills_224/50458-140_0_1.jpg,reference,50458-140,CFZ;100,False
D:/Data/ePillID_data/ePillID_data\classification_data\segmented_nih_pills_224/50532-115_0_0.jpg,reference,50532-115,AP;115,True
D:/Data/ePillID_data/ePillID_data\classification_data\segmented_nih_pills_224/50532-115_0_1.jpg,reference,50532-115,AP;115,False
D:/Data/ePillID_data/ePillID_data\classification_data\segmented_nih_pills_224/50844-175_0_0.jpg,reference,50844-175,44;175,True
D:/Data/ePillID_data/ePillID_data\classification_data\segmented_nih_pills_224/50844-175_0_1.jpg,reference,50844-175,44;175,False
D:/Data/ePillID_data/ePillID_data\classification_data\segmented_nih_pills_224/50844-293_0_0.jpg,reference,50844-293,A99,True
D:/Data/ePillID_data/ePillID_data\classification_data\segmented_nih_pills_224/50844-293_0_1.jpg,reference,50844-293,A99,False
D:/Data/ePillID_data/ePillID_data\classification_data\segmented_nih_pills_224/50844-411_0_0.jpg,reference,50844-411,411,True
D:/Data/ePillID_data/ePillID_data\classification_data\segmented_nih_pills_224/50844-411_0_1.jpg,reference,50844-411,411,False
D:/Data/ePillID_data/ePillID_data\classification_data\segmented_nih_pills_224/51079-147_0_0.jpg,reference,51079-147,M;37,True
D:/Data/ePillID_data/ePillID_data\classification_data\segmented_nih_pills_224/51079-147_0_1.jpg,reference,51079-147,M;37,False
D:/Data/ePillID_data/ePillID_data\classification_data\segmented_nih_pills_224/51079-466_0_0.jpg,reference,51079-466,G;DS;50,True
D:/Data/ePillID_data/ePillID_data\classification_data\segmented_nih_pills_224/51079-466_0_1.jpg,reference,51079-466,G;DS;50,False
D:/Data/ePillID_data/ePillID_data\classification_data\segmented_nih_pills_224/51079-547_0_0.jpg,reference,51079-547,M;753,True
D:/Data/ePillID_data/ePillID_data\classification_data\segmented_nih_pills_224/51079-547_0_1.jpg,reference,51079-547,M;753,False
D:/Data/ePillID_data/ePillID_data\classification_data\segmented_nih_pills_224/51079-899_0_0.jpg,reference,51079-899,M;312,True
D:/Data/ePillID_data/ePillID_data\classification_data\segmented_nih_pills_224/51079-899_0_1.jpg,reference,51079-899,M;312,False
D:/Data/ePillID_data/ePillID_data\classification_data\segmented_nih_pills_224/51079-923_0_0.jpg,reference,51079-923,MYLAN;9;4,True
D:/Data/ePillID_data/ePillID_data\classification_data\segmented_nih_pills_224/51079-923_0_1.jpg,reference,51079-923,MYLAN;9;4,False
D:/Data/ePillID_data/ePillID_data\classification_data\segmented_nih_pills_224/51525-5901_0_0.jpg,reference,51525-5901,WP;5901,True
D:/Data/ePillID_data/ePillID_data\classification_data\segmented_nih_pills_224/51525-5901_0_1.jpg,reference,51525-5901,WP;5901,False
D:/Data/ePillID_data/ePillID_data\classification_data\segmented_nih_pills_224/51655-129_0_0.jpg,reference,51655-129,A;TF,True
D:/Data/ePillID_data/ePillID_data\classification_data\segmented_nih_pills_224/51655-129_0_1.jpg,reference,51655-129,A;TF,False
D:/Data/ePillID_data/ePillID_data\classification_data\segmented_nih_pills_224/51655-641_0_0.jpg,reference,51655-641,19,True
D:/Data/ePillID_data/ePillID_data\classification_data\segmented_nih_pills_224/51655-641_0_1.jpg,reference,51655-641,19,False
D:/Data/ePillID_data/ePillID_data\classification_data\segmented_nih_pills_224/51862-558_0_0.jpg,reference,51862-558,D;D,True
D:/Data/ePillID_data/ePillID_data\classification_data\segmented_nih_pills_224/51862-558_0_1.jpg,reference,51862-558,D;D,False
D:/Data/ePillID_data/ePillID_data\classification_data\segmented_nih_pills_224/52125-816_0_0.jpg,reference,52125-816,I;2,True
D:/Data/ePillID_data/ePillID_data\classification_data\segmented_nih_pills_224/52125-816_0_1.jpg,reference,52125-816,I;2,False
D:/Data/ePillID_data/ePillID_data\classification_data\segmented_nih_pills_224/52544-629_0_0.jpg,reference,52544-629,Watson;629,True
D:/Data/ePillID_data/ePillID_data\classification_data\segmented_nih_pills_224/52544-629_0_1.jpg,reference,52544-629,Watson;629,False
D:/Data/ePillID_data/ePillID_data\classification_data\segmented_nih_pills_224/52959-398_0_0.jpg,reference,52959-398,93;756,True
D:/Data/ePillID_data/ePillID_data\classification_data\segmented_nih_pills_224/52959-398_0_1.jpg,reference,52959-398,93;756,False
D:/Data/ePillID_data/ePillID_data\classification_data\segmented_nih_pills_224/52959-919_0_0.jpg,reference,52959-919,S191,True
D:/Data/ePillID_data/ePillID_data\classification_data\segmented_nih_pills_224/52959-919_0_1.jpg,reference,52959-919,S191,False
D:/Data/ePillID_data/ePillID_data\classification_data\segmented_nih_pills_224/53489-517_0_0.jpg,reference,53489-517,MP;168;25;25;50;50,True
D:/Data/ePillID_data/ePillID_data\classification_data\segmented_nih_pills_224/53489-517_0_1.jpg,reference,53489-517,MP;168;25;25;50;50,False
D:/Data/ePillID_data/ePillID_data\classification_data\segmented_nih_pills_224/53808-0231_0_0.jpg,reference,53808-231,R128,True
D:/Data/ePillID_data/ePillID_data\classification_data\segmented_nih_pills_224/53808-0231_0_1.jpg,reference,53808-231,R128,False
D:/Data/ePillID_data/ePillID_data\classification_data\segmented_nih_pills_224/53808-0272_0_0.jpg,reference,53808-272,41,True
D:/Data/ePillID_data/ePillID_data\classification_data\segmented_nih_pills_224/53808-0272_0_1.jpg,reference,53808-272,41,False
D:/Data/ePillID_data/ePillID_data\classification_data\segmented_nih_pills_224/53808-0344_0_0.jpg,reference,53808-344,Z;67,True
D:/Data/ePillID_data/ePillID_data\classification_data\segmented_nih_pills_224/53808-0344_0_1.jpg,reference,53808-344,Z;67,False
D:/Data/ePillID_data/ePillID_data\classification_data\segmented_nih_pills_224/53808-0483_0_0.jpg,reference,53808-483,APO;MI;30,True
D:/Data/ePillID_data/ePillID_data\classification_data\segmented_nih_pills_224/53808-0483_0_1.jpg,reference,53808-483,APO;MI;30,False
D:/Data/ePillID_data/ePillID_data\classification_data\segmented_nih_pills_224/53808-0626_0_0.jpg,reference,53808-626,GG227,True
D:/Data/ePillID_data/ePillID_data\classification_data\segmented_nih_pills_224/53808-0626_0_1.jpg,reference,53808-626,GG227,False
D:/Data/ePillID_data/ePillID_data\classification_data\segmented_nih_pills_224/53808-0807_0_0.jpg,reference,53808-807,7301,True
D:/Data/ePillID_data/ePillID_data\classification_data\segmented_nih_pills_224/53808-0807_0_1.jpg,reference,53808-807,7301,False
D:/Data/ePillID_data/ePillID_data\classification_data\segmented_nih_pills_224/53808-0942_0_0.jpg,reference,53808-942,GXL;10,True
D:/Data/ePillID_data/ePillID_data\classification_data\segmented_nih_pills_224/53808-0942_0_1.jpg,reference,53808-942,GXL;10,False
D:/Data/ePillID_data/ePillID_data\classification_data\segmented_nih_pills_224/53808-1054_0_0.jpg,reference,53808-1054,M;L;6,True
D:/Data/ePillID_data/ePillID_data\classification_data\segmented_nih_pills_224/53808-1054_0_1.jpg,reference,53808-1054,M;L;6,False
D:/Data/ePillID_data/ePillID_data\classification_data\segmented_nih_pills_224/54458-916_0_0.jpg,reference,54458-916,926;93,True
D:/Data/ePillID_data/ePillID_data\classification_data\segmented_nih_pills_224/54458-916_0_1.jpg,reference,54458-916,926;93,False
D:/Data/ePillID_data/ePillID_data\classification_data\segmented_nih_pills_224/54505-332_0_0.jpg,reference,54505-332,CP;332,True
D:/Data/ePillID_data/ePillID_data\classification_data\segmented_nih_pills_224/54505-332_0_1.jpg,reference,54505-332,CP;332,False
D:/Data/ePillID_data/ePillID_data\classification_data\segmented_nih_pills_224/54868-1744_0_0.jpg,reference,54868-1744,54;943,True
D:/Data/ePillID_data/ePillID_data\classification_data\segmented_nih_pills_224/54868-1744_0_1.jpg,reference,54868-1744,54;943,False
D:/Data/ePillID_data/ePillID_data\classification_data\segmented_nih_pills_224/54868-2077_0_0.jpg,reference,54868-2077,L9CZ;5,True
D:/Data/ePillID_data/ePillID_data\classification_data\segmented_nih_pills_224/54868-2077_0_1.jpg,reference,54868-2077,L9CZ;5,False
D:/Data/ePillID_data/ePillID_data\classification_data\segmented_nih_pills_224/54868-2126_0_0.jpg,reference,54868-2126,3925;TEVA,True
D:/Data/ePillID_data/ePillID_data\classification_data\segmented_nih_pills_224/54868-2126_0_1.jpg,reference,54868-2126,3925;TEVA,False
D:/Data/ePillID_data/ePillID_data\classification_data\segmented_nih_pills_224/54868-4059_0_0.jpg,reference,54868-4059,TARO;89,True
D:/Data/ePillID_data/ePillID_data\classification_data\segmented_nih_pills_224/54868-4059_0_1.jpg,reference,54868-4059,TARO;89,False
D:/Data/ePillID_data/ePillID_data\classification_data\segmented_nih_pills_224/54868-4198_0_0.jpg,reference,54868-4198,SB;4,True
D:/Data/ePillID_data/ePillID_data\classification_data\segmented_nih_pills_224/54868-4198_0_1.jpg,reference,54868-4198,SB;4,False
D:/Data/ePillID_data/ePillID_data\classification_data\segmented_nih_pills_224/54868-4263_0_0.jpg,reference,54868-4263,Par822,True
D:/Data/ePillID_data/ePillID_data\classification_data\segmented_nih_pills_224/54868-4263_0_1.jpg,reference,54868-4263,Par822,False
D:/Data/ePillID_data/ePillID_data\classification_data\segmented_nih_pills_224/54868-4421_0_0.jpg,reference,54868-4421,39;SB,True
D:/Data/ePillID_data/ePillID_data\classification_data\segmented_nih_pills_224/54868-4421_0_1.jpg,reference,54868-4421,39;SB,False
D:/Data/ePillID_data/ePillID_data\classification_data\segmented_nih_pills_224/54868-4540_0_0.jpg,reference,54868-4540,H8,True
D:/Data/ePillID_data/ePillID_data\classification_data\segmented_nih_pills_224/54868-4540_0_1.jpg,reference,54868-4540,H8,False
D:/Data/ePillID_data/ePillID_data\classification_data\segmented_nih_pills_224/54868-4673_0_0.jpg,reference,54868-4673,LAMICTAL;25,True
D:/Data/ePillID_data/ePillID_data\classification_data\segmented_nih_pills_224/54868-4673_0_1.jpg,reference,54868-4673,LAMICTAL;25,False
D:/Data/ePillID_data/ePillID_data\classification_data\segmented_nih_pills_224/54868-5250_0_0.jpg,reference,54868-5250,311,True
D:/Data/ePillID_data/ePillID_data\classification_data\segmented_nih_pills_224/54868-5250_0_1.jpg,reference,54868-5250,311,False
D:/Data/ePillID_data/ePillID_data\classification_data\segmented_nih_pills_224/54868-5282_0_0.jpg,reference,54868-5282,P02,True
D:/Data/ePillID_data/ePillID_data\classification_data\segmented_nih_pills_224/54868-5282_0_1.jpg,reference,54868-5282,P02,False
D:/Data/ePillID_data/ePillID_data\classification_data\segmented_nih_pills_224/54868-5738_0_0.jpg,reference,54868-5738,131,True
D:/Data/ePillID_data/ePillID_data\classification_data\segmented_nih_pills_224/54868-5738_0_1.jpg,reference,54868-5738,131,False
D:/Data/ePillID_data/ePillID_data\classification_data\segmented_nih_pills_224/54868-5840_0_0.jpg,reference,54868-5840,277,True
D:/Data/ePillID_data/ePillID_data\classification_data\segmented_nih_pills_224/54868-5840_0_1.jpg,reference,54868-5840,277,False
D:/Data/ePillID_data/ePillID_data\classification_data\segmented_nih_pills_224/54868-6014_0_0.jpg,reference,54868-6014,S;711,True
D:/Data/ePillID_data/ePillID_data\classification_data\segmented_nih_pills_224/54868-6014_0_1.jpg,reference,54868-6014,S;711,False
D:/Data/ePillID_data/ePillID_data\classification_data\segmented_nih_pills_224/54868-6129_0_0.jpg,reference,54868-6129,G;13;9,True
D:/Data/ePillID_data/ePillID_data\classification_data\segmented_nih_pills_224/54868-6129_0_1.jpg,reference,54868-6129,G;13;9,False
D:/Data/ePillID_data/ePillID_data\classification_data\segmented_nih_pills_224/54868-6165_0_0.jpg,reference,54868-6165,E;5,True
D:/Data/ePillID_data/ePillID_data\classification_data\segmented_nih_pills_224/54868-6165_0_1.jpg,reference,54868-6165,E;5,False
D:/Data/ePillID_data/ePillID_data\classification_data\segmented_nih_pills_224/55111-322_0_0.jpg,reference,55111-322,RDY;322,True
D:/Data/ePillID_data/ePillID_data\classification_data\segmented_nih_pills_224/55111-322_0_1.jpg,reference,55111-322,RDY;322,False
D:/Data/ePillID_data/ePillID_data\classification_data\segmented_nih_pills_224/55111-586_0_0.jpg,reference,55111-586,RDY;586,True
D:/Data/ePillID_data/ePillID_data\classification_data\segmented_nih_pills_224/55111-586_0_1.jpg,reference,55111-586,RDY;586,False
D:/Data/ePillID_data/ePillID_data\classification_data\segmented_nih_pills_224/55111-625_0_0.jpg,reference,55111-625,R;625,True
D:/Data/ePillID_data/ePillID_data\classification_data\segmented_nih_pills_224/55111-625_0_1.jpg,reference,55111-625,R;625,False
D:/Data/ePillID_data/ePillID_data\classification_data\segmented_nih_pills_224/55111-639_0_0.jpg,reference,55111-639,I;73,True
D:/Data/ePillID_data/ePillID_data\classification_data\segmented_nih_pills_224/55111-639_0_1.jpg,reference,55111-639,I;73,False
D:/Data/ePillID_data/ePillID_data\classification_data\segmented_nih_pills_224/55154-0219_0_0.jpg,reference,55154-219,PREMARIN;09,True
D:/Data/ePillID_data/ePillID_data\classification_data\segmented_nih_pills_224/55154-0219_0_1.jpg,reference,55154-219,PREMARIN;09,False
D:/Data/ePillID_data/ePillID_data\classification_data\segmented_nih_pills_224/55154-1422_0_0.jpg,reference,55154-1422,10;Xa,True
D:/Data/ePillID_data/ePillID_data\classification_data\segmented_nih_pills_224/55154-1422_0_1.jpg,reference,55154-1422,10;Xa,False
D:/Data/ePillID_data/ePillID_data\classification_data\segmented_nih_pills_224/55154-4233_0_0.jpg,reference,55154-4233,P;40,True
D:/Data/ePillID_data/ePillID_data\classification_data\segmented_nih_pills_224/55154-4233_0_1.jpg,reference,55154-4233,P;40,False
D:/Data/ePillID_data/ePillID_data\classification_data\segmented_nih_pills_224/55154-6157_0_0.jpg,reference,55154-6157,I;3759,True
D:/Data/ePillID_data/ePillID_data\classification_data\segmented_nih_pills_224/55154-6157_0_1.jpg,reference,55154-6157,I;3759,False
D:/Data/ePillID_data/ePillID_data\classification_data\segmented_nih_pills_224/55154-6349_0_0.jpg,reference,55154-6349,100;mg,True
D:/Data/ePillID_data/ePillID_data\classification_data\segmented_nih_pills_224/55154-6349_0_1.jpg,reference,55154-6349,100;mg,False
D:/Data/ePillID_data/ePillID_data\classification_data\segmented_nih_pills_224/55154-7777_0_0.jpg,reference,55154-7777,Mucinex;600,True
D:/Data/ePillID_data/ePillID_data\classification_data\segmented_nih_pills_224/55154-7777_0_1.jpg,reference,55154-7777,Mucinex;600,False
D:/Data/ePillID_data/ePillID_data\classification_data\segmented_nih_pills_224/55154-9728_0_0.jpg,reference,55154-9728,RENVELA;800,True
D:/Data/ePillID_data/ePillID_data\classification_data\segmented_nih_pills_224/55154-9728_0_1.jpg,reference,55154-9728,RENVELA;800,False
D:/Data/ePillID_data/ePillID_data\classification_data\segmented_nih_pills_224/55289-132_0_0.jpg,reference,55289-132,4,True
D:/Data/ePillID_data/ePillID_data\classification_data\segmented_nih_pills_224/55289-132_0_1.jpg,reference,55289-132,4,False
D:/Data/ePillID_data/ePillID_data\classification_data\segmented_nih_pills_224/55289-453_0_0.jpg,reference,55289-453,DAYPRO;1381,True
D:/Data/ePillID_data/ePillID_data\classification_data\segmented_nih_pills_224/55289-453_0_1.jpg,reference,55289-453,DAYPRO;1381,False
D:/Data/ePillID_data/ePillID_data\classification_data\segmented_nih_pills_224/55289-781_0_0.jpg,reference,55289-781,GG977,True
D:/Data/ePillID_data/ePillID_data\classification_data\segmented_nih_pills_224/55289-781_0_1.jpg,reference,55289-781,GG977,False
D:/Data/ePillID_data/ePillID_data\classification_data\segmented_nih_pills_224/55289-959_0_0.jpg,reference,55289-959,G;31,True
D:/Data/ePillID_data/ePillID_data\classification_data\segmented_nih_pills_224/55289-959_0_1.jpg,reference,55289-959,G;31,False
D:/Data/ePillID_data/ePillID_data\classification_data\segmented_nih_pills_224/55695-019_0_0.jpg,reference,55695-19,MSD;32,True
D:/Data/ePillID_data/ePillID_data\classification_data\segmented_nih_pills_224/55695-019_0_1.jpg,reference,55695-19,MSD;32,False
D:/Data/ePillID_data/ePillID_data\classification_data\segmented_nih_pills_224/55700-208_0_0.jpg,reference,55700-208,TL173,True
D:/Data/ePillID_data/ePillID_data\classification_data\segmented_nih_pills_224/55700-208_0_1.jpg,reference,55700-208,TL173,False
D:/Data/ePillID_data/ePillID_data\classification_data\segmented_nih_pills_224/55700-307_0_0.jpg,reference,55700-307,GG165,True
D:/Data/ePillID_data/ePillID_data\classification_data\segmented_nih_pills_224/55700-307_0_1.jpg,reference,55700-307,GG165,False
D:/Data/ePillID_data/ePillID_data\classification_data\segmented_nih_pills_224/57664-397_0_0.jpg,reference,57664-397,397,True
D:/Data/ePillID_data/ePillID_data\classification_data\segmented_nih_pills_224/57664-397_0_1.jpg,reference,57664-397,397,False
D:/Data/ePillID_data/ePillID_data\classification_data\segmented_nih_pills_224/57664-648_0_0.jpg,reference,57664-648,MP;30,True
D:/Data/ePillID_data/ePillID_data\classification_data\segmented_nih_pills_224/57664-648_0_1.jpg,reference,57664-648,MP;30,False
D:/Data/ePillID_data/ePillID_data\classification_data\segmented_nih_pills_224/57844-208_0_0.jpg,reference,57844-208,93;208;93;208,True
D:/Data/ePillID_data/ePillID_data\classification_data\segmented_nih_pills_224/57844-208_0_1.jpg,reference,57844-208,93;208;93;208,False
D:/Data/ePillID_data/ePillID_data\classification_data\segmented_nih_pills_224/58118-0032_0_0.jpg,reference,58118-32,9;3;7382,True
D:/Data/ePillID_data/ePillID_data\classification_data\segmented_nih_pills_224/58118-0032_0_1.jpg,reference,58118-32,9;3;7382,False
D:/Data/ePillID_data/ePillID_data\classification_data\segmented_nih_pills_224/58118-0062_0_0.jpg,reference,58118-62,832;BC20,True
D:/Data/ePillID_data/ePillID_data\classification_data\segmented_nih_pills_224/58118-0062_0_1.jpg,reference,58118-62,832;BC20,False
D:/Data/ePillID_data/ePillID_data\classification_data\segmented_nih_pills_224/58118-0085_0_0.jpg,reference,58118-85,257,True
D:/Data/ePillID_data/ePillID_data\classification_data\segmented_nih_pills_224/58118-0085_0_1.jpg,reference,58118-85,257,False
D:/Data/ePillID_data/ePillID_data\classification_data\segmented_nih_pills_224/59746-385_0_0.jpg,reference,59746-385,TL385,True
D:/Data/ePillID_data/ePillID_data\classification_data\segmented_nih_pills_224/59746-385_0_1.jpg,reference,59746-385,TL385,False
D:/Data/ePillID_data/ePillID_data\classification_data\segmented_nih_pills_224/59762-6002_0_0.jpg,reference,59762-6002,G;5002,True
D:/Data/ePillID_data/ePillID_data\classification_data\segmented_nih_pills_224/59762-6002_0_1.jpg,reference,59762-6002,G;5002,False
D:/Data/ePillID_data/ePillID_data\classification_data\segmented_nih_pills_224/60429-293_0_0.jpg,reference,60429-293,M;B3;5;5;5,True
D:/Data/ePillID_data/ePillID_data\classification_data\segmented_nih_pills_224/60429-293_0_1.jpg,reference,60429-293,M;B3;5;5;5,False
D:/Data/ePillID_data/ePillID_data\classification_data\segmented_nih_pills_224/60505-0094_0_0.jpg,reference,60505-94,APO;094,True
D:/Data/ePillID_data/ePillID_data\classification_data\segmented_nih_pills_224/60505-0094_0_1.jpg,reference,60505-94,APO;094,False
D:/Data/ePillID_data/ePillID_data\classification_data\segmented_nih_pills_224/60505-0102_0_0.jpg,reference,60505-102,APO;102;500,True
D:/Data/ePillID_data/ePillID_data\classification_data\segmented_nih_pills_224/60505-0102_0_1.jpg,reference,60505-102,APO;102;500,False
D:/Data/ePillID_data/ePillID_data\classification_data\segmented_nih_pills_224/60505-0145_0_0.jpg,reference,60505-145,APO;010,True
D:/Data/ePillID_data/ePillID_data\classification_data\segmented_nih_pills_224/60505-0145_0_1.jpg,reference,60505-145,APO;010,False
D:/Data/ePillID_data/ePillID_data\classification_data\segmented_nih_pills_224/60505-3140_0_0.jpg,reference,60505-3140,APO;OLA;20,True
D:/Data/ePillID_data/ePillID_data\classification_data\segmented_nih_pills_224/60505-3140_0_1.jpg,reference,60505-3140,APO;OLA;20,False
D:/Data/ePillID_data/ePillID_data\classification_data\segmented_nih_pills_224/60505-3145_0_0.jpg,reference,60505-3145,APO;C30,True
D:/Data/ePillID_data/ePillID_data\classification_data\segmented_nih_pills_224/60505-3145_0_1.jpg,reference,60505-3145,APO;C30,False
D:/Data/ePillID_data/ePillID_data\classification_data\segmented_nih_pills_224/60760-271_0_0.jpg,reference,60760-271,717,True
D:/Data/ePillID_data/ePillID_data\classification_data\segmented_nih_pills_224/60760-271_0_1.jpg,reference,60760-271,717,False
D:/Data/ePillID_data/ePillID_data\classification_data\segmented_nih_pills_224/60846-803_0_0.jpg,reference,60846-803,JSP;515,True
D:/Data/ePillID_data/ePillID_data\classification_data\segmented_nih_pills_224/60846-803_0_1.jpg,reference,60846-803,JSP;515,False
D:/Data/ePillID_data/ePillID_data\classification_data\segmented_nih_pills_224/61442-143_0_0.jpg,reference,61442-143,CTI;143,True
D:/Data/ePillID_data/ePillID_data\classification_data\segmented_nih_pills_224/61442-143_0_1.jpg,reference,61442-143,CTI;143,False
D:/Data/ePillID_data/ePillID_data\classification_data\segmented_nih_pills_224/61442-172_0_0.jpg,reference,61442-172,KRC500,True
D:/Data/ePillID_data/ePillID_data\classification_data\segmented_nih_pills_224/61442-172_0_1.jpg,reference,61442-172,KRC500,False
D:/Data/ePillID_data/ePillID_data\classification_data\segmented_nih_pills_224/61442-323_0_0.jpg,reference,61442-323,YS;03,True
D:/Data/ePillID_data/ePillID_data\classification_data\segmented_nih_pills_224/61442-323_0_1.jpg,reference,61442-323,YS;03,False
D:/Data/ePillID_data/ePillID_data\classification_data\segmented_nih_pills_224/61786-263_0_0.jpg,reference,61786-263,RX696,True
D:/Data/ePillID_data/ePillID_data\classification_data\segmented_nih_pills_224/61786-263_0_1.jpg,reference,61786-263,RX696,False
D:/Data/ePillID_data/ePillID_data\classification_data\segmented_nih_pills_224/61786-490_0_0.jpg,reference,61786-490,U;136,True
D:/Data/ePillID_data/ePillID_data\classification_data\segmented_nih_pills_224/61786-490_0_1.jpg,reference,61786-490,U;136,False
D:/Data/ePillID_data/ePillID_data\classification_data\segmented_nih_pills_224/61786-514_0_0.jpg,reference,61786-514,54;377,True
D:/Data/ePillID_data/ePillID_data\classification_data\segmented_nih_pills_224/61786-514_0_1.jpg,reference,61786-514,54;377,False
D:/Data/ePillID_data/ePillID_data\classification_data\segmented_nih_pills_224/61786-524_0_0.jpg,reference,61786-524,54;137,True
D:/Data/ePillID_data/ePillID_data\classification_data\segmented_nih_pills_224/61786-524_0_1.jpg,reference,61786-524,54;137,False
D:/Data/ePillID_data/ePillID_data\classification_data\segmented_nih_pills_224/61786-549_0_0.jpg,reference,61786-549,M;3,True
D:/Data/ePillID_data/ePillID_data\classification_data\segmented_nih_pills_224/61786-549_0_1.jpg,reference,61786-549,M;3,False
D:/Data/ePillID_data/ePillID_data\classification_data\segmented_nih_pills_224/61786-570_0_0.jpg,reference,61786-570,3;WARFARIN;TARO,True
D:/Data/ePillID_data/ePillID_data\classification_data\segmented_nih_pills_224/61786-570_0_1.jpg,reference,61786-570,3;WARFARIN;TARO,False
D:/Data/ePillID_data/ePillID_data\classification_data\segmented_nih_pills_224/61786-600_0_0.jpg,reference,61786-600,EP;127,True
D:/Data/ePillID_data/ePillID_data\classification_data\segmented_nih_pills_224/61786-600_0_1.jpg,reference,61786-600,EP;127,False
D:/Data/ePillID_data/ePillID_data\classification_data\segmented_nih_pills_224/61786-629_0_0.jpg,reference,61786-629,H;1,True
D:/Data/ePillID_data/ePillID_data\classification_data\segmented_nih_pills_224/61786-629_0_1.jpg,reference,61786-629,H;1,False
D:/Data/ePillID_data/ePillID_data\classification_data\segmented_nih_pills_224/61786-843_0_0.jpg,reference,61786-843,227,True
D:/Data/ePillID_data/ePillID_data\classification_data\segmented_nih_pills_224/61786-843_0_1.jpg,reference,61786-843,227,False
D:/Data/ePillID_data/ePillID_data\classification_data\segmented_nih_pills_224/61786-860_0_0.jpg,reference,61786-860,FL;20;G,True
D:/Data/ePillID_data/ePillID_data\classification_data\segmented_nih_pills_224/61786-860_0_1.jpg,reference,61786-860,FL;20;G,False
D:/Data/ePillID_data/ePillID_data\classification_data\segmented_nih_pills_224/61786-872_0_0.jpg,reference,61786-872,TARO;NTP75,True
D:/Data/ePillID_data/ePillID_data\classification_data\segmented_nih_pills_224/61786-872_0_1.jpg,reference,61786-872,TARO;NTP75,False
D:/Data/ePillID_data/ePillID_data\classification_data\segmented_nih_pills_224/61919-238_0_0.jpg,reference,61919-238,TEVA;50mg;0812,True
D:/Data/ePillID_data/ePillID_data\classification_data\segmented_nih_pills_224/61919-238_0_1.jpg,reference,61919-238,TEVA;50mg;0812,False
D:/Data/ePillID_data/ePillID_data\classification_data\segmented_nih_pills_224/61919-530_0_0.jpg,reference,61919-530,J;50,True
D:/Data/ePillID_data/ePillID_data\classification_data\segmented_nih_pills_224/61919-530_0_1.jpg,reference,61919-530,J;50,False
D:/Data/ePillID_data/ePillID_data\classification_data\segmented_nih_pills_224/61919-657_0_0.jpg,reference,61919-657,H;P;248,True
D:/Data/ePillID_data/ePillID_data\classification_data\segmented_nih_pills_224/61919-657_0_1.jpg,reference,61919-657,H;P;248,False
D:/Data/ePillID_data/ePillID_data\classification_data\segmented_nih_pills_224/62175-107_0_0.jpg,reference,62175-107,20;KU;107,True
D:/Data/ePillID_data/ePillID_data\classification_data\segmented_nih_pills_224/62175-107_0_1.jpg,reference,62175-107,20;KU;107,False
D:/Data/ePillID_data/ePillID_data\classification_data\segmented_nih_pills_224/62175-129_0_0.jpg,reference,62175-129,KU;129,True
D:/Data/ePillID_data/ePillID_data\classification_data\segmented_nih_pills_224/62175-129_0_1.jpg,reference,62175-129,KU;129,False
D:/Data/ePillID_data/ePillID_data\classification_data\segmented_nih_pills_224/62756-143_0_0.jpg,reference,62756-143,143,True
D:/Data/ePillID_data/ePillID_data\classification_data\segmented_nih_pills_224/62756-143_0_1.jpg,reference,62756-143,143,False
D:/Data/ePillID_data/ePillID_data\classification_data\segmented_nih_pills_224/63187-554_0_0.jpg,reference,63187-554,APO;MI;30,True
D:/Data/ePillID_data/ePillID_data\classification_data\segmented_nih_pills_224/63187-554_0_1.jpg,reference,63187-554,APO;MI;30,False
D:/Data/ePillID_data/ePillID_data\classification_data\segmented_nih_pills_224/63187-630_0_0.jpg,reference,63187-630,TEVA;7465,True
D:/Data/ePillID_data/ePillID_data\classification_data\segmented_nih_pills_224/63187-630_0_1.jpg,reference,63187-630,TEVA;7465,False
D:/Data/ePillID_data/ePillID_data\classification_data\segmented_nih_pills_224/63187-642_0_0.jpg,reference,63187-642,RI2,True
D:/Data/ePillID_data/ePillID_data\classification_data\segmented_nih_pills_224/63187-642_0_1.jpg,reference,63187-642,RI2,False
D:/Data/ePillID_data/ePillID_data\classification_data\segmented_nih_pills_224/63304-240_0_0.jpg,reference,63304-240,R50,True
D:/Data/ePillID_data/ePillID_data\classification_data\segmented_nih_pills_224/63304-240_0_1.jpg,reference,63304-240,R50,False
D:/Data/ePillID_data/ePillID_data\classification_data\segmented_nih_pills_224/63304-479_0_0.jpg,reference,63304-479,EVOXAC;30mg,True
D:/Data/ePillID_data/ePillID_data\classification_data\segmented_nih_pills_224/63304-479_0_1.jpg,reference,63304-479,EVOXAC;30mg,False
D:/Data/ePillID_data/ePillID_data\classification_data\segmented_nih_pills_224/63629-1342_0_0.jpg,reference,63629-1342,TCL;131,True
D:/Data/ePillID_data/ePillID_data\classification_data\segmented_nih_pills_224/63629-1342_0_1.jpg,reference,63629-1342,TCL;131,False
D:/Data/ePillID_data/ePillID_data\classification_data\segmented_nih_pills_224/63629-1513_0_0.jpg,reference,63629-1513,61;60;V,True
D:/Data/ePillID_data/ePillID_data\classification_data\segmented_nih_pills_224/63629-1513_0_1.jpg,reference,63629-1513,61;60;V,False
D:/Data/ePillID_data/ePillID_data\classification_data\segmented_nih_pills_224/63629-2548_0_0.jpg,reference,63629-2548,5;WARFARIN;TARO,True
D:/Data/ePillID_data/ePillID_data\classification_data\segmented_nih_pills_224/63629-2548_0_1.jpg,reference,63629-2548,5;WARFARIN;TARO,False
D:/Data/ePillID_data/ePillID_data\classification_data\segmented_nih_pills_224/63629-3309_0_0.jpg,reference,63629-3309,I;G;213,True
D:/Data/ePillID_data/ePillID_data\classification_data\segmented_nih_pills_224/63629-3309_0_1.jpg,reference,63629-3309,I;G;213,False
D:/Data/ePillID_data/ePillID_data\classification_data\segmented_nih_pills_224/63629-3610_0_0.jpg,reference,63629-3610,VALTREX;500;mg,True
D:/Data/ePillID_data/ePillID_data\classification_data\segmented_nih_pills_224/63629-3610_0_1.jpg,reference,63629-3610,VALTREX;500;mg,False
D:/Data/ePillID_data/ePillID_data\classification_data\segmented_nih_pills_224/63629-3768_0_0.jpg,reference,63629-3768,1;0;dp,True
D:/Data/ePillID_data/ePillID_data\classification_data\segmented_nih_pills_224/63629-3768_0_1.jpg,reference,63629-3768,1;0;dp,False
D:/Data/ePillID_data/ePillID_data\classification_data\segmented_nih_pills_224/63629-3786_0_0.jpg,reference,63629-3786,S191,True
D:/Data/ePillID_data/ePillID_data\classification_data\segmented_nih_pills_224/63629-3786_0_1.jpg,reference,63629-3786,S191,False
D:/Data/ePillID_data/ePillID_data\classification_data\segmented_nih_pills_224/63629-4034_0_0.jpg,reference,63629-4034,N8,True
D:/Data/ePillID_data/ePillID_data\classification_data\segmented_nih_pills_224/63629-4034_0_1.jpg,reference,63629-4034,N8,False
D:/Data/ePillID_data/ePillID_data\classification_data\segmented_nih_pills_224/63629-4358_0_0.jpg,reference,63629-4358,Omepraole;20mg;R158,True
D:/Data/ePillID_data/ePillID_data\classification_data\segmented_nih_pills_224/63629-4358_0_1.jpg,reference,63629-4358,Omepraole;20mg;R158,False
D:/Data/ePillID_data/ePillID_data\classification_data\segmented_nih_pills_224/63629-5034_0_0.jpg,reference,63629-5034,P;3,True
D:/Data/ePillID_data/ePillID_data\classification_data\segmented_nih_pills_224/63629-5034_0_1.jpg,reference,63629-5034,P;3,False
D:/Data/ePillID_data/ePillID_data\classification_data\segmented_nih_pills_224/63629-5223_0_0.jpg,reference,63629-5223,AN;522,True
D:/Data/ePillID_data/ePillID_data\classification_data\segmented_nih_pills_224/63629-5223_0_1.jpg,reference,63629-5223,AN;522,False
D:/Data/ePillID_data/ePillID_data\classification_data\segmented_nih_pills_224/63629-5268_0_0.jpg,reference,63629-5268,WATSON;606,True
D:/Data/ePillID_data/ePillID_data\classification_data\segmented_nih_pills_224/63629-5268_0_1.jpg,reference,63629-5268,WATSON;606,False
D:/Data/ePillID_data/ePillID_data\classification_data\segmented_nih_pills_224/63739-165_0_0.jpg,reference,63739-165,Par;290,True
D:/Data/ePillID_data/ePillID_data\classification_data\segmented_nih_pills_224/63739-165_0_1.jpg,reference,63739-165,Par;290,False
D:/Data/ePillID_data/ePillID_data\classification_data\segmented_nih_pills_224/63739-571_0_0.jpg,reference,63739-571,A;01,True
D:/Data/ePillID_data/ePillID_data\classification_data\segmented_nih_pills_224/63739-571_0_1.jpg,reference,63739-571,A;01,False
D:/Data/ePillID_data/ePillID_data\classification_data\segmented_nih_pills_224/63739-675_0_0.jpg,reference,63739-675,IP101,True
D:/Data/ePillID_data/ePillID_data\classification_data\segmented_nih_pills_224/63739-675_0_1.jpg,reference,63739-675,IP101,False
D:/Data/ePillID_data/ePillID_data\classification_data\segmented_nih_pills_224/64376-131_0_0.jpg,reference,64376-131,500;0140,True
D:/Data/ePillID_data/ePillID_data\classification_data\segmented_nih_pills_224/64376-131_0_1.jpg,reference,64376-131,500;0140,False
D:/Data/ePillID_data/ePillID_data\classification_data\segmented_nih_pills_224/64380-742_0_0.jpg,reference,64380-742,10,True
D:/Data/ePillID_data/ePillID_data\classification_data\segmented_nih_pills_224/64380-742_0_1.jpg,reference,64380-742,10,False
D:/Data/ePillID_data/ePillID_data\classification_data\segmented_nih_pills_224/64679-928_0_0.jpg,reference,64679-928,W;928,True
D:/Data/ePillID_data/ePillID_data\classification_data\segmented_nih_pills_224/64679-928_0_1.jpg,reference,64679-928,W;928,False
D:/Data/ePillID_data/ePillID_data\classification_data\segmented_nih_pills_224/64679-954_0_0.jpg,reference,64679-954,W954,True
D:/Data/ePillID_data/ePillID_data\classification_data\segmented_nih_pills_224/64679-954_0_1.jpg,reference,64679-954,W954,False
D:/Data/ePillID_data/ePillID_data\classification_data\segmented_nih_pills_224/64725-5375_0_0.jpg,reference,64725-5375,MYLAN;5375,True
D:/Data/ePillID_data/ePillID_data\classification_data\segmented_nih_pills_224/64725-5375_0_1.jpg,reference,64725-5375,MYLAN;5375,False
D:/Data/ePillID_data/ePillID_data\classification_data\segmented_nih_pills_224/64980-133_0_0.jpg,reference,64980-133,SL;81,True
D:/Data/ePillID_data/ePillID_data\classification_data\segmented_nih_pills_224/64980-133_0_1.jpg,reference,64980-133,SL;81,False
D:/Data/ePillID_data/ePillID_data\classification_data\segmented_nih_pills_224/64980-186_0_0.jpg,reference,64980-186,12,True
D:/Data/ePillID_data/ePillID_data\classification_data\segmented_nih_pills_224/64980-186_0_1.jpg,reference,64980-186,12,False
D:/Data/ePillID_data/ePillID_data\classification_data\segmented_nih_pills_224/65084-123_0_0.jpg,reference,65084-123,D;Donnatal,True
D:/Data/ePillID_data/ePillID_data\classification_data\segmented_nih_pills_224/65084-123_0_1.jpg,reference,65084-123,D;Donnatal,False
D:/Data/ePillID_data/ePillID_data\classification_data\segmented_nih_pills_224/65162-537_0_0.jpg,reference,65162-537,A2,True
D:/Data/ePillID_data/ePillID_data\classification_data\segmented_nih_pills_224/65162-537_0_1.jpg,reference,65162-537,A2,False
D:/Data/ePillID_data/ePillID_data\classification_data\segmented_nih_pills_224/65162-769_0_0.jpg,reference,65162-769,769;10;AN,True
D:/Data/ePillID_data/ePillID_data\classification_data\segmented_nih_pills_224/65162-769_0_1.jpg,reference,65162-769,769;10;AN,False
D:/Data/ePillID_data/ePillID_data\classification_data\segmented_nih_pills_224/65597-116_0_0.jpg,reference,65597-116,C54,True
D:/Data/ePillID_data/ePillID_data\classification_data\segmented_nih_pills_224/65597-116_0_1.jpg,reference,65597-116,C54,False
D:/Data/ePillID_data/ePillID_data\classification_data\segmented_nih_pills_224/65862-133_0_0.jpg,reference,65862-133,D;27,True
D:/Data/ePillID_data/ePillID_data\classification_data\segmented_nih_pills_224/65862-133_0_1.jpg,reference,65862-133,D;27,False
D:/Data/ePillID_data/ePillID_data\classification_data\segmented_nih_pills_224/65862-143_0_0.jpg,reference,65862-143,E;02,True
D:/Data/ePillID_data/ePillID_data\classification_data\segmented_nih_pills_224/65862-143_0_1.jpg,reference,65862-143,E;02,False
D:/Data/ePillID_data/ePillID_data\classification_data\segmented_nih_pills_224/65862-210_0_0.jpg,reference,65862-210,C;77,True
D:/Data/ePillID_data/ePillID_data\classification_data\segmented_nih_pills_224/65862-210_0_1.jpg,reference,65862-210,C;77,False
D:/Data/ePillID_data/ePillID_data\classification_data\segmented_nih_pills_224/65862-586_0_0.jpg,reference,65862-586,J;02,True
D:/Data/ePillID_data/ePillID_data\classification_data\segmented_nih_pills_224/65862-586_0_1.jpg,reference,65862-586,J;02,False
D:/Data/ePillID_data/ePillID_data\classification_data\segmented_nih_pills_224/65862-663_0_0.jpg,reference,65862-663,63;H,True
D:/Data/ePillID_data/ePillID_data\classification_data\segmented_nih_pills_224/65862-663_0_1.jpg,reference,65862-663,63;H,False
D:/Data/ePillID_data/ePillID_data\classification_data\segmented_nih_pills_224/66116-417_0_0.jpg,reference,66116-417,S;521,True
D:/Data/ePillID_data/ePillID_data\classification_data\segmented_nih_pills_224/66116-417_0_1.jpg,reference,66116-417,S;521,False
D:/Data/ePillID_data/ePillID_data\classification_data\segmented_nih_pills_224/66869-104_0_0.jpg,reference,66869-104,1;KC,True
D:/Data/ePillID_data/ePillID_data\classification_data\segmented_nih_pills_224/66869-104_0_1.jpg,reference,66869-104,1;KC,False
D:/Data/ePillID_data/ePillID_data\classification_data\segmented_nih_pills_224/66869-204_0_0.jpg,reference,66869-204,2;KC,True
D:/Data/ePillID_data/ePillID_data\classification_data\segmented_nih_pills_224/66869-204_0_1.jpg,reference,66869-204,2;KC,False
D:/Data/ePillID_data/ePillID_data\classification_data\segmented_nih_pills_224/66869-404_0_0.jpg,reference,66869-404,4;KC,True
D:/Data/ePillID_data/ePillID_data\classification_data\segmented_nih_pills_224/66869-404_0_1.jpg,reference,66869-404,4;KC,False
D:/Data/ePillID_data/ePillID_data\classification_data\segmented_nih_pills_224/66993-057_0_0.jpg,reference,66993-57,PLAQUENIL,True
D:/Data/ePillID_data/ePillID_data\classification_data\segmented_nih_pills_224/66993-057_0_1.jpg,reference,66993-57,PLAQUENIL,False
D:/Data/ePillID_data/ePillID_data\classification_data\segmented_nih_pills_224/67046-589_0_0.jpg,reference,67046-589,Andrexlogo;560,True
D:/Data/ePillID_data/ePillID_data\classification_data\segmented_nih_pills_224/67046-589_0_1.jpg,reference,67046-589,Andrexlogo;560,False
D:/Data/ePillID_data/ePillID_data\classification_data\segmented_nih_pills_224/67046-640_0_0.jpg,reference,67046-640,93;221,True
D:/Data/ePillID_data/ePillID_data\classification_data\segmented_nih_pills_224/67046-640_0_1.jpg,reference,67046-640,93;221,False
D:/Data/ePillID_data/ePillID_data\classification_data\segmented_nih_pills_224/67046-805_0_0.jpg,reference,67046-805,PA2120,True
D:/Data/ePillID_data/ePillID_data\classification_data\segmented_nih_pills_224/67046-805_0_1.jpg,reference,67046-805,PA2120,False
D:/Data/ePillID_data/ePillID_data\classification_data\segmented_nih_pills_224/67296-0140_0_0.jpg,reference,67296-140,DAN;DAN;5442,True
D:/Data/ePillID_data/ePillID_data\classification_data\segmented_nih_pills_224/67296-0140_0_1.jpg,reference,67296-140,DAN;DAN;5442,False
D:/Data/ePillID_data/ePillID_data\classification_data\segmented_nih_pills_224/67296-0505_0_0.jpg,reference,67296-505,M;15,True
D:/Data/ePillID_data/ePillID_data\classification_data\segmented_nih_pills_224/67296-0505_0_1.jpg,reference,67296-505,M;15,False
D:/Data/ePillID_data/ePillID_data\classification_data\segmented_nih_pills_224/67296-0543_0_0.jpg,reference,67296-543,TEVA;5312,True
D:/Data/ePillID_data/ePillID_data\classification_data\segmented_nih_pills_224/67296-0543_0_1.jpg,reference,67296-543,TEVA;5312,False
D:/Data/ePillID_data/ePillID_data\classification_data\segmented_nih_pills_224/67296-0683_0_0.jpg,reference,67296-683,A;05,True
D:/Data/ePillID_data/ePillID_data\classification_data\segmented_nih_pills_224/67296-0683_0_1.jpg,reference,67296-683,A;05,False
D:/Data/ePillID_data/ePillID_data\classification_data\segmented_nih_pills_224/68012-002_0_0.jpg,reference,68012-2,GMZ;500,True
D:/Data/ePillID_data/ePillID_data\classification_data\segmented_nih_pills_224/68012-002_0_1.jpg,reference,68012-2,GMZ;500,False
D:/Data/ePillID_data/ePillID_data\classification_data\segmented_nih_pills_224/68012-495_0_0.jpg,reference,68012-495,FHI,True
D:/Data/ePillID_data/ePillID_data\classification_data\segmented_nih_pills_224/68012-495_0_1.jpg,reference,68012-495,FHI,False
D:/Data/ePillID_data/ePillID_data\classification_data\segmented_nih_pills_224/68084-128_0_0.jpg,reference,68084-128,Omepraole;20mg;R158,True
D:/Data/ePillID_data/ePillID_data\classification_data\segmented_nih_pills_224/68084-128_0_1.jpg,reference,68084-128,Omepraole;20mg;R158,False
D:/Data/ePillID_data/ePillID_data\classification_data\segmented_nih_pills_224/68084-217_0_0.jpg,reference,68084-217,159;H,True
D:/Data/ePillID_data/ePillID_data\classification_data\segmented_nih_pills_224/68084-217_0_1.jpg,reference,68084-217,159;H,False
D:/Data/ePillID_data/ePillID_data\classification_data\segmented_nih_pills_224/68084-229_0_0.jpg,reference,68084-229,ZC;59,True
D:/Data/ePillID_data/ePillID_data\classification_data\segmented_nih_pills_224/68084-229_0_1.jpg,reference,68084-229,ZC;59,False
D:/Data/ePillID_data/ePillID_data\classification_data\segmented_nih_pills_224/68084-295_0_0.jpg,reference,68084-295,WPI;900,True
D:/Data/ePillID_data/ePillID_data\classification_data\segmented_nih_pills_224/68084-295_0_1.jpg,reference,68084-295,WPI;900,False
D:/Data/ePillID_data/ePillID_data\classification_data\segmented_nih_pills_224/68084-499_0_0.jpg,reference,68084-499,K;400,True
D:/Data/ePillID_data/ePillID_data\classification_data\segmented_nih_pills_224/68084-499_0_1.jpg,reference,68084-499,K;400,False
D:/Data/ePillID_data/ePillID_data\classification_data\segmented_nih_pills_224/68084-531_0_0.jpg,reference,68084-531,R;2,True
D:/Data/ePillID_data/ePillID_data\classification_data\segmented_nih_pills_224/68084-531_0_1.jpg,reference,68084-531,R;2,False
D:/Data/ePillID_data/ePillID_data\classification_data\segmented_nih_pills_224/68084-758_0_0.jpg,reference,68084-758,161;H,True
D:/Data/ePillID_data/ePillID_data\classification_data\segmented_nih_pills_224/68084-758_0_1.jpg,reference,68084-758,161;H,False
D:/Data/ePillID_data/ePillID_data\classification_data\segmented_nih_pills_224/68084-820_0_0.jpg,reference,68084-820,G;2011,True
D:/Data/ePillID_data/ePillID_data\classification_data\segmented_nih_pills_224/68084-820_0_1.jpg,reference,68084-820,G;2011,False
D:/Data/ePillID_data/ePillID_data\classification_data\segmented_nih_pills_224/68151-1923_0_0.jpg,reference,68151-1923,AN;512,True
D:/Data/ePillID_data/ePillID_data\classification_data\segmented_nih_pills_224/68151-1923_0_1.jpg,reference,68151-1923,AN;512,False
D:/Data/ePillID_data/ePillID_data\classification_data\segmented_nih_pills_224/68151-4717_0_0.jpg,reference,68151-4717,FO,True
D:/Data/ePillID_data/ePillID_data\classification_data\segmented_nih_pills_224/68151-4717_0_1.jpg,reference,68151-4717,FO,False
D:/Data/ePillID_data/ePillID_data\classification_data\segmented_nih_pills_224/68180-352_0_0.jpg,reference,68180-352,L;U;D02,True
D:/Data/ePillID_data/ePillID_data\classification_data\segmented_nih_pills_224/68180-352_0_1.jpg,reference,68180-352,L;U;D02,False
D:/Data/ePillID_data/ePillID_data\classification_data\segmented_nih_pills_224/68180-482_0_0.jpg,reference,68180-482,LL;C01,True
D:/Data/ePillID_data/ePillID_data\classification_data\segmented_nih_pills_224/68180-482_0_1.jpg,reference,68180-482,LL;C01,False
D:/Data/ePillID_data/ePillID_data\classification_data\segmented_nih_pills_224/68258-6100_0_0.jpg,reference,68258-6100,93;7327,True
D:/Data/ePillID_data/ePillID_data\classification_data\segmented_nih_pills_224/68258-6100_0_1.jpg,reference,68258-6100,93;7327,False
D:/Data/ePillID_data/ePillID_data\classification_data\segmented_nih_pills_224/68258-6106_0_0.jpg,reference,68258-6106,E42,True
D:/Data/ePillID_data/ePillID_data\classification_data\segmented_nih_pills_224/68258-6106_0_1.jpg,reference,68258-6106,E42,False
D:/Data/ePillID_data/ePillID_data\classification_data\segmented_nih_pills_224/68382-078_0_0.jpg,reference,68382-78,135;a,True
D:/Data/ePillID_data/ePillID_data\classification_data\segmented_nih_pills_224/68382-078_0_1.jpg,reference,68382-78,135;a,False
D:/Data/ePillID_data/ePillID_data\classification_data\segmented_nih_pills_224/68382-144_0_0.jpg,reference,68382-144,ZA;43;1;25mg,True
D:/Data/ePillID_data/ePillID_data\classification_data\segmented_nih_pills_224/68382-144_0_1.jpg,reference,68382-144,ZA;43;1;25mg,False
D:/Data/ePillID_data/ePillID_data\classification_data\segmented_nih_pills_224/68387-170_0_0.jpg,reference,68387-170,TL;001,True
D:/Data/ePillID_data/ePillID_data\classification_data\segmented_nih_pills_224/68387-170_0_1.jpg,reference,68387-170,TL;001,False
D:/Data/ePillID_data/ePillID_data\classification_data\segmented_nih_pills_224/68462-500_0_0.jpg,reference,68462-500,F11,True
D:/Data/ePillID_data/ePillID_data\classification_data\segmented_nih_pills_224/68462-500_0_1.jpg,reference,68462-500,F11,False
D:/Data/ePillID_data/ePillID_data\classification_data\segmented_nih_pills_224/68645-282_0_0.jpg,reference,68645-282,RDY;343,True
D:/Data/ePillID_data/ePillID_data\classification_data\segmented_nih_pills_224/68645-282_0_1.jpg,reference,68645-282,RDY;343,False
D:/Data/ePillID_data/ePillID_data\classification_data\segmented_nih_pills_224/68788-0881_0_0.jpg,reference,68788-881,M;5859,True
D:/Data/ePillID_data/ePillID_data\classification_data\segmented_nih_pills_224/68788-0881_0_1.jpg,reference,68788-881,M;5859,False
D:/Data/ePillID_data/ePillID_data\classification_data\segmented_nih_pills_224/68788-6761_0_0.jpg,reference,68788-6761,P;40,True
D:/Data/ePillID_data/ePillID_data\classification_data\segmented_nih_pills_224/68788-6761_0_1.jpg,reference,68788-6761,P;40,False
D:/Data/ePillID_data/ePillID_data\classification_data\segmented_nih_pills_224/68788-9054_0_0.jpg,reference,68788-9054,133,True
D:/Data/ePillID_data/ePillID_data\classification_data\segmented_nih_pills_224/68788-9054_0_1.jpg,reference,68788-9054,133,False
D:/Data/ePillID_data/ePillID_data\classification_data\segmented_nih_pills_224/68788-9181_0_0.jpg,reference,68788-9181,R;634,True
D:/Data/ePillID_data/ePillID_data\classification_data\segmented_nih_pills_224/68788-9181_0_1.jpg,reference,68788-9181,R;634,False
D:/Data/ePillID_data/ePillID_data\classification_data\segmented_nih_pills_224/68788-9227_0_0.jpg,reference,68788-9227,MP;542,True
D:/Data/ePillID_data/ePillID_data\classification_data\segmented_nih_pills_224/68788-9227_0_1.jpg,reference,68788-9227,MP;542,False
D:/Data/ePillID_data/ePillID_data\classification_data\segmented_nih_pills_224/68788-9235_0_0.jpg,reference,68788-9235,75;GG;333,True
D:/Data/ePillID_data/ePillID_data\classification_data\segmented_nih_pills_224/68788-9235_0_1.jpg,reference,68788-9235,75;GG;333,False
D:/Data/ePillID_data/ePillID_data\classification_data\segmented_nih_pills_224/68788-9308_0_0.jpg,reference,68788-9308,RI62,True
D:/Data/ePillID_data/ePillID_data\classification_data\segmented_nih_pills_224/68788-9308_0_1.jpg,reference,68788-9308,RI62,False
D:/Data/ePillID_data/ePillID_data\classification_data\segmented_nih_pills_224/68788-9509_0_0.jpg,reference,68788-9509,214,True
D:/Data/ePillID_data/ePillID_data\classification_data\segmented_nih_pills_224/68788-9509_0_1.jpg,reference,68788-9509,214,False
D:/Data/ePillID_data/ePillID_data\classification_data\segmented_nih_pills_224/68788-9686_0_0.jpg,reference,68788-9686,RE;79,True
D:/Data/ePillID_data/ePillID_data\classification_data\segmented_nih_pills_224/68788-9686_0_1.jpg,reference,68788-9686,RE;79,False
D:/Data/ePillID_data/ePillID_data\classification_data\segmented_nih_pills_224/68788-9712_0_0.jpg,reference,68788-9712,E;4;6,True
D:/Data/ePillID_data/ePillID_data\classification_data\segmented_nih_pills_224/68788-9712_0_1.jpg,reference,68788-9712,E;4;6,False
D:/Data/ePillID_data/ePillID_data\classification_data\segmented_nih_pills_224/69097-857_0_0.jpg,reference,69097-857,IG;201,True
D:/Data/ePillID_data/ePillID_data\classification_data\segmented_nih_pills_224/69097-857_0_1.jpg,reference,69097-857,IG;201,False
D:/Data/ePillID_data/ePillID_data\classification_data\segmented_nih_pills_224/69189-0164_0_0.jpg,reference,69189-164,54;848,True
D:/Data/ePillID_data/ePillID_data\classification_data\segmented_nih_pills_224/69189-0164_0_1.jpg,reference,69189-164,54;848,False
D:/Data/ePillID_data/ePillID_data\classification_data\segmented_nih_pills_224/69189-0174_0_0.jpg,reference,69189-174,E145,True
D:/Data/ePillID_data/ePillID_data\classification_data\segmented_nih_pills_224/69189-0174_0_1.jpg,reference,69189-174,E145,False
D:/Data/ePillID_data/ePillID_data\classification_data\segmented_nih_pills_224/69189-0188_0_0.jpg,reference,69189-188,93;132,True
D:/Data/ePillID_data/ePillID_data\classification_data\segmented_nih_pills_224/69189-0188_0_1.jpg,reference,69189-188,93;132,False
D:/Data/ePillID_data/ePillID_data\classification_data\segmented_nih_pills_224/69189-0194_0_0.jpg,reference,69189-194,U;130,True
D:/Data/ePillID_data/ePillID_data\classification_data\segmented_nih_pills_224/69189-0194_0_1.jpg,reference,69189-194,U;130,False
D:/Data/ePillID_data/ePillID_data\classification_data\segmented_nih_pills_224/69189-0270_0_0.jpg,reference,69189-270,974;HH,True
D:/Data/ePillID_data/ePillID_data\classification_data\segmented_nih_pills_224/69189-0270_0_1.jpg,reference,69189-270,974;HH,False
D:/Data/ePillID_data/ePillID_data\classification_data\segmented_nih_pills_224/69189-0305_0_0.jpg,reference,69189-305,G;304,True
D:/Data/ePillID_data/ePillID_data\classification_data\segmented_nih_pills_224/69189-0305_0_1.jpg,reference,69189-305,G;304,False
D:/Data/ePillID_data/ePillID_data\classification_data\segmented_nih_pills_224/69189-0420_0_0.jpg,reference,69189-420,4;93;350,True
D:/Data/ePillID_data/ePillID_data\classification_data\segmented_nih_pills_224/69189-0420_0_1.jpg,reference,69189-420,4;93;350,False
D:/Data/ePillID_data/ePillID_data\classification_data\segmented_nih_pills_224/69189-3228_0_0.jpg,reference,69189-3228,LILLY;3228;25;mg,True
D:/Data/ePillID_data/ePillID_data\classification_data\segmented_nih_pills_224/69189-3228_0_1.jpg,reference,69189-3228,LILLY;3228;25;mg,False
D:/Data/ePillID_data/ePillID_data\classification_data\segmented_nih_pills_224/69189-4124_0_0.jpg,reference,69189-4124,T26,True
D:/Data/ePillID_data/ePillID_data\classification_data\segmented_nih_pills_224/69189-4124_0_1.jpg,reference,69189-4124,T26,False
D:/Data/ePillID_data/ePillID_data\classification_data\segmented_nih_pills_224/69189-4234_0_0.jpg,reference,69189-4234,2;Z;4234,True
D:/Data/ePillID_data/ePillID_data\classification_data\segmented_nih_pills_224/69189-4234_0_1.jpg,reference,69189-4234,2;Z;4234,False
D:/Data/ePillID_data/ePillID_data\classification_data\segmented_nih_pills_224/69189-5140_0_0.jpg,reference,69189-5140,93;5140,True
D:/Data/ePillID_data/ePillID_data\classification_data\segmented_nih_pills_224/69189-5140_0_1.jpg,reference,69189-5140,93;5140,False
D:/Data/ePillID_data/ePillID_data\classification_data\segmented_nih_pills_224/69189-5420_0_0.jpg,reference,69189-5420,0;5;5420,True
D:/Data/ePillID_data/ePillID_data\classification_data\segmented_nih_pills_224/69189-5420_0_1.jpg,reference,69189-5420,0;5;5420,False
D:/Data/ePillID_data/ePillID_data\classification_data\segmented_nih_pills_224/69189-7772_0_0.jpg,reference,69189-7772,7772;100,True
D:/Data/ePillID_data/ePillID_data\classification_data\segmented_nih_pills_224/69189-7772_0_1.jpg,reference,69189-7772,7772;100,False
D:/Data/ePillID_data/ePillID_data\classification_data\segmented_nih_pills_224/70786-1496_0_0.jpg,reference,70786-1496,GGD6,True
D:/Data/ePillID_data/ePillID_data\classification_data\segmented_nih_pills_224/70786-1496_0_1.jpg,reference,70786-1496,GGD6,False
D:/Data/ePillID_data/ePillID_data\classification_data\segmented_nih_pills_224/70786-1716_0_0.jpg,reference,70786-1716,TV;4;1716,True
D:/Data/ePillID_data/ePillID_data\classification_data\segmented_nih_pills_224/70786-1716_0_1.jpg,reference,70786-1716,TV;4;1716,False
D:/Data/ePillID_data/ePillID_data\classification_data\segmented_nih_pills_224/70786-1718_0_0.jpg,reference,70786-1718,TV;6;1718,True
D:/Data/ePillID_data/ePillID_data\classification_data\segmented_nih_pills_224/70786-1718_0_1.jpg,reference,70786-1718,TV;6;1718,False
D:/Data/ePillID_data/ePillID_data\classification_data\segmented_nih_pills_224/76237-202_0_0.jpg,reference,76237-202,93;7234,True
D:/Data/ePillID_data/ePillID_data\classification_data\segmented_nih_pills_224/76237-202_0_1.jpg,reference,76237-202,93;7234,False
D:/Data/ePillID_data/ePillID_data\classification_data\segmented_nih_pills_224/76237-250_0_0.jpg,reference,76237-250,GG531,True
D:/Data/ePillID_data/ePillID_data\classification_data\segmented_nih_pills_224/76237-250_0_1.jpg,reference,76237-250,GG531,False
D:/Data/ePillID_data/ePillID_data\classification_data\segmented_nih_pills_224/76237-303_0_0.jpg,reference,76237-303,60;60;1105,True
D:/Data/ePillID_data/ePillID_data\classification_data\segmented_nih_pills_224/76237-303_0_1.jpg,reference,76237-303,60;60;1105,False
D:/Data/ePillID_data/ePillID_data\classification_data\segmented_nih_pills_224/76439-302_0_0.jpg,reference,76439-302,VP;302,True
D:/Data/ePillID_data/ePillID_data\classification_data\segmented_nih_pills_224/76439-302_0_1.jpg,reference,76439-302,VP;302,False
D:/Data/ePillID_data/ePillID_data\classification_data\segmented_nih_pills_224/76519-1004_0_0.jpg,reference,76519-1004,RDY;197,True
D:/Data/ePillID_data/ePillID_data\classification_data\segmented_nih_pills_224/76519-1004_0_1.jpg,reference,76519-1004,RDY;197,False
D:/Data/ePillID_data/ePillID_data\classification_data\fcn_mix_weight/dc_224/1006.jpg,consumer,93-7220,93;7220,True
D:/Data/ePillID_data/ePillID_data\classification_data\fcn_mix_weight/dc_224/1008.jpg,consumer,93-5256,TEVA;5256,False
D:/Data/ePillID_data/ePillID_data\classification_data\fcn_mix_weight/dc_224/1019.jpg,consumer,378-3632,M;C32,True
D:/Data/ePillID_data/ePillID_data\classification_data\fcn_mix_weight/dc_224/1024.jpg,consumer,59762-5024,G;22,False
D:/Data/ePillID_data/ePillID_data\classification_data\fcn_mix_weight/dc_224/1041.jpg,consumer,781-5185,112;GG;336,True
D:/Data/ePillID_data/ePillID_data\classification_data\fcn_mix_weight/dc_224/106.jpg,consumer,93-7242,93;7242,False
D:/Data/ePillID_data/ePillID_data\classification_data\fcn_mix_weight/dc_224/1062.jpg,consumer,74-6594,SYNTHROID;88,False
D:/Data/ePillID_data/ePillID_data\classification_data\fcn_mix_weight/dc_224/1080.jpg,consumer,93-8035,3;035;N,True
D:/Data/ePillID_data/ePillID_data\classification_data\fcn_mix_weight/dc_224/1086.jpg,consumer,832-1025,832;BC20,False
D:/Data/ePillID_data/ePillID_data\classification_data\fcn_mix_weight/dc_224/1099.jpg,consumer,93-7242,93;7242,True
D:/Data/ePillID_data/ePillID_data\classification_data\fcn_mix_weight/dc_224/111.jpg,consumer,23-9350,SAN;60,True
D:/Data/ePillID_data/ePillID_data\classification_data\fcn_mix_weight/dc_224/1117.jpg,consumer,99207-461,DYN;090,True
D:/Data/ePillID_data/ePillID_data\classification_data\fcn_mix_weight/dc_224/1161.jpg,consumer,378-232,MYLAN;232;80,False
D:/Data/ePillID_data/ePillID_data\classification_data\fcn_mix_weight/dc_224/1174.jpg,consumer,93-5171,93;5171,False
D:/Data/ePillID_data/ePillID_data\classification_data\fcn_mix_weight/dc_224/1180.jpg,consumer,777-3105,DISTA;3105;Prozac;20;mg,False
D:/Data/ePillID_data/ePillID_data\classification_data\fcn_mix_weight/dc_224/12.jpg,consumer,93-7426,TV;7426,True
D:/Data/ePillID_data/ePillID_data\classification_data\fcn_mix_weight/dc_224/1200.jpg,consumer,93-3147,TEVA;3147,False
D:/Data/ePillID_data/ePillID_data\classification_data\fcn_mix_weight/dc_224/121.jpg,consumer,93-199,9;3;199,True
D:/Data/ePillID_data/ePillID_data\classification_data\fcn_mix_weight/dc_224/1220.jpg,consumer,23-9350,SAN;60,True
D:/Data/ePillID_data/ePillID_data\classification_data\fcn_mix_weight/dc_224/1257.jpg,consumer,51285-87,b;556,True
D:/Data/ePillID_data/ePillID_data\classification_data\fcn_mix_weight/dc_224/1262.jpg,consumer,93-753,753;TEVA,True
D:/Data/ePillID_data/ePillID_data\classification_data\fcn_mix_weight/dc_224/1263.jpg,consumer,93-5710,5710;1;25;250,True
D:/Data/ePillID_data/ePillID_data\classification_data\fcn_mix_weight/dc_224/1305.jpg,consumer,93-5852,5852;20,False
D:/Data/ePillID_data/ePillID_data\classification_data\fcn_mix_weight/dc_224/1328.jpg,consumer,378-216,MYLAN;216;40,False
D:/Data/ePillID_data/ePillID_data\classification_data\fcn_mix_weight/dc_224/1335.jpg,consumer,93-5852,5852;20,True
D:/Data/ePillID_data/ePillID_data\classification_data\fcn_mix_weight/dc_224/1362.jpg,consumer,93-787,787;TEVA,False
D:/Data/ePillID_data/ePillID_data\classification_data\fcn_mix_weight/dc_224/1372.jpg,consumer,555-9008,b;944,True
D:/Data/ePillID_data/ePillID_data\classification_data\fcn_mix_weight/dc_224/1379.jpg,consumer,93-7426,TV;7426,True
D:/Data/ePillID_data/ePillID_data\classification_data\fcn_mix_weight/dc_224/138.jpg,consumer,2-4463,C;10,True
D:/Data/ePillID_data/ePillID_data\classification_data\fcn_mix_weight/dc_224/1400.jpg,consumer,378-1165,M;B3;5;5;5,True
D:/Data/ePillID_data/ePillID_data\classification_data\fcn_mix_weight/dc_224/1411.jpg,consumer,93-4741,4741;9;3,True
D:/Data/ePillID_data/ePillID_data\classification_data\fcn_mix_weight/dc_224/1419.jpg,consumer,2-4463,C;10,False
D:/Data/ePillID_data/ePillID_data\classification_data\fcn_mix_weight/dc_224/142.jpg,consumer,78-521,NVR;LCI,False
D:/Data/ePillID_data/ePillID_data\classification_data\fcn_mix_weight/dc_224/1430.jpg,consumer,93-7380,9;3;7380,False
D:/Data/ePillID_data/ePillID_data\classification_data\fcn_mix_weight/dc_224/1455.jpg,consumer,53489-648,Mutual;866,False
D:/Data/ePillID_data/ePillID_data\classification_data\fcn_mix_weight/dc_224/1459.jpg,consumer,143-9920,H5,True
D:/Data/ePillID_data/ePillID_data\classification_data\fcn_mix_weight/dc_224/1487.jpg,consumer,37-2250,SOMA;250,False
D:/Data/ePillID_data/ePillID_data\classification_data\fcn_mix_weight/dc_224/1490.jpg,consumer,93-1172,93;1172,True
D:/Data/ePillID_data/ePillID_data\classification_data\fcn_mix_weight/dc_224/1491.jpg,consumer,93-5852,5852;20,False
D:/Data/ePillID_data/ePillID_data\classification_data\fcn_mix_weight/dc_224/1497.jpg,consumer,93-199,9;3;199,False
D:/Data/ePillID_data/ePillID_data\classification_data\fcn_mix_weight/dc_224/1498.jpg,consumer,93-2929,2929;93,True
D:/Data/ePillID_data/ePillID_data\classification_data\fcn_mix_weight/dc_224/1510.jpg,consumer,378-7003,M;N3,False
D:/Data/ePillID_data/ePillID_data\classification_data\fcn_mix_weight/dc_224/1534.jpg,consumer,93-3147,TEVA;3147,True
D:/Data/ePillID_data/ePillID_data\classification_data\fcn_mix_weight/dc_224/1535.jpg,consumer,51285-87,b;556,True
D:/Data/ePillID_data/ePillID_data\classification_data\fcn_mix_weight/dc_224/1545.jpg,consumer,93-5256,TEVA;5256,True
D:/Data/ePillID_data/ePillID_data\classification_data\fcn_mix_weight/dc_224/1571.jpg,consumer,93-199,9;3;199,True
D:/Data/ePillID_data/ePillID_data\classification_data\fcn_mix_weight/dc_224/1584.jpg,consumer,378-186,MYLAN;186,False
D:/Data/ePillID_data/ePillID_data\classification_data\fcn_mix_weight/dc_224/159.jpg,consumer,93-308,93;308,True
D:/Data/ePillID_data/ePillID_data\classification_data\fcn_mix_weight/dc_224/1595.jpg,consumer,777-3105,DISTA;3105;Prozac;20;mg,False
D:/Data/ePillID_data/ePillID_data\classification_data\fcn_mix_weight/dc_224/1615.jpg,consumer,93-5171,93;5171,False
D:/Data/ePillID_data/ePillID_data\classification_data\fcn_mix_weight/dc_224/162.jpg,consumer,378-7003,M;N3,True
D:/Data/ePillID_data/ePillID_data\classification_data\fcn_mix_weight/dc_224/1628.jpg,consumer,93-753,753;TEVA,False
D:/Data/ePillID_data/ePillID_data\classification_data\fcn_mix_weight/dc_224/1629.jpg,consumer,59762-2004,G;2004,True
D:/Data/ePillID_data/ePillID_data\classification_data\fcn_mix_weight/dc_224/1650.jpg,consumer,93-2268,9;3;2268,False
D:/Data/ePillID_data/ePillID_data\classification_data\fcn_mix_weight/dc_224/1656.jpg,consumer,555-485,b;485,True
D:/Data/ePillID_data/ePillID_data\classification_data\fcn_mix_weight/dc_224/1666.jpg,consumer,93-2929,2929;93,True
D:/Data/ePillID_data/ePillID_data\classification_data\fcn_mix_weight/dc_224/1669.jpg,consumer,378-1813,M;L;10,False
D:/Data/ePillID_data/ePillID_data\classification_data\fcn_mix_weight/dc_224/1686.jpg,consumer,23-9350,SAN;60,False
D:/Data/ePillID_data/ePillID_data\classification_data\fcn_mix_weight/dc_224/1691.jpg,consumer,378-2076,L;26;M,True
D:/Data/ePillID_data/ePillID_data\classification_data\fcn_mix_weight/dc_224/1693.jpg,consumer,93-7365,9;3;7365,True
D:/Data/ePillID_data/ePillID_data\classification_data\fcn_mix_weight/dc_224/1705.jpg,consumer,172-5033,5033;10;12;5,True
D:/Data/ePillID_data/ePillID_data\classification_data\fcn_mix_weight/dc_224/1712.jpg,consumer,2-4464,C;20,True
D:/Data/ePillID_data/ePillID_data\classification_data\fcn_mix_weight/dc_224/1742.jpg,consumer,51285-87,b;556,True
D:/Data/ePillID_data/ePillID_data\classification_data\fcn_mix_weight/dc_224/1743.jpg,consumer,172-4626,20;4626,False
D:/Data/ePillID_data/ePillID_data\classification_data\fcn_mix_weight/dc_224/1745.jpg,consumer,555-9008,b;944,True
D:/Data/ePillID_data/ePillID_data\classification_data\fcn_mix_weight/dc_224/175.jpg,consumer,93-1177,93;1177,False
D:/Data/ePillID_data/ePillID_data\classification_data\fcn_mix_weight/dc_224/1761.jpg,consumer,93-1061,93;61,True
D:/Data/ePillID_data/ePillID_data\classification_data\fcn_mix_weight/dc_224/1769.jpg,consumer,93-1172,93;1172,True
D:/Data/ePillID_data/ePillID_data\classification_data\fcn_mix_weight/dc_224/1782.jpg,consumer,93-5504,TEVA;5504,True
D:/Data/ePillID_data/ePillID_data\classification_data\fcn_mix_weight/dc_224/179.jpg,consumer,172-5411,5411;100,False
D:/Data/ePillID_data/ePillID_data\classification_data\fcn_mix_weight/dc_224/1790.jpg,consumer,555-9008,b;944,False
D:/Data/ePillID_data/ePillID_data\classification_data\fcn_mix_weight/dc_224/1818.jpg,consumer,93-199,9;3;199,True
D:/Data/ePillID_data/ePillID_data\classification_data\fcn_mix_weight/dc_224/1821.jpg,consumer,93-2268,9;3;2268,False
D:/Data/ePillID_data/ePillID_data\classification_data\fcn_mix_weight/dc_224/1849.jpg,consumer,93-7426,TV;7426,True
D:/Data/ePillID_data/ePillID_data\classification_data\fcn_mix_weight/dc_224/1864.jpg,consumer,93-7212,93;7212,False
D:/Data/ePillID_data/ePillID_data\classification_data\fcn_mix_weight/dc_224/1870.jpg,consumer,93-3147,TEVA;3147,True
D:/Data/ePillID_data/ePillID_data\classification_data\fcn_mix_weight/dc_224/1876.jpg,consumer,51672-4030,3;WARFARIN;TARO,False
D:/Data/ePillID_data/ePillID_data\classification_data\fcn_mix_weight/dc_224/1881.jpg,consumer,172-4626,20;4626,True
D:/Data/ePillID_data/ePillID_data\classification_data\fcn_mix_weight/dc_224/1899.jpg,consumer,378-1165,M;B3;5;5;5,True
D:/Data/ePillID_data/ePillID_data\classification_data\fcn_mix_weight/dc_224/191.jpg,consumer,93-4059,9;3;4059,True
D:/Data/ePillID_data/ePillID_data\classification_data\fcn_mix_weight/dc_224/1925.jpg,consumer,93-5050,4833M;15;850,True
D:/Data/ePillID_data/ePillID_data\classification_data\fcn_mix_weight/dc_224/1926.jpg,consumer,93-5852,5852;20,True
D:/Data/ePillID_data/ePillID_data\classification_data\fcn_mix_weight/dc_224/1930.jpg,consumer,93-7220,93;7220,True
D:/Data/ePillID_data/ePillID_data\classification_data\fcn_mix_weight/dc_224/1964.jpg,consumer,378-2076,L;26;M,True
D:/Data/ePillID_data/ePillID_data\classification_data\fcn_mix_weight/dc_224/1983.jpg,consumer,555-485,b;485,True
D:/Data/ePillID_data/ePillID_data\classification_data\fcn_mix_weight/dc_224/2006.jpg,consumer,228-2127,R127,True
D:/Data/ePillID_data/ePillID_data\classification_data\fcn_mix_weight/dc_224/2019.jpg,consumer,93-2268,9;3;2268,False
D:/Data/ePillID_data/ePillID_data\classification_data\fcn_mix_weight/dc_224/202.jpg,consumer,777-3105,DISTA;3105;Prozac;20;mg,True
D:/Data/ePillID_data/ePillID_data\classification_data\fcn_mix_weight/dc_224/2023.jpg,consumer,93-4742,4742;9;3,False
D:/Data/ePillID_data/ePillID_data\classification_data\fcn_mix_weight/dc_224/206.jpg,consumer,93-463,9;3;463,False
D:/Data/ePillID_data/ePillID_data\classification_data\fcn_mix_weight/dc_224/2067.jpg,consumer,93-4742,4742;9;3,True
D:/Data/ePillID_data/ePillID_data\classification_data\fcn_mix_weight/dc_224/2075.jpg,consumer,378-2074,L;24;M,True
D:/Data/ePillID_data/ePillID_data\classification_data\fcn_mix_weight/dc_224/2079.jpg,consumer,781-2053,GG623,True
D:/Data/ePillID_data/ePillID_data\classification_data\fcn_mix_weight/dc_224/209.jpg,consumer,93-7380,9;3;7380,True
D:/Data/ePillID_data/ePillID_data\classification_data\fcn_mix_weight/dc_224/2105.jpg,consumer,832-1025,832;BC20,True
D:/Data/ePillID_data/ePillID_data\classification_data\fcn_mix_weight/dc_224/2120.jpg,consumer,777-3105,DISTA;3105;Prozac;20;mg,True
D:/Data/ePillID_data/ePillID_data\classification_data\fcn_mix_weight/dc_224/2123.jpg,consumer,93-7370,TEVA;7370,True
D:/Data/ePillID_data/ePillID_data\classification_data\fcn_mix_weight/dc_224/2135.jpg,consumer,93-753,753;TEVA,False
D:/Data/ePillID_data/ePillID_data\classification_data\fcn_mix_weight/dc_224/2145.jpg,consumer,378-2074,L;24;M,True
D:/Data/ePillID_data/ePillID_data\classification_data\fcn_mix_weight/dc_224/2149.jpg,consumer,378-1813,M;L;10,True
D:/Data/ePillID_data/ePillID_data\classification_data\fcn_mix_weight/dc_224/2166.jpg,consumer,93-2929,2929;93,True
D:/Data/ePillID_data/ePillID_data\classification_data\fcn_mix_weight/dc_224/2174.jpg,consumer,50111-648,PLIVA;648,True
D:/Data/ePillID_data/ePillID_data\classification_data\fcn_mix_weight/dc_224/2178.jpg,consumer,93-5050,4833M;15;850,False
D:/Data/ePillID_data/ePillID_data\classification_data\fcn_mix_weight/dc_224/218.jpg,consumer,93-4059,9;3;4059,True
D:/Data/ePillID_data/ePillID_data\classification_data\fcn_mix_weight/dc_224/2206.jpg,consumer,378-2076,L;26;M,True
D:/Data/ePillID_data/ePillID_data\classification_data\fcn_mix_weight/dc_224/2211.jpg,consumer,93-7370,TEVA;7370,True
D:/Data/ePillID_data/ePillID_data\classification_data\fcn_mix_weight/dc_224/223.jpg,consumer,93-7247,9;3;7247,False
D:/Data/ePillID_data/ePillID_data\classification_data\fcn_mix_weight/dc_224/2244.jpg,consumer,555-71,b;071;300,False
D:/Data/ePillID_data/ePillID_data\classification_data\fcn_mix_weight/dc_224/2246.jpg,consumer,93-7220,93;7220,False
D:/Data/ePillID_data/ePillID_data\classification_data\fcn_mix_weight/dc_224/2255.jpg,consumer,93-463,9;3;463,True
D:/Data/ePillID_data/ePillID_data\classification_data\fcn_mix_weight/dc_224/2270.jpg,consumer,172-5411,5411;100,True
D:/Data/ePillID_data/ePillID_data\classification_data\fcn_mix_weight/dc_224/2293.jpg,consumer,228-2550,R;550,False
D:/Data/ePillID_data/ePillID_data\classification_data\fcn_mix_weight/dc_224/23.jpg,consumer,93-7370,TEVA;7370,True
D:/Data/ePillID_data/ePillID_data\classification_data\fcn_mix_weight/dc_224/2328.jpg,consumer,93-7426,TV;7426,False
D:/Data/ePillID_data/ePillID_data\classification_data\fcn_mix_weight/dc_224/233.jpg,consumer,93-7380,9;3;7380,False
D:/Data/ePillID_data/ePillID_data\classification_data\fcn_mix_weight/dc_224/2330.jpg,consumer,55111-180,R;180,False
D:/Data/ePillID_data/ePillID_data\classification_data\fcn_mix_weight/dc_224/2334.jpg,consumer,93-810,TEVA;10mg;0810,False
D:/Data/ePillID_data/ePillID_data\classification_data\fcn_mix_weight/dc_224/2335.jpg,consumer,93-8036,6;036;N,True
D:/Data/ePillID_data/ePillID_data\classification_data\fcn_mix_weight/dc_224/2337.jpg,consumer,93-7247,9;3;7247,True
D:/Data/ePillID_data/ePillID_data\classification_data\fcn_mix_weight/dc_224/234.jpg,consumer,781-5185,112;GG;336,False
D:/Data/ePillID_data/ePillID_data\classification_data\fcn_mix_weight/dc_224/2350.jpg,consumer,93-7305,93;7305,True
D:/Data/ePillID_data/ePillID_data\classification_data\fcn_mix_weight/dc_224/2355.jpg,consumer,456-1550,FL;50,False
D:/Data/ePillID_data/ePillID_data\classification_data\fcn_mix_weight/dc_224/2361.jpg,consumer,555-485,b;485,False
D:/Data/ePillID_data/ePillID_data\classification_data\fcn_mix_weight/dc_224/2367.jpg,consumer,93-3147,TEVA;3147,True
D:/Data/ePillID_data/ePillID_data\classification_data\fcn_mix_weight/dc_224/2372.jpg,consumer,93-7380,9;3;7380,False
D:/Data/ePillID_data/ePillID_data\classification_data\fcn_mix_weight/dc_224/2398.jpg,consumer,456-1550,FL;50,True
D:/Data/ePillID_data/ePillID_data\classification_data\fcn_mix_weight/dc_224/2401.jpg,consumer,93-308,93;308,False
D:/Data/ePillID_data/ePillID_data\classification_data\fcn_mix_weight/dc_224/2430.jpg,consumer,378-4151,M;T7,False
D:/Data/ePillID_data/ePillID_data\classification_data\fcn_mix_weight/dc_224/2452.jpg,consumer,93-1061,93;61,True
D:/Data/ePillID_data/ePillID_data\classification_data\fcn_mix_weight/dc_224/2458.jpg,consumer,93-8035,3;035;N,False
D:/Data/ePillID_data/ePillID_data\classification_data\fcn_mix_weight/dc_224/2467.jpg,consumer,93-308,93;308,True
D:/Data/ePillID_data/ePillID_data\classification_data\fcn_mix_weight/dc_224/2485.jpg,consumer,93-5256,TEVA;5256,True
D:/Data/ePillID_data/ePillID_data\classification_data\fcn_mix_weight/dc_224/2517.jpg,consumer,93-7212,93;7212,True
D:/Data/ePillID_data/ePillID_data\classification_data\fcn_mix_weight/dc_224/255.jpg,consumer,93-7365,9;3;7365,False
D:/Data/ePillID_data/ePillID_data\classification_data\fcn_mix_weight/dc_224/2625.jpg,consumer,173-565,VALTREX;1;gram,False
D:/Data/ePillID_data/ePillID_data\classification_data\fcn_mix_weight/dc_224/2658.jpg,consumer,93-7443,TEVA;7443,True
D:/Data/ePillID_data/ePillID_data\classification_data\fcn_mix_weight/dc_224/2667.jpg,consumer,172-5033,5033;10;12;5,True
D:/Data/ePillID_data/ePillID_data\classification_data\fcn_mix_weight/dc_224/2682.jpg,consumer,228-2550,R;550,True
D:/Data/ePillID_data/ePillID_data\classification_data\fcn_mix_weight/dc_224/2689.jpg,consumer,93-1061,93;61,True
D:/Data/ePillID_data/ePillID_data\classification_data\fcn_mix_weight/dc_224/2693.jpg,consumer,93-3010,A08,True
D:/Data/ePillID_data/ePillID_data\classification_data\fcn_mix_weight/dc_224/2708.jpg,consumer,93-7220,93;7220,True
D:/Data/ePillID_data/ePillID_data\classification_data\fcn_mix_weight/dc_224/271.jpg,consumer,51672-4030,3;WARFARIN;TARO,False
D:/Data/ePillID_data/ePillID_data\classification_data\fcn_mix_weight/dc_224/2718.jpg,consumer,75-7700,RPR;202,True
D:/Data/ePillID_data/ePillID_data\classification_data\fcn_mix_weight/dc_224/272.jpg,consumer,378-1165,M;B3;5;5;5,True
D:/Data/ePillID_data/ePillID_data\classification_data\fcn_mix_weight/dc_224/2729.jpg,consumer,93-7212,93;7212,False
D:/Data/ePillID_data/ePillID_data\classification_data\fcn_mix_weight/dc_224/273.jpg,consumer,93-463,9;3;463,False
D:/Data/ePillID_data/ePillID_data\classification_data\fcn_mix_weight/dc_224/2759.jpg,consumer,59762-5024,G;22,True
D:/Data/ePillID_data/ePillID_data\classification_data\fcn_mix_weight/dc_224/2775.jpg,consumer,93-7242,93;7242,False
D:/Data/ePillID_data/ePillID_data\classification_data\fcn_mix_weight/dc_224/2781.jpg,consumer,50111-393,b;1114,True
D:/Data/ePillID_data/ePillID_data\classification_data\fcn_mix_weight/dc_224/2788.jpg,consumer,93-7370,TEVA;7370,False
D:/Data/ePillID_data/ePillID_data\classification_data\fcn_mix_weight/dc_224/279.jpg,consumer,93-787,787;TEVA,True
D:/Data/ePillID_data/ePillID_data\classification_data\fcn_mix_weight/dc_224/2806.jpg,consumer,172-5033,5033;10;12;5,True
D:/Data/ePillID_data/ePillID_data\classification_data\fcn_mix_weight/dc_224/2809.jpg,consumer,555-808,barr;808,False
D:/Data/ePillID_data/ePillID_data\classification_data\fcn_mix_weight/dc_224/2836.jpg,consumer,378-7003,M;N3,False
D:/Data/ePillID_data/ePillID_data\classification_data\fcn_mix_weight/dc_224/2844.jpg,consumer,93-658,93;658,True
D:/Data/ePillID_data/ePillID_data\classification_data\fcn_mix_weight/dc_224/2877.jpg,consumer,228-2127,R127,False
D:/Data/ePillID_data/ePillID_data\classification_data\fcn_mix_weight/dc_224/2879.jpg,consumer,74-6594,SYNTHROID;88,True
D:/Data/ePillID_data/ePillID_data\classification_data\fcn_mix_weight/dc_224/2888.jpg,consumer,50111-647,PLIVA;647;PLIVA;647,True
D:/Data/ePillID_data/ePillID_data\classification_data\fcn_mix_weight/dc_224/2927.jpg,consumer,50111-393,b;1114,False
D:/Data/ePillID_data/ePillID_data\classification_data\fcn_mix_weight/dc_224/2940.jpg,consumer,378-232,MYLAN;232;80,True
D:/Data/ePillID_data/ePillID_data\classification_data\fcn_mix_weight/dc_224/2949.jpg,consumer,37-2250,SOMA;250,True
D:/Data/ePillID_data/ePillID_data\classification_data\fcn_mix_weight/dc_224/2951.jpg,consumer,781-2053,GG623,True
D:/Data/ePillID_data/ePillID_data\classification_data\fcn_mix_weight/dc_224/2958.jpg,consumer,93-2264,93;2264,True
D:/Data/ePillID_data/ePillID_data\classification_data\fcn_mix_weight/dc_224/2963.jpg,consumer,93-7305,93;7305,True
D:/Data/ePillID_data/ePillID_data\classification_data\fcn_mix_weight/dc_224/2966.jpg,consumer,37-2250,SOMA;250,True
D:/Data/ePillID_data/ePillID_data\classification_data\fcn_mix_weight/dc_224/298.jpg,consumer,93-1061,93;61,False
D:/Data/ePillID_data/ePillID_data\classification_data\fcn_mix_weight/dc_224/2984.jpg,consumer,93-5171,93;5171,False
D:/Data/ePillID_data/ePillID_data\classification_data\fcn_mix_weight/dc_224/299.jpg,consumer,378-1165,M;B3;5;5;5,False
D:/Data/ePillID_data/ePillID_data\classification_data\fcn_mix_weight/dc_224/3008.jpg,consumer,93-5710,5710;1;25;250,False
D:/Data/ePillID_data/ePillID_data\classification_data\fcn_mix_weight/dc_224/3026.jpg,consumer,93-7305,93;7305,False
D:/Data/ePillID_data/ePillID_data\classification_data\fcn_mix_weight/dc_224/3052.jpg,consumer,51285-87,b;556,False
D:/Data/ePillID_data/ePillID_data\classification_data\fcn_mix_weight/dc_224/3063.jpg,consumer,59762-5024,G;22,True
D:/Data/ePillID_data/ePillID_data\classification_data\fcn_mix_weight/dc_224/3081.jpg,consumer,555-9008,b;944,False
D:/Data/ePillID_data/ePillID_data\classification_data\fcn_mix_weight/dc_224/312.jpg,consumer,93-2929,2929;93,False
D:/Data/ePillID_data/ePillID_data\classification_data\fcn_mix_weight/dc_224/3141.jpg,consumer,93-7443,TEVA;7443,False
D:/Data/ePillID_data/ePillID_data\classification_data\fcn_mix_weight/dc_224/3155.jpg,consumer,228-2127,R127,False
D:/Data/ePillID_data/ePillID_data\classification_data\fcn_mix_weight/dc_224/3177.jpg,consumer,93-7247,9;3;7247,True
D:/Data/ePillID_data/ePillID_data\classification_data\fcn_mix_weight/dc_224/3179.jpg,consumer,93-753,753;TEVA,True
D:/Data/ePillID_data/ePillID_data\classification_data\fcn_mix_weight/dc_224/318.jpg,consumer,781-2053,GG623,True
D:/Data/ePillID_data/ePillID_data\classification_data\fcn_mix_weight/dc_224/3184.jpg,consumer,93-1177,93;1177,False
D:/Data/ePillID_data/ePillID_data\classification_data\fcn_mix_weight/dc_224/3218.jpg,consumer,93-5171,93;5171,False
D:/Data/ePillID_data/ePillID_data\classification_data\fcn_mix_weight/dc_224/3239.jpg,consumer,93-7247,9;3;7247,False
D:/Data/ePillID_data/ePillID_data\classification_data\fcn_mix_weight/dc_224/3240.jpg,consumer,781-2053,GG623,True
D:/Data/ePillID_data/ePillID_data\classification_data\fcn_mix_weight/dc_224/3305.jpg,consumer,93-7212,93;7212,True
D:/Data/ePillID_data/ePillID_data\classification_data\fcn_mix_weight/dc_224/3311.jpg,consumer,93-2046,ACTOS;45,False
D:/Data/ePillID_data/ePillID_data\classification_data\fcn_mix_weight/dc_224/3313.jpg,consumer,99207-461,DYN;090,True
D:/Data/ePillID_data/ePillID_data\classification_data\fcn_mix_weight/dc_224/3335.jpg,consumer,93-308,93;308,True
D:/Data/ePillID_data/ePillID_data\classification_data\fcn_mix_weight/dc_224/3341.jpg,consumer,74-6594,SYNTHROID;88,False
D:/Data/ePillID_data/ePillID_data\classification_data\fcn_mix_weight/dc_224/3354.jpg,consumer,228-2550,R;550,True
D:/Data/ePillID_data/ePillID_data\classification_data\fcn_mix_weight/dc_224/3363.jpg,consumer,172-5410,5410;50,True
D:/Data/ePillID_data/ePillID_data\classification_data\fcn_mix_weight/dc_224/3370.jpg,consumer,93-1177,93;1177,True
D:/Data/ePillID_data/ePillID_data\classification_data\fcn_mix_weight/dc_224/3388.jpg,consumer,245-41,KC;10,True
D:/Data/ePillID_data/ePillID_data\classification_data\fcn_mix_weight/dc_224/3426.jpg,consumer,245-41,KC;10,False
D:/Data/ePillID_data/ePillID_data\classification_data\fcn_mix_weight/dc_224/3427.jpg,consumer,23-9350,SAN;60,True
D:/Data/ePillID_data/ePillID_data\classification_data\fcn_mix_weight/dc_224/3438.jpg,consumer,93-8035,3;035;N,False
D:/Data/ePillID_data/ePillID_data\classification_data\fcn_mix_weight/dc_224/3441.jpg,consumer,93-1172,93;1172,False
D:/Data/ePillID_data/ePillID_data\classification_data\fcn_mix_weight/dc_224/3462.jpg,consumer,832-1025,832;BC20,True
D:/Data/ePillID_data/ePillID_data\classification_data\fcn_mix_weight/dc_224/3480.jpg,consumer,51285-406,E;1,True
D:/Data/ePillID_data/ePillID_data\classification_data\fcn_mix_weight/dc_224/3481.jpg,consumer,378-2074,L;24;M,False
D:/Data/ePillID_data/ePillID_data\classification_data\fcn_mix_weight/dc_224/3484.jpg,consumer,93-2264,93;2264,True
D:/Data/ePillID_data/ePillID_data\classification_data\fcn_mix_weight/dc_224/3526.jpg,consumer,172-5410,5410;50,True
D:/Data/ePillID_data/ePillID_data\classification_data\fcn_mix_weight/dc_224/3565.jpg,consumer,143-9920,H5,True
D:/Data/ePillID_data/ePillID_data\classification_data\fcn_mix_weight/dc_224/3587.jpg,consumer,93-4059,9;3;4059,True
D:/Data/ePillID_data/ePillID_data\classification_data\fcn_mix_weight/dc_224/3599.jpg,consumer,93-5256,TEVA;5256,True
D:/Data/ePillID_data/ePillID_data\classification_data\fcn_mix_weight/dc_224/3616.jpg,consumer,555-71,b;071;300,True
D:/Data/ePillID_data/ePillID_data\classification_data\fcn_mix_weight/dc_224/3619.jpg,consumer,93-2046,ACTOS;45,False
D:/Data/ePillID_data/ePillID_data\classification_data\fcn_mix_weight/dc_224/3632.jpg,consumer,143-9920,H5,True
D:/Data/ePillID_data/ePillID_data\classification_data\fcn_mix_weight/dc_224/3644.jpg,consumer,2-4463,C;10,True
D:/Data/ePillID_data/ePillID_data\classification_data\fcn_mix_weight/dc_224/3646.jpg,consumer,781-5185,112;GG;336,True
D:/Data/ePillID_data/ePillID_data\classification_data\fcn_mix_weight/dc_224/3655.jpg,consumer,378-3632,M;C32,True
D:/Data/ePillID_data/ePillID_data\classification_data\fcn_mix_weight/dc_224/3668.jpg,consumer,93-5504,TEVA;5504,False
D:/Data/ePillID_data/ePillID_data\classification_data\fcn_mix_weight/dc_224/3686.jpg,consumer,93-787,787;TEVA,False
D:/Data/ePillID_data/ePillID_data\classification_data\fcn_mix_weight/dc_224/3694.jpg,consumer,93-7242,93;7242,False
D:/Data/ePillID_data/ePillID_data\classification_data\fcn_mix_weight/dc_224/3695.jpg,consumer,378-7003,M;N3,True
D:/Data/ePillID_data/ePillID_data\classification_data\fcn_mix_weight/dc_224/370.jpg,consumer,93-8036,6;036;N,True
D:/Data/ePillID_data/ePillID_data\classification_data\fcn_mix_weight/dc_224/3717.jpg,consumer,93-7443,TEVA;7443,False
D:/Data/ePillID_data/ePillID_data\classification_data\fcn_mix_weight/dc_224/3719.jpg,consumer,93-4059,9;3;4059,False
D:/Data/ePillID_data/ePillID_data\classification_data\fcn_mix_weight/dc_224/3727.jpg,consumer,93-4741,4741;9;3,False
D:/Data/ePillID_data/ePillID_data\classification_data\fcn_mix_weight/dc_224/3744.jpg,consumer,378-216,MYLAN;216;40,False
D:/Data/ePillID_data/ePillID_data\classification_data\fcn_mix_weight/dc_224/3752.jpg,consumer,93-787,787;TEVA,True
D:/Data/ePillID_data/ePillID_data\classification_data\fcn_mix_weight/dc_224/3766.jpg,consumer,2-4463,C;10,False
D:/Data/ePillID_data/ePillID_data\classification_data\fcn_mix_weight/dc_224/377.jpg,consumer,172-4626,20;4626,False
D:/Data/ePillID_data/ePillID_data\classification_data\fcn_mix_weight/dc_224/3792.jpg,consumer,50111-393,b;1114,True
D:/Data/ePillID_data/ePillID_data\classification_data\fcn_mix_weight/dc_224/3793.jpg,consumer,93-1177,93;1177,True
D:/Data/ePillID_data/ePillID_data\classification_data\fcn_mix_weight/dc_224/3832.jpg,consumer,143-9920,H5,True
D:/Data/ePillID_data/ePillID_data\classification_data\fcn_mix_weight/dc_224/3865.jpg,consumer,173-565,VALTREX;1;gram,True
D:/Data/ePillID_data/ePillID_data\classification_data\fcn_mix_weight/dc_224/3892.jpg,consumer,50111-393,b;1114,False
D:/Data/ePillID_data/ePillID_data\classification_data\fcn_mix_weight/dc_224/3906.jpg,consumer,93-5710,5710;1;25;250,False
D:/Data/ePillID_data/ePillID_data\classification_data\fcn_mix_weight/dc_224/3909.jpg,consumer,59762-2004,G;2004,True
D:/Data/ePillID_data/ePillID_data\classification_data\fcn_mix_weight/dc_224/3919.jpg,consumer,93-7443,TEVA;7443,True
D:/Data/ePillID_data/ePillID_data\classification_data\fcn_mix_weight/dc_224/3920.jpg,consumer,37-2250,SOMA;250,False
D:/Data/ePillID_data/ePillID_data\classification_data\fcn_mix_weight/dc_224/3942.jpg,consumer,78-521,NVR;LCI,False
D:/Data/ePillID_data/ePillID_data\classification_data\fcn_mix_weight/dc_224/3971.jpg,consumer,75-7700,RPR;202,False
D:/Data/ePillID_data/ePillID_data\classification_data\fcn_mix_weight/dc_224/3996.jpg,consumer,74-6594,SYNTHROID;88,False
D:/Data/ePillID_data/ePillID_data\classification_data\fcn_mix_weight/dc_224/4044.jpg,consumer,93-5710,5710;1;25;250,True
D:/Data/ePillID_data/ePillID_data\classification_data\fcn_mix_weight/dc_224/4075.jpg,consumer,93-810,TEVA;10mg;0810,False
D:/Data/ePillID_data/ePillID_data\classification_data\fcn_mix_weight/dc_224/409.jpg,consumer,93-4741,4741;9;3,False
D:/Data/ePillID_data/ePillID_data\classification_data\fcn_mix_weight/dc_224/4126.jpg,consumer,781-5185,112;GG;336,False
D:/Data/ePillID_data/ePillID_data\classification_data\fcn_mix_weight/dc_224/413.jpg,consumer,53489-648,Mutual;866,True
D:/Data/ePillID_data/ePillID_data\classification_data\fcn_mix_weight/dc_224/4134.jpg,consumer,172-5411,5411;100,False
D:/Data/ePillID_data/ePillID_data\classification_data\fcn_mix_weight/dc_224/4164.jpg,consumer,93-5504,TEVA;5504,True
D:/Data/ePillID_data/ePillID_data\classification_data\fcn_mix_weight/dc_224/4170.jpg,consumer,53489-648,Mutual;866,True
D:/Data/ePillID_data/ePillID_data\classification_data\fcn_mix_weight/dc_224/418.jpg,consumer,59762-5033,GLIPIZIDE;XL;10,True
D:/Data/ePillID_data/ePillID_data\classification_data\fcn_mix_weight/dc_224/4210.jpg,consumer,93-1172,93;1172,True
D:/Data/ePillID_data/ePillID_data\classification_data\fcn_mix_weight/dc_224/4228.jpg,consumer,56-176,2;1;2;COUMADIN,False
D:/Data/ePillID_data/ePillID_data\classification_data\fcn_mix_weight/dc_224/4232.jpg,consumer,245-41,KC;10,True
D:/Data/ePillID_data/ePillID_data\classification_data\fcn_mix_weight/dc_224/4301.jpg,consumer,59148-6,A;006;2,False
D:/Data/ePillID_data/ePillID_data\classification_data\fcn_mix_weight/dc_224/4305.jpg,consumer,93-8035,3;035;N,False
D:/Data/ePillID_data/ePillID_data\classification_data\fcn_mix_weight/dc_224/4320.jpg,consumer,93-2264,93;2264,False
D:/Data/ePillID_data/ePillID_data\classification_data\fcn_mix_weight/dc_224/4331.jpg,consumer,59762-5024,G;22,True
D:/Data/ePillID_data/ePillID_data\classification_data\fcn_mix_weight/dc_224/4366.jpg,consumer,172-5034,5034;20;12;5,True
D:/Data/ePillID_data/ePillID_data\classification_data\fcn_mix_weight/dc_224/4392.jpg,consumer,78-521,NVR;LCI,True
D:/Data/ePillID_data/ePillID_data\classification_data\fcn_mix_weight/dc_224/4394.jpg,consumer,378-232,MYLAN;232;80,True
D:/Data/ePillID_data/ePillID_data\classification_data\fcn_mix_weight/dc_224/4416.jpg,consumer,51285-406,E;1,True
D:/Data/ePillID_data/ePillID_data\classification_data\fcn_mix_weight/dc_224/445.jpg,consumer,50111-647,PLIVA;647;PLIVA;647,True
D:/Data/ePillID_data/ePillID_data\classification_data\fcn_mix_weight/dc_224/4500.jpg,consumer,93-7365,9;3;7365,False
D:/Data/ePillID_data/ePillID_data\classification_data\fcn_mix_weight/dc_224/4558.jpg,consumer,172-4626,20;4626,True
D:/Data/ePillID_data/ePillID_data\classification_data\fcn_mix_weight/dc_224/4570.jpg,consumer,378-232,MYLAN;232;80,True
D:/Data/ePillID_data/ePillID_data\classification_data\fcn_mix_weight/dc_224/4590.jpg,consumer,55111-180,R;180,False
D:/Data/ePillID_data/ePillID_data\classification_data\fcn_mix_weight/dc_224/4602.jpg,consumer,555-71,b;071;300,False
D:/Data/ePillID_data/ePillID_data\classification_data\fcn_mix_weight/dc_224/4613.jpg,consumer,555-485,b;485,False
D:/Data/ePillID_data/ePillID_data\classification_data\fcn_mix_weight/dc_224/4617.jpg,consumer,93-658,93;658,True
D:/Data/ePillID_data/ePillID_data\classification_data\fcn_mix_weight/dc_224/4626.jpg,consumer,51285-406,E;1,True
D:/Data/ePillID_data/ePillID_data\classification_data\fcn_mix_weight/dc_224/4664.jpg,consumer,555-71,b;071;300,True
D:/Data/ePillID_data/ePillID_data\classification_data\fcn_mix_weight/dc_224/4668.jpg,consumer,93-658,93;658,True
D:/Data/ePillID_data/ePillID_data\classification_data\fcn_mix_weight/dc_224/4688.jpg,consumer,93-7305,93;7305,False
D:/Data/ePillID_data/ePillID_data\classification_data\fcn_mix_weight/dc_224/4697.jpg,consumer,59762-2004,G;2004,False
D:/Data/ePillID_data/ePillID_data\classification_data\fcn_mix_weight/dc_224/4707.jpg,consumer,228-2550,R;550,False
D:/Data/ePillID_data/ePillID_data\classification_data\fcn_mix_weight/dc_224/4719.jpg,consumer,93-4742,4742;9;3,False
D:/Data/ePillID_data/ePillID_data\classification_data\fcn_mix_weight/dc_224/4758.jpg,consumer,378-1150,M;B2,False
D:/Data/ePillID_data/ePillID_data\classification_data\fcn_mix_weight/dc_224/4808.jpg,consumer,93-2046,ACTOS;45,False
D:/Data/ePillID_data/ePillID_data\classification_data\fcn_mix_weight/dc_224/4825.jpg,consumer,378-2076,L;26;M,True
D:/Data/ePillID_data/ePillID_data\classification_data\fcn_mix_weight/dc_224/483.jpg,consumer,173-565,VALTREX;1;gram,False
D:/Data/ePillID_data/ePillID_data\classification_data\fcn_mix_weight/dc_224/4845.jpg,consumer,245-41,KC;10,False
D:/Data/ePillID_data/ePillID_data\classification_data\fcn_mix_weight/dc_224/4861.jpg,consumer,93-3010,A08,True
D:/Data/ePillID_data/ePillID_data\classification_data\fcn_mix_weight/dc_224/487.jpg,consumer,59762-2004,G;2004,True
D:/Data/ePillID_data/ePillID_data\classification_data\fcn_mix_weight/dc_224/4923.jpg,consumer,378-3632,M;C32,True
D:/Data/ePillID_data/ePillID_data\classification_data\fcn_mix_weight/dc_224/4948.jpg,consumer,832-1025,832;BC20,False
D:/Data/ePillID_data/ePillID_data\classification_data\fcn_mix_weight/dc_224/496.jpg,consumer,93-463,9;3;463,True
D:/Data/ePillID_data/ePillID_data\classification_data\fcn_mix_weight/dc_224/4988.jpg,consumer,172-5034,5034;20;12;5,False
D:/Data/ePillID_data/ePillID_data\classification_data\fcn_mix_weight/dc_224/502.jpg,consumer,93-4741,4741;9;3,True
D:/Data/ePillID_data/ePillID_data\classification_data\fcn_mix_weight/dc_224/520.jpg,consumer,59148-6,A;006;2,False
D:/Data/ePillID_data/ePillID_data\classification_data\fcn_mix_weight/dc_224/585.jpg,consumer,378-1813,M;L;10,False
D:/Data/ePillID_data/ePillID_data\classification_data\fcn_mix_weight/dc_224/599.jpg,consumer,53489-648,Mutual;866,True
D:/Data/ePillID_data/ePillID_data\classification_data\fcn_mix_weight/dc_224/609.jpg,consumer,456-1550,FL;50,False
D:/Data/ePillID_data/ePillID_data\classification_data\fcn_mix_weight/dc_224/614.jpg,consumer,2-4464,C;20,False
D:/Data/ePillID_data/ePillID_data\classification_data\fcn_mix_weight/dc_224/658.jpg,consumer,93-7365,9;3;7365,True
D:/Data/ePillID_data/ePillID_data\classification_data\fcn_mix_weight/dc_224/664.jpg,consumer,93-4742,4742;9;3,False
D:/Data/ePillID_data/ePillID_data\classification_data\fcn_mix_weight/dc_224/719.jpg,consumer,2-4464,C;20,False
D:/Data/ePillID_data/ePillID_data\classification_data\fcn_mix_weight/dc_224/735.jpg,consumer,378-4151,M;T7,False
D:/Data/ePillID_data/ePillID_data\classification_data\fcn_mix_weight/dc_224/767.jpg,consumer,378-2074,L;24;M,False
D:/Data/ePillID_data/ePillID_data\classification_data\fcn_mix_weight/dc_224/781.jpg,consumer,93-5504,TEVA;5504,False
D:/Data/ePillID_data/ePillID_data\classification_data\fcn_mix_weight/dc_224/795.jpg,consumer,456-1550,FL;50,False
D:/Data/ePillID_data/ePillID_data\classification_data\fcn_mix_weight/dc_224/876.jpg,consumer,378-1813,M;L;10,True
D:/Data/ePillID_data/ePillID_data\classification_data\fcn_mix_weight/dc_224/898.jpg,consumer,173-565,VALTREX;1;gram,True
D:/Data/ePillID_data/ePillID_data\classification_data\fcn_mix_weight/dc_224/953.jpg,consumer,93-2268,9;3;2268,False
